# https://github.com/mikedh/trimesh
v -0.00900000 -0.02106254 0.02002953
v -0.00900000 -0.02102485 0.02005259
v -0.00908716 -0.02102290 0.02004932
v -0.00900000 -0.02119783 0.01993675
v -0.00900000 -0.02116869 0.01995814
v -0.00908716 -0.02116647 0.01995505
v -0.00900000 -0.02132507 0.01983319
v -0.00900000 -0.02130388 0.01985167
v -0.00908716 -0.02130140 0.01984878
v -0.00900000 -0.02144339 0.01971955
v -0.00900000 -0.02142941 0.01973397
v -0.00908716 -0.02142669 0.01973131
v -0.00900000 -0.02155199 0.01959660
v -0.00900000 -0.02154437 0.01960593
v -0.00908716 -0.02154143 0.01960351
v -0.00900000 -0.02181260 0.01918040
v -0.00900000 -0.02173921 0.01932262
v -0.00908716 -0.02173590 0.01932074
v -0.00900000 -0.02187578 0.01902900
v -0.00900000 -0.02181766 0.01916947
v -0.00908716 -0.02181420 0.01916788
v -0.00908716 -0.02187907 0.01900885
v -0.00981915 -0.02156775 0.01847039
v -0.00986603 -0.02149445 0.01846407
v -0.00990631 -0.02142262 0.01833513
v -0.00990631 -0.02141735 0.01845741
v -0.00993969 -0.02134202 0.01833513
v -0.00993969 -0.02133705 0.01845049
v -0.00996593 -0.02125882 0.01833513
v -0.00996593 -0.02125416 0.01844333
v -0.00998481 -0.02117365 0.01833513
v -0.00998481 -0.02116930 0.01843601
v -0.00999619 -0.02108716 0.01833513
v -0.00999619 -0.02108313 0.01842858
v -0.01000000 -0.02100000 0.01833513
v -0.01000000 -0.02099630 0.01842109
v -0.00970711 -0.02168188 0.01862752
v -0.00976604 -0.02161851 0.01861651
v -0.00981915 -0.02155032 0.01860465
v -0.00986603 -0.02147783 0.01859205
v -0.00990631 -0.02140160 0.01857880
v -0.00993969 -0.02132219 0.01856499
v -0.00996593 -0.02124022 0.01855074
v -0.00998481 -0.02115630 0.01853615
v -0.00999619 -0.02107109 0.01852134
v -0.01000000 -0.02098522 0.01850641
v -0.00934202 -0.02187539 0.01883040
v -0.00942262 -0.02184312 0.01882188
v -0.00950000 -0.02180417 0.01881159
v -0.00957358 -0.02175885 0.01879963
v -0.00964279 -0.02170750 0.01878607
v -0.00970711 -0.02165052 0.01877102
v -0.00976604 -0.02158833 0.01875459
v -0.00981915 -0.02152142 0.01873692
v -0.00986603 -0.02145028 0.01871813
v -0.00990631 -0.02137546 0.01869838
v -0.00993969 -0.02129753 0.01867780
v -0.00996593 -0.02121709 0.01865655
v -0.00998481 -0.02113474 0.01863480
v -0.00999619 -0.02105112 0.01861272
v -0.01000000 -0.02096685 0.01859047
v -0.00917365 -0.02186835 0.01900500
v -0.00925882 -0.02185057 0.01899863
v -0.00934202 -0.02182588 0.01898978
v -0.00942262 -0.02179445 0.01897851
v -0.00950000 -0.02175654 0.01896492
v -0.00957358 -0.02171241 0.01894910
v -0.00964279 -0.02166242 0.01893117
v -0.00970711 -0.02160694 0.01891128
v -0.00976604 -0.02154640 0.01888957
v -0.00981915 -0.02148125 0.01886621
v -0.00986603 -0.02141199 0.01884138
v -0.00990631 -0.02133914 0.01881526
v -0.00993969 -0.02126328 0.01878806
v -0.00996593 -0.02118496 0.01875998
v -0.00998481 -0.02110478 0.01873124
v -0.00999619 -0.02102337 0.01870205
v -0.01000000 -0.02094132 0.01867263
v -0.00917365 -0.02180385 0.01916313
v -0.00925882 -0.02178669 0.01915525
v -0.00934202 -0.02176285 0.01914431
v -0.00942262 -0.02173251 0.01913038
v -0.00950000 -0.02169590 0.01911358
v -0.00957358 -0.02165330 0.01909402
v -0.00964279 -0.02160503 0.01907187
v -0.00970711 -0.02155147 0.01904728
v -0.00976604 -0.02149301 0.01902045
v -0.00981915 -0.02143011 0.01899157
v -0.00986603 -0.02136324 0.01896088
v -0.00990631 -0.02129292 0.01892860
v -0.00993969 -0.02121967 0.01889498
v -0.00996593 -0.02114405 0.01886027
v -0.00998481 -0.02106665 0.01882474
v -0.00999619 -0.02098804 0.01878865
v -0.01000000 -0.02090883 0.01875230
v -0.00917365 -0.02172600 0.01931512
v -0.00925882 -0.02170958 0.01930580
v -0.00934202 -0.02168677 0.01929285
v -0.00942262 -0.02165774 0.01927636
v -0.00950000 -0.02162270 0.01925647
v -0.00957358 -0.02158194 0.01923333
v -0.00964279 -0.02153576 0.01920711
v -0.00970711 -0.02148451 0.01917801
v -0.00976604 -0.02142858 0.01914625
v -0.00981915 -0.02136839 0.01911208
v -0.00986603 -0.02130441 0.01907575
v -0.00990631 -0.02123712 0.01903754
v -0.00993969 -0.02116703 0.01899775
v -0.00996593 -0.02109468 0.01895666
v -0.00998481 -0.02102061 0.01891461
v -0.00999619 -0.02094540 0.01887191
v -0.01000000 -0.02086961 0.01882887
v -0.00900000 -0.02164789 0.01946847
v -0.00908716 -0.02164475 0.01946631
v -0.00917365 -0.02163537 0.01945986
v -0.00925882 -0.02161981 0.01944916
v -0.00934202 -0.02159820 0.01943430
v -0.00942262 -0.02157069 0.01941538
v -0.00950000 -0.02153750 0.01939255
v -0.00957358 -0.02149888 0.01936599
v -0.00964279 -0.02145512 0.01933589
v -0.00970711 -0.02140656 0.01930249
v -0.00976604 -0.02135357 0.01926605
v -0.00981915 -0.02129654 0.01922683
v -0.00986603 -0.02123591 0.01918513
v -0.00990631 -0.02117216 0.01914128
v -0.00993969 -0.02110575 0.01909561
v -0.00996593 -0.02103720 0.01904846
v -0.00998481 -0.02096702 0.01900020
v -0.00999619 -0.02089575 0.01895119
v -0.01000000 -0.02082394 0.01890180
v -0.00917365 -0.02153264 0.01959627
v -0.00925882 -0.02151806 0.01958428
v -0.00934202 -0.02149780 0.01956761
v -0.00942262 -0.02147202 0.01954639
v -0.00950000 -0.02144091 0.01952080
v -0.00957358 -0.02140472 0.01949102
v -0.00964279 -0.02136371 0.01945727
v -0.00970711 -0.02131820 0.01941982
v -0.00976604 -0.02126853 0.01937895
v -0.00981915 -0.02121509 0.01933498
v -0.00986603 -0.02115827 0.01928823
v -0.00990631 -0.02109852 0.01923906
v -0.00993969 -0.02103629 0.01918785
v -0.00996593 -0.02097204 0.01913498
v -0.00998481 -0.02090627 0.01908086
v -0.00999619 -0.02083948 0.01902591
v -0.01000000 -0.02077218 0.01897053
v -0.00917365 -0.02141855 0.01972335
v -0.00925882 -0.02140506 0.01971014
v -0.00934202 -0.02138631 0.01969180
v -0.00942262 -0.02136245 0.01966844
v -0.00950000 -0.02133366 0.01964027
v -0.00957358 -0.02130016 0.01960749
v -0.00964279 -0.02126220 0.01957034
v -0.00970711 -0.02122008 0.01952912
v -0.00976604 -0.02117411 0.01948413
v -0.00981915 -0.02112464 0.01943572
v -0.00986603 -0.02107206 0.01938426
v -0.00990631 -0.02101675 0.01933014
v -0.00993969 -0.02095915 0.01927377
v -0.00996593 -0.02089969 0.01921557
v -0.00998481 -0.02083881 0.01915601
v -0.00999619 -0.02077700 0.01909551
v -0.01000000 -0.02071471 0.01903455
v -0.00917365 -0.02129397 0.01984015
v -0.00925882 -0.02128166 0.01982583
v -0.00934202 -0.02126456 0.01980594
v -0.00942262 -0.02124280 0.01978062
v -0.00950000 -0.02121653 0.01975008
v -0.00957358 -0.02118598 0.01971454
v -0.00964279 -0.02115135 0.01967427
v -0.00970711 -0.02111293 0.01962958
v -0.00976604 -0.02107100 0.01958081
v -0.00981915 -0.02102588 0.01952832
v -0.00986603 -0.02097791 0.01947253
v -0.00990631 -0.02092746 0.01941386
v -0.00993969 -0.02087492 0.01935274
v -0.00996593 -0.02082067 0.01928965
v -0.00998481 -0.02076515 0.01922507
v -0.00999619 -0.02070876 0.01915949
v -0.01000000 -0.02065194 0.01909340
v -0.00917365 -0.02115981 0.01994581
v -0.00925882 -0.02114878 0.01993049
v -0.00934202 -0.02113345 0.01990920
v -0.00942262 -0.02111394 0.01988211
v -0.00950000 -0.02109040 0.01984942
v -0.00957358 -0.02106301 0.01981138
v -0.00964279 -0.02103198 0.01976828
v -0.00970711 -0.02099754 0.01972045
v -0.00976604 -0.02095995 0.01966826
v -0.00981915 -0.02091951 0.01961209
v -0.00986603 -0.02087652 0.01955238
v -0.00990631 -0.02083130 0.01948959
v -0.00993969 -0.02078420 0.01942418
v -0.00996593 -0.02073558 0.01935666
v -0.00998481 -0.02068582 0.01928755
v -0.00999619 -0.02063527 0.01921736
v -0.01000000 -0.02058434 0.01914663
v -0.00917365 -0.02101707 0.02003954
v -0.00925882 -0.02100739 0.02002333
v -0.00934202 -0.02099395 0.02000080
v -0.00942262 -0.02097684 0.01997213
v -0.00950000 -0.02095620 0.01993754
v -0.00957358 -0.02093218 0.01989729
v -0.00964279 -0.02090497 0.01985168
v -0.00970711 -0.02087476 0.01980107
v -0.00976604 -0.02084181 0.01974584
v -0.00981915 -0.02080634 0.01968641
v -0.00986603 -0.02076864 0.01962322
v -0.00990631 -0.02072898 0.01955677
v -0.00993969 -0.02068768 0.01948756
v -0.00996593 -0.02064505 0.01941611
v -0.00998481 -0.02060141 0.01934298
v -0.00999619 -0.02055709 0.01926870
v -0.01000000 -0.02051243 0.01919386
v -0.00900000 -0.02087343 0.02013433
v -0.00908716 -0.02087176 0.02013090
v -0.00917365 -0.02086679 0.02012066
v -0.00925882 -0.02085854 0.02010368
v -0.00934202 -0.02084709 0.02008008
v -0.00942262 -0.02083251 0.02005004
v -0.00950000 -0.02081492 0.02001381
v -0.00957358 -0.02079445 0.01997164
v -0.00964279 -0.02077125 0.01992386
v -0.00970711 -0.02074551 0.01987084
v -0.00976604 -0.02071743 0.01981298
v -0.00981915 -0.02068720 0.01975072
v -0.00986603 -0.02065507 0.01968453
v -0.00990631 -0.02062128 0.01961491
v -0.00993969 -0.02058608 0.01954241
v -0.00996593 -0.02054974 0.01946756
v -0.00998481 -0.02051255 0.01939094
v -0.00999619 -0.02047477 0.01931313
v -0.01000000 -0.02043671 0.01923473
v 0.00572719 -0.02187578 0.01902900
v 0.00572719 -0.02185060 0.01909361
v 0.00572719 -0.02181260 0.01918040
v 0.00572719 -0.02176100 0.01928322
v 0.00572719 -0.02173722 0.01932611
v 0.00572719 -0.02165016 0.01946516
v 0.00572719 -0.02159046 0.01954775
v 0.00572719 -0.02155199 0.01959660
v 0.00572719 -0.02144339 0.01971955
v 0.00572719 -0.02138041 0.01978235
v 0.00572719 -0.02132507 0.01983319
v 0.00572719 -0.02122115 0.01991904
v 0.00572719 -0.02119783 0.01993675
v 0.00572719 -0.02113637 0.01998093
v 0.00572719 -0.02087343 0.02013433
v 0.00572719 -0.02092009 0.02011092
v 0.00572719 -0.02095780 0.02009086
v 0.00572719 -0.02106254 0.02002953
v 0.00611449 -0.02169904 0.01935553
v 0.00624381 -0.02171372 0.01930599
v 0.00626165 -0.02166296 0.01938389
v 0.00584652 -0.02177161 0.01925732
v 0.00596439 -0.02111336 0.01998670
v 0.00588459 -0.02109211 0.02000600
v 0.00588164 -0.02117602 0.01994775
v 0.00587508 -0.02133438 0.01981874
v 0.00587846 -0.02125683 0.01988526
v 0.00601871 -0.02183113 0.01911785
v 0.00595721 -0.02182607 0.01913676
v 0.00595222 -0.02185357 0.01907292
v 0.00637326 -0.02168059 0.01932774
v 0.00637954 -0.02167742 0.01933103
v 0.00662353 -0.02153939 0.01944760
v 0.00660273 -0.02153569 0.01946025
v 0.00659491 -0.02155717 0.01943508
v 0.00580681 -0.02098172 0.02007644
v 0.00596860 -0.02102832 0.02004085
v 0.00588959 -0.02092431 0.02010450
v 0.00588732 -0.02100526 0.02005982
v 0.00587283 -0.02091920 0.02010799
v 0.00580791 -0.02089910 0.02012060
v 0.00579876 -0.02089623 0.02012226
v 0.00605049 -0.02105091 0.02001944
v 0.00602798 -0.02096537 0.02007210
v 0.00598347 -0.02095238 0.02008323
v 0.00629862 -0.02111554 0.01993992
v 0.00622321 -0.02102003 0.02001497
v 0.00621564 -0.02109453 0.01996905
v 0.00621704 -0.02101836 0.02001699
v 0.00613288 -0.02107298 0.01999553
v 0.00605530 -0.02097324 0.02006492
v 0.00644020 -0.02107669 0.01993471
v 0.00639225 -0.02106452 0.01995405
v 0.00638170 -0.02113598 0.01990806
v 0.00636119 -0.02105654 0.01996608
v 0.00630766 -0.02104258 0.01998592
v 0.00697929 -0.02127709 0.01957558
v 0.00705000 -0.02121417 0.01959428
v 0.00695500 -0.02126154 0.01960254
v 0.00689518 -0.02118239 0.01969945
v 0.00687491 -0.02124562 0.01965554
v 0.00685018 -0.02117272 0.01972735
v 0.00671239 -0.02121169 0.01975189
v 0.00672932 -0.02114588 0.01979690
v 0.00654764 -0.02117508 0.01983587
v 0.00665144 -0.02112793 0.01983780
v 0.00681475 -0.02140851 0.01952305
v 0.00684717 -0.02138408 0.01953435
v 0.00682637 -0.02137807 0.01955042
v 0.00684962 -0.02138221 0.01953519
v 0.00692021 -0.02132647 0.01955814
v 0.00667164 -0.02134967 0.01964353
v 0.00664965 -0.02141457 0.01958507
v 0.00677604 -0.02143678 0.01950897
v 0.00662667 -0.02147662 0.01952393
v 0.00670808 -0.02148419 0.01948276
v 0.00668096 -0.02150234 0.01947179
v 0.00627894 -0.02160856 0.01945942
v 0.00640108 -0.02166643 0.01934221
v 0.00641645 -0.02162719 0.01939713
v 0.00646246 -0.02163386 0.01937312
v 0.00643763 -0.02157189 0.01946798
v 0.00652958 -0.02159613 0.01940534
v 0.00608692 -0.02179364 0.01918827
v 0.00611222 -0.02179658 0.01917792
v 0.00621218 -0.02175566 0.01923833
v 0.00604668 -0.02182116 0.01913619
v 0.00592134 -0.02186341 0.01905139
v 0.00596665 -0.02178290 0.01922601
v 0.00584187 -0.02181700 0.01916588
v 0.00589426 -0.02187174 0.01903216
v 0.00651452 -0.02131899 0.01972515
v 0.00649656 -0.02138674 0.01966510
v 0.00647773 -0.02145156 0.01960212
v 0.00645807 -0.02151331 0.01953636
v 0.00654465 -0.02158734 0.01941234
v 0.00693598 -0.02131354 0.01956296
v 0.00685126 -0.02131314 0.01960432
v 0.00669257 -0.02128201 0.01969919
v 0.00653156 -0.02124839 0.01978212
v 0.00645050 -0.02123071 0.01981930
v 0.00635598 -0.02128614 0.01979582
v 0.00629566 -0.02155063 0.01953243
v 0.00631176 -0.02148930 0.01960273
v 0.00632720 -0.02142469 0.01967017
v 0.00634196 -0.02135693 0.01973459
v 0.00580404 -0.02115615 0.01996504
v 0.00580548 -0.02107042 0.02002304
v 0.00604475 -0.02113416 0.01996506
v 0.00603857 -0.02121453 0.01990657
v 0.00603197 -0.02129186 0.01984414
v 0.00602498 -0.02136599 0.01977796
v 0.00601762 -0.02143679 0.01970824
v 0.00619701 -0.02125128 0.01985611
v 0.00618678 -0.02132526 0.01979409
v 0.00617599 -0.02139614 0.01972862
v 0.00616465 -0.02146376 0.01965986
v 0.00615281 -0.02152800 0.01958799
v 0.00600989 -0.02150409 0.01963516
v 0.00614048 -0.02158872 0.01951320
v 0.00600184 -0.02156775 0.01955891
v 0.00599346 -0.02162760 0.01947968
v 0.00612554 -0.02115449 0.01994102
v 0.00620664 -0.02117433 0.01991449
v 0.00628791 -0.02119366 0.01988540
v 0.00656131 -0.02110653 0.01988157
v 0.00646475 -0.02115584 0.01987340
v 0.00636924 -0.02121245 0.01985370
v 0.00585546 -0.02166720 0.01943280
v 0.00585971 -0.02160851 0.01951642
v 0.00586381 -0.02154572 0.01959703
v 0.00586775 -0.02147898 0.01967442
v 0.00587151 -0.02140848 0.01974840
v 0.00610088 -0.02174838 0.01927301
v 0.00629233 -0.02171976 0.01928402
v 0.00597585 -0.02173534 0.01931304
v 0.00585106 -0.02172163 0.01934636
v 0.00598479 -0.02168352 0.01939766
v 0.00612769 -0.02164578 0.01943565
v 0.00638015 -0.02073404 0.02014765
v 0.00632149 -0.02082600 0.02010917
v 0.00646615 -0.02092540 0.02002325
v 0.00696612 -0.02069748 0.02000614
v 0.00688384 -0.02064956 0.02006376
v 0.00675124 -0.02084053 0.01999533
v 0.00667394 -0.02079273 0.02004744
v 0.00575598 -0.02080627 0.02016631
v 0.00606878 -0.02090123 0.02010304
v 0.00704983 -0.02101288 0.01975771
v 0.00718459 -0.02108347 0.01962910
v 0.00721865 -0.02104759 0.01963877
v 0.00660834 -0.02101846 0.01992675
v 0.00619978 -0.02100033 0.02003047
v 0.00600289 -0.02084976 0.02013581
v 0.00593683 -0.02079708 0.02016618
v 0.00587064 -0.02074321 0.02019412
v 0.00580439 -0.02068820 0.02021959
v 0.00720327 -0.02082826 0.01981462
v 0.00704636 -0.02074300 0.01994573
v 0.00690285 -0.02093060 0.01988224
v 0.00682758 -0.02088651 0.01994024
v 0.00674745 -0.02110476 0.01982003
v 0.00734662 -0.02090131 0.01967811
v 0.00643716 -0.02063902 0.02018535
v 0.00659576 -0.02074317 0.02009652
v 0.00627622 -0.02052854 0.02026137
v 0.00611369 -0.02041225 0.02032411
v 0.00622625 -0.02062599 0.02022329
v 0.00607094 -0.02051224 0.02028661
v 0.00595301 -0.02055236 0.02027510
v 0.00602718 -0.02060976 0.02024769
v 0.00610119 -0.02066587 0.02021734
v 0.00617497 -0.02072064 0.02018411
v 0.00601920 -0.02007940 0.02043936
v 0.00598510 -0.02018598 0.02040723
v 0.00610767 -0.02014296 0.02041898
v 0.00607031 -0.02024856 0.02038551
v 0.00619600 -0.02020526 0.02039460
v 0.00595033 -0.02029061 0.02037312
v 0.00615539 -0.02030986 0.02036005
v 0.00632476 -0.02042839 0.02029818
v 0.00637178 -0.02032577 0.02033414
v 0.00649238 -0.02054103 0.02022210
v 0.00654563 -0.02044037 0.02025849
v 0.00665740 -0.02064726 0.02013232
v 0.00671662 -0.02054849 0.02016819
v 0.00680105 -0.02060012 0.02011752
v 0.00591488 -0.02039322 0.02033718
v 0.00588791 -0.02046862 0.02030917
v 0.00582796 -0.02062831 0.02024522
v 0.00793385 -0.01973767 0.01998992
v 0.00788967 -0.01989397 0.01994802
v 0.00787341 -0.01994450 0.01993448
v 0.00780666 -0.02012597 0.01988585
v 0.00772111 -0.02031770 0.01983448
v 0.00760646 -0.02053013 0.01977757
v 0.00797913 -0.01952789 0.02004615
v 0.00795286 -0.01965816 0.02001124
v 0.00799658 -0.01941865 0.02007542
v 0.00800922 -0.01931611 0.02010287
v 0.00749079 -0.02071026 0.01972931
v -0.01000000 -0.02100000 -0.01833513
v -0.00999619 -0.02108716 -0.01833513
v -0.00998481 -0.02117365 -0.01833513
v -0.00996593 -0.02125882 -0.01833513
v -0.00993969 -0.02134202 -0.01833513
v -0.00990631 -0.02142262 -0.01833513
v -0.00900000 -0.02106254 -0.02002953
v -0.00900000 -0.02116869 -0.01995814
v -0.00908716 -0.02116647 -0.01995505
v -0.00900000 -0.02119783 -0.01993675
v -0.00900000 -0.02130388 -0.01985167
v -0.00908716 -0.02130140 -0.01984878
v -0.00900000 -0.02132507 -0.01983319
v -0.00900000 -0.02142941 -0.01973397
v -0.00908716 -0.02142669 -0.01973131
v -0.00900000 -0.02144339 -0.01971955
v -0.00900000 -0.02154437 -0.01960593
v -0.00908716 -0.02154143 -0.01960351
v -0.00900000 -0.02155199 -0.01959660
v -0.00900000 -0.02164789 -0.01946847
v -0.00908716 -0.02164475 -0.01946631
v -0.00900000 -0.02181260 -0.01918040
v -0.00900000 -0.02181766 -0.01916947
v -0.00908716 -0.02181420 -0.01916788
v -0.00900000 -0.02187578 -0.01902900
v -0.00908716 -0.02187907 -0.01900885
v -0.01000000 -0.02099630 -0.01842109
v -0.00999619 -0.02108313 -0.01842858
v -0.00998481 -0.02116930 -0.01843601
v -0.00996593 -0.02125416 -0.01844333
v -0.00993969 -0.02133705 -0.01845049
v -0.00990631 -0.02141735 -0.01845741
v -0.00986603 -0.02149445 -0.01846407
v -0.00981915 -0.02156775 -0.01847039
v -0.00970711 -0.02168188 -0.01862752
v -0.00976604 -0.02161851 -0.01861651
v -0.00981915 -0.02155032 -0.01860465
v -0.00986603 -0.02147783 -0.01859205
v -0.00990631 -0.02140160 -0.01857880
v -0.00993969 -0.02132219 -0.01856499
v -0.00996593 -0.02124022 -0.01855074
v -0.00998481 -0.02115630 -0.01853615
v -0.00999619 -0.02107109 -0.01852134
v -0.01000000 -0.02098522 -0.01850641
v -0.00934202 -0.02187539 -0.01883040
v -0.00942262 -0.02184312 -0.01882188
v -0.00950000 -0.02180417 -0.01881159
v -0.00957358 -0.02175885 -0.01879963
v -0.00964279 -0.02170750 -0.01878607
v -0.00970711 -0.02165052 -0.01877102
v -0.00976604 -0.02158833 -0.01875459
v -0.00981915 -0.02152142 -0.01873692
v -0.00986603 -0.02145028 -0.01871813
v -0.00990631 -0.02137546 -0.01869838
v -0.00993969 -0.02129753 -0.01867780
v -0.00996593 -0.02121709 -0.01865655
v -0.00998481 -0.02113474 -0.01863480
v -0.00999619 -0.02105112 -0.01861272
v -0.01000000 -0.02096685 -0.01859047
v -0.00917365 -0.02186835 -0.01900500
v -0.00925882 -0.02185057 -0.01899863
v -0.00934202 -0.02182588 -0.01898978
v -0.00942262 -0.02179445 -0.01897851
v -0.00950000 -0.02175654 -0.01896492
v -0.00957358 -0.02171241 -0.01894910
v -0.00964279 -0.02166242 -0.01893117
v -0.00970711 -0.02160694 -0.01891128
v -0.00976604 -0.02154640 -0.01888957
v -0.00981915 -0.02148125 -0.01886621
v -0.00986603 -0.02141199 -0.01884138
v -0.00990631 -0.02133914 -0.01881526
v -0.00993969 -0.02126328 -0.01878806
v -0.00996593 -0.02118496 -0.01875998
v -0.00998481 -0.02110478 -0.01873124
v -0.00999619 -0.02102337 -0.01870205
v -0.01000000 -0.02094132 -0.01867263
v -0.00917365 -0.02180385 -0.01916313
v -0.00925882 -0.02178669 -0.01915525
v -0.00934202 -0.02176285 -0.01914431
v -0.00942262 -0.02173251 -0.01913038
v -0.00950000 -0.02169590 -0.01911358
v -0.00957358 -0.02165330 -0.01909402
v -0.00964279 -0.02160503 -0.01907187
v -0.00970711 -0.02155147 -0.01904728
v -0.00976604 -0.02149301 -0.01902045
v -0.00981915 -0.02143011 -0.01899157
v -0.00986603 -0.02136324 -0.01896088
v -0.00990631 -0.02129292 -0.01892860
v -0.00993969 -0.02121967 -0.01889498
v -0.00996593 -0.02114405 -0.01886027
v -0.00998481 -0.02106665 -0.01882474
v -0.00999619 -0.02098804 -0.01878865
v -0.01000000 -0.02090883 -0.01875230
v -0.00900000 -0.02173921 -0.01932262
v -0.00908716 -0.02173590 -0.01932074
v -0.00917365 -0.02172600 -0.01931512
v -0.00925882 -0.02170958 -0.01930580
v -0.00934202 -0.02168677 -0.01929285
v -0.00942262 -0.02165774 -0.01927636
v -0.00950000 -0.02162270 -0.01925647
v -0.00957358 -0.02158194 -0.01923333
v -0.00964279 -0.02153576 -0.01920711
v -0.00970711 -0.02148451 -0.01917801
v -0.00976604 -0.02142858 -0.01914625
v -0.00981915 -0.02136839 -0.01911208
v -0.00986603 -0.02130441 -0.01907575
v -0.00990631 -0.02123712 -0.01903754
v -0.00993969 -0.02116703 -0.01899775
v -0.00996593 -0.02109468 -0.01895666
v -0.00998481 -0.02102061 -0.01891461
v -0.00999619 -0.02094540 -0.01887191
v -0.01000000 -0.02086961 -0.01882887
v -0.01000000 -0.02082394 -0.01890180
v -0.00999619 -0.02089575 -0.01895119
v -0.00998481 -0.02096702 -0.01900020
v -0.00996593 -0.02103720 -0.01904846
v -0.00993969 -0.02110575 -0.01909561
v -0.00990631 -0.02117216 -0.01914128
v -0.00986603 -0.02123591 -0.01918513
v -0.00981915 -0.02129654 -0.01922683
v -0.00976604 -0.02135357 -0.01926605
v -0.00970711 -0.02140656 -0.01930249
v -0.00964279 -0.02145512 -0.01933589
v -0.00957358 -0.02149888 -0.01936599
v -0.00950000 -0.02153750 -0.01939255
v -0.00942262 -0.02157069 -0.01941538
v -0.00934202 -0.02159820 -0.01943430
v -0.00925882 -0.02161981 -0.01944916
v -0.00917365 -0.02163537 -0.01945986
v -0.00917365 -0.02153264 -0.01959627
v -0.00925882 -0.02151806 -0.01958428
v -0.00934202 -0.02149780 -0.01956761
v -0.00942262 -0.02147202 -0.01954639
v -0.00950000 -0.02144091 -0.01952080
v -0.00957358 -0.02140472 -0.01949102
v -0.00964279 -0.02136371 -0.01945727
v -0.00970711 -0.02131820 -0.01941982
v -0.00976604 -0.02126853 -0.01937895
v -0.00981915 -0.02121509 -0.01933498
v -0.00986603 -0.02115827 -0.01928823
v -0.00990631 -0.02109852 -0.01923906
v -0.00993969 -0.02103629 -0.01918785
v -0.00996593 -0.02097204 -0.01913498
v -0.00998481 -0.02090627 -0.01908086
v -0.00999619 -0.02083948 -0.01902591
v -0.01000000 -0.02077218 -0.01897053
v -0.00917365 -0.02141855 -0.01972335
v -0.00925882 -0.02140506 -0.01971014
v -0.00934202 -0.02138631 -0.01969180
v -0.00942262 -0.02136245 -0.01966844
v -0.00950000 -0.02133366 -0.01964027
v -0.00957358 -0.02130016 -0.01960749
v -0.00964279 -0.02126220 -0.01957034
v -0.00970711 -0.02122008 -0.01952912
v -0.00976604 -0.02117411 -0.01948413
v -0.00981915 -0.02112464 -0.01943572
v -0.00986603 -0.02107206 -0.01938426
v -0.00990631 -0.02101675 -0.01933014
v -0.00993969 -0.02095915 -0.01927377
v -0.00996593 -0.02089969 -0.01921557
v -0.00998481 -0.02083881 -0.01915601
v -0.00999619 -0.02077700 -0.01909551
v -0.01000000 -0.02071471 -0.01903455
v -0.00917365 -0.02129397 -0.01984015
v -0.00925882 -0.02128166 -0.01982583
v -0.00934202 -0.02126456 -0.01980594
v -0.00942262 -0.02124280 -0.01978062
v -0.00950000 -0.02121653 -0.01975008
v -0.00957358 -0.02118598 -0.01971454
v -0.00964279 -0.02115135 -0.01967427
v -0.00970711 -0.02111293 -0.01962958
v -0.00976604 -0.02107100 -0.01958081
v -0.00981915 -0.02102588 -0.01952832
v -0.00986603 -0.02097791 -0.01947253
v -0.00990631 -0.02092746 -0.01941386
v -0.00993969 -0.02087492 -0.01935274
v -0.00996593 -0.02082067 -0.01928965
v -0.00998481 -0.02076515 -0.01922507
v -0.00999619 -0.02070876 -0.01915949
v -0.01000000 -0.02065194 -0.01909340
v -0.00917365 -0.02115981 -0.01994581
v -0.00925882 -0.02114878 -0.01993049
v -0.00934202 -0.02113345 -0.01990920
v -0.00942262 -0.02111394 -0.01988211
v -0.00950000 -0.02109040 -0.01984942
v -0.00957358 -0.02106301 -0.01981138
v -0.00964279 -0.02103198 -0.01976828
v -0.00970711 -0.02099754 -0.01972045
v -0.00976604 -0.02095995 -0.01966826
v -0.00981915 -0.02091951 -0.01961209
v -0.00986603 -0.02087652 -0.01955238
v -0.00990631 -0.02083130 -0.01948959
v -0.00993969 -0.02078420 -0.01942418
v -0.00996593 -0.02073558 -0.01935666
v -0.00998481 -0.02068582 -0.01928755
v -0.00999619 -0.02063527 -0.01921736
v -0.01000000 -0.02058434 -0.01914663
v -0.00900000 -0.02102485 -0.02005259
v -0.00908716 -0.02102290 -0.02004932
v -0.00917365 -0.02101707 -0.02003954
v -0.00925882 -0.02100739 -0.02002333
v -0.00934202 -0.02099395 -0.02000080
v -0.00942262 -0.02097684 -0.01997213
v -0.00950000 -0.02095620 -0.01993754
v -0.00957358 -0.02093218 -0.01989729
v -0.00964279 -0.02090497 -0.01985168
v -0.00970711 -0.02087476 -0.01980107
v -0.00976604 -0.02084181 -0.01974584
v -0.00981915 -0.02080634 -0.01968641
v -0.00986603 -0.02076864 -0.01962322
v -0.00990631 -0.02072898 -0.01955677
v -0.00993969 -0.02068768 -0.01948756
v -0.00996593 -0.02064505 -0.01941611
v -0.00998481 -0.02060141 -0.01934298
v -0.00999619 -0.02055709 -0.01926870
v -0.01000000 -0.02051243 -0.01919386
v -0.01000000 -0.02043671 -0.01923473
v -0.00999619 -0.02047477 -0.01931313
v -0.00998481 -0.02051255 -0.01939094
v -0.00996593 -0.02054974 -0.01946756
v -0.00993969 -0.02058608 -0.01954241
v -0.00990631 -0.02062128 -0.01961491
v -0.00986603 -0.02065507 -0.01968453
v -0.00981915 -0.02068720 -0.01975072
v -0.00976604 -0.02071743 -0.01981298
v -0.00970711 -0.02074551 -0.01987084
v -0.00964279 -0.02077125 -0.01992386
v -0.00957358 -0.02079445 -0.01997164
v -0.00950000 -0.02081492 -0.02001381
v -0.00942262 -0.02083251 -0.02005004
v -0.00934202 -0.02084709 -0.02008008
v -0.00925882 -0.02085854 -0.02010368
v -0.00917365 -0.02086679 -0.02012066
v -0.00908716 -0.02087176 -0.02013090
v -0.00900000 -0.02087343 -0.02013433
v 0.00572719 -0.02187578 -0.01902900
v 0.00572719 -0.02185059 -0.01909361
v 0.00572719 -0.02181260 -0.01918040
v 0.00572719 -0.02165016 -0.01946516
v 0.00572719 -0.02170880 -0.01937435
v 0.00572719 -0.02173722 -0.01932611
v 0.00572719 -0.02119783 -0.01993675
v 0.00572719 -0.02122114 -0.01991905
v 0.00572719 -0.02132507 -0.01983319
v 0.00572719 -0.02138040 -0.01978236
v 0.00572719 -0.02144339 -0.01971955
v 0.00572719 -0.02152453 -0.01962965
v 0.00572719 -0.02155199 -0.01959660
v 0.00572719 -0.02087343 -0.02013433
v 0.00572719 -0.02092009 -0.02011092
v 0.00572719 -0.02113636 -0.01998093
v 0.00572719 -0.02106254 -0.02002953
v 0.00572719 -0.02095779 -0.02009087
v 0.00662667 -0.02147661 -0.01952393
v 0.00660273 -0.02153569 -0.01946025
v 0.00645807 -0.02151331 -0.01953637
v 0.00580548 -0.02107041 -0.02002304
v 0.00580681 -0.02098171 -0.02007644
v 0.00588733 -0.02100525 -0.02005982
v 0.00588460 -0.02109210 -0.02000601
v 0.00612554 -0.02115448 -0.01994102
v 0.00604475 -0.02113415 -0.01996507
v 0.00605049 -0.02105090 -0.02001945
v 0.00681475 -0.02140850 -0.01952305
v 0.00678010 -0.02143386 -0.01951047
v 0.00664966 -0.02141457 -0.01958507
v 0.00658111 -0.02156559 -0.01942893
v 0.00654424 -0.02158758 -0.01941215
v 0.00643763 -0.02157189 -0.01946799
v 0.00705002 -0.02121417 -0.01959428
v 0.00698914 -0.02126860 -0.01957833
v 0.00687491 -0.02124561 -0.01965554
v 0.00672933 -0.02114588 -0.01979690
v 0.00685182 -0.02117307 -0.01972636
v 0.00689518 -0.02118239 -0.01969945
v 0.00639225 -0.02106452 -0.01995405
v 0.00638171 -0.02113597 -0.01990806
v 0.00636123 -0.02105655 -0.01996607
v 0.00629862 -0.02111553 -0.01993992
v 0.00630766 -0.02104258 -0.01998592
v 0.00622894 -0.02102159 -0.02001308
v 0.00621564 -0.02109453 -0.01996906
v 0.00622211 -0.02101974 -0.02001533
v 0.00613288 -0.02107297 -0.01999554
v 0.00613905 -0.02099691 -0.02004128
v 0.00596459 -0.02094681 -0.02008775
v 0.00597210 -0.02094903 -0.02008597
v 0.00587286 -0.02091921 -0.02010798
v 0.00580791 -0.02089910 -0.02012060
v 0.00610089 -0.02174838 -0.01927301
v 0.00611276 -0.02179637 -0.01917826
v 0.00608692 -0.02179364 -0.01918828
v 0.00608061 -0.02180865 -0.01915801
v 0.00626165 -0.02166296 -0.01938390
v 0.00629255 -0.02171966 -0.01928414
v 0.00624382 -0.02171372 -0.01930599
v 0.00624816 -0.02173989 -0.01925914
v 0.00623173 -0.02174717 -0.01924970
v 0.00641645 -0.02162719 -0.01939713
v 0.00627895 -0.02160856 -0.01945943
v 0.00640073 -0.02166661 -0.01934203
v 0.00637882 -0.02167779 -0.01933065
v 0.00641629 -0.02165852 -0.01935000
v 0.00674230 -0.02146067 -0.01949619
v 0.00670086 -0.02148906 -0.01947986
v 0.00662360 -0.02153934 -0.01944764
v 0.00659357 -0.02155799 -0.01943449
v 0.00636925 -0.02121245 -0.01985370
v 0.00628792 -0.02119365 -0.01988541
v 0.00620664 -0.02117432 -0.01991449
v 0.00603857 -0.02121452 -0.01990657
v 0.00587508 -0.02133437 -0.01981875
v 0.00587846 -0.02125683 -0.01988527
v 0.00603198 -0.02129185 -0.01984414
v 0.00619701 -0.02125128 -0.01985611
v 0.00587151 -0.02140848 -0.01974840
v 0.00602499 -0.02136599 -0.01977797
v 0.00618679 -0.02132526 -0.01979410
v 0.00635599 -0.02128614 -0.01979583
v 0.00588164 -0.02117601 -0.01994776
v 0.00596439 -0.02111335 -0.01998671
v 0.00596860 -0.02102831 -0.02004085
v 0.00602803 -0.02096538 -0.02007208
v 0.00605530 -0.02097324 -0.02006492
v 0.00579877 -0.02089623 -0.02012226
v 0.00580404 -0.02115614 -0.01996505
v 0.00647773 -0.02145155 -0.01960212
v 0.00631176 -0.02148929 -0.01960273
v 0.00629566 -0.02155063 -0.01953243
v 0.00615281 -0.02152799 -0.01958799
v 0.00614048 -0.02158871 -0.01951320
v 0.00600184 -0.02156774 -0.01955891
v 0.00612770 -0.02164578 -0.01943565
v 0.00599347 -0.02162760 -0.01947968
v 0.00611449 -0.02169904 -0.01935553
v 0.00598480 -0.02168352 -0.01939766
v 0.00597585 -0.02173533 -0.01931304
v 0.00596665 -0.02178290 -0.01922601
v 0.00595722 -0.02182607 -0.01913676
v 0.00601782 -0.02183144 -0.01911726
v 0.00595222 -0.02185357 -0.01907292
v 0.00620384 -0.02175924 -0.01923343
v 0.00665473 -0.02112870 -0.01983613
v 0.00671240 -0.02121168 -0.01975189
v 0.00669257 -0.02128200 -0.01969919
v 0.00685126 -0.02131313 -0.01960432
v 0.00682638 -0.02137806 -0.01955042
v 0.00667164 -0.02134966 -0.01964354
v 0.00656132 -0.02110653 -0.01988156
v 0.00654764 -0.02117508 -0.01983587
v 0.00653156 -0.02124839 -0.01978213
v 0.00651452 -0.02131898 -0.01972515
v 0.00645051 -0.02123070 -0.01981930
v 0.00646476 -0.02115583 -0.01987340
v 0.00644459 -0.02107779 -0.01993290
v 0.00586775 -0.02147898 -0.01967443
v 0.00601762 -0.02143678 -0.01970825
v 0.00617599 -0.02139613 -0.01972862
v 0.00634196 -0.02135693 -0.01973460
v 0.00691827 -0.02132805 -0.01955754
v 0.00649656 -0.02138674 -0.01966510
v 0.00632721 -0.02142469 -0.01967018
v 0.00616466 -0.02146376 -0.01965986
v 0.00600990 -0.02150409 -0.01963517
v 0.00586381 -0.02154571 -0.01959704
v 0.00585971 -0.02160851 -0.01951643
v 0.00585546 -0.02166720 -0.01943280
v 0.00585106 -0.02172163 -0.01934637
v 0.00584653 -0.02177161 -0.01925733
v 0.00584187 -0.02181700 -0.01916588
v 0.00592173 -0.02186329 -0.01905167
v 0.00590887 -0.02186728 -0.01904258
v 0.00595304 -0.02055228 -0.02027514
v 0.00587878 -0.02049366 -0.02029956
v 0.00591491 -0.02039316 -0.02033721
v 0.00599641 -0.02015106 -0.02041804
v 0.00601920 -0.02007940 -0.02043936
v 0.00610767 -0.02014291 -0.02041881
v 0.00610123 -0.02066579 -0.02021738
v 0.00617501 -0.02072057 -0.02018414
v 0.00606883 -0.02090115 -0.02010308
v 0.00674752 -0.02110469 -0.01982007
v 0.00619984 -0.02100026 -0.02003051
v 0.00593687 -0.02079700 -0.02016622
v 0.00587068 -0.02074313 -0.02019416
v 0.00720330 -0.02082817 -0.01981423
v 0.00734662 -0.02090131 -0.01967811
v 0.00718968 -0.02107818 -0.01963053
v 0.00600294 -0.02084969 -0.02013585
v 0.00632154 -0.02082592 -0.02010920
v 0.00646621 -0.02092533 -0.02002329
v 0.00660840 -0.02101839 -0.01992678
v 0.00602722 -0.02060968 -0.02024773
v 0.00580442 -0.02068812 -0.02021963
v 0.00587419 -0.02050613 -0.02029472
v 0.00663158 -0.02049507 -0.02021435
v 0.00651682 -0.02069188 -0.02014253
v 0.00654552 -0.02044009 -0.02025781
v 0.00643718 -0.02063898 -0.02018537
v 0.00645901 -0.02038366 -0.02029751
v 0.00624847 -0.02077396 -0.02014807
v 0.00635695 -0.02058450 -0.02022501
v 0.00632476 -0.02042837 -0.02029819
v 0.00637170 -0.02032555 -0.02033360
v 0.00615539 -0.02030984 -0.02036006
v 0.00619595 -0.02020513 -0.02039429
v 0.00607097 -0.02051217 -0.02028664
v 0.00622629 -0.02062593 -0.02022332
v 0.00595035 -0.02029057 -0.02037314
v 0.00598511 -0.02018597 -0.02040723
v 0.00607031 -0.02024854 -0.02038551
v 0.00611370 -0.02041221 -0.02032413
v 0.00627624 -0.02052850 -0.02026139
v 0.00697631 -0.02083835 -0.01991360
v 0.00704632 -0.02074280 -0.01994514
v 0.00681899 -0.02074653 -0.02002933
v 0.00688375 -0.02064928 -0.02006306
v 0.00665740 -0.02064724 -0.02013233
v 0.00671651 -0.02054819 -0.02016746
v 0.00659578 -0.02074314 -0.02009654
v 0.00675126 -0.02084049 -0.01999534
v 0.00690288 -0.02093056 -0.01988226
v 0.00704986 -0.02101284 -0.01975773
v 0.00593456 -0.02033676 -0.02035727
v -0.00900000 -0.02007940 -0.02043936
v -0.00900000 -0.02048291 -0.02030376
v -0.00908716 -0.02007834 -0.02043571
v -0.00908716 -0.02048155 -0.02030021
v -0.00917365 -0.02007518 -0.02042477
v -0.00917365 -0.02047746 -0.02028958
v -0.00925882 -0.02006993 -0.02040663
v -0.00925882 -0.02047069 -0.02027195
v -0.00934202 -0.02006264 -0.02038143
v -0.00934202 -0.02046129 -0.02024746
v -0.00942262 -0.02005336 -0.02034936
v -0.00942262 -0.02044931 -0.02021630
v -0.00950000 -0.02004217 -0.02031066
v -0.00950000 -0.02043487 -0.02017870
v -0.00957358 -0.02002914 -0.02026564
v -0.00957358 -0.02041806 -0.02013494
v -0.00964279 -0.02001438 -0.02021462
v -0.00964279 -0.02039901 -0.02008537
v -0.00970711 -0.01999800 -0.02015801
v -0.00970711 -0.02037788 -0.02003035
v -0.00976604 -0.01998013 -0.02009622
v -0.00976604 -0.02035481 -0.01997031
v -0.00981915 -0.01996090 -0.02002973
v -0.00981915 -0.02032999 -0.01990570
v -0.00986603 -0.01994045 -0.01995906
v -0.00986603 -0.02030361 -0.01983702
v -0.00990631 -0.01991894 -0.01988472
v -0.00990631 -0.02027586 -0.01976478
v -0.00993969 -0.01989654 -0.01980730
v -0.00993969 -0.02024695 -0.01968955
v -0.00996593 -0.01987342 -0.01972738
v -0.00996593 -0.02021712 -0.01961188
v -0.00998481 -0.01984975 -0.01964556
v -0.00998481 -0.02018657 -0.01953237
v -0.00999619 -0.01982572 -0.01956248
v -0.00999619 -0.02015556 -0.01945163
v -0.01000000 -0.01980149 -0.01947875
v -0.01000000 -0.02012430 -0.01937027
v 0.00613110 -0.01991227 0.02048771
v 0.00607843 -0.01999783 0.02046296
v 0.00626541 -0.02011102 0.02042181
v 0.00775561 -0.01973300 0.02011198
v 0.00791491 -0.01932699 0.02016550
v 0.00779819 -0.01953541 0.02016563
v 0.00782639 -0.01933591 0.02021979
v 0.00771933 -0.01934514 0.02028011
v 0.00759955 -0.01953799 0.02027722
v 0.00733021 -0.02066096 0.01986004
v 0.00716443 -0.02058722 0.01998858
v 0.00762564 -0.01935192 0.02032840
v 0.00751551 -0.01935844 0.02038017
v 0.00739337 -0.01953520 0.02037412
v 0.00699266 -0.02050564 0.02010384
v 0.00741719 -0.01936302 0.02042207
v 0.00730471 -0.01936688 0.02046527
v 0.00718086 -0.01952708 0.02045591
v 0.00720229 -0.01936918 0.02050039
v 0.00708818 -0.01937043 0.02053498
v 0.00696327 -0.01951372 0.02052217
v 0.00698220 -0.01937039 0.02056296
v 0.00686719 -0.01936907 0.02058892
v 0.00674183 -0.01949516 0.02057248
v 0.00681590 -0.02041672 0.02020530
v 0.00663512 -0.02032098 0.02029246
v 0.00645129 -0.02021891 0.02036480
v 0.00675819 -0.01936662 0.02060937
v 0.00664298 -0.01936278 0.02062667
v 0.00651777 -0.01947148 0.02060642
v 0.00653151 -0.01935785 0.02063922
v 0.00641683 -0.01935155 0.02064784
v 0.00756004 -0.01972227 0.02022652
v 0.00735711 -0.01970571 0.02032663
v 0.00714800 -0.01968346 0.02041186
v 0.00693395 -0.01965568 0.02048178
v 0.00671613 -0.01962249 0.02053595
v 0.00649577 -0.01958405 0.02057393
v 0.00629234 -0.01944273 0.02062355
v 0.00630342 -0.01934407 0.02065209
v 0.00627407 -0.01954049 0.02059527
v 0.00646560 -0.01969498 0.02054190
v 0.00668121 -0.01974797 0.02049994
v 0.00689434 -0.01979558 0.02044197
v 0.00710383 -0.01983758 0.02036844
v 0.00730850 -0.01987377 0.02027982
v 0.00750720 -0.01990391 0.02017655
v 0.00769874 -0.01992779 0.02005910
v 0.00624870 -0.01963684 0.02056740
v 0.00642738 -0.01980372 0.02051051
v 0.00663716 -0.01987098 0.02046464
v 0.00684455 -0.01993274 0.02040294
v 0.00704843 -0.01998871 0.02032587
v 0.00724766 -0.02003859 0.02023391
v 0.00744112 -0.02008208 0.02012754
v 0.00762767 -0.02011888 0.02000721
v 0.00621634 -0.01973126 0.02054008
v 0.00638120 -0.01990969 0.02047992
v 0.00658408 -0.01999089 0.02043023
v 0.00678468 -0.02006648 0.02036488
v 0.00698191 -0.02013610 0.02028435
v 0.00717467 -0.02019936 0.02018914
v 0.00736190 -0.02025591 0.02007972
v 0.00754250 -0.02030537 0.01995658
v 0.00617711 -0.01982324 0.02051347
v 0.00632717 -0.02001231 0.02045030
v 0.00652210 -0.02010707 0.02039689
v 0.00671484 -0.02019612 0.02032799
v 0.00690436 -0.02027901 0.02024409
v 0.00708964 -0.02035531 0.02014570
v 0.00726964 -0.02042457 0.02003332
v 0.00744332 -0.02048636 0.01990744
v 0.00675909 -0.01355721 0.02232626
v 0.00955017 -0.00477257 0.02399990
v 0.00941072 -0.00513460 0.02400000
v 0.00917193 -0.00834320 0.02304305
v 0.00839677 -0.01565868 0.02108287
v 0.00723472 -0.00777181 0.02400000
v 0.00725063 -0.00777164 0.02400000
v 0.00731506 -0.00776775 0.02400000
v 0.00754794 -0.00771273 0.02400000
v 0.00747735 -0.00773603 0.02400000
v 0.00740843 -0.00775327 0.02400000
v 0.00734082 -0.00776479 0.02400000
v 0.00762058 -0.00768290 0.02400000
v 0.00767361 -0.00765743 0.02400000
v 0.00776466 -0.00760653 0.02400000
v 0.00785867 -0.00754461 0.02400000
v 0.00795607 -0.00747053 0.02400000
v 0.00800398 -0.00743041 0.02400000
v 0.00813862 -0.00730478 0.02400000
v 0.00827860 -0.00715406 0.02400000
v 0.00842440 -0.00697519 0.02400000
v 0.00906831 -0.00590715 0.02400000
v 0.00897470 -0.00609204 0.02400000
v 0.00883534 -0.00634790 0.02400000
v 0.00860938 -0.00671569 0.02400000
v 0.00930717 -0.00538500 0.02400000
v 0.00912019 -0.00580002 0.02400000
v -0.00900000 -0.02007940 0.02043936
v -0.00900000 -0.02048291 0.02030376
v 0.00968246 0.00250000 0.01900000
v 0.00979108 -0.00250000 0.01900000
v 0.00968246 0.00250000 -0.02040000
v 0.00979108 -0.00250000 -0.02040000
v 0.00815450 -0.01794504 -0.01548112
v 0.00835648 -0.01603893 -0.01845407
v 0.00862591 -0.01349620 -0.01999512
v -0.00897513 0.00066863 -0.02400000
v -0.00890065 0.00133357 -0.02400000
v -0.00877698 0.00199113 -0.02400000
v -0.00860947 0.00262242 -0.02400000
v -0.00900000 0.00000000 -0.02400000
v -0.00900000 -0.00777181 -0.02400000
v -0.00164000 0.00660890 -0.02400000
v -0.00156338 0.00664825 -0.02400000
v -0.00148366 0.00668085 -0.02400000
v -0.00140142 0.00670648 -0.02400000
v -0.00123188 0.00673608 -0.02400000
v -0.00089020 0.00670674 -0.02400000
v -0.00080794 0.00668120 -0.02400000
v -0.00072818 0.00664868 -0.02400000
v -0.00114583 0.00673983 -0.02400000
v -0.00105977 0.00673616 -0.02400000
v -0.00097435 0.00672511 -0.02400000
v -0.00131729 0.00672493 -0.02400000
v 0.00723472 -0.00777181 -0.02400000
v 0.00994433 -0.00105371 -0.02400000
v 0.00823798 -0.00719991 -0.02400000
v 0.00831338 -0.00711342 -0.02400000
v 0.00838549 -0.00702511 -0.02400000
v 0.00852473 -0.00683900 -0.02400000
v 0.00861757 -0.00670335 -0.02400000
v 0.00955020 -0.00477245 -0.02399996
v 0.00882815 -0.00636050 -0.02400000
v 0.00889559 -0.00624007 -0.02400000
v 0.00897618 -0.00608919 -0.02400000
v 0.00999798 -0.00020114 -0.02400000
v 0.00997866 0.00065289 -0.02400000
v 0.00988653 0.00150217 -0.02400000
v 0.00985181 0.00171520 -0.02400000
v 0.00912328 -0.00579353 -0.02400000
v 0.00922531 -0.00557240 -0.02400000
v 0.00926595 -0.00548050 -0.02400000
v 0.00941314 -0.00512857 -0.02400000
v 0.00759030 -0.00769605 -0.02400000
v 0.00752020 -0.00772256 -0.02400000
v 0.00799775 -0.00743577 -0.02400000
v 0.00809119 -0.00735121 -0.02400000
v 0.00814390 -0.00729947 -0.02400000
v 0.00789301 -0.00751964 -0.02400000
v 0.00777574 -0.00759973 -0.02400000
v 0.00767865 -0.00765485 -0.02400000
v 0.00729918 -0.00776918 -0.02400000
v 0.00736598 -0.00776114 -0.02400000
v 0.00744236 -0.00774547 -0.02400000
v -0.00518741 0.00854932 -0.02240000
v -0.00656584 0.00754253 -0.02240000
v -0.00718562 0.00695463 -0.02240000
v -0.00775296 0.00631598 -0.02240000
v -0.00826373 0.00563124 -0.02240000
v -0.00589814 0.00807539 -0.02240000
v -0.00942151 0.00335189 -0.02240000
v -0.00910105 0.00414377 -0.02240000
v -0.00871419 0.00490540 -0.02240000
v 0.00384430 0.00923154 -0.02240000
v 0.00461816 0.00886976 -0.02240000
v 0.00972225 0.00234048 -0.02240000
v 0.00948702 0.00316171 -0.02240000
v 0.00304238 0.00952596 -0.02240000
v 0.00221826 0.00975086 -0.02240000
v 0.00137795 0.00990461 -0.02240000
v 0.00052759 0.00998607 -0.02240000
v -0.00365783 0.00930700 -0.02240000
v 0.00881109 0.00472913 -0.02240000
v 0.00918256 0.00395987 -0.02240000
v 0.00837532 0.00546388 -0.02240000
v 0.00787843 0.00615876 -0.02240000
v -0.00443882 0.00896085 -0.02240000
v 0.00732405 0.00680869 -0.02240000
v 0.00605938 0.00795512 -0.02240000
v 0.00671622 0.00740894 -0.02240000
v 0.00535832 0.00844324 -0.02240000
v -0.00285016 0.00958523 -0.02240000
v -0.00202168 0.00979351 -0.02240000
v -0.00117845 0.00993032 -0.02240000
v -0.00032662 0.00999466 -0.02240000
v -0.00164000 0.00660890 0.02400000
v -0.00156338 0.00664825 0.02400000
v -0.00148366 0.00668085 0.02400000
v -0.00140142 0.00670648 0.02400000
v -0.00131729 0.00672493 0.02400000
v -0.00123188 0.00673608 0.02400000
v -0.00114583 0.00673983 0.02400000
v -0.00105977 0.00673616 0.02400000
v -0.00097435 0.00672511 0.02400000
v -0.00089020 0.00670674 0.02400000
v -0.00080794 0.00668120 0.02400000
v -0.00072818 0.00664868 0.02400000
v -0.00942151 0.00335189 0.02100000
v -0.00656584 0.00754253 0.02100000
v -0.00718562 0.00695463 0.02100000
v -0.00775296 0.00631598 0.02100000
v -0.00826373 0.00563124 0.02100000
v -0.00871419 0.00490540 0.02100000
v -0.00910105 0.00414377 0.02100000
v 0.00948702 0.00316171 0.02100000
v 0.00972225 0.00234048 0.02100000
v 0.00787843 0.00615876 0.02100000
v 0.00732405 0.00680869 0.02100000
v 0.00837532 0.00546388 0.02100000
v 0.00881109 0.00472913 0.02100000
v 0.00918256 0.00395987 0.02100000
v -0.00589814 0.00807539 0.02100000
v 0.00384430 0.00923154 0.02100000
v 0.00304238 0.00952596 0.02100000
v 0.00671622 0.00740894 0.02100000
v 0.00605938 0.00795512 0.02100000
v -0.00365783 0.00930700 0.02100000
v -0.00443882 0.00896085 0.02100000
v 0.00461816 0.00886976 0.02100000
v -0.00518741 0.00854932 0.02100000
v 0.00535832 0.00844324 0.02100000
v -0.00285016 0.00958523 0.02100000
v -0.00202168 0.00979351 0.02100000
v -0.00117845 0.00993032 0.02100000
v -0.00032662 0.00999466 0.02100000
v 0.00052759 0.00998607 0.02100000
v 0.00137795 0.00990461 0.02100000
v 0.00221826 0.00975086 0.02100000
v -0.00962027 0.00272953 0.02300000
v -0.00961899 0.00272939 0.02305039
v -0.00961643 0.00272912 0.02308716
v -0.00959339 0.00272668 0.02322930
v -0.00958589 0.00272588 0.02325882
v -0.00961204 0.00272865 0.02312749
v -0.00959899 0.00272727 0.02320431
v -0.00957254 0.00272447 0.02330391
v -0.00954588 0.00272164 0.02337681
v -0.00952571 0.00271951 0.02342262
v -0.00951332 0.00271819 0.02344801
v -0.00947465 0.00271410 0.02351743
v -0.00946009 0.00271255 0.02354056
v -0.00943772 0.00271018 0.02357359
v -0.00941502 0.00270778 0.02360442
v -0.00936495 0.00270247 0.02366473
v -0.00932457 0.00269819 0.02370711
v -0.00930979 0.00269663 0.02372144
v -0.00924939 0.00269023 0.02377441
v -0.00922921 0.00268809 0.02379031
v -0.00918966 0.00268390 0.02381916
v -0.00916450 0.00268123 0.02383604
v -0.00887142 0.00265018 0.02396593
v -0.00885135 0.00264805 0.02397103
v -0.00909619 0.00267399 0.02387668
v -0.00903708 0.00266773 0.02390631
v -0.00902424 0.00266637 0.02391212
v -0.00869181 0.00263115 0.02399669
v -0.00860947 0.00262242 0.02400000
v -0.00869771 0.00263177 0.02399619
v -0.00877242 0.00263969 0.02398696
v -0.00894853 0.00265835 0.02394220
v -0.00892859 0.00265624 0.02394898
v 0.00985181 0.00171520 0.02400000
v 0.00839676 -0.01565880 -0.02108284
v 0.00750062 -0.02411596 -0.00811653
v 0.00800920 -0.01931632 -0.02010281
v 0.00917193 -0.00834316 -0.02304306
v 0.00994433 -0.00105371 0.02400000
v 0.00797903 -0.01952847 -0.02004593
v 0.00797370 -0.01955747 -0.02003815
v 0.00785809 -0.01998951 -0.01992231
v 0.00792872 -0.01975759 -0.01998449
v 0.00787308 -0.01994549 -0.01993411
v 0.00767863 -0.02040128 -0.01981202
v 0.00770685 -0.02034649 -0.01982669
v 0.00778290 -0.02018297 -0.01987047
v 0.00760143 -0.02053859 -0.01977526
v 0.00755857 -0.02060818 -0.01975662
v 0.00748131 -0.02072384 -0.01972565
v 0.00742314 -0.02080387 -0.01970422
v 0.00629218 -0.01944299 -0.02062348
v 0.00627378 -0.01954079 -0.02059519
v 0.00630341 -0.01934428 -0.02065204
v 0.00624833 -0.01963716 -0.02056731
v 0.00621592 -0.01973158 -0.02053999
v 0.00617670 -0.01982354 -0.02051338
v 0.00613076 -0.01991250 -0.02048765
v 0.00607822 -0.01999797 -0.02046292
v 0.00988653 0.00150217 0.02400000
v 0.00997866 0.00065289 0.02400000
v 0.00999798 -0.00020114 0.02400000
v -0.00967321 0.00253556 0.02300000
v -0.00975220 0.00221237 0.02300000
v -0.00985432 0.00170072 0.02300000
v -0.00988961 0.00148174 0.02300000
v -0.00996351 0.00085348 0.02300000
v -0.00997236 0.00074292 0.02300000
v -0.01000000 0.00000000 0.02300000
v -0.01000000 -0.00763006 0.02300000
v -0.01000000 0.00000000 -0.02300000
v -0.01000000 -0.00763006 -0.02300000
v -0.01000000 -0.01980149 0.01947875
v -0.01000000 -0.02012430 0.01937027
v -0.00997236 0.00074292 -0.02300000
v -0.00996351 0.00085348 -0.02300000
v -0.00988961 0.00148174 -0.02300000
v -0.00985432 0.00170072 -0.02300000
v -0.00975220 0.00221237 -0.02300000
v -0.00967321 0.00253556 -0.02300000
v -0.00962027 0.00272953 -0.02300000
v -0.00886182 0.00264916 -0.02396842
v -0.00887143 0.00265018 -0.02396593
v -0.00868661 0.00263059 -0.02399709
v -0.00869771 0.00263177 -0.02399619
v -0.00917029 0.00268185 -0.02383225
v -0.00918966 0.00268390 -0.02381916
v -0.00876704 0.00263912 -0.02398781
v -0.00884701 0.00264759 -0.02397207
v -0.00941575 0.00270786 -0.02360346
v -0.00943772 0.00271018 -0.02357359
v -0.00893886 0.00265732 -0.02394555
v -0.00901383 0.00266527 -0.02391668
v -0.00903708 0.00266773 -0.02390631
v -0.00908670 0.00267299 -0.02388176
v -0.00915740 0.00268048 -0.02384061
v -0.00923475 0.00268868 -0.02378603
v -0.00929535 0.00269510 -0.02373490
v -0.00932456 0.00269819 -0.02370712
v -0.00935203 0.00270110 -0.02367883
v -0.00940469 0.00270668 -0.02361767
v -0.00957143 0.00272435 -0.02330733
v -0.00958589 0.00272588 -0.02325882
v -0.00959256 0.00272659 -0.02323274
v -0.00946080 0.00271263 -0.02353947
v -0.00950069 0.00271686 -0.02347215
v -0.00952571 0.00271951 -0.02342262
v -0.00953537 0.00272053 -0.02340146
v -0.00956469 0.00272364 -0.02332730
v -0.00961711 0.00272919 -0.02307913
v -0.00961643 0.00272912 -0.02308716
v -0.00960781 0.00272821 -0.02315669
v -0.00900000 -0.00777181 0.02400000
v -0.00900000 0.00000000 0.02400000
v -0.00904362 -0.00777168 0.02399905
v -0.00908716 0.00000000 0.02399619
v -0.00908716 -0.00777127 0.02399619
v -0.00913053 -0.00777060 0.02399145
v -0.00917365 0.00000000 0.02398481
v -0.00917365 -0.00776966 0.02398481
v -0.00921644 -0.00776845 0.02397630
v -0.00925882 0.00000000 0.02396592
v -0.00925882 -0.00776698 0.02396592
v -0.00930071 -0.00776525 0.02395372
v -0.00934202 0.00000000 0.02393969
v -0.00934202 -0.00776326 0.02393969
v -0.00938268 -0.00776102 0.02392388
v -0.00942262 0.00000000 0.02390631
v -0.00942262 -0.00775853 0.02390631
v -0.00946175 -0.00775580 0.02388701
v -0.00950000 0.00000000 0.02386603
v -0.00950000 -0.00775282 0.02386603
v -0.00953730 -0.00774961 0.02384339
v -0.00957358 0.00000000 0.02381915
v -0.00957358 -0.00774618 0.02381915
v -0.00960876 -0.00774252 0.02379335
v -0.00964279 0.00000000 0.02376604
v -0.00964279 -0.00773865 0.02376604
v -0.00967559 -0.00773457 0.02373728
v -0.00970711 0.00000000 0.02370711
v -0.00970711 -0.00773029 0.02370711
v -0.00976604 0.00000000 0.02364279
v -0.00976604 -0.00772118 0.02364279
v -0.00981915 0.00000000 0.02357358
v -0.00981915 -0.00771137 0.02357358
v -0.00986603 0.00000000 0.02350000
v -0.00986603 -0.00770094 0.02350000
v -0.00990631 0.00000000 0.02342262
v -0.00990631 -0.00768997 0.02342262
v -0.00993969 0.00000000 0.02334202
v -0.00993969 -0.00767854 0.02334202
v -0.00996593 0.00000000 0.02325882
v -0.00996593 -0.00766675 0.02325882
v -0.00998481 0.00000000 0.02317365
v -0.00998481 -0.00765468 0.02317365
v -0.00999619 0.00000000 0.02308716
v -0.00999619 -0.00764242 0.02308716
v -0.00996857 0.00074264 0.02308716
v -0.00974849 0.00221153 0.02308716
v -0.00973739 0.00220901 0.02317365
v -0.00971897 0.00220483 0.02325882
v -0.00969339 0.00219902 0.02334202
v -0.00966083 0.00219164 0.02342262
v -0.00962155 0.00218273 0.02350000
v -0.00957583 0.00217236 0.02357358
v -0.00952404 0.00216061 0.02364279
v -0.00946657 0.00214757 0.02370711
v -0.00940384 0.00213334 0.02376604
v -0.00933634 0.00211803 0.02381915
v -0.00926459 0.00210175 0.02386603
v -0.00918913 0.00208463 0.02390631
v -0.00911053 0.00206680 0.02393969
v -0.00902939 0.00204839 0.02396592
v -0.00894633 0.00202955 0.02398481
v -0.00886198 0.00201041 0.02399619
v -0.00877698 0.00199113 0.02400000
v -0.00890065 0.00133357 0.02400000
v -0.00898685 0.00134648 0.02399619
v -0.00907238 0.00135930 0.02398481
v -0.00915661 0.00137192 0.02396592
v -0.00923890 0.00138424 0.02393969
v -0.00931861 0.00139619 0.02390631
v -0.00939513 0.00140765 0.02386603
v -0.00946790 0.00141855 0.02381915
v -0.00953634 0.00142881 0.02376604
v -0.00959995 0.00143834 0.02370711
v -0.00965824 0.00144707 0.02364279
v -0.00971076 0.00145494 0.02357358
v -0.00975712 0.00146189 0.02350000
v -0.00979695 0.00146786 0.02342262
v -0.00982997 0.00147280 0.02334202
v -0.00985591 0.00147669 0.02325882
v -0.00987459 0.00147949 0.02317365
v -0.00897513 0.00066863 0.02400000
v -0.00906204 0.00067511 0.02399619
v -0.00914830 0.00068153 0.02398481
v -0.00923323 0.00068786 0.02396592
v -0.00931620 0.00069404 0.02393969
v -0.00939658 0.00070003 0.02390631
v -0.00947375 0.00070578 0.02386603
v -0.00954712 0.00071124 0.02381915
v -0.00961614 0.00071638 0.02376604
v -0.00968028 0.00072116 0.02370711
v -0.00973906 0.00072554 0.02364279
v -0.00979202 0.00072949 0.02357358
v -0.00983876 0.00073297 0.02350000
v -0.00987893 0.00073596 0.02342262
v -0.00991222 0.00073844 0.02334202
v -0.00993839 0.00074039 0.02325882
v -0.00995721 0.00074179 0.02317365
v -0.00988585 0.00148118 0.02308716
v -0.00904362 -0.00777168 -0.02399905
v -0.00908716 -0.00777127 -0.02399619
v -0.00913053 -0.00777060 -0.02399145
v -0.00917365 -0.00776966 -0.02398481
v -0.00921644 -0.00776845 -0.02397630
v -0.00925882 -0.00776698 -0.02396592
v -0.00930071 -0.00776525 -0.02395372
v -0.00934202 -0.00776326 -0.02393969
v -0.00938268 -0.00776102 -0.02392388
v -0.00942262 -0.00775853 -0.02390631
v -0.00946175 -0.00775580 -0.02388701
v -0.00950000 -0.00775282 -0.02386603
v -0.00953730 -0.00774961 -0.02384339
v -0.00957358 -0.00774618 -0.02381915
v -0.00960876 -0.00774252 -0.02379335
v -0.00964279 -0.00773865 -0.02376604
v -0.00967559 -0.00773457 -0.02373728
v -0.00970711 -0.00773029 -0.02370711
v -0.00976604 -0.00772118 -0.02364279
v -0.00981915 -0.00771137 -0.02357358
v -0.00986603 -0.00770094 -0.02350000
v -0.00990631 -0.00768997 -0.02342262
v -0.00993969 -0.00767854 -0.02334202
v -0.00996593 -0.00766675 -0.02325882
v -0.00998481 -0.00765468 -0.02317365
v -0.00999619 -0.00764242 -0.02308716
v -0.00999619 0.00000000 -0.02308716
v -0.00998481 0.00000000 -0.02317365
v -0.00996593 0.00000000 -0.02325882
v -0.00993969 0.00000000 -0.02334202
v -0.00990631 0.00000000 -0.02342262
v -0.00986603 0.00000000 -0.02350000
v -0.00981915 0.00000000 -0.02357358
v -0.00976604 0.00000000 -0.02364279
v -0.00970711 0.00000000 -0.02370711
v -0.00964279 0.00000000 -0.02376604
v -0.00957358 0.00000000 -0.02381915
v -0.00950000 0.00000000 -0.02386603
v -0.00942262 0.00000000 -0.02390631
v -0.00934202 0.00000000 -0.02393969
v -0.00925882 0.00000000 -0.02396592
v -0.00917365 0.00000000 -0.02398481
v -0.00908716 0.00000000 -0.02399619
v -0.00974849 0.00221153 -0.02308716
v -0.00988585 0.00148118 -0.02308716
v -0.00902939 0.00204839 -0.02396592
v -0.00911053 0.00206680 -0.02393969
v -0.00894633 0.00202955 -0.02398481
v -0.00886198 0.00201041 -0.02399619
v -0.00918913 0.00208463 -0.02390631
v -0.00926459 0.00210175 -0.02386603
v -0.00933634 0.00211803 -0.02381915
v -0.00940384 0.00213334 -0.02376604
v -0.00946657 0.00214757 -0.02370711
v -0.00952404 0.00216061 -0.02364279
v -0.00957583 0.00217236 -0.02357358
v -0.00962155 0.00218273 -0.02350000
v -0.00966083 0.00219164 -0.02342262
v -0.00969339 0.00219902 -0.02334202
v -0.00971897 0.00220483 -0.02325882
v -0.00973739 0.00220901 -0.02317365
v -0.00996857 0.00074264 -0.02308716
v -0.00995721 0.00074179 -0.02317365
v -0.00993839 0.00074039 -0.02325882
v -0.00991222 0.00073844 -0.02334202
v -0.00987893 0.00073596 -0.02342262
v -0.00983876 0.00073297 -0.02350000
v -0.00979202 0.00072949 -0.02357358
v -0.00973906 0.00072554 -0.02364279
v -0.00968028 0.00072116 -0.02370711
v -0.00961614 0.00071638 -0.02376604
v -0.00954712 0.00071124 -0.02381915
v -0.00947375 0.00070578 -0.02386603
v -0.00939658 0.00070003 -0.02390631
v -0.00931620 0.00069404 -0.02393969
v -0.00923323 0.00068786 -0.02396592
v -0.00914830 0.00068153 -0.02398481
v -0.00906204 0.00067511 -0.02399619
v -0.00987459 0.00147949 -0.02317365
v -0.00985591 0.00147669 -0.02325882
v -0.00982997 0.00147280 -0.02334202
v -0.00979695 0.00146786 -0.02342262
v -0.00975712 0.00146189 -0.02350000
v -0.00971076 0.00145494 -0.02357358
v -0.00965824 0.00144707 -0.02364279
v -0.00959995 0.00143834 -0.02370711
v -0.00953634 0.00142881 -0.02376604
v -0.00946790 0.00141855 -0.02381915
v -0.00939513 0.00140765 -0.02386603
v -0.00931861 0.00139619 -0.02390631
v -0.00923890 0.00138424 -0.02393969
v -0.00915661 0.00137192 -0.02396592
v -0.00907238 0.00135930 -0.02398481
v -0.00898685 0.00134648 -0.02399619
v -0.00908716 -0.02048155 0.02030021
v -0.00917365 -0.02047746 0.02028958
v -0.00925882 -0.02047069 0.02027195
v -0.00934202 -0.02046129 0.02024746
v -0.00942262 -0.02044931 0.02021630
v -0.00950000 -0.02043487 0.02017870
v -0.00957358 -0.02041806 0.02013494
v -0.00964279 -0.02039901 0.02008537
v -0.00970711 -0.02037788 0.02003035
v -0.00976604 -0.02035481 0.01997031
v -0.00981915 -0.02032999 0.01990570
v -0.00986603 -0.02030361 0.01983702
v -0.00990631 -0.02027586 0.01976478
v -0.00993969 -0.02024695 0.01968955
v -0.00996593 -0.02021712 0.01961188
v -0.00998481 -0.02018657 0.01953237
v -0.00999619 -0.02015556 0.01945163
v -0.00908716 -0.02007834 0.02043571
v -0.00917365 -0.02007518 0.02042477
v -0.00925882 -0.02006993 0.02040663
v -0.00934202 -0.02006264 0.02038143
v -0.00942262 -0.02005336 0.02034936
v -0.00950000 -0.02004217 0.02031066
v -0.00957358 -0.02002914 0.02026564
v -0.00964279 -0.02001438 0.02021462
v -0.00970711 -0.01999800 0.02015801
v -0.00976604 -0.01998013 0.02009622
v -0.00981915 -0.01996090 0.02002973
v -0.00986603 -0.01994045 0.01995906
v -0.00990631 -0.01991894 0.01988472
v -0.00993969 -0.01989654 0.01980730
v -0.00996593 -0.01987342 0.01972738
v -0.00998481 -0.01984975 0.01964556
v -0.00999619 -0.01982572 0.01956248
v 0.00782640 -0.01933599 -0.02021931
v 0.00791478 -0.01932714 -0.02016528
v 0.00641681 -0.01935169 -0.02064759
v 0.00653141 -0.01935794 -0.02063879
v 0.00664290 -0.01936283 -0.02062609
v 0.00675803 -0.01936663 -0.02060868
v 0.00686702 -0.01936905 -0.02058814
v 0.00698201 -0.01937035 -0.02056211
v 0.00708793 -0.01937038 -0.02053411
v 0.00720210 -0.01936912 -0.02049948
v 0.00730439 -0.01936683 -0.02046441
v 0.00741703 -0.01936297 -0.02042120
v 0.00751518 -0.01935843 -0.02037944
v 0.00762554 -0.01935192 -0.02032768
v 0.00771905 -0.01934519 -0.02027960
v 0.00626513 -0.02011107 -0.02042144
v 0.00645096 -0.02021889 -0.02036420
v 0.00775530 -0.01973367 -0.02011134
v 0.00762716 -0.02011971 -0.02000655
v 0.00744287 -0.02048693 -0.01990686
v 0.00732994 -0.02066125 -0.01985954
v 0.00779803 -0.01953583 -0.02016505
v 0.00759930 -0.01953830 -0.02027641
v 0.00739305 -0.01953541 -0.02037318
v 0.00718052 -0.01952725 -0.02045494
v 0.00716409 -0.02058737 -0.01998789
v 0.00699229 -0.02050568 -0.02010304
v 0.00681552 -0.02041671 -0.02020449
v 0.00663475 -0.02032094 -0.02029171
v 0.00696293 -0.01951386 -0.02052128
v 0.00674153 -0.01949531 -0.02057176
v 0.00726913 -0.02042498 -0.02003255
v 0.00708910 -0.02035559 -0.02014483
v 0.00690382 -0.02027921 -0.02024321
v 0.00671431 -0.02019627 -0.02032717
v 0.00652161 -0.02010721 -0.02039623
v 0.00632675 -0.02001248 -0.02044989
v 0.00754198 -0.02030612 -0.01995595
v 0.00736131 -0.02025648 -0.02007889
v 0.00717405 -0.02019979 -0.02018820
v 0.00698128 -0.02013643 -0.02028341
v 0.00678408 -0.02006675 -0.02036401
v 0.00658352 -0.01999113 -0.02042953
v 0.00638070 -0.01990993 -0.02047949
v 0.00744053 -0.02008272 -0.02012668
v 0.00724704 -0.02003909 -0.02023295
v 0.00704780 -0.01998910 -0.02032489
v 0.00684394 -0.01993306 -0.02040203
v 0.00663659 -0.01987126 -0.02046391
v 0.00642688 -0.01980400 -0.02051005
v 0.00769830 -0.01992859 -0.02005843
v 0.00750668 -0.01990454 -0.02017568
v 0.00730794 -0.01987426 -0.02027883
v 0.00710325 -0.01983798 -0.02036744
v 0.00689378 -0.01979590 -0.02044105
v 0.00668069 -0.01974826 -0.02049920
v 0.00646515 -0.01969527 -0.02054143
v 0.00755964 -0.01972279 -0.02022567
v 0.00735665 -0.01970611 -0.02032565
v 0.00714753 -0.01968378 -0.02041086
v 0.00693348 -0.01965594 -0.02048086
v 0.00671570 -0.01962273 -0.02053520
v 0.00649540 -0.01958430 -0.02057346
v 0.00651753 -0.01947167 -0.02060597
v 0.00713473 -0.02500000 0.00914205
v 0.00715281 -0.02500000 0.00910063
v 0.00655989 -0.02500000 0.00999453
v 0.00661469 -0.02500000 0.00993473
v 0.00674293 -0.02500000 0.00978501
v 0.00666804 -0.02500000 0.00987582
v 0.00708936 -0.02500000 0.00923964
v 0.00676546 -0.02500000 0.00975669
v 0.00687166 -0.02500000 0.00961074
v 0.00694107 -0.02500000 0.00950438
v 0.00699675 -0.02500000 0.00940996
v 0.00701684 -0.02500000 0.00937565
v 0.00715570 -0.02500000 0.00909331
v 0.00723102 -0.02500000 0.00889811
v 0.00723062 -0.02500000 0.00889927
v 0.00469151 -0.02500000 0.01087208
v 0.00458025 -0.02500000 0.01087864
v 0.00461493 -0.02500000 0.01087725
v 0.00448098 -0.02500000 0.01088064
v 0.00475053 -0.02500000 0.01086786
v 0.00481941 -0.02500000 0.01085992
v 0.00488739 -0.02500000 0.01085182
v 0.00494970 -0.02500000 0.01084157
v 0.00516322 -0.02500000 0.01079886
v 0.00502510 -0.02500000 0.01082889
v 0.00508218 -0.02500000 0.01081660
v 0.00521658 -0.02500000 0.01078456
v 0.00530126 -0.02500000 0.01076157
v 0.00532692 -0.02500000 0.01075448
v 0.00543874 -0.02500000 0.01071800
v 0.00571333 -0.02500000 0.01060477
v 0.00584262 -0.02500000 0.01053940
v 0.00620479 -0.02500000 0.01030804
v 0.00622254 -0.02500000 0.01029498
v 0.00596754 -0.02500000 0.01046812
v 0.00609946 -0.02500000 0.01038353
v 0.00622256 -0.02500000 0.01029496
v 0.00629955 -0.02500000 0.01023298
v 0.00635097 -0.02500000 0.01019147
v 0.00645561 -0.02500000 0.01009769
v 0.00642039 -0.02500000 0.01012934
v 0.00544844 -0.02500000 0.01071452
v 0.00555892 -0.02500000 0.01067219
v 0.00557512 -0.02500000 0.01066591
v 0.00557513 -0.02500000 0.01066591
v 0.00066914 -0.02500000 0.01088315
v -0.00730000 -0.02500000 0.01088337
v -0.00219814 -0.02500000 -0.01088337
v -0.00730000 -0.02500000 -0.01088337
v 0.00448098 -0.02500000 -0.01088150
v 0.00740695 -0.02500000 -0.00072937
v 0.00740695 -0.02500000 0.00731889
v 0.00740695 -0.02500000 0.00785782
v 0.00736298 -0.02500000 -0.00839069
v 0.00736246 -0.02500000 -0.00839396
v 0.00740695 -0.02500000 -0.00775036
v 0.00740695 -0.02500000 -0.00786979
v 0.00739615 -0.02500000 -0.00812881
v 0.00739581 -0.02500000 -0.00813389
v 0.00738298 -0.02500000 -0.00825529
v 0.00725112 -0.02500000 -0.00883880
v 0.00725615 -0.02500000 -0.00882352
v 0.00730727 -0.02500000 -0.00864931
v 0.00730765 -0.02500000 -0.00864784
v 0.00732934 -0.02500000 -0.00855933
v 0.00733391 -0.02500000 -0.00853892
v -0.00830000 -0.02500000 -0.00984621
v -0.00829982 -0.02500000 -0.00986561
v -0.00829977 -0.02500000 -0.00986685
v -0.00829620 -0.02500000 -0.00993526
v -0.00829614 -0.02500000 -0.00993587
v -0.00828482 -0.02500000 -0.01002369
v -0.00828479 -0.02500000 -0.01002386
v -0.00827966 -0.02500000 -0.01005140
v -0.00764202 -0.02500000 -0.01082059
v -0.00762547 -0.02500000 -0.01082651
v -0.00780000 -0.02500000 -0.01074390
v -0.00778967 -0.02500000 -0.01074996
v -0.00800711 -0.02500000 -0.01057847
v -0.00799127 -0.02500000 -0.01059441
v -0.00806604 -0.02500000 -0.01051152
v -0.00811915 -0.02500000 -0.01043947
v -0.00810957 -0.02500000 -0.01045339
v -0.00820631 -0.02500000 -0.01028232
v -0.00820224 -0.02500000 -0.01029128
v -0.00826593 -0.02500000 -0.01011181
v -0.00824899 -0.02500000 -0.01017021
v -0.00824726 -0.02500000 -0.01017593
v -0.00823969 -0.02500000 -0.01019842
v -0.00816603 -0.02500000 -0.01036288
v -0.00794279 -0.02500000 -0.01063982
v -0.00790889 -0.02500000 -0.01066736
v -0.00788127 -0.02500000 -0.01068940
v -0.00787358 -0.02500000 -0.01069511
v -0.00772262 -0.02500000 -0.01078584
v -0.00768228 -0.02500000 -0.01080323
v -0.00755882 -0.02500000 -0.01084790
v -0.00752501 -0.02500000 -0.01085591
v -0.00738716 -0.02500000 -0.01087941
v -0.00737476 -0.02500000 -0.01088035
v -0.00747870 -0.02500000 -0.01086659
v -0.00747365 -0.02500000 -0.01086755
v -0.00731346 -0.02500000 0.01088315
v -0.00828481 -0.02500000 0.01002378
v -0.00828494 -0.02500000 0.01002303
v -0.00828496 -0.02500000 0.01002285
v -0.00829617 -0.02500000 0.00993556
v -0.00829622 -0.02500000 0.00993498
v -0.00830000 -0.02500000 0.00984592
v -0.00763621 -0.02500000 0.01082275
v -0.00764202 -0.02500000 0.01082059
v -0.00772262 -0.02500000 0.01078584
v -0.00773328 -0.02500000 0.01078050
v -0.00799927 -0.02500000 0.01058650
v -0.00800711 -0.02500000 0.01057847
v -0.00804817 -0.02500000 0.01053182
v -0.00806604 -0.02500000 0.01051152
v -0.00807550 -0.02500000 0.01049953
v -0.00815423 -0.02500000 0.01038346
v -0.00816603 -0.02500000 0.01036288
v -0.00820631 -0.02500000 0.01028232
v -0.00820982 -0.02500000 0.01027439
v -0.00825574 -0.02500000 0.01014851
v -0.00826593 -0.02500000 0.01011181
v -0.00823969 -0.02500000 0.01019842
v -0.00825432 -0.02500000 0.01015320
v -0.00811915 -0.02500000 0.01043947
v -0.00814449 -0.02500000 0.01039936
v -0.00794279 -0.02500000 0.01063982
v -0.00797653 -0.02500000 0.01060817
v -0.00787358 -0.02500000 0.01069511
v -0.00788968 -0.02500000 0.01068294
v -0.00780000 -0.02500000 0.01074390
v -0.00784141 -0.02500000 0.01071644
v -0.00755882 -0.02500000 0.01084790
v -0.00759230 -0.02500000 0.01083715
v -0.00747365 -0.02500000 0.01086755
v -0.00749097 -0.02500000 0.01086401
v -0.00738716 -0.02500000 0.01087941
v -0.00742531 -0.02500000 0.01087418
v 0.00725813 -0.02500000 0.00881742
v 0.00730734 -0.02500000 0.00864908
v 0.00725798 -0.02500000 0.00881790
v 0.00725803 -0.02500000 0.00881773
v 0.00740695 -0.02500000 0.00787209
v 0.00739588 -0.02500000 0.00813297
v 0.00739536 -0.02500000 0.00813809
v 0.00738294 -0.02500000 0.00825615
v 0.00733494 -0.02500000 0.00853419
v 0.00736256 -0.02500000 0.00839342
v 0.00733445 -0.02500000 0.00853666
v 0.00733449 -0.02500000 0.00853647
v 0.00675618 -0.02500000 -0.00976858
v 0.00675747 -0.02500000 -0.00976694
v 0.00673955 -0.02500000 -0.00978938
v 0.00679422 -0.02500000 -0.00971717
v 0.00686915 -0.02500000 -0.00961435
v 0.00542097 -0.02500000 -0.01072421
v 0.00543171 -0.02500000 -0.01072037
v 0.00541824 -0.02500000 -0.01072514
v 0.00472721 -0.02500000 -0.01086998
v 0.00478096 -0.02500000 -0.01086620
v 0.00479528 -0.02500000 -0.01086483
v 0.00521041 -0.02500000 -0.01078806
v 0.00527356 -0.02500000 -0.01077068
v 0.00528294 -0.02500000 -0.01076806
v 0.00530571 -0.02500000 -0.01076090
v 0.00555564 -0.02500000 -0.01067384
v 0.00555810 -0.02500000 -0.01067285
v 0.00569857 -0.02500000 -0.01061170
v 0.00580364 -0.02500000 -0.01055944
v 0.00582528 -0.02500000 -0.01054864
v 0.00608610 -0.02500000 -0.01039258
v 0.00608444 -0.02500000 -0.01039369
v 0.00610747 -0.02500000 -0.01037775
v 0.00628709 -0.02500000 -0.01024307
v 0.00634280 -0.02500000 -0.01019836
v 0.00665893 -0.02500000 -0.00988633
v 0.00669422 -0.02500000 -0.00984444
v 0.00655436 -0.02500000 -0.01000030
v 0.00701565 -0.02500000 -0.00937779
v 0.00693247 -0.02500000 -0.00951811
v 0.00693517 -0.02500000 -0.00951382
v 0.00723100 -0.02500000 -0.00889815
v 0.00720645 -0.02500000 -0.00896641
v 0.00723060 -0.02500000 -0.00889933
v 0.00713453 -0.02500000 -0.00914253
v 0.00708526 -0.02500000 -0.00924802
v 0.00514093 -0.02500000 -0.01080534
v 0.00507145 -0.02500000 -0.01082080
v 0.00500072 -0.02500000 -0.01083469
v 0.00493274 -0.02500000 -0.01084633
v 0.00486373 -0.02500000 -0.01085645
v 0.00459144 -0.02500000 -0.01087826
v 0.00641382 -0.02500000 -0.01013552
v 0.00644418 -0.02500000 -0.01010838
v 0.00619550 -0.02500000 -0.01031508
v 0.00620873 -0.02500000 -0.01030540
v 0.00595539 -0.02500000 -0.01047545
f 1532 1533 293
f 1085 1017 1084
f 1113 1162 1119
f 999 998 1434
f 1546 1545 398
f 436 431 970
f 1683 430 431
f 1533 1544 385
f 385 293 1533
f 1578 236 19
f 1000 1105 1106
f 1106 1105 1162
f 1124 1091 1125
f 1107 1162 1109
f 1121 1119 1162
f 1434 998 1451
f 1434 1451 1435
f 1435 1451 1452
f 1333 1316 1334
f 435 1676 1584
f 1584 1583 435
f 32 33 31
f 31 29 32
f 44 45 32
f 33 32 34
f 34 32 45
f 1631 461 1580
f 594 577 578
f 468 442 441
f 471 1604 472
f 1677 1676 432
f 931 902 907
f 431 436 1673
f 429 430 1681
f 946 902 931
f 931 945 946
f 429 428 946
f 398 436 908
f 908 436 970
f 1544 1546 386
f 386 385 1544
f 386 1546 398
f 19 1670 1634
f 1634 1578 19
f 1109 1162 1110
f 1125 1091 1092
f 1092 1126 1125
f 1094 1128 1127
f 1094 1095 1128
f 1128 1095 1114
f 1097 1162 1113
f 1108 1115 1162
f 1162 1107 1108
f 1162 1115 1116
f 1116 1121 1162
f 927 929 928
f 1220 1060 1055
f 1313 1296 1295
f 1296 1146 1295
f 1144 1295 1145
f 1145 1295 1146
f 1149 1120 1112
f 1259 1261 1260
f 1254 1454 1252
f 1334 1274 1272
f 1272 1333 1334
f 1332 1272 1270
f 1333 1272 1332
f 1316 1333 1332
f 973 972 1167
f 435 972 973
f 1164 1583 1582
f 60 59 77
f 60 45 44
f 44 59 60
f 35 33 36
f 33 34 36
f 36 34 45
f 45 46 36
f 889 1362 887
f 588 589 606
f 606 589 590
f 862 830 671
f 1581 1579 672
f 465 438 464
f 465 477 466
f 466 440 465
f 465 440 439
f 439 438 465
f 889 887 890
f 594 578 595
f 593 577 594
f 553 578 577
f 1599 468 469
f 1598 442 1599
f 442 468 1599
f 473 1602 1601
f 472 1602 473
f 1604 471 1605
f 427 426 902
f 902 946 427
f 427 946 428
f 1677 426 427
f 433 426 1677
f 1677 432 433
f 902 426 433
f 434 1676 435
f 434 432 1676
f 931 907 912
f 979 929 927
f 1675 436 398
f 1682 1683 431
f 431 1673 1682
f 1679 428 429
f 429 1681 1679
f 1679 427 428
f 430 1683 1680
f 1680 1681 430
f 954 945 953
f 954 946 945
f 954 430 429
f 429 946 954
f 320 1562 1563
f 321 1563 1566
f 320 1563 321
f 1534 316 1571
f 1549 236 1548
f 236 1550 1548
f 236 1578 1577
f 1577 1550 236
f 1532 293 1538
f 293 292 1538
f 306 1543 1538
f 309 1540 1541
f 305 1543 306
f 385 386 384
f 293 385 384
f 22 1670 19
f 19 21 22
f 1162 1105 1111
f 1111 1110 1162
f 1127 1126 1093
f 1093 1094 1127
f 1126 1092 1093
f 1113 1114 1096
f 1096 1097 1113
f 1096 1114 1095
f 1243 1451 998
f 998 1241 1243
f 1083 1084 1024
f 1024 1084 1017
f 1015 1072 1082
f 1090 1124 1123
f 1091 1124 1090
f 1337 1321 1338
f 1338 1282 1337
f 1337 1282 1280
f 1147 1112 1146
f 1147 1146 1296
f 1144 1145 1099
f 1099 1145 1146
f 1146 1112 1099
f 1257 1256 1258
f 1258 1256 1259
f 1259 1260 1258
f 1454 1437 1453
f 1252 1454 1453
f 1453 1435 1452
f 1454 1254 1255
f 1255 1256 1257
f 1268 1265 1330
f 1268 1332 1270
f 1262 1261 1259
f 1330 1265 1262
f 1259 1256 1327
f 1327 1328 1259
f 1316 1332 1315
f 1475 1046 1476
f 1164 1588 1165
f 974 1001 1167
f 1167 972 974
f 1019 1064 1020
f 1587 1588 1164
f 1164 1582 1587
f 61 46 45
f 45 60 61
f 61 60 77
f 609 626 608
f 863 1341 1340
f 1581 672 1725
f 673 672 461
f 1630 461 1631
f 505 488 506
f 506 523 505
f 505 523 522
f 1200 1365 895
f 895 1365 1364
f 1364 893 895
f 463 438 437
f 463 464 438
f 479 463 480
f 464 463 479
f 465 464 479
f 657 890 658
f 656 890 657
f 888 886 658
f 658 890 888
f 888 887 886
f 888 890 887
f 891 1362 889
f 891 1363 1362
f 889 890 891
f 1364 1363 891
f 891 893 1364
f 645 626 646
f 646 660 645
f 658 886 659
f 886 660 659
f 659 646 658
f 659 660 646
f 554 553 577
f 543 553 554
f 577 555 554
f 577 593 576
f 576 555 577
f 576 593 575
f 556 575 557
f 556 576 575
f 555 576 556
f 469 1601 1600
f 1600 1599 469
f 467 468 441
f 441 440 467
f 440 466 467
f 467 466 477
f 477 476 467
f 477 492 491
f 491 476 477
f 468 467 475
f 475 467 476
f 476 491 475
f 475 491 490
f 524 523 506
f 472 1604 1603
f 1603 1602 472
f 470 1601 469
f 470 473 1601
f 1617 485 1618
f 472 473 487
f 487 473 488
f 487 471 472
f 488 505 487
f 902 433 904
f 904 433 432
f 904 905 906
f 904 907 902
f 906 907 904
f 994 995 906
f 994 905 993
f 906 905 994
f 952 953 944
f 953 945 944
f 910 907 906
f 906 995 910
f 915 991 990
f 921 920 986
f 927 926 983
f 983 979 927
f 1672 1673 436
f 436 1675 1672
f 398 1545 1674
f 1674 1675 398
f 1677 427 1678
f 427 1679 1678
f 962 954 953
f 430 954 962
f 970 431 962
f 431 430 962
f 1576 1562 320
f 320 1575 1576
f 255 321 370
f 311 1540 309
f 1560 322 263
f 1555 1558 263
f 1574 322 1573
f 1574 1575 320
f 320 322 1574
f 265 1555 263
f 326 236 1549
f 306 1538 332
f 332 1538 292
f 309 1541 302
f 961 953 952
f 970 962 961
f 961 962 953
f 398 908 393
f 393 386 398
f 393 384 386
f 243 244 14
f 218 999 1434
f 218 217 999
f 1434 1435 218
f 1451 1243 1245
f 998 999 414
f 999 423 414
f 424 423 999
f 999 425 424
f 999 217 392
f 392 425 999
f 392 217 382
f 935 941 942
f 956 411 964
f 956 948 411
f 941 935 936
f 927 928 936
f 936 935 927
f 1122 1117 1088
f 1088 1117 1087
f 1015 1082 1016
f 1016 1082 1083
f 1083 1024 1016
f 1150 1298 1153
f 1150 1120 1149
f 1150 1153 1120
f 1297 1150 1149
f 1298 1150 1297
f 1328 1327 1311
f 1298 1297 1311
f 1069 1018 1023
f 1069 1023 1070
f 1022 1071 1070
f 1070 1023 1022
f 1193 1194 1339
f 1339 1194 1195
f 1013 1212 1213
f 1055 1077 1013
f 1212 1013 1010
f 1061 1062 1238
f 1231 1062 1063
f 1226 1058 1057
f 1336 1337 1278
f 1278 1337 1280
f 1336 1335 1318
f 1318 1319 1336
f 1321 1337 1320
f 1320 1337 1336
f 1336 1319 1320
f 1294 1295 1144
f 1316 1315 1294
f 1143 1294 1144
f 1143 1099 1100
f 1144 1099 1143
f 1331 1268 1330
f 1332 1268 1331
f 1330 1262 1329
f 1328 1311 1329
f 1259 1328 1329
f 1329 1262 1259
f 1267 1268 1269
f 1265 1268 1267
f 1267 1266 1265
f 1456 1260 1261
f 1261 1457 1456
f 1456 1258 1260
f 1263 1457 1261
f 1261 1262 1263
f 1166 1006 1163
f 1163 1165 1166
f 1006 974 975
f 435 1583 975
f 975 972 435
f 975 974 972
f 975 1583 1164
f 1001 974 1003
f 1003 974 1006
f 1003 1006 1166
f 1026 1003 1166
f 1067 1002 1066
f 435 997 992
f 435 973 996
f 996 997 435
f 159 141 158
f 44 32 43
f 43 59 44
f 78 61 77
f 1201 1467 1198
f 1465 1281 1283
f 625 608 626
f 625 645 644
f 626 645 625
f 609 608 591
f 591 608 590
f 606 590 607
f 590 608 607
f 607 625 624
f 608 625 607
f 604 586 587
f 604 603 586
f 638 667 668
f 1340 1012 861
f 861 863 1340
f 603 604 620
f 671 689 634
f 689 688 634
f 446 447 448
f 461 1630 462
f 1606 496 462
f 483 1621 1616
f 1616 1615 483
f 496 1609 1608
f 1626 1609 496
f 497 1610 498
f 1614 1613 482
f 482 1613 1621
f 482 1621 483
f 521 505 522
f 585 568 586
f 585 601 584
f 459 673 461
f 673 459 674
f 674 459 458
f 877 879 1356
f 877 878 879
f 875 878 877
f 643 625 644
f 624 625 643
f 1200 895 897
f 897 895 898
f 898 895 896
f 493 509 492
f 493 492 477
f 654 652 653
f 653 896 654
f 898 896 653
f 656 655 894
f 893 891 894
f 894 895 893
f 894 896 895
f 894 655 654
f 654 896 894
f 610 626 609
f 611 628 610
f 594 611 610
f 610 593 594
f 658 646 647
f 646 628 647
f 647 657 658
f 647 648 657
f 647 628 629
f 629 648 647
f 884 660 886
f 879 878 880
f 880 882 879
f 557 540 541
f 541 556 557
f 541 521 522
f 540 521 541
f 474 470 469
f 473 470 474
f 469 468 474
f 468 475 474
f 488 473 474
f 474 475 490
f 506 490 507
f 507 524 506
f 544 553 543
f 484 501 483
f 484 1615 1620
f 483 1615 484
f 502 484 485
f 501 484 502
f 905 904 903
f 903 434 435
f 432 434 903
f 903 904 432
f 993 905 903
f 903 992 993
f 435 992 903
f 995 991 911
f 911 910 995
f 911 912 907
f 907 910 911
f 986 920 987
f 920 988 987
f 914 915 912
f 991 915 914
f 912 911 914
f 914 911 991
f 917 915 990
f 934 935 942
f 921 935 934
f 985 921 986
f 926 921 985
f 930 928 929
f 930 936 928
f 981 930 929
f 976 1241 998
f 366 242 365
f 243 242 366
f 333 296 334
f 306 332 333
f 247 8 246
f 1567 321 1566
f 1567 370 321
f 369 321 255
f 320 321 369
f 371 324 369
f 1540 311 312
f 312 1539 1540
f 268 1539 312
f 318 1535 1537
f 1537 331 318
f 1534 1535 318
f 316 1534 318
f 270 1539 268
f 270 331 1537
f 263 1558 1559
f 1559 1560 263
f 1573 322 1561
f 322 1560 1561
f 323 1552 1553
f 1553 265 323
f 1557 265 1556
f 1555 265 1557
f 323 265 237
f 236 326 237
f 237 326 323
f 19 236 237
f 1551 1552 323
f 323 326 1551
f 294 332 292
f 294 292 293
f 296 333 294
f 294 333 332
f 1542 302 1541
f 950 951 942
f 950 959 951
f 942 941 950
f 950 941 949
f 960 961 952
f 960 959 968
f 952 951 960
f 951 959 960
f 909 968 913
f 394 393 909
f 909 393 908
f 246 8 7
f 9 7 8
f 245 261 246
f 11 244 245
f 246 7 245
f 245 7 11
f 367 366 354
f 367 244 243
f 243 366 367
f 113 242 13
f 13 114 113
f 13 242 243
f 243 14 13
f 10 244 11
f 10 14 244
f 62 1643 1642
f 1642 22 62
f 1653 49 50
f 63 1662 62
f 964 411 901
f 411 409 410
f 410 409 998
f 998 414 410
f 411 410 412
f 412 410 414
f 412 414 423
f 405 424 425
f 922 926 927
f 927 935 922
f 922 921 926
f 922 935 921
f 1089 1122 1088
f 1123 1122 1089
f 1089 1090 1123
f 1118 1087 1117
f 1086 1087 1118
f 1120 1153 1118
f 1118 1153 1086
f 1157 1086 1156
f 1086 1158 1156
f 1156 1304 1157
f 1086 1152 1159
f 1159 1158 1086
f 1086 1160 1161
f 1153 1298 1299
f 1298 1311 1299
f 1148 1147 1296
f 1296 1297 1148
f 1148 1297 1149
f 1149 1112 1148
f 1112 1147 1148
f 1019 1018 1068
f 1018 1069 1068
f 1068 1064 1019
f 1085 1071 1021
f 1071 1022 1021
f 1021 1017 1085
f 1367 1403 1368
f 1403 1369 1368
f 1371 1406 1372
f 1404 1369 1403
f 1321 1288 1287
f 1287 1339 1321
f 1193 1339 1287
f 1287 1192 1193
f 1216 1013 1213
f 1217 1013 1216
f 1055 1013 1211
f 1211 1220 1055
f 1014 1013 1077
f 1014 1077 1072
f 1014 1072 1015
f 1340 1341 1382
f 1357 1374 1356
f 1356 879 1357
f 879 1358 1357
f 1355 877 1356
f 1375 1374 1410
f 1356 1374 1375
f 1375 1355 1356
f 1062 1240 1239
f 1239 1238 1062
f 1061 1238 1209
f 1232 1240 1062
f 1062 1231 1232
f 1232 1400 1240
f 1229 1059 1058
f 1286 1196 1197
f 1197 1284 1286
f 1195 1196 1286
f 1286 1282 1338
f 1286 1284 1282
f 1286 1339 1195
f 1338 1321 1286
f 1321 1339 1286
f 1279 1465 1464
f 1279 1281 1465
f 1276 1274 1334
f 1334 1335 1276
f 1276 1335 1336
f 1336 1278 1276
f 1334 1316 1317
f 1317 1335 1334
f 1317 1318 1335
f 1316 1292 1317
f 1293 1292 1316
f 1316 1294 1293
f 1294 1143 1293
f 1271 1273 1461
f 1460 1271 1461
f 1314 1315 1332
f 1332 1331 1314
f 1313 1295 1314
f 1314 1330 1313
f 1314 1331 1330
f 1295 1294 1314
f 1314 1294 1315
f 1312 1329 1311
f 1312 1311 1297
f 1313 1330 1312
f 1330 1329 1312
f 1312 1296 1313
f 1312 1297 1296
f 1266 1267 1458
f 1455 1437 1454
f 1455 1255 1257
f 1454 1255 1455
f 1257 1258 1455
f 1258 1456 1455
f 1046 1475 1049
f 1476 1046 1047
f 1005 1163 1006
f 1006 975 1005
f 1164 1165 1005
f 1165 1163 1005
f 1589 1169 1588
f 1168 1165 1588
f 1588 1169 1168
f 1478 1028 1029
f 1027 1028 1478
f 1032 1026 1166
f 1166 1165 1032
f 1067 1066 1039
f 1039 1074 1067
f 1073 1074 1039
f 1075 1073 1039
f 1039 1076 1075
f 1078 1076 1039
f 1080 1078 1039
f 1039 1079 1080
f 1081 1079 1039
f 1039 1065 1081
f 1064 1065 1039
f 1039 1020 1064
f 121 101 120
f 101 100 120
f 157 158 141
f 174 175 157
f 157 175 158
f 138 139 121
f 142 141 159
f 142 124 141
f 26 25 1640
f 1640 24 26
f 26 27 25
f 30 32 29
f 30 43 32
f 95 78 77
f 95 111 112
f 1198 1467 1285
f 1467 1283 1285
f 1465 1283 1466
f 1466 1283 1467
f 130 111 129
f 112 111 130
f 587 586 570
f 589 588 572
f 572 590 589
f 572 573 590
f 557 573 558
f 609 591 592
f 592 591 575
f 575 593 592
f 592 610 609
f 593 610 592
f 575 591 574
f 557 575 574
f 574 573 557
f 590 573 574
f 574 591 590
f 587 588 605
f 605 604 587
f 605 588 606
f 1511 1517 1510
f 1496 834 836
f 841 839 848
f 848 847 841
f 838 836 834
f 839 836 838
f 636 668 669
f 638 668 637
f 637 668 636
f 637 618 638
f 1346 1380 1345
f 1345 867 1346
f 867 869 1346
f 873 872 874
f 871 872 873
f 867 868 870
f 870 869 867
f 870 871 869
f 872 871 870
f 868 668 870
f 870 668 667
f 666 667 638
f 665 874 666
f 666 874 872
f 666 870 667
f 872 870 666
f 864 861 862
f 863 861 864
f 748 750 753
f 753 794 793
f 603 620 602
f 601 585 602
f 586 603 602
f 602 585 586
f 640 641 665
f 665 666 640
f 446 448 445
f 619 620 638
f 638 618 619
f 619 602 620
f 619 618 601
f 601 602 619
f 449 448 447
f 449 447 680
f 1724 1694 807
f 807 1723 1724
f 807 1694 808
f 808 1692 1725
f 808 1725 672
f 808 673 807
f 672 673 808
f 1720 1721 777
f 777 776 1720
f 777 1721 1722
f 1722 1723 777
f 777 1723 807
f 807 673 777
f 705 704 735
f 735 736 705
f 1632 462 1633
f 1633 462 1630
f 1629 462 1632
f 1628 462 1629
f 1606 462 1607
f 1607 462 1628
f 496 1608 1625
f 1624 497 1625
f 1625 497 496
f 1627 496 1606
f 1627 1626 496
f 1614 498 1612
f 498 1610 1612
f 481 498 1614
f 1614 482 481
f 481 482 498
f 584 601 583
f 567 585 584
f 568 585 567
f 534 564 533
f 564 532 533
f 533 514 534
f 532 514 533
f 532 531 460
f 461 462 460
f 460 459 461
f 458 459 460
f 460 531 458
f 665 641 664
f 478 477 465
f 478 493 477
f 465 479 478
f 526 509 527
f 527 511 528
f 528 511 529
f 529 511 512
f 892 890 656
f 656 894 892
f 892 891 890
f 892 894 891
f 598 582 599
f 646 626 627
f 626 610 627
f 627 628 646
f 627 610 628
f 886 887 885
f 885 884 886
f 885 1360 1359
f 887 1360 885
f 884 885 883
f 883 885 1359
f 1359 1358 883
f 663 642 643
f 878 664 663
f 641 642 663
f 663 664 641
f 661 643 644
f 882 880 661
f 644 645 661
f 661 645 660
f 660 884 661
f 661 884 882
f 555 556 542
f 556 541 542
f 522 523 542
f 542 541 522
f 543 554 542
f 542 554 555
f 542 524 543
f 523 524 542
f 506 488 489
f 488 474 489
f 489 490 506
f 489 474 490
f 524 507 508
f 490 491 508
f 508 507 490
f 508 509 526
f 492 509 508
f 508 491 492
f 1619 484 1620
f 1619 1618 485
f 485 484 1619
f 504 521 520
f 504 487 505
f 505 521 504
f 486 502 485
f 471 487 486
f 486 485 1617
f 1617 1605 486
f 486 1605 471
f 483 501 500
f 989 917 990
f 918 988 920
f 918 989 988
f 917 989 918
f 931 912 932
f 932 945 931
f 932 944 945
f 920 921 919
f 921 934 919
f 919 918 920
f 942 951 943
f 943 934 942
f 943 951 952
f 952 944 943
f 984 983 926
f 926 985 984
f 940 930 948
f 936 930 940
f 941 936 940
f 949 941 940
f 940 948 949
f 929 979 980
f 980 981 929
f 978 930 982
f 930 981 982
f 356 366 365
f 354 366 356
f 356 353 354
f 341 351 340
f 340 328 341
f 341 328 327
f 354 353 352
f 353 339 352
f 340 351 352
f 352 339 340
f 246 261 262
f 262 247 246
f 307 333 334
f 334 327 307
f 327 328 307
f 293 384 295
f 384 297 295
f 295 297 296
f 295 294 293
f 296 294 295
f 248 249 5
f 913 379 378
f 394 909 378
f 378 909 913
f 380 378 379
f 370 1567 1564
f 263 322 264
f 322 324 264
f 264 265 263
f 254 373 371
f 371 369 254
f 254 369 255
f 320 369 319
f 319 369 324
f 319 322 320
f 319 324 322
f 310 312 311
f 1536 270 1537
f 1539 270 1536
f 1556 265 1554
f 265 1553 1554
f 257 324 371
f 19 237 20
f 20 21 19
f 20 16 21
f 1547 326 1549
f 1547 1551 326
f 152 136 135
f 135 134 152
f 135 136 118
f 114 13 15
f 15 13 14
f 14 10 15
f 422 379 913
f 913 923 422
f 913 968 967
f 967 923 913
f 968 959 967
f 968 909 969
f 969 960 968
f 961 960 969
f 970 961 969
f 969 908 970
f 969 909 908
f 4 9 8
f 8 247 4
f 4 248 5
f 247 248 4
f 11 7 12
f 7 9 12
f 12 10 11
f 12 15 10
f 348 367 354
f 354 352 348
f 348 352 351
f 1436 220 1435
f 1437 220 1436
f 1435 1453 1436
f 1436 1453 1437
f 219 218 1435
f 1435 220 219
f 1644 1643 62
f 62 1664 1644
f 62 1662 1665
f 1665 1664 62
f 1670 22 1671
f 22 1668 1671
f 22 1666 1669
f 1669 1668 22
f 22 1642 1641
f 68 50 67
f 67 50 49
f 49 66 67
f 81 63 80
f 81 98 82
f 80 98 81
f 82 66 65
f 65 66 49
f 1662 63 1663
f 1663 63 1660
f 21 96 79
f 79 96 80
f 62 22 79
f 79 22 21
f 79 63 62
f 80 63 79
f 21 16 18
f 18 96 21
f 114 96 18
f 113 114 18
f 80 96 97
f 97 98 80
f 96 116 97
f 97 116 98
f 1246 1248 1452
f 1452 1451 1246
f 1451 1245 1246
f 1249 1453 1452
f 1452 1248 1249
f 413 412 415
f 413 901 411
f 411 412 413
f 425 392 391
f 391 405 425
f 391 392 382
f 1302 1159 1152
f 1155 1160 1086
f 1309 1299 1310
f 1310 1299 1311
f 1310 1327 1309
f 1310 1311 1327
f 1300 1299 1309
f 1300 1161 1160
f 1160 1155 1300
f 1300 1155 1299
f 1403 1418 1419
f 1419 1404 1403
f 1420 1404 1419
f 1384 1205 1206
f 1372 1406 1407
f 1406 1371 1370
f 1369 1404 1370
f 1421 1404 1420
f 1192 1287 1191
f 1210 1013 1217
f 1210 1211 1013
f 1342 1382 1341
f 1342 865 1343
f 1341 863 1342
f 863 865 1342
f 1345 1380 1344
f 1344 867 1345
f 1344 865 867
f 1343 865 1344
f 1381 1342 1343
f 1382 1342 1381
f 1343 1344 1381
f 1381 1344 1380
f 1212 1010 1009
f 1044 1472 1045
f 1182 1025 1052
f 1240 1400 1383
f 1383 1239 1240
f 1206 1207 1383
f 1238 1239 1383
f 1383 1384 1206
f 1383 1400 1418
f 1418 1384 1383
f 1208 1209 1238
f 1208 1383 1207
f 1238 1383 1208
f 1063 1236 1237
f 1225 1226 1057
f 1057 1215 1225
f 1057 1056 1224
f 1056 1223 1224
f 1223 1390 1224
f 1228 1229 1058
f 1233 1234 1059
f 1290 1320 1319
f 1319 1318 1290
f 1102 1103 1135
f 1462 1273 1275
f 1462 1461 1273
f 1266 1458 1264
f 1265 1266 1264
f 1264 1262 1265
f 1264 1263 1262
f 1457 1263 1264
f 1264 1458 1457
f 1438 1455 1456
f 1456 1439 1438
f 1437 1455 1438
f 1438 222 1437
f 1439 222 1438
f 1440 1456 1457
f 1440 1439 1456
f 1004 975 1164
f 1164 1005 1004
f 1004 1005 975
f 1171 1589 1590
f 1169 1589 1171
f 1479 1478 1029
f 1489 1168 1169
f 1489 1482 1468
f 1026 1032 1043
f 1043 1032 1165
f 102 101 121
f 121 103 102
f 121 139 122
f 122 103 121
f 86 103 87
f 87 70 86
f 86 102 103
f 82 98 99
f 83 100 101
f 83 67 66
f 83 66 82
f 82 99 83
f 83 99 100
f 118 136 119
f 136 120 119
f 119 120 100
f 119 99 118
f 100 99 119
f 159 158 176
f 158 175 176
f 189 172 188
f 174 157 156
f 139 138 156
f 137 120 136
f 137 154 138
f 121 120 137
f 137 138 121
f 178 179 161
f 161 179 162
f 213 231 232
f 232 214 213
f 195 179 178
f 1464 1465 1447
f 1465 1448 1447
f 1448 232 1447
f 1447 232 231
f 1269 1271 1459
f 1459 1271 1460
f 1459 1267 1269
f 1459 1458 1267
f 1443 1459 1460
f 1442 1459 1443
f 76 75 93
f 59 75 76
f 93 77 76
f 77 59 76
f 59 43 58
f 58 75 59
f 58 43 57
f 87 103 104
f 143 142 159
f 27 26 28
f 43 30 28
f 29 27 28
f 28 30 29
f 41 28 26
f 1639 24 1640
f 39 1638 38
f 38 1638 1637
f 87 104 105
f 105 124 106
f 71 70 87
f 94 95 77
f 111 95 94
f 94 77 93
f 93 111 94
f 1467 1450 1449
f 1449 1466 1467
f 1449 1448 1465
f 1465 1466 1449
f 1449 232 1448
f 586 568 569
f 569 570 586
f 571 570 560
f 571 572 588
f 571 588 587
f 587 570 571
f 559 571 560
f 572 571 559
f 560 537 559
f 573 572 559
f 559 558 573
f 606 607 623
f 623 607 624
f 624 643 623
f 643 642 623
f 1182 1181 1183
f 1183 1184 813
f 1183 1025 1182
f 813 861 1183
f 1012 1025 1183
f 1183 861 1012
f 1050 1473 1051
f 1051 1472 1044
f 1051 1473 1472
f 1474 1473 1050
f 1050 1049 1474
f 1474 1049 1475
f 671 830 685
f 844 838 837
f 694 688 689
f 1505 1173 1487
f 852 851 850
f 813 1187 814
f 847 846 814
f 814 1184 1517
f 1517 1511 814
f 811 810 862
f 862 860 811
f 848 809 811
f 811 809 810
f 811 847 848
f 811 860 847
f 862 861 845
f 845 860 862
f 861 846 845
f 847 860 845
f 845 846 847
f 1496 836 1503
f 1503 1511 1510
f 856 854 852
f 835 838 834
f 837 838 835
f 670 862 671
f 670 864 862
f 876 878 875
f 876 875 873
f 873 874 876
f 876 664 878
f 876 874 665
f 665 664 876
f 866 865 863
f 863 864 866
f 866 868 867
f 867 865 866
f 866 668 868
f 866 669 668
f 866 670 669
f 864 670 866
f 812 861 813
f 812 846 861
f 813 814 812
f 812 814 846
f 705 736 765
f 1179 1593 823
f 797 763 798
f 684 453 683
f 452 682 683
f 683 453 452
f 749 748 680
f 750 748 749
f 792 793 800
f 792 683 682
f 800 793 799
f 799 793 794
f 794 798 799
f 752 748 753
f 753 793 752
f 752 792 682
f 793 792 752
f 638 620 639
f 620 640 639
f 639 666 638
f 639 640 666
f 621 620 604
f 621 640 620
f 446 445 444
f 636 669 635
f 669 670 635
f 671 634 635
f 635 670 671
f 617 445 448
f 601 618 617
f 617 637 636
f 618 637 617
f 636 635 617
f 617 635 445
f 450 682 452
f 1693 808 1694
f 1692 808 1693
f 1720 776 1695
f 776 777 775
f 1700 727 1701
f 1729 731 1707
f 738 1708 1707
f 1707 731 738
f 736 735 730
f 739 735 704
f 739 704 1711
f 1711 1727 739
f 1711 704 1709
f 1623 497 1624
f 1623 1622 497
f 1610 497 1611
f 497 1622 1611
f 498 516 515
f 515 497 498
f 515 514 497
f 515 516 534
f 534 514 515
f 565 532 564
f 564 567 565
f 513 462 496
f 513 460 462
f 496 497 513
f 497 514 513
f 513 514 532
f 532 460 513
f 494 511 493
f 494 478 479
f 493 478 494
f 578 553 552
f 509 493 510
f 510 527 509
f 493 511 510
f 511 527 510
f 612 613 629
f 595 613 612
f 612 628 611
f 629 628 612
f 612 611 594
f 594 595 612
f 649 648 629
f 656 657 649
f 657 648 649
f 579 595 578
f 578 552 579
f 599 616 615
f 615 598 599
f 615 616 633
f 597 598 615
f 550 549 582
f 548 549 550
f 654 655 650
f 650 649 631
f 650 655 656
f 656 649 650
f 614 613 597
f 614 631 613
f 597 615 614
f 614 615 631
f 881 1358 879
f 881 883 1358
f 879 882 881
f 882 884 881
f 884 883 881
f 662 661 880
f 662 880 878
f 878 663 662
f 662 663 643
f 643 661 662
f 524 508 525
f 543 524 525
f 525 544 543
f 525 508 526
f 487 504 503
f 503 486 487
f 502 486 503
f 520 502 503
f 503 504 520
f 499 516 498
f 499 500 516
f 498 482 499
f 499 482 483
f 483 500 499
f 934 943 933
f 933 919 934
f 944 932 933
f 933 943 944
f 900 411 899
f 900 409 411
f 409 937 971
f 971 937 976
f 998 409 971
f 971 976 998
f 411 948 955
f 948 930 955
f 357 356 365
f 365 364 357
f 357 364 373
f 316 318 315
f 313 315 317
f 317 315 318
f 317 318 331
f 331 270 317
f 353 356 355
f 356 357 355
f 335 327 334
f 346 262 261
f 333 307 304
f 304 305 306
f 306 333 304
f 259 343 249
f 249 248 342
f 342 259 249
f 382 217 250
f 217 251 250
f 252 251 217
f 217 2 252
f 249 343 253
f 253 252 2
f 253 343 271
f 271 252 253
f 334 296 298
f 296 297 298
f 298 335 334
f 395 297 384
f 395 393 394
f 384 393 395
f 387 377 287
f 1568 370 1565
f 370 1564 1565
f 371 373 372
f 373 364 372
f 372 257 371
f 268 312 269
f 312 310 269
f 269 310 330
f 269 270 268
f 330 317 269
f 269 317 270
f 330 310 329
f 329 328 340
f 340 339 329
f 329 339 330
f 308 307 328
f 328 329 308
f 308 329 310
f 309 302 308
f 308 311 309
f 308 310 311
f 302 304 308
f 308 304 307
f 16 20 238
f 238 20 237
f 381 380 379
f 379 422 381
f 381 422 420
f 381 387 380
f 377 387 381
f 420 422 421
f 421 422 923
f 417 413 415
f 901 413 417
f 923 967 966
f 152 134 151
f 244 367 368
f 367 348 368
f 368 245 244
f 261 245 368
f 218 219 3
f 217 218 3
f 3 2 217
f 1667 1666 22
f 22 1641 1667
f 1653 50 1656
f 51 50 68
f 68 52 51
f 69 52 68
f 68 86 69
f 69 86 70
f 53 39 38
f 54 39 53
f 70 71 53
f 53 71 54
f 53 69 70
f 52 69 53
f 1654 51 1655
f 1655 51 52
f 38 1635 37
f 37 53 38
f 52 53 37
f 1635 1655 37
f 37 1655 52
f 1652 49 1653
f 1652 1651 49
f 49 1651 48
f 48 65 49
f 65 48 64
f 1646 1645 64
f 64 1645 63
f 63 81 64
f 64 81 82
f 82 65 64
f 1660 63 1661
f 63 1645 1661
f 115 96 114
f 115 116 96
f 117 135 118
f 134 135 117
f 98 116 117
f 118 99 117
f 117 99 98
f 146 130 129
f 147 130 146
f 129 128 146
f 1467 1201 1202
f 1202 1450 1467
f 1252 1453 1251
f 1453 1249 1251
f 278 388 286
f 388 383 286
f 1158 1159 1303
f 1159 1302 1303
f 1304 1156 1303
f 1303 1156 1158
f 1086 1153 1154
f 1154 1155 1086
f 1153 1299 1154
f 1299 1155 1154
f 1301 1300 1309
f 1301 1302 1152
f 1161 1300 1301
f 1418 1400 1399
f 1399 1419 1418
f 1399 1232 1231
f 1400 1232 1399
f 1401 1384 1418
f 1401 1366 1199
f 1367 1366 1401
f 1374 1373 1408
f 1408 1373 1372
f 1372 1407 1408
f 1406 1370 1405
f 1405 1370 1404
f 1404 1421 1405
f 1422 1406 1405
f 1405 1421 1422
f 1361 887 1362
f 1361 1360 887
f 1235 1236 1063
f 1063 1059 1235
f 1059 1234 1235
f 1217 1216 1387
f 1417 1007 1382
f 1417 1381 1416
f 1382 1381 1417
f 1340 1382 1011
f 1382 1007 1011
f 1011 1012 1340
f 1060 1220 1221
f 1410 1427 1411
f 1411 1427 1428
f 1054 1045 1471
f 1471 1045 1472
f 1472 1531 1471
f 1180 1181 1182
f 1391 1225 1215
f 1391 1224 1390
f 1391 1390 1428
f 1428 1427 1391
f 1214 1215 1057
f 1057 1224 1214
f 1214 1391 1215
f 1224 1391 1214
f 1229 1228 1394
f 1219 1233 1059
f 1137 1290 1291
f 1291 1290 1318
f 1291 1317 1292
f 1318 1317 1291
f 1320 1290 1289
f 1289 1288 1321
f 1321 1320 1289
f 1289 1135 1288
f 1292 1293 1141
f 1141 1140 1292
f 1100 1140 1141
f 1131 1191 1287
f 1131 1103 1104
f 1275 1277 1463
f 1463 1462 1275
f 1463 1277 1279
f 1463 1279 1464
f 1464 1447 1463
f 1457 1458 1441
f 1441 1440 1457
f 1458 1459 1441
f 1441 1459 1442
f 224 1441 225
f 1440 1441 224
f 1165 1168 1469
f 1168 1489 1469
f 1469 1489 1468
f 1172 1171 1590
f 1590 1591 1172
f 1172 1591 1170
f 1175 1585 1586
f 1591 1585 1175
f 1170 1591 1175
f 1169 1171 1485
f 1485 1489 1169
f 1171 1172 1485
f 140 157 141
f 139 156 140
f 140 156 157
f 85 86 68
f 102 86 85
f 68 67 85
f 101 102 85
f 207 190 189
f 192 175 174
f 192 176 175
f 210 192 209
f 171 188 172
f 170 188 171
f 172 154 171
f 153 136 152
f 152 170 153
f 153 137 136
f 154 137 153
f 170 171 153
f 153 171 154
f 174 156 173
f 173 156 172
f 189 190 173
f 173 172 189
f 155 154 172
f 172 156 155
f 138 154 155
f 155 156 138
f 196 195 213
f 179 195 196
f 145 128 144
f 144 161 145
f 145 161 162
f 145 146 128
f 110 128 129
f 110 111 93
f 129 111 110
f 93 75 92
f 212 231 213
f 213 195 212
f 1446 1463 1447
f 1461 1462 1444
f 1460 1461 1444
f 1444 1443 1460
f 124 105 123
f 123 105 104
f 103 122 123
f 123 104 103
f 141 124 123
f 123 140 141
f 123 122 139
f 139 140 123
f 160 143 159
f 178 161 160
f 160 161 144
f 144 143 160
f 159 176 160
f 142 143 125
f 106 124 125
f 124 142 125
f 74 58 57
f 75 58 74
f 74 92 75
f 91 92 74
f 74 73 90
f 90 91 74
f 144 128 127
f 127 143 144
f 57 43 42
f 43 28 42
f 42 41 57
f 28 41 42
f 57 41 56
f 56 74 57
f 73 74 56
f 23 1639 1638
f 1638 39 23
f 24 1639 23
f 40 54 55
f 40 39 54
f 24 23 40
f 40 23 39
f 55 56 40
f 40 56 41
f 40 26 24
f 40 41 26
f 1636 1635 38
f 38 1637 1636
f 87 105 88
f 88 71 87
f 88 105 106
f 55 54 72
f 54 71 72
f 72 56 55
f 73 56 72
f 90 73 72
f 214 232 233
f 232 1449 233
f 570 569 562
f 538 559 537
f 501 502 519
f 519 518 501
f 519 502 520
f 520 538 519
f 537 518 519
f 519 538 537
f 516 500 517
f 517 518 537
f 517 500 501
f 501 518 517
f 686 685 761
f 686 689 671
f 671 685 686
f 843 809 848
f 829 809 843
f 831 809 830
f 810 809 831
f 830 862 831
f 862 810 831
f 761 820 725
f 725 694 689
f 689 686 725
f 725 686 761
f 829 820 821
f 830 809 821
f 821 809 829
f 821 685 830
f 761 685 821
f 821 820 761
f 816 844 837
f 695 694 724
f 724 722 695
f 694 725 724
f 825 722 724
f 724 820 825
f 724 725 820
f 817 816 837
f 825 816 817
f 693 687 688
f 693 696 687
f 695 696 693
f 688 694 693
f 693 694 695
f 1179 823 822
f 822 850 851
f 1483 814 1504
f 1504 814 1511
f 1511 1503 1504
f 1186 814 1187
f 813 1184 1186
f 1186 1187 813
f 842 841 847
f 842 814 1483
f 847 814 842
f 839 841 840
f 840 836 839
f 841 842 840
f 840 842 1483
f 854 856 833
f 856 827 833
f 740 1688 741
f 1712 1714 700
f 700 1714 701
f 705 765 692
f 692 691 705
f 1178 1594 1593
f 1178 1593 1179
f 1716 823 1717
f 824 823 1716
f 1716 1718 824
f 824 1718 706
f 824 822 823
f 715 713 745
f 718 697 720
f 797 798 795
f 795 798 794
f 452 453 454
f 684 683 801
f 801 792 800
f 683 792 801
f 756 696 757
f 800 799 766
f 681 752 682
f 682 450 681
f 680 748 681
f 748 752 681
f 681 449 680
f 681 450 449
f 604 605 622
f 622 621 604
f 622 605 606
f 606 623 622
f 622 642 641
f 622 623 642
f 641 640 622
f 640 621 622
f 443 635 634
f 443 634 688
f 443 444 445
f 445 635 443
f 688 687 443
f 687 444 443
f 601 617 600
f 600 617 448
f 600 583 601
f 776 1698 1697
f 1691 1698 776
f 729 727 1700
f 776 775 729
f 1689 1691 729
f 729 1691 776
f 1726 1708 738
f 1706 1704 731
f 1703 778 1730
f 727 778 1703
f 1730 778 734
f 738 731 732
f 732 730 738
f 738 730 737
f 737 739 1727
f 737 730 735
f 735 739 737
f 1727 1726 737
f 737 1726 738
f 741 1688 1687
f 530 674 458
f 458 531 530
f 676 530 456
f 456 530 531
f 728 778 727
f 727 729 728
f 495 479 480
f 495 494 479
f 512 511 495
f 511 494 495
f 545 525 526
f 544 525 545
f 526 527 545
f 553 544 545
f 545 552 553
f 629 613 630
f 630 649 629
f 613 631 630
f 631 649 630
f 596 613 595
f 595 579 596
f 597 613 596
f 596 579 597
f 651 633 652
f 651 652 654
f 654 650 651
f 651 650 631
f 582 598 581
f 581 550 582
f 548 550 547
f 547 529 548
f 528 529 547
f 547 527 528
f 551 547 550
f 918 919 916
f 919 933 916
f 917 918 916
f 915 917 916
f 912 915 916
f 916 932 912
f 916 933 932
f 947 955 930
f 947 937 409
f 409 900 947
f 899 411 963
f 411 955 963
f 963 900 899
f 963 947 900
f 955 947 963
f 978 977 938
f 938 930 978
f 938 937 930
f 938 977 976
f 976 937 938
f 256 315 313
f 256 254 255
f 330 339 338
f 338 317 330
f 313 317 338
f 338 339 353
f 353 355 338
f 338 355 313
f 374 355 357
f 373 254 374
f 374 357 373
f 254 256 374
f 313 355 374
f 374 256 313
f 300 298 301
f 335 298 300
f 347 348 351
f 347 346 261
f 261 368 347
f 347 368 348
f 305 304 303
f 303 304 302
f 1543 305 303
f 303 1542 1543
f 302 1542 303
f 271 343 274
f 343 259 274
f 271 275 276
f 276 252 271
f 251 252 276
f 276 275 390
f 299 298 297
f 301 298 299
f 378 380 396
f 394 378 396
f 396 395 394
f 380 387 396
f 396 387 301
f 17 18 16
f 113 18 17
f 241 372 364
f 241 242 113
f 365 242 241
f 241 364 365
f 325 238 237
f 325 237 265
f 265 264 325
f 325 264 324
f 324 257 325
f 257 238 325
f 402 417 415
f 402 412 423
f 415 412 402
f 423 424 402
f 424 405 402
f 959 950 958
f 958 967 959
f 958 966 967
f 958 950 949
f 923 966 924
f 924 421 923
f 419 421 924
f 152 151 168
f 2 3 1
f 1 253 2
f 5 249 1
f 249 253 1
f 1657 1656 50
f 50 51 1657
f 1657 51 1654
f 1650 48 1651
f 47 48 1658
f 47 64 48
f 132 149 150
f 15 12 132
f 12 149 132
f 114 15 132
f 132 115 114
f 162 179 163
f 163 145 162
f 146 145 163
f 1450 1202 235
f 148 130 147
f 165 148 164
f 164 148 147
f 147 146 164
f 146 163 164
f 1250 1251 1249
f 1252 1251 1250
f 1242 1243 1241
f 383 389 280
f 376 383 388
f 377 375 376
f 400 375 377
f 400 381 420
f 377 381 400
f 1151 1301 1152
f 1161 1301 1151
f 1151 1152 1086
f 1086 1161 1151
f 1420 1419 1398
f 1419 1399 1398
f 1398 1421 1420
f 1398 1237 1236
f 1230 1399 1231
f 1230 1231 1063
f 1063 1237 1230
f 1237 1398 1230
f 1230 1398 1399
f 1205 1384 1204
f 1384 1401 1204
f 1402 1403 1367
f 1367 1401 1402
f 1402 1418 1403
f 1402 1401 1418
f 1410 1374 1409
f 1374 1408 1409
f 1385 1210 1217
f 1217 1387 1385
f 1211 1210 1385
f 1220 1211 1385
f 1388 1216 1213
f 1388 1387 1216
f 1213 1212 1388
f 1212 1009 1388
f 1222 1223 1056
f 1056 1060 1222
f 1060 1221 1222
f 1410 1409 1425
f 1424 1394 1425
f 1425 1408 1424
f 1425 1409 1408
f 1351 1377 1350
f 1377 1378 1350
f 873 1351 1350
f 1350 871 873
f 1380 1346 1379
f 1377 1411 1412
f 1412 1411 1428
f 1376 1411 1377
f 1376 1375 1410
f 1410 1411 1376
f 875 877 1354
f 1354 1353 875
f 877 1355 1354
f 1355 1375 1354
f 1354 1376 1353
f 1375 1376 1354
f 1530 1531 1472
f 1054 1471 1470
f 1182 1052 1470
f 1470 1471 1531
f 1470 1180 1182
f 1531 1530 1470
f 1181 1180 1470
f 1470 1530 1524
f 1470 1183 1181
f 1470 1524 1517
f 1517 1184 1470
f 1184 1183 1470
f 1423 1394 1424
f 1423 1406 1422
f 1423 1407 1406
f 1424 1408 1423
f 1423 1408 1407
f 1058 1226 1227
f 1227 1228 1058
f 1229 1394 1218
f 1059 1229 1218
f 1218 1219 1059
f 1233 1219 1395
f 1395 1218 1394
f 1219 1218 1395
f 1394 1423 1395
f 1292 1140 1139
f 1139 1291 1292
f 1100 1101 1139
f 1139 1140 1100
f 1136 1290 1137
f 1136 1289 1290
f 1136 1101 1102
f 1136 1137 1101
f 1142 1293 1143
f 1142 1141 1293
f 1142 1143 1100
f 1100 1141 1142
f 1129 1191 1130
f 1191 1131 1130
f 1130 1131 1104
f 1104 1098 1130
f 1098 1129 1130
f 1134 1135 1103
f 1103 1131 1134
f 1288 1135 1134
f 1134 1287 1288
f 1134 1131 1287
f 221 202 220
f 222 202 221
f 221 220 1437
f 1437 222 221
f 220 202 201
f 189 188 206
f 206 207 189
f 225 207 206
f 1174 1175 1586
f 1586 1597 1174
f 1174 1597 1173
f 1174 1173 1505
f 1505 1175 1174
f 1491 1479 1480
f 1478 1479 1491
f 1491 1492 1478
f 1516 1509 1510
f 1510 1517 1516
f 1517 1524 1516
f 1529 1530 1472
f 1502 1495 1496
f 1496 1503 1502
f 1502 1503 1510
f 1510 1509 1502
f 1518 1172 1170
f 1518 1485 1172
f 1031 1481 1480
f 1482 1481 1031
f 1035 1469 1468
f 1468 1034 1035
f 67 83 84
f 84 85 67
f 84 83 101
f 101 85 84
f 1443 1444 227
f 1442 1443 227
f 209 192 191
f 190 207 191
f 191 192 174
f 174 173 191
f 191 173 190
f 194 195 178
f 230 210 229
f 230 1447 231
f 230 1446 1447
f 179 196 197
f 213 214 197
f 197 196 213
f 109 110 93
f 93 92 109
f 128 110 109
f 109 92 91
f 109 127 128
f 1462 1463 1445
f 1463 1446 1445
f 1445 1444 1462
f 1445 230 229
f 1446 230 1445
f 107 91 90
f 107 90 106
f 89 88 106
f 106 90 89
f 90 72 89
f 71 88 89
f 89 72 71
f 214 233 234
f 1450 235 234
f 234 1449 1450
f 234 233 1449
f 234 235 216
f 563 569 568
f 563 562 569
f 568 567 563
f 563 567 564
f 563 564 534
f 560 570 561
f 570 562 561
f 534 516 535
f 535 563 534
f 562 563 535
f 535 561 562
f 516 517 535
f 558 559 539
f 559 538 539
f 539 540 557
f 557 558 539
f 539 538 520
f 520 521 539
f 539 521 540
f 829 843 815
f 844 816 815
f 815 820 829
f 825 820 815
f 815 816 825
f 839 838 849
f 838 844 849
f 848 839 849
f 849 843 848
f 844 815 849
f 849 815 843
f 758 696 695
f 757 696 758
f 758 699 757
f 1501 1502 1509
f 1495 1502 1501
f 1184 814 1185
f 1185 1186 1184
f 814 1186 1185
f 1484 1503 836
f 836 840 1484
f 1484 840 1483
f 1483 1504 1484
f 1484 1504 1503
f 857 856 852
f 857 827 856
f 852 850 857
f 850 858 857
f 826 833 827
f 837 835 826
f 835 833 826
f 690 740 741
f 741 691 690
f 690 692 763
f 691 692 690
f 1688 740 1713
f 701 1714 1713
f 1713 740 701
f 707 1718 1719
f 706 1718 707
f 1719 1712 796
f 1712 700 796
f 796 707 1719
f 782 707 796
f 764 692 765
f 764 799 798
f 764 798 763
f 763 692 764
f 765 766 764
f 764 766 799
f 784 781 782
f 1176 1487 1173
f 1176 1596 1595
f 1597 1596 1176
f 1173 1597 1176
f 1179 822 1488
f 1488 1178 1179
f 1488 1499 1487
f 1592 823 1593
f 744 745 713
f 715 745 746
f 746 718 715
f 697 718 746
f 746 745 751
f 754 795 794
f 754 750 751
f 753 750 754
f 754 794 753
f 452 454 451
f 451 450 452
f 451 600 448
f 583 600 451
f 448 449 451
f 449 450 451
f 566 565 567
f 584 583 566
f 566 567 584
f 583 451 566
f 566 451 454
f 684 801 802
f 679 756 749
f 679 749 680
f 680 447 679
f 679 447 446
f 751 750 747
f 750 749 747
f 749 756 747
f 747 746 751
f 697 746 747
f 1696 1695 776
f 776 1697 1696
f 1689 729 1690
f 1728 731 1729
f 1728 1706 731
f 1702 1701 727
f 727 1703 1702
f 1730 734 1705
f 731 1704 733
f 733 732 731
f 734 732 733
f 1704 1705 733
f 733 1705 734
f 730 732 771
f 742 1687 1685
f 741 1687 742
f 742 691 741
f 742 743 691
f 1686 743 1684
f 1684 742 1685
f 743 742 1684
f 703 704 705
f 705 691 703
f 691 743 703
f 703 1710 1709
f 703 1709 704
f 1686 1710 703
f 703 743 1686
f 674 530 677
f 677 530 676
f 675 456 684
f 676 456 675
f 684 802 675
f 455 454 453
f 455 453 684
f 684 456 455
f 632 615 633
f 633 651 632
f 631 615 632
f 632 651 631
f 580 598 597
f 580 581 598
f 597 579 580
f 550 581 580
f 580 551 550
f 580 579 552
f 552 551 580
f 546 545 527
f 527 547 546
f 547 551 546
f 552 545 546
f 546 551 552
f 930 937 939
f 939 947 930
f 937 947 939
f 255 370 266
f 266 256 255
f 266 1569 1570
f 1568 1569 266
f 266 370 1568
f 361 387 287
f 301 387 361
f 361 300 301
f 259 342 260
f 247 262 260
f 260 248 247
f 260 342 248
f 377 376 291
f 281 291 283
f 283 358 359
f 359 281 283
f 350 349 346
f 350 347 351
f 346 347 350
f 351 341 350
f 346 349 345
f 359 358 345
f 345 349 359
f 262 346 345
f 345 260 262
f 272 274 259
f 272 280 274
f 278 286 272
f 277 250 251
f 251 276 277
f 382 250 277
f 277 391 382
f 390 391 277
f 277 276 390
f 301 299 397
f 397 396 301
f 395 396 397
f 297 395 397
f 397 299 297
f 257 372 240
f 372 241 240
f 113 17 240
f 240 241 113
f 957 958 949
f 966 958 957
f 949 948 957
f 948 956 957
f 169 170 152
f 152 168 169
f 167 151 150
f 167 168 151
f 150 149 167
f 1658 48 1659
f 48 1650 1659
f 1646 64 1647
f 64 1648 1647
f 1649 1648 64
f 1649 47 1658
f 64 47 1649
f 116 115 133
f 115 132 133
f 134 117 133
f 133 117 116
f 133 132 150
f 133 151 134
f 150 151 133
f 112 130 131
f 130 148 131
f 165 164 181
f 198 199 181
f 181 197 198
f 181 164 163
f 1247 1249 1248
f 1247 1250 1249
f 1248 1246 1247
f 1253 1327 1256
f 1256 1255 1253
f 1253 1255 1254
f 1253 1254 1252
f 1252 1250 1253
f 1325 1253 1250
f 1250 1247 1325
f 1308 1301 1309
f 1309 1325 1308
f 1308 1325 1307
f 1302 1301 1308
f 1308 1307 1302
f 1306 1303 1302
f 1302 1307 1306
f 1306 1305 1304
f 1304 1303 1306
f 1305 1306 1322
f 1322 1306 1323
f 279 286 383
f 383 280 279
f 279 272 286
f 280 272 279
f 273 280 389
f 390 275 273
f 273 389 390
f 274 280 273
f 273 275 271
f 271 274 273
f 399 400 420
f 375 400 399
f 417 402 416
f 402 401 416
f 419 417 416
f 416 401 419
f 383 376 408
f 408 376 375
f 408 389 383
f 406 391 390
f 405 391 406
f 1234 1233 1396
f 1233 1395 1396
f 1396 1423 1422
f 1396 1395 1423
f 1203 1204 1401
f 1203 1401 1199
f 1386 1221 1220
f 1220 1385 1386
f 1430 1386 1385
f 1433 1009 1008
f 1433 1388 1009
f 1008 1007 1433
f 1007 1417 1433
f 1416 1432 1433
f 1433 1417 1416
f 1432 1387 1433
f 1387 1388 1433
f 1426 1427 1410
f 1410 1425 1426
f 1378 1379 1348
f 869 871 1348
f 1413 1379 1378
f 1414 1379 1413
f 1413 1378 1377
f 1377 1412 1413
f 1429 1430 1413
f 1413 1430 1414
f 1428 1429 1413
f 1413 1412 1428
f 1353 1376 1352
f 1352 1377 1351
f 1352 1376 1377
f 1352 1351 873
f 873 875 1352
f 875 1353 1352
f 1054 1470 1053
f 1053 1470 1052
f 1137 1291 1138
f 1291 1139 1138
f 1101 1137 1138
f 1138 1139 1101
f 1289 1136 1133
f 1133 1136 1102
f 203 202 222
f 222 204 203
f 223 204 222
f 223 222 1439
f 1439 1440 223
f 1440 224 223
f 187 188 170
f 187 204 188
f 200 219 220
f 220 201 200
f 200 3 219
f 205 223 224
f 204 223 205
f 205 224 225
f 225 206 205
f 188 204 205
f 205 206 188
f 1477 1492 1476
f 1477 1047 1048
f 1476 1047 1477
f 1478 1492 1477
f 1477 1048 1027
f 1027 1478 1477
f 1513 1507 1514
f 1473 1474 1498
f 1474 1529 1498
f 1472 1473 1498
f 1498 1529 1472
f 1514 1522 1521
f 1521 1513 1514
f 1515 1522 1514
f 1509 1516 1515
f 1527 1521 1528
f 1528 1521 1522
f 1528 1529 1474
f 1528 1522 1529
f 1529 1522 1523
f 1523 1516 1524
f 1523 1515 1516
f 1522 1515 1523
f 1524 1530 1523
f 1530 1529 1523
f 1496 1495 832
f 1495 855 832
f 832 834 1496
f 832 835 834
f 832 833 835
f 854 833 832
f 832 855 854
f 1486 1175 1505
f 1170 1175 1486
f 1486 1518 1170
f 1030 1031 1480
f 1030 1479 1029
f 1480 1479 1030
f 1482 1031 1033
f 1468 1482 1033
f 1033 1034 1468
f 1165 1469 1040
f 1469 1035 1040
f 209 227 228
f 229 210 228
f 228 210 209
f 228 227 1444
f 228 1445 229
f 1444 1445 228
f 1442 227 226
f 225 1441 226
f 226 1441 1442
f 226 207 225
f 226 227 207
f 209 191 208
f 208 191 207
f 208 227 209
f 207 227 208
f 193 194 176
f 210 194 193
f 176 192 193
f 192 210 193
f 211 212 195
f 195 194 211
f 231 212 211
f 211 230 231
f 211 194 210
f 210 230 211
f 178 160 177
f 177 194 178
f 177 160 176
f 176 194 177
f 180 163 179
f 179 197 180
f 180 181 163
f 197 181 180
f 108 109 91
f 127 109 108
f 91 107 108
f 108 107 127
f 143 127 126
f 127 107 126
f 126 125 143
f 106 125 126
f 126 107 106
f 215 234 216
f 216 199 215
f 215 199 198
f 214 234 215
f 215 197 214
f 198 197 215
f 536 517 537
f 536 535 517
f 561 535 536
f 536 537 560
f 560 561 536
f 695 722 723
f 723 758 695
f 723 722 825
f 825 817 723
f 1495 1501 1494
f 1508 1501 1509
f 1508 1515 1514
f 1509 1515 1508
f 1514 1507 1508
f 791 713 712
f 712 713 715
f 712 827 791
f 715 718 716
f 718 717 716
f 716 826 827
f 717 826 716
f 719 718 720
f 719 717 718
f 819 826 717
f 717 719 819
f 819 719 720
f 782 796 783
f 783 796 700
f 783 784 782
f 789 787 788
f 797 795 788
f 788 784 797
f 788 787 781
f 781 784 788
f 786 787 789
f 1487 1176 1177
f 1177 1488 1487
f 1178 1488 1177
f 1594 1178 1177
f 1595 1594 1177
f 1177 1176 1595
f 1499 1488 1493
f 851 1494 1493
f 1493 822 851
f 1493 1488 822
f 1715 1717 823
f 823 1592 1715
f 755 744 789
f 789 788 755
f 755 788 795
f 755 754 751
f 795 754 755
f 751 745 755
f 745 744 755
f 687 696 762
f 696 756 762
f 446 444 678
f 678 679 446
f 678 444 687
f 687 762 678
f 756 679 678
f 678 762 756
f 698 756 757
f 698 747 756
f 697 747 698
f 720 697 698
f 757 699 698
f 698 699 720
f 1699 729 1700
f 1699 1690 729
f 726 734 778
f 778 728 726
f 726 732 734
f 726 771 732
f 736 730 769
f 730 771 769
f 674 677 805
f 454 455 457
f 457 455 456
f 565 566 457
f 457 566 454
f 457 456 531
f 457 531 532
f 532 565 457
f 315 256 314
f 316 315 314
f 1571 316 314
f 314 1572 1571
f 1570 1572 314
f 344 345 358
f 260 345 344
f 377 291 290
f 290 291 281
f 335 300 336
f 327 335 336
f 285 388 278
f 278 344 285
f 358 283 285
f 285 344 358
f 239 238 257
f 257 240 239
f 239 240 17
f 16 238 239
f 239 17 16
f 965 924 966
f 966 957 965
f 965 956 964
f 965 957 956
f 168 167 185
f 165 181 182
f 182 181 199
f 1244 1246 1245
f 1244 1247 1246
f 1323 1247 1244
f 1244 1245 1243
f 1243 1242 1244
f 1242 1322 1244
f 1244 1322 1323
f 1309 1327 1326
f 1326 1325 1309
f 1327 1253 1326
f 1253 1325 1326
f 1324 1247 1323
f 1324 1325 1247
f 1307 1325 1324
f 1323 1306 1324
f 1324 1306 1307
f 420 421 418
f 418 399 420
f 418 421 419
f 419 401 418
f 401 399 418
f 375 399 403
f 403 408 375
f 403 399 401
f 404 401 402
f 404 402 405
f 405 406 404
f 1397 1235 1234
f 1234 1396 1397
f 1236 1235 1397
f 1397 1398 1236
f 1421 1398 1397
f 1422 1421 1397
f 1397 1396 1422
f 1389 1390 1223
f 1223 1222 1389
f 1389 1222 1221
f 1221 1386 1389
f 1428 1390 1389
f 1389 1429 1428
f 1389 1430 1429
f 1386 1430 1389
f 1431 1430 1385
f 1431 1387 1432
f 1431 1385 1387
f 1392 1391 1427
f 1427 1426 1392
f 1226 1225 1392
f 1225 1391 1392
f 1349 1350 1378
f 1378 1348 1349
f 871 1350 1349
f 1349 1348 871
f 1347 1379 1346
f 1347 1348 1379
f 1347 1346 869
f 869 1348 1347
f 1102 1135 1132
f 1132 1133 1102
f 1135 1289 1132
f 1289 1133 1132
f 170 169 186
f 186 187 170
f 186 169 168
f 168 185 186
f 186 203 204
f 204 187 186
f 202 203 186
f 186 185 202
f 6 4 5
f 9 4 6
f 5 1 6
f 6 1 3
f 1485 1518 1525
f 1497 1475 1476
f 1476 1492 1497
f 1497 1474 1475
f 1497 1528 1474
f 1497 1492 1527
f 1527 1528 1497
f 1042 1043 1165
f 699 758 760
f 1507 1499 1500
f 1500 1494 1501
f 1499 1493 1500
f 1500 1493 1494
f 1500 1508 1507
f 1501 1508 1500
f 852 854 853
f 854 855 853
f 853 851 852
f 853 1494 851
f 853 855 1495
f 1495 1494 853
f 714 712 715
f 715 716 714
f 827 712 714
f 714 716 827
f 721 817 837
f 837 826 721
f 826 819 721
f 721 760 817
f 699 760 721
f 720 699 721
f 721 819 720
f 784 783 702
f 702 700 701
f 702 783 700
f 701 740 702
f 740 690 702
f 797 784 702
f 702 763 797
f 702 690 763
f 790 713 791
f 790 786 789
f 789 744 790
f 790 744 713
f 791 827 828
f 827 857 828
f 828 857 858
f 782 781 708
f 708 707 782
f 706 707 708
f 709 710 780
f 781 787 780
f 780 708 781
f 710 708 780
f 787 786 780
f 859 824 706
f 822 824 859
f 859 710 858
f 850 822 859
f 859 858 850
f 736 769 767
f 767 765 736
f 767 766 765
f 772 769 771
f 674 805 806
f 673 674 806
f 806 777 673
f 806 775 777
f 774 726 728
f 774 729 775
f 774 728 729
f 775 806 774
f 774 806 805
f 256 266 267
f 267 314 256
f 267 266 1570
f 1570 314 267
f 259 260 258
f 260 344 258
f 258 344 278
f 278 272 258
f 258 272 259
f 288 289 287
f 287 377 288
f 377 290 288
f 281 289 288
f 288 290 281
f 362 336 300
f 300 361 362
f 362 361 287
f 287 289 362
f 363 362 289
f 336 362 363
f 388 285 284
f 284 285 283
f 924 965 925
f 925 417 419
f 419 924 925
f 901 417 925
f 964 901 925
f 925 965 964
f 408 403 407
f 407 406 390
f 407 404 406
f 390 389 407
f 389 408 407
f 407 403 401
f 401 404 407
f 1415 1432 1416
f 1415 1431 1432
f 1414 1430 1415
f 1430 1431 1415
f 1416 1381 1415
f 1415 1381 1380
f 1380 1379 1415
f 1415 1379 1414
f 1393 1425 1394
f 1393 1426 1425
f 1393 1392 1426
f 1393 1394 1228
f 1228 1227 1393
f 1393 1227 1226
f 1226 1392 1393
f 166 167 149
f 166 12 9
f 166 149 12
f 1520 1521 1527
f 1513 1521 1520
f 1513 1520 1512
f 1512 1486 1505
f 1489 1485 1490
f 1485 1525 1490
f 1482 1489 1490
f 1490 1481 1482
f 1480 1481 1490
f 1490 1491 1480
f 1490 1525 1491
f 1165 1040 1041
f 1041 1042 1165
f 759 723 817
f 817 760 759
f 758 723 759
f 759 760 758
f 785 790 791
f 791 828 785
f 786 790 785
f 711 859 706
f 710 859 711
f 706 708 711
f 711 708 710
f 768 802 801
f 768 801 800
f 800 766 768
f 766 767 768
f 676 675 803
f 803 675 802
f 804 677 676
f 676 803 804
f 804 803 772
f 804 805 677
f 359 349 360
f 360 281 359
f 360 289 281
f 360 363 289
f 337 350 341
f 349 350 337
f 336 363 337
f 337 360 349
f 363 360 337
f 337 341 327
f 327 336 337
f 282 283 291
f 282 284 283
f 282 291 376
f 282 376 388
f 388 284 282
f 3 200 183
f 183 6 3
f 167 166 183
f 9 6 183
f 183 166 9
f 183 200 201
f 1526 1520 1527
f 1527 1492 1526
f 1492 1491 1526
f 1491 1525 1526
f 1518 1486 1519
f 1486 1512 1519
f 1519 1525 1518
f 1519 1512 1520
f 1519 1526 1525
f 1520 1526 1519
f 1506 1499 1507
f 1507 1513 1506
f 1513 1512 1506
f 1506 1512 1505
f 1505 1487 1506
f 1487 1499 1506
f 779 785 828
f 786 785 779
f 709 780 779
f 779 780 786
f 770 803 802
f 772 803 770
f 802 768 770
f 769 772 770
f 770 767 769
f 770 768 767
f 773 774 805
f 805 804 773
f 726 774 773
f 773 804 772
f 771 726 773
f 773 772 771
f 184 183 201
f 184 201 202
f 202 185 184
f 184 185 167
f 167 183 184
f 709 779 818
f 858 710 818
f 818 710 709
f 818 828 858
f 818 779 828
f 1124 1083 1123
f 1124 1084 1083
f 1124 1125 1085
f 1085 1084 1124
f 1061 1098 1062
f 1062 1098 1104
f 1063 1062 1103
f 1103 1062 1104
f 1063 1103 1059
f 1059 1103 1102
f 1057 1058 1101
f 1100 1057 1101
f 1101 1059 1102
f 1058 1059 1101
f 35 437 438
f 438 33 35
f 1055 1060 1112
f 1120 1055 1112
f 672 1579 1580
f 672 1580 461
f 439 440 29
f 439 29 31
f 33 438 439
f 31 33 439
f 1127 1070 1071
f 1071 1126 1127
f 1085 1125 1071
f 1125 1126 1071
f 1099 1057 1100
f 1099 1056 1057
f 1099 1112 1060
f 1099 1060 1056
f 1268 1271 1269
f 1270 1271 1268
f 1002 1105 1000
f 1002 1067 1105
f 25 1598 1640
f 25 442 1598
f 1123 1083 1122
f 1083 1082 1122
f 1072 1117 1122
f 1122 1082 1072
f 1069 1070 1127
f 1127 1128 1069
f 1192 1207 1206
f 1192 1206 1193
f 1273 1272 1274
f 1273 1274 1275
f 1273 1271 1270
f 1270 1272 1273
f 1188 1189 1037
f 1037 1038 1188
f 1190 1036 1037
f 1189 1190 1037
f 1026 1190 1167
f 1026 1036 1190
f 1167 1001 1026
f 1001 1003 1026
f 1073 1075 1109
f 1109 1110 1073
f 1078 1080 1115
f 1115 1108 1078
f 1113 1119 1065
f 1065 1064 1113
f 1119 1121 1065
f 1121 1081 1065
f 1079 1116 1115
f 1115 1080 1079
f 1121 1116 1079
f 1079 1081 1121
f 1000 1106 1066
f 1066 1002 1000
f 29 440 27
f 27 440 441
f 442 25 27
f 441 442 27
f 1283 1281 1280
f 1280 1282 1283
f 1118 1055 1120
f 1118 1077 1055
f 1118 1117 1072
f 1072 1077 1118
f 1068 1114 1113
f 1113 1064 1068
f 1068 1069 1128
f 1128 1114 1068
f 1193 1206 1205
f 1205 1194 1193
f 1368 1363 1364
f 1368 1364 1367
f 1362 1363 1368
f 1368 1369 1362
f 1359 1360 1371
f 1372 1359 1371
f 1367 1364 1366
f 1364 1365 1366
f 1200 1199 1366
f 1366 1365 1200
f 1373 1359 1372
f 1373 1358 1359
f 1373 1357 1358
f 1374 1357 1373
f 1209 1098 1061
f 1209 1129 1098
f 1280 1281 1279
f 1279 1278 1280
f 1105 1067 1074
f 1074 1111 1105
f 1074 1073 1110
f 1110 1111 1074
f 1076 1107 1109
f 1109 1075 1076
f 1076 1108 1107
f 1076 1078 1108
f 1162 1188 1039
f 1188 1038 1039
f 1039 1106 1162
f 1039 1066 1106
f 1197 1198 1285
f 1285 1284 1197
f 1285 1283 1282
f 1282 1284 1285
f 1207 1192 1208
f 1192 1191 1208
f 1129 1209 1208
f 1208 1191 1129
f 1275 1274 1277
f 1274 1276 1277
f 1278 1279 1277
f 1277 1276 1278
f 1362 1369 1361
f 1369 1370 1361
f 1361 1371 1360
f 1361 1370 1371
f 1195 1194 1204
f 1194 1205 1204
f 1322 973 1167
f 1322 1096 1095
f 986 987 1322
f 1322 1188 1162
f 983 984 1322
f 1322 1087 1086
f 1322 1189 1188
f 1095 1094 1322
f 1167 1190 1322
f 1162 1097 1322
f 1322 1086 1157
f 990 991 1322
f 1322 1190 1189
f 1322 1092 1091
f 1322 1089 1088
f 1322 1093 1092
f 1157 1304 1322
f 1091 1090 1322
f 1322 994 993
f 1094 1093 1322
f 1097 1096 1322
f 1322 977 978
f 993 992 1322
f 995 994 1322
f 1322 991 995
f 1322 996 973
f 979 983 1322
f 1322 985 986
f 1241 976 1322
f 1088 1087 1322
f 1322 992 997
f 997 996 1322
f 1322 987 988
f 1322 989 990
f 1322 980 979
f 978 982 1322
f 1304 1305 1322
f 1090 1089 1322
f 988 989 1322
f 1322 984 985
f 981 980 1322
f 1322 982 981
f 976 977 1322
f 1322 1242 1241
f 1203 1196 1195
f 1195 1204 1203
f 1197 1196 1203
f 1203 1199 1197
f 1699 1582 1583
f 1640 1598 1699
f 1562 1576 1699
f 1699 1634 1670
f 1699 1533 1532
f 1588 1587 1699
f 1631 1580 1699
f 1583 1584 1699
f 1699 1603 1604
f 1683 1682 1699
f 1699 1544 1533
f 1545 1546 1699
f 1694 1724 1699
f 1699 1630 1631
f 1540 1539 1699
f 1699 1534 1571
f 1699 1546 1544
f 1699 1676 1677
f 1549 1548 1699
f 1699 1579 1581
f 1581 1725 1699
f 1699 1600 1601
f 1604 1605 1699
f 1699 1680 1683
f 1566 1563 1699
f 1699 1574 1573
f 1699 1577 1578
f 1699 1584 1676
f 1662 1663 1699
f 1699 1541 1540
f 1699 1547 1549
f 1717 1715 1699
f 1699 1613 1614
f 1624 1625 1699
f 1598 1599 1699
f 1673 1672 1699
f 1699 1674 1545
f 1699 1536 1537
f 1699 1569 1568
f 1537 1535 1699
f 1532 1538 1699
f 1578 1634 1699
f 1686 1684 1699
f 1543 1542 1699
f 1699 1642 1643
f 1699 1589 1588
f 1580 1579 1699
f 1699 1712 1719
f 1719 1718 1699
f 1699 1616 1621
f 1620 1615 1699
f 1699 1629 1632
f 1601 1602 1699
f 1699 1605 1617
f 1699 1710 1686
f 1699 1682 1673
f 1699 1679 1681
f 1681 1680 1699
f 1677 1678 1699
f 1699 1563 1562
f 1614 1612 1699
f 1571 1572 1699
f 1699 1559 1558
f 1699 1548 1550
f 1550 1577 1699
f 1699 1538 1543
f 1556 1554 1699
f 1699 1557 1556
f 1699 1587 1582
f 1699 1721 1720
f 1593 1594 1699
f 1695 1696 1699
f 1729 1707 1699
f 1699 1693 1694
f 1621 1613 1699
f 1606 1607 1699
f 1632 1633 1699
f 1599 1600 1699
f 1602 1603 1699
f 1617 1618 1699
f 1699 1672 1675
f 1675 1674 1699
f 1699 1678 1679
f 1699 1576 1575
f 1699 1572 1570
f 1699 1535 1534
f 1610 1611 1699
f 1699 1567 1566
f 1558 1555 1699
f 1575 1574 1699
f 1573 1561 1699
f 1699 1655 1635
f 1699 1665 1662
f 1568 1565 1699
f 1660 1661 1699
f 1586 1585 1699
f 1722 1721 1699
f 1699 1723 1722
f 1725 1692 1699
f 1699 1727 1711
f 1615 1616 1699
f 1699 1608 1609
f 1609 1626 1699
f 1699 1627 1606
f 1570 1569 1699
f 1699 1619 1620
f 1560 1559 1699
f 1699 1561 1560
f 1699 1553 1552
f 1555 1557 1699
f 1552 1551 1699
f 1699 1542 1541
f 1699 1645 1646
f 1643 1644 1699
f 1670 1671 1699
f 1699 1669 1666
f 1666 1667 1699
f 1590 1589 1699
f 1699 1639 1640
f 1635 1636 1699
f 1699 1597 1586
f 1595 1596 1699
f 1699 1724 1723
f 1720 1695 1699
f 1701 1702 1699
f 1711 1709 1699
f 1699 1633 1630
f 1628 1629 1699
f 1699 1607 1628
f 1699 1625 1608
f 1626 1627 1699
f 1699 1612 1610
f 1699 1623 1624
f 1618 1619 1699
f 1699 1564 1567
f 1539 1536 1699
f 1699 1554 1553
f 1551 1547 1699
f 1699 1644 1664
f 1664 1665 1699
f 1699 1671 1668
f 1668 1669 1699
f 1699 1641 1642
f 1653 1656 1699
f 1699 1657 1654
f 1699 1652 1653
f 1699 1663 1660
f 1699 1591 1590
f 1638 1639 1699
f 1699 1637 1638
f 1699 1594 1595
f 1699 1718 1716
f 1692 1693 1699
f 1688 1713 1699
f 1699 1697 1698
f 1700 1701 1699
f 1698 1691 1699
f 1708 1726 1699
f 1699 1707 1708
f 1699 1703 1730
f 1730 1705 1699
f 1622 1623 1699
f 1699 1611 1622
f 1699 1565 1564
f 1699 1667 1641
f 1699 1687 1688
f 1654 1655 1699
f 1651 1652 1699
f 1699 1661 1645
f 1699 1585 1591
f 1658 1659 1699
f 1699 1636 1637
f 1699 1714 1712
f 1716 1717 1699
f 1699 1592 1593
f 1699 1691 1689
f 1699 1726 1727
f 1704 1706 1699
f 1699 1728 1729
f 1709 1710 1699
f 1685 1687 1699
f 1656 1657 1699
f 1699 1650 1651
f 1646 1647 1699
f 1699 1596 1597
f 1699 1713 1714
f 1699 1649 1658
f 1699 1696 1697
f 1689 1690 1699
f 1706 1728 1699
f 1699 1702 1703
f 1699 1705 1704
f 1699 1684 1685
f 1699 1659 1650
f 1699 1647 1648
f 1648 1649 1699
f 1699 1715 1592
f 35 36 182
f 182 1199 1200
f 182 437 35
f 599 582 182
f 182 549 548
f 182 1198 1197
f 480 463 182
f 182 1201 1198
f 46 61 182
f 182 36 46
f 1200 897 182
f 1197 1199 182
f 216 235 182
f 898 653 182
f 182 463 437
f 61 78 182
f 182 616 599
f 182 897 898
f 182 95 112
f 548 529 182
f 182 653 652
f 652 633 182
f 78 95 182
f 182 529 512
f 582 549 182
f 633 616 182
f 182 1202 1201
f 182 495 480
f 182 199 216
f 512 495 182
f 182 235 1202
f 182 148 165
f 112 131 182
f 182 131 148
f 1019 1020 1041
f 1012 1011 1041
f 1015 1016 1041
f 1017 1021 1041
f 1041 1010 1013
f 1041 1014 1015
f 1041 1018 1019
f 1038 1037 1041
f 1041 1039 1038
f 1023 1018 1041
f 1041 1024 1017
f 1036 1026 1041
f 1029 1028 1041
f 1046 1049 1041
f 1041 1047 1046
f 1041 1016 1024
f 1041 1022 1023
f 1041 1025 1012
f 1041 1009 1010
f 1041 1028 1027
f 1027 1048 1041
f 1041 1037 1036
f 1041 1052 1025
f 1041 1021 1022
f 1013 1014 1041
f 1041 1051 1044
f 1044 1045 1041
f 1041 1049 1050
f 1048 1047 1041
f 1020 1039 1041
f 1041 1007 1008
f 1008 1009 1041
f 1041 1045 1054
f 1034 1033 1041
f 1026 1043 1041
f 1050 1051 1041
f 1041 1011 1007
f 1054 1053 1041
f 1041 1030 1029
f 1041 1035 1034
f 1041 1053 1052
f 1031 1030 1041
f 1041 1033 1031
f 1041 1040 1035
f 1043 1042 1041
