# https://github.com/mikedh/trimesh
v -0.00626834 -0.07371561 -0.00549384
v -0.00641912 -0.07404865 -0.00541753
v -0.00930000 -0.07200000 -0.00584549
v -0.01130000 -0.08192145 -0.00060756
v -0.00917099 -0.08193934 -0.00052261
v -0.01130000 -0.08195807 -0.00041935
v -0.00917174 -0.08195806 -0.00041935
v -0.01130000 -0.08198571 -0.00020923
v -0.00917255 -0.08197618 -0.00029418
v -0.01130000 -0.08199123 -0.00014797
v -0.00917325 -0.08198974 -0.00016576
v -0.01130000 -0.08200000 0.00000000
v -0.00917381 -0.08199899 -0.00002450
v -0.00917388 -0.08200000 0.00000000
v -0.01130000 -0.08190311 -0.00068455
v -0.01130000 -0.08187023 -0.00080554
v -0.00916881 -0.08188050 -0.00076928
v -0.00916963 -0.08190280 -0.00068580
v -0.00916964 -0.08190311 -0.00068456
v -0.00917087 -0.08193631 -0.00053780
v -0.01130000 -0.08000237 -0.00313264
v -0.00888569 -0.08019447 -0.00299558
v -0.00893715 -0.08038370 -0.00285071
v -0.01130000 -0.08018248 -0.00300441
v -0.00894991 -0.08043284 -0.00281129
v -0.01130000 -0.08043303 -0.00281113
v -0.00902136 -0.08073078 -0.00255323
v -0.01130000 -0.08048443 -0.00276902
v -0.00903052 -0.08077268 -0.00251393
v -0.01130000 -0.08077278 -0.00251384
v -0.00906976 -0.08096698 -0.00231977
v -0.01130000 -0.08095022 -0.00233735
v -0.00908392 -0.08104495 -0.00223546
v -0.01130000 -0.08104504 -0.00223536
v -0.00910444 -0.08116922 -0.00209193
v -0.01130000 -0.08113375 -0.00213415
v -0.00911855 -0.08126573 -0.00197121
v -0.01130000 -0.08126578 -0.00197114
v -0.00912820 -0.08133948 -0.00187247
v -0.01130000 -0.08128908 -0.00194060
v -0.00914037 -0.08144607 -0.00171736
v -0.01130000 -0.08144612 -0.00171735
v -0.00914416 -0.08148380 -0.00165835
v -0.01130000 -0.08154076 -0.00156440
v -0.00915456 -0.08160568 -0.00144897
v -0.01130000 -0.08159383 -0.00147058
v -0.00915741 -0.08164636 -0.00137061
v -0.01130000 -0.08164117 -0.00138083
v -0.00916140 -0.08171198 -0.00123314
v -0.01130000 -0.08172151 -0.00121181
v -0.00916192 -0.08172151 -0.00121181
v -0.01130000 -0.08172643 -0.00120064
v -0.00916576 -0.08180182 -0.00101334
v -0.01130000 -0.08180538 -0.00100341
v -0.00916637 -0.08181643 -0.00097252
v -0.01130000 -0.08182513 -0.00094748
v -0.00916672 -0.08182508 -0.00094746
v -0.00916812 -0.08186162 -0.00083392
v -0.00883267 -0.08001117 -0.00312656
v -0.01130000 -0.07979614 -0.00327021
v -0.00869415 -0.07956983 -0.00341134
v -0.01130000 -0.07944556 -0.00348497
v -0.00865250 -0.07944474 -0.00348545
v -0.01130000 -0.07935392 -0.00353766
v -0.00848323 -0.07896066 -0.00375005
v -0.01130000 -0.07880183 -0.00383018
v -0.01130000 -0.07870809 -0.00387610
v -0.00839000 -0.07870664 -0.00387680
v -0.01130000 -0.07812086 -0.00414348
v -0.00820874 -0.07823071 -0.00409592
v -0.01130000 -0.07770614 -0.00431417
v -0.00814968 -0.07807969 -0.00416104
v -0.00799949 -0.07770280 -0.00431549
v -0.01130000 -0.07718835 -0.00450992
v -0.00773752 -0.07706457 -0.00455419
v -0.01130000 -0.07614476 -0.00485720
v -0.00734500 -0.07614026 -0.00485859
v -0.01130000 -0.07442993 -0.00532641
v -0.00706388 -0.07549476 -0.00504780
v -0.01130000 -0.07405917 -0.00541507
v -0.01130000 -0.07200000 -0.00584549
v -0.00579668 -0.07268311 -0.00571311
v -0.00930000 -0.07041369 -0.00612060
v -0.00562942 -0.07231984 -0.00578466
v -0.00730000 -0.06032723 -0.00725465
v -0.00930000 -0.06436393 -0.00688969
v -0.00930000 -0.06200000 -0.00711312
v -0.00730526 -0.06200000 -0.00711312
v -0.00473533 -0.07039706 -0.00612328
v -0.00930000 -0.06709479 -0.00658576
v -0.00370111 -0.06820185 -0.00644435
v -0.00185376 -0.06432786 -0.00689334
v -0.00730000 -0.06200000 -0.00711312
v -0.00913887 -0.08143187 0.00173900
v -0.00912785 -0.08133662 0.00187642
v -0.01130000 -0.08133665 0.00187635
v -0.00911745 -0.08125777 0.00198152
v -0.00909888 -0.08113395 0.00213391
v -0.01130000 -0.08113404 0.00213380
v -0.00886492 -0.08012144 0.00304880
v -0.00875618 -0.07976198 0.00329213
v -0.01130000 -0.07976258 0.00329175
v -0.00792811 -0.07752674 0.00438402
v -0.00775311 -0.07710198 0.00454091
v -0.01130000 -0.07710616 0.00453941
v -0.00930000 -0.07200000 0.00584549
v -0.01130000 -0.07200000 0.00584549
v -0.01130000 -0.07517609 0.00513522
v -0.00608550 -0.07331382 0.00558214
v -0.00930000 -0.07195954 0.00585304
v -0.00626695 -0.07371255 0.00549453
v -0.00690093 -0.07512534 0.00514881
v -0.00691956 -0.07516742 0.00513755
v -0.00721554 -0.07584161 0.00494826
v -0.00562800 -0.07231677 0.00578526
v -0.00545489 -0.07194212 0.00585629
v -0.00930000 -0.06570402 0.00674769
v -0.00384429 -0.06850436 0.00640352
v -0.00249755 -0.06567268 0.00675116
v -0.00730000 -0.06200000 0.00711312
v -0.00930000 -0.06200000 0.00711312
v -0.01130000 -0.07595477 0.00491473
v -0.00752817 -0.07656769 0.00472321
v -0.00726112 -0.07594647 0.00491721
v -0.01130000 -0.07827184 0.00407783
v -0.00822380 -0.07826949 0.00407887
v -0.00814550 -0.07806908 0.00416554
v -0.00871871 -0.07964499 0.00336552
v -0.00860779 -0.07931342 0.00356054
v -0.01130000 -0.07917979 0.00363432
v -0.00856096 -0.07917871 0.00363491
v -0.01130000 -0.07880206 0.00383006
v -0.00844851 -0.07886522 0.00379855
v -0.00833462 -0.07855897 0.00394720
v -0.00874256 -0.07971911 0.00331933
v -0.01130000 -0.08058996 0.00267957
v -0.00898886 -0.08058970 0.00267979
v -0.01130000 -0.08047863 0.00277382
v -0.00896602 -0.08049636 0.00275912
v -0.01130000 -0.08022191 0.00297522
v -0.00889326 -0.08022152 0.00297550
v -0.00888257 -0.08018337 0.00300375
v -0.01130000 -0.08088883 0.00240039
v -0.00908460 -0.08104885 0.00223113
v -0.00905461 -0.08088867 0.00240055
v -0.01130000 -0.08072955 0.00255437
v -0.00904686 -0.08085036 0.00243879
v -0.00903614 -0.08079895 0.00248887
v -0.00912018 -0.08127771 0.00195558
v -0.00914552 -0.08149812 0.00163537
v -0.01130000 -0.08142048 0.00175613
v -0.00914613 -0.08150455 0.00162491
v -0.01130000 -0.08150456 0.00162487
v -0.01130000 -0.08164501 0.00137327
v -0.00916084 -0.08170208 0.00125497
v -0.00915668 -0.08163561 0.00139172
v -0.00915241 -0.08157758 0.00150029
v -0.01130000 -0.08167798 0.00130635
v -0.01130000 -0.08172483 0.00120430
v -0.00916504 -0.08178547 0.00105680
v -0.01130000 -0.08178545 0.00105679
v -0.00916579 -0.08180268 0.00101082
v -0.01130000 -0.08193579 0.00054068
v -0.00917085 -0.08193568 0.00054065
v -0.00917075 -0.08193297 0.00055384
v -0.01130000 -0.08192077 0.00061059
v -0.00916944 -0.08189758 0.00070626
v -0.01130000 -0.08187103 0.00080280
v -0.00916886 -0.08188174 0.00076525
v -0.00916847 -0.08187103 0.00080280
v -0.01130000 -0.08186936 0.00080850
v -0.00916785 -0.08185445 0.00085783
v -0.00916602 -0.08180793 0.00099635
v -0.01130000 -0.08197953 0.00026645
v -0.00917323 -0.08198934 0.00017041
v -0.00917268 -0.08197873 0.00027319
v -0.01130000 -0.08195914 0.00041281
v -0.00917180 -0.08195952 0.00041050
v -0.00917104 -0.08194052 0.00051644
v -0.00738783 -0.06026915 0.00725587
v -0.00938738 -0.06703822 0.00658882
v -0.00933097 -0.06200000 0.00711263
v -0.00938681 -0.06200000 0.00710933
v -0.01029867 -0.06200000 0.00616091
v -0.01030000 -0.06200000 0.00610921
v -0.01029617 -0.06200000 0.00619705
v -0.01028494 -0.06200000 0.00628281
v -0.01028469 -0.06200000 0.00628420
v -0.01026567 -0.06200000 0.00636999
v -0.01025518 -0.06200000 0.00640638
v -0.01023926 -0.06200000 0.00645376
v -0.01021034 -0.06200000 0.00652469
v -0.01020567 -0.06200000 0.00653485
v -0.01016518 -0.06200000 0.00661264
v -0.01015130 -0.06200000 0.00663594
v -0.01011810 -0.06200000 0.00668654
v -0.01007916 -0.06200000 0.00673849
v -0.01006481 -0.06200000 0.00675599
v -0.01003856 -0.06200000 0.00678603
v -0.01000573 -0.06200000 0.00682047
v -0.00994928 -0.06200000 0.00687273
v -0.00994132 -0.06200000 0.00687949
v -0.00987208 -0.06200000 0.00693262
v -0.00985029 -0.06200000 0.00694745
v -0.00979854 -0.06200000 0.00697947
v -0.00974329 -0.06200000 0.00700909
v -0.00972127 -0.06200000 0.00701969
v -0.00968732 -0.06200000 0.00703476
v -0.00964084 -0.06200000 0.00705300
v -0.00957153 -0.06200000 0.00707540
v -0.00955788 -0.06200000 0.00707916
v -0.00947299 -0.06200000 0.00709798
v -0.00945214 -0.06200000 0.00710143
v -0.00939166 -0.06709466 0.00658154
v -0.00939166 -0.07158119 0.00591801
v -0.00937955 -0.07162646 0.00591092
v -0.00935879 -0.06709458 -0.00658405
v -0.01030000 -0.06200000 -0.00610921
v -0.00947300 -0.06200000 -0.00709798
v -0.00942215 -0.06200000 -0.00710560
v -0.00942214 -0.06709388 -0.00657833
v -0.00938682 -0.06200000 -0.00710933
v -0.00935879 -0.06200000 -0.00711138
v -0.00972128 -0.06200000 -0.00701969
v -0.00966702 -0.06200000 -0.00704306
v -0.00964085 -0.06200000 -0.00705300
v -0.00955789 -0.06200000 -0.00707916
v -0.00954683 -0.06200000 -0.00708205
v -0.00987208 -0.06200000 -0.00693261
v -0.00983491 -0.06200000 -0.00695742
v -0.00979855 -0.06200000 -0.00697946
v -0.00978089 -0.06200000 -0.00698942
v -0.01006482 -0.06200000 -0.00675598
v -0.01002704 -0.06200000 -0.00679849
v -0.01000573 -0.06200000 -0.00682046
v -0.00994132 -0.06200000 -0.00687948
v -0.00993614 -0.06200000 -0.00688380
v -0.01016518 -0.06200000 -0.00661263
v -0.01014147 -0.06200000 -0.00665163
v -0.01011810 -0.06200000 -0.00668653
v -0.01010645 -0.06200000 -0.00670283
v -0.01026567 -0.06200000 -0.00636998
v -0.01024782 -0.06200000 -0.00642927
v -0.01023927 -0.06200000 -0.00645375
v -0.01020568 -0.06200000 -0.00653484
v -0.01020158 -0.06200000 -0.00654352
v -0.01029981 -0.06200000 -0.00612855
v -0.01029617 -0.06200000 -0.00619704
v -0.01029008 -0.06200000 -0.00625028
v -0.01028469 -0.06200000 -0.00628419
v -0.01027966 -0.06200000 -0.00631065
v -0.01135879 -0.07718778 -0.00450835
v -0.01135879 -0.07812017 -0.00414189
v -0.01154683 -0.08186740 -0.00069941
v -0.01154683 -0.08189126 -0.00060076
v -0.01160761 -0.08187415 -0.00059690
v -0.01142215 -0.07998579 -0.00313508
v -0.01142215 -0.07979214 -0.00326402
v -0.01135879 -0.07979526 -0.00326886
v -0.01160761 -0.08172239 -0.00108484
v -0.01160761 -0.08168202 -0.00118121
v -0.01154683 -0.08169810 -0.00118824
v -0.01170627 -0.08191369 0.00000000
v -0.01172485 -0.08190510 -0.00000216
v -0.01166702 -0.08193003 -0.00000314
v -0.01193614 -0.08177139 0.00000000
v -0.01193614 -0.08175840 -0.00018663
v -0.01188672 -0.08179644 -0.00019041
v -0.01199532 -0.08171847 0.00000000
v -0.01203299 -0.08167998 0.00000000
v -0.01202704 -0.08167385 -0.00017823
v -0.01208667 -0.08161706 0.00000000
v -0.01210645 -0.08159097 0.00000000
v -0.01210645 -0.08157902 -0.00016880
v -0.01215134 -0.08152421 0.00000000
v -0.01217321 -0.08148690 0.00000000
v -0.01217321 -0.08147556 -0.00015852
v -0.01217771 -0.08147874 0.00000000
v -0.01221444 -0.08140420 0.00000000
v -0.01220158 -0.08142111 -0.00015311
v -0.01223463 -0.08135507 0.00000000
v -0.01224485 -0.08132692 0.00000000
v -0.01224782 -0.08130786 -0.00014185
v -0.01225521 -0.08129530 0.00000000
v -0.01226868 -0.08124765 0.00000000
v -0.01226557 -0.08124950 -0.00013605
v -0.01228590 -0.08116653 0.00000000
v -0.01229008 -0.08113971 -0.00000000
v -0.01229008 -0.08113045 -0.00012422
v -0.01229394 -0.08110911 -0.00000000
v -0.01229638 -0.08108409 -0.00000000
v -0.01229680 -0.08107020 -0.00011823
v -0.01229981 -0.07419699 -0.00437374
v -0.01230000 -0.07485361 -0.00418635
v -0.01230000 -0.07200000 -0.00482781
v -0.01135879 -0.07200000 -0.00584373
v -0.01135879 -0.07442952 -0.00532473
v -0.01142215 -0.07442815 -0.00531914
v -0.01160761 -0.07441841 -0.00527932
v -0.01155471 -0.07200000 -0.00581193
v -0.01154683 -0.07442258 -0.00529636
v -0.01148494 -0.07200000 -0.00582794
v -0.01148493 -0.07442583 -0.00530966
v -0.01147080 -0.07200000 -0.00583054
v -0.01138570 -0.07200000 -0.00584175
v -0.01178089 -0.07440066 -0.00520672
v -0.01171666 -0.07200000 -0.00575297
v -0.01172485 -0.07440743 -0.00523439
v -0.01166703 -0.07200000 -0.00577449
v -0.01166702 -0.07441335 -0.00525862
v -0.01163686 -0.07200000 -0.00578603
v -0.01160762 -0.07200000 -0.00579616
v -0.01198299 -0.07436590 -0.00506455
v -0.01193623 -0.07200000 -0.00561301
v -0.01193614 -0.07437567 -0.00510452
v -0.01188674 -0.07200000 -0.00565196
v -0.01188672 -0.07438475 -0.00514165
v -0.01186691 -0.07200000 -0.00566620
v -0.01183491 -0.07439309 -0.00517576
v -0.01179354 -0.07200000 -0.00571295
v -0.01178089 -0.07200000 -0.00572013
v -0.01210645 -0.07433286 -0.00492942
v -0.01206049 -0.07200000 -0.00548871
v -0.01206826 -0.07434446 -0.00497685
v -0.01202705 -0.07200000 -0.00552660
v -0.01202704 -0.07435549 -0.00502198
v -0.01200093 -0.07200000 -0.00555371
v -0.01198300 -0.07200000 -0.00557120
v -0.01222647 -0.07428181 -0.00472063
v -0.01220343 -0.07200000 -0.00526419
v -0.01220158 -0.07429517 -0.00477527
v -0.01217321 -0.07200000 -0.00532384
v -0.01217321 -0.07430816 -0.00482842
v -0.01216219 -0.07200000 -0.00534342
v -0.01214147 -0.07432075 -0.00487987
v -0.01211440 -0.07200000 -0.00541844
v -0.01210645 -0.07200000 -0.00542964
v -0.01227966 -0.07424007 -0.00454994
v -0.01226477 -0.07200000 -0.00509561
v -0.01226557 -0.07425421 -0.00460774
v -0.01224782 -0.07200000 -0.00515232
v -0.01224782 -0.07426814 -0.00466471
v -0.01223773 -0.07200000 -0.00518137
v -0.01222647 -0.07200000 -0.00521090
v -0.01229981 -0.07200000 -0.00484743
v -0.01229606 -0.07200000 -0.00491809
v -0.01229680 -0.07421141 -0.00443272
v -0.01229008 -0.07200000 -0.00497085
v -0.01229008 -0.07422579 -0.00449152
v -0.01228428 -0.07200000 -0.00500761
v -0.01227966 -0.07200000 -0.00503206
v -0.01230000 -0.08097725 -0.00021899
v -0.01229981 -0.08100979 -0.00011223
v -0.01230000 -0.08099697 -0.00003387
v -0.01229981 -0.08101830 -0.00000000
v -0.01230000 -0.08099900 -0.00000000
v -0.01229981 -0.08099148 -0.00025318
v -0.01230000 -0.08094241 -0.00040307
v -0.01206826 -0.08162761 -0.00017363
v -0.01206826 -0.08163984 0.00000000
v -0.01207921 -0.08162646 0.00000000
v -0.01183491 -0.08183139 -0.00019389
v -0.01185116 -0.08183427 0.00000000
v -0.01191831 -0.08178576 0.00000000
v -0.01178089 -0.08186311 -0.00019704
v -0.01182575 -0.08185052 0.00000000
v -0.01183491 -0.08184478 0.00000000
v -0.01178089 -0.08187669 0.00000000
v -0.01178089 -0.08187664 -0.00000105
v -0.01178036 -0.08187697 0.00000000
v -0.01174337 -0.08189626 0.00000000
v -0.01148493 -0.08198253 -0.00000520
v -0.01151226 -0.08197720 0.00000000
v -0.01154683 -0.08196885 -0.00000466
v -0.01155003 -0.08196821 0.00000000
v -0.01160761 -0.08195132 -0.00000397
v -0.01162922 -0.08194420 0.00000000
v -0.01166702 -0.08193016 0.00000000
v -0.01137242 -0.08199675 -0.00001546
v -0.01138691 -0.08199621 0.00000000
v -0.01142215 -0.08199251 0.00000000
v -0.01229680 -0.08105142 -0.00026283
v -0.01229981 -0.08096471 -0.00039198
v -0.01230000 -0.08089112 -0.00058745
v -0.01227966 -0.08119991 0.00000000
v -0.01227966 -0.08119028 -0.00013017
v -0.01229008 -0.08111119 -0.00027246
v -0.01229680 -0.08102393 -0.00040532
v -0.01229981 -0.08092898 -0.00053007
v -0.01227966 -0.08117056 -0.00028202
v -0.01229008 -0.08108298 -0.00041863
v -0.01229680 -0.08098724 -0.00054712
v -0.01229981 -0.08088364 -0.00066841
v -0.01230000 -0.08082196 -0.00077275
v -0.01226557 -0.08122931 -0.00029148
v -0.01227966 -0.08114165 -0.00043185
v -0.01229008 -0.08104534 -0.00056412
v -0.01229680 -0.08094070 -0.00068915
v -0.01229981 -0.08082803 -0.00080739
v -0.01230000 -0.08074225 -0.00094232
v -0.01222647 -0.08137582 0.00000000
v -0.01222647 -0.08136514 -0.00014755
v -0.01224782 -0.08128721 -0.00030081
v -0.01226557 -0.08119971 -0.00044493
v -0.01227966 -0.08110306 -0.00058102
v -0.01229008 -0.08099759 -0.00070983
v -0.01229680 -0.08088364 -0.00083173
v -0.01229981 -0.08076718 -0.00093587
v -0.01222647 -0.08134404 -0.00030996
v -0.01224782 -0.08125692 -0.00045782
v -0.01226557 -0.08116017 -0.00059773
v -0.01227966 -0.08105411 -0.00073037
v -0.01229008 -0.08093909 -0.00085601
v -0.01229680 -0.08082129 -0.00096341
v -0.01229981 -0.08069438 -0.00106881
v -0.01230000 -0.08064102 -0.00111999
v -0.01220158 -0.08139957 -0.00031890
v -0.01222647 -0.08131307 -0.00047047
v -0.01224782 -0.08121646 -0.00061420
v -0.01226557 -0.08111004 -0.00075069
v -0.01227966 -0.08099418 -0.00088012
v -0.01229008 -0.08087524 -0.00099088
v -0.01229680 -0.08074676 -0.00109949
v -0.01229981 -0.08060745 -0.00120762
v -0.01230000 -0.08051465 -0.00130652
v -0.01213501 -0.08154986 0.00000000
v -0.01214147 -0.08152827 -0.00016376
v -0.01217321 -0.08145359 -0.00032760
v -0.01220158 -0.08136795 -0.00048284
v -0.01222647 -0.08127171 -0.00063037
v -0.01224782 -0.08116516 -0.00077073
v -0.01226557 -0.08104870 -0.00090398
v -0.01227966 -0.08092882 -0.00101816
v -0.01229008 -0.08079901 -0.00113008
v -0.01229680 -0.08065793 -0.00124135
v -0.01229981 -0.08050661 -0.00134944
v -0.01230000 -0.08035842 -0.00150237
v -0.01214147 -0.08150589 -0.00033602
v -0.01217321 -0.08142132 -0.00049487
v -0.01220158 -0.08132569 -0.00064617
v -0.01222647 -0.08121926 -0.00079039
v -0.01224782 -0.08110242 -0.00092750
v -0.01226557 -0.08098186 -0.00104516
v -0.01227966 -0.08085090 -0.00116046
v -0.01229008 -0.08070827 -0.00127498
v -0.01229680 -0.08055504 -0.00138603
v -0.01229981 -0.08038671 -0.00149872
v -0.01210645 -0.08155624 -0.00034413
v -0.01214147 -0.08147299 -0.00050651
v -0.01217321 -0.08137821 -0.00066154
v -0.01220158 -0.08127213 -0.00080960
v -0.01222647 -0.08115515 -0.00095058
v -0.01224782 -0.08103412 -0.00107177
v -0.01226557 -0.08090225 -0.00119053
v -0.01227966 -0.08075827 -0.00130840
v -0.01229008 -0.08060335 -0.00142253
v -0.01229680 -0.08043296 -0.00153805
v -0.01229981 -0.08024161 -0.00165933
v -0.01230000 -0.08016007 -0.00171519
v -0.01206826 -0.08160445 -0.00035190
v -0.01210645 -0.08152275 -0.00051772
v -0.01214147 -0.08142904 -0.00067642
v -0.01217321 -0.08132355 -0.00082829
v -0.01220158 -0.08120668 -0.00097314
v -0.01222647 -0.08108542 -0.00109789
v -0.01224782 -0.08095286 -0.00122016
v -0.01226557 -0.08080774 -0.00134146
v -0.01227966 -0.08065134 -0.00145878
v -0.01229008 -0.08047907 -0.00157727
v -0.01229680 -0.08028547 -0.00170130
v -0.01229981 -0.08006794 -0.00183039
v -0.01230000 -0.07990725 -0.00194785
v -0.01198133 -0.08173176 0.00000000
v -0.01198299 -0.08171746 -0.00018256
v -0.01202704 -0.08165032 -0.00035928
v -0.01206826 -0.08157039 -0.00052845
v -0.01210645 -0.08147799 -0.00069075
v -0.01214147 -0.08137333 -0.00084639
v -0.01217321 -0.08125681 -0.00099508
v -0.01220158 -0.08113555 -0.00112341
v -0.01222647 -0.08100253 -0.00124925
v -0.01224782 -0.08085650 -0.00137404
v -0.01226557 -0.08069882 -0.00149465
v -0.01227966 -0.08052488 -0.00161624
v -0.01229008 -0.08032922 -0.00174315
v -0.01229680 -0.08010929 -0.00187484
v -0.01229981 -0.07985882 -0.00201373
v -0.01230000 -0.07957823 -0.00220749
v -0.01202704 -0.08161571 -0.00053867
v -0.01198299 -0.08165847 -0.00054830
v -0.01198299 -0.08169359 -0.00036625
v -0.01193614 -0.08173421 -0.00037279
v -0.01193614 -0.08169860 -0.00055734
v -0.01188672 -0.08177194 -0.00037887
v -0.01188672 -0.08173589 -0.00056575
v -0.01183491 -0.08180662 -0.00038446
v -0.01183491 -0.08177015 -0.00057347
v -0.01178089 -0.08183809 -0.00038952
v -0.01178089 -0.08180124 -0.00058047
v -0.01172485 -0.08186620 -0.00039405
v -0.01172485 -0.08182903 -0.00058673
v -0.01166702 -0.08189084 -0.00039802
v -0.01166702 -0.08185337 -0.00059222
v -0.01160761 -0.08191187 -0.00040141
v -0.01166702 -0.08180325 -0.00078594
v -0.01172485 -0.08177931 -0.00077893
v -0.01178089 -0.08175197 -0.00077093
v -0.01183491 -0.08172139 -0.00076198
v -0.01188672 -0.08168767 -0.00075211
v -0.01193614 -0.08165099 -0.00074138
v -0.01198299 -0.08161151 -0.00072982
v -0.01202704 -0.08156944 -0.00071751
v -0.01206826 -0.08152486 -0.00070446
v -0.01166702 -0.08166251 -0.00117266
v -0.01166702 -0.08173978 -0.00097957
v -0.01172485 -0.08163965 -0.00116266
v -0.01172485 -0.08171634 -0.00097105
v -0.01178089 -0.08161356 -0.00115124
v -0.01178089 -0.08168957 -0.00096132
v -0.01183491 -0.08158436 -0.00113846
v -0.01183491 -0.08165962 -0.00095043
v -0.01188672 -0.08155219 -0.00112437
v -0.01188672 -0.08162660 -0.00093843
v -0.01193614 -0.08151718 -0.00110905
v -0.01193614 -0.08159069 -0.00092538
v -0.01198299 -0.08147949 -0.00109255
v -0.01198299 -0.08155201 -0.00091133
v -0.01202704 -0.08143934 -0.00107498
v -0.01202704 -0.08151082 -0.00089635
v -0.01206826 -0.08139678 -0.00105635
v -0.01206826 -0.08146716 -0.00088049
v -0.01210645 -0.08135205 -0.00103677
v -0.01210645 -0.08142126 -0.00086381
v -0.01214147 -0.08130533 -0.00101632
v -0.01172485 -0.08189144 -0.00019986
v -0.01166702 -0.08191627 -0.00020232
v -0.01160761 -0.08193747 -0.00020443
v -0.01154683 -0.08195493 -0.00020617
v -0.01154683 -0.08192918 -0.00040420
v -0.01148493 -0.08196855 -0.00020752
v -0.01154683 -0.08161359 -0.00136679
v -0.01160761 -0.08159796 -0.00135883
v -0.01166702 -0.08157898 -0.00134917
v -0.01172485 -0.08155674 -0.00133785
v -0.01178089 -0.08153136 -0.00132493
v -0.01183491 -0.08150296 -0.00131046
v -0.01188672 -0.08147166 -0.00129453
v -0.01193614 -0.08143760 -0.00127719
v -0.01198299 -0.08140094 -0.00125852
v -0.01202704 -0.08136187 -0.00123864
v -0.01206826 -0.08132048 -0.00121756
v -0.01210645 -0.08127696 -0.00119540
v -0.01214147 -0.08123151 -0.00117226
v -0.01217321 -0.08118431 -0.00114823
v -0.01154683 -0.08151398 -0.00154872
v -0.01160761 -0.08149884 -0.00153986
v -0.01166702 -0.08148046 -0.00152910
v -0.01172485 -0.08145893 -0.00151649
v -0.01178089 -0.08143435 -0.00150210
v -0.01183491 -0.08140685 -0.00148599
v -0.01188672 -0.08137654 -0.00146825
v -0.01193614 -0.08134356 -0.00144894
v -0.01198299 -0.08130806 -0.00142815
v -0.01202704 -0.08127023 -0.00140600
v -0.01206826 -0.08123014 -0.00138253
v -0.01210645 -0.08118801 -0.00135785
v -0.01214147 -0.08114400 -0.00133208
v -0.01217321 -0.08109829 -0.00130532
v -0.01220158 -0.08105107 -0.00127767
v -0.01154683 -0.08139716 -0.00173531
v -0.01160761 -0.08138257 -0.00172556
v -0.01166702 -0.08136486 -0.00171372
v -0.01172485 -0.08134412 -0.00169986
v -0.01178089 -0.08132043 -0.00168404
v -0.01183491 -0.08129394 -0.00166633
v -0.01188672 -0.08126473 -0.00164682
v -0.01193614 -0.08123296 -0.00162559
v -0.01198299 -0.08119874 -0.00160273
v -0.01202704 -0.08116230 -0.00157837
v -0.01206826 -0.08112368 -0.00155256
v -0.01210645 -0.08108307 -0.00152543
v -0.01214147 -0.08104067 -0.00149710
v -0.01217321 -0.08099663 -0.00146767
v -0.01220158 -0.08095113 -0.00143727
v -0.01222647 -0.08090436 -0.00140602
v -0.01154683 -0.08126445 -0.00192199
v -0.01160761 -0.08125045 -0.00191142
v -0.01166702 -0.08123346 -0.00189858
v -0.01172485 -0.08121355 -0.00188353
v -0.01178089 -0.08119082 -0.00186637
v -0.01183491 -0.08116539 -0.00184715
v -0.01188672 -0.08113737 -0.00182598
v -0.01193614 -0.08110687 -0.00180294
v -0.01198299 -0.08107404 -0.00177814
v -0.01202704 -0.08103907 -0.00175172
v -0.01206826 -0.08100200 -0.00172371
v -0.01210645 -0.08096304 -0.00169427
v -0.01214147 -0.08092234 -0.00166353
v -0.01217321 -0.08088008 -0.00163160
v -0.01220158 -0.08083642 -0.00159861
v -0.01222647 -0.08079154 -0.00156471
v -0.01224782 -0.08074561 -0.00153001
v -0.01154683 -0.08111018 -0.00211410
v -0.01160761 -0.08109682 -0.00210274
v -0.01166702 -0.08108059 -0.00208893
v -0.01172485 -0.08106159 -0.00207277
v -0.01178089 -0.08103990 -0.00205432
v -0.01183491 -0.08101562 -0.00203367
v -0.01188672 -0.08098886 -0.00201091
v -0.01193614 -0.08095975 -0.00198615
v -0.01198299 -0.08092842 -0.00195949
v -0.01202704 -0.08089503 -0.00193109
v -0.01206826 -0.08085964 -0.00190099
v -0.01210645 -0.08082245 -0.00186935
v -0.01214147 -0.08078360 -0.00183631
v -0.01217321 -0.08074325 -0.00180199
v -0.01220158 -0.08070157 -0.00176653
v -0.01222647 -0.08065873 -0.00173009
v -0.01224782 -0.08061488 -0.00169279
v -0.01226557 -0.08057021 -0.00165479
v -0.01154683 -0.08092786 -0.00231596
v -0.01160761 -0.08091518 -0.00230383
v -0.01166702 -0.08089980 -0.00228910
v -0.01172485 -0.08088177 -0.00227185
v -0.01178089 -0.08086119 -0.00225217
v -0.01183491 -0.08083816 -0.00223013
v -0.01188672 -0.08081278 -0.00220585
v -0.01193614 -0.08078517 -0.00217943
v -0.01198299 -0.08075544 -0.00215098
v -0.01202704 -0.08072378 -0.00212068
v -0.01206826 -0.08069021 -0.00208856
v -0.01210645 -0.08065493 -0.00205480
v -0.01214147 -0.08061808 -0.00201954
v -0.01217321 -0.08057980 -0.00198293
v -0.01220158 -0.08054027 -0.00194510
v -0.01222647 -0.08049963 -0.00190621
v -0.01224782 -0.08045804 -0.00186641
v -0.01226557 -0.08041566 -0.00182587
v -0.01227966 -0.08037267 -0.00178473
v -0.01154683 -0.08071491 -0.00252575
v -0.01160761 -0.08070296 -0.00251291
v -0.01166702 -0.08068845 -0.00249731
v -0.01172485 -0.08067146 -0.00247905
v -0.01178089 -0.08065206 -0.00245820
v -0.01183491 -0.08063035 -0.00243486
v -0.01188672 -0.08060642 -0.00240915
v -0.01193614 -0.08058039 -0.00238117
v -0.01198299 -0.08055236 -0.00235105
v -0.01202704 -0.08052251 -0.00231896
v -0.01206826 -0.08049086 -0.00228494
v -0.01210645 -0.08045760 -0.00224919
v -0.01214147 -0.08042286 -0.00221185
v -0.01217321 -0.08038677 -0.00217308
v -0.01220158 -0.08034950 -0.00213302
v -0.01222647 -0.08031119 -0.00209183
v -0.01224782 -0.08027197 -0.00204969
v -0.01226557 -0.08023202 -0.00200675
v -0.01227966 -0.08019149 -0.00196319
v -0.01229008 -0.08015053 -0.00191916
v -0.01154683 -0.08046468 -0.00274519
v -0.01160761 -0.08045349 -0.00273168
v -0.01166702 -0.08043990 -0.00271527
v -0.01172485 -0.08042399 -0.00269606
v -0.01178089 -0.08040582 -0.00267413
v -0.01183491 -0.08038549 -0.00264958
v -0.01188672 -0.08036309 -0.00262253
v -0.01193614 -0.08033871 -0.00259310
v -0.01198299 -0.08031246 -0.00256141
v -0.01202704 -0.08028451 -0.00252766
v -0.01206826 -0.08025487 -0.00249188
v -0.01210645 -0.08022372 -0.00245428
v -0.01214147 -0.08019119 -0.00241500
v -0.01217321 -0.08015740 -0.00237421
v -0.01220158 -0.08012249 -0.00233207
v -0.01222647 -0.08008661 -0.00228875
v -0.01224782 -0.08004989 -0.00224442
v -0.01226557 -0.08001249 -0.00219925
v -0.01227966 -0.07997452 -0.00215342
v -0.01229008 -0.07993616 -0.00210711
v -0.01229680 -0.07989755 -0.00206049
v -0.01154683 -0.08016415 -0.00297948
v -0.01160761 -0.08015376 -0.00296535
v -0.01166702 -0.08014114 -0.00294818
v -0.01172485 -0.08012636 -0.00292808
v -0.01178089 -0.08010950 -0.00290513
v -0.01183491 -0.08009062 -0.00287945
v -0.01188672 -0.08006982 -0.00285115
v -0.01193614 -0.08004718 -0.00282036
v -0.01198299 -0.08002281 -0.00278721
v -0.01202704 -0.07999685 -0.00275189
v -0.01206826 -0.07996933 -0.00271446
v -0.01210645 -0.07994041 -0.00267512
v -0.01214147 -0.07991020 -0.00263402
v -0.01217321 -0.07987883 -0.00259135
v -0.01220158 -0.07984643 -0.00254726
v -0.01222647 -0.07981311 -0.00250193
v -0.01224782 -0.07977901 -0.00245556
v -0.01226557 -0.07974428 -0.00240830
v -0.01227966 -0.07970903 -0.00236035
v -0.01229008 -0.07967342 -0.00231190
v -0.01229680 -0.07963756 -0.00226312
v -0.01229981 -0.07960160 -0.00221421
v -0.01148493 -0.08190462 -0.00060377
v -0.01148493 -0.08188065 -0.00070284
v -0.01148493 -0.08185367 -0.00080070
v -0.01229981 -0.07926448 -0.00244619
v -0.01229680 -0.07929739 -0.00249720
v -0.01229008 -0.07933021 -0.00254807
v -0.01227966 -0.07936282 -0.00259861
v -0.01226557 -0.07939508 -0.00264861
v -0.01224782 -0.07942688 -0.00269789
v -0.01222647 -0.07945809 -0.00274626
v -0.01220158 -0.07948858 -0.00279353
v -0.01217321 -0.07951825 -0.00283951
v -0.01214147 -0.07954697 -0.00288402
v -0.01210645 -0.07957462 -0.00292688
v -0.01206826 -0.07960109 -0.00296791
v -0.01202704 -0.07962628 -0.00300695
v -0.01198299 -0.07965004 -0.00304378
v -0.01193614 -0.07967235 -0.00307836
v -0.01188672 -0.07969308 -0.00311047
v -0.01183491 -0.07971212 -0.00313999
v -0.01178089 -0.07972940 -0.00316677
v -0.01172485 -0.07974484 -0.00319070
v -0.01166702 -0.07975837 -0.00321167
v -0.01160761 -0.07976992 -0.00322957
v -0.01154683 -0.07977943 -0.00324431
v -0.01148493 -0.07998026 -0.00312704
v -0.01148493 -0.07978685 -0.00325582
v -0.01135879 -0.08195803 -0.00040884
v -0.01142215 -0.08196687 -0.00030797
v -0.01142215 -0.08195234 -0.00040792
v -0.01148493 -0.08194271 -0.00040637
v -0.01142215 -0.08191414 -0.00060591
v -0.01142215 -0.08189010 -0.00070528
v -0.01142215 -0.08186305 -0.00080344
v -0.01142215 -0.08183220 -0.00090287
v -0.01148493 -0.08017226 -0.00299051
v -0.01148493 -0.08047342 -0.00275574
v -0.01148493 -0.08072424 -0.00253578
v -0.01148493 -0.08093776 -0.00232543
v -0.01148493 -0.08112061 -0.00212297
v -0.01148493 -0.08127537 -0.00193025
v -0.01148493 -0.08140855 -0.00174291
v -0.01148493 -0.08152580 -0.00155564
v -0.01148493 -0.08162580 -0.00137300
v -0.01148493 -0.08171064 -0.00119373
v -0.01154683 -0.08173868 -0.00109136
v -0.01160761 -0.08175980 -0.00098684
v -0.01135879 -0.08197258 -0.00030872
v -0.01135879 -0.08198400 -0.00020906
v -0.01142215 -0.08197827 -0.00020849
v -0.01142215 -0.08199228 -0.00000558
v -0.01146903 -0.08198560 0.00000000
v -0.01135879 -0.08191976 -0.00060718
v -0.01135879 -0.08189568 -0.00070673
v -0.01135879 -0.08186857 -0.00080506
v -0.01135879 -0.08183767 -0.00090466
v -0.01135879 -0.08180375 -0.00100282
v -0.01135879 -0.08172485 -0.00119995
v -0.01135879 -0.08176579 -0.00110222
v -0.01142215 -0.08176045 -0.00110008
v -0.01142215 -0.08179834 -0.00100085
v -0.01148493 -0.08178917 -0.00099751
v -0.01148493 -0.08182292 -0.00089983
v -0.01154683 -0.08180992 -0.00089556
v -0.01154683 -0.08184054 -0.00079685
v -0.01160761 -0.08182370 -0.00079192
v -0.01160761 -0.08185041 -0.00069501
v -0.01135879 -0.07998905 -0.00313983
v -0.01142215 -0.08017804 -0.00299838
v -0.01142215 -0.08047964 -0.00276325
v -0.01142215 -0.08073089 -0.00254293
v -0.01142215 -0.08094481 -0.00233217
v -0.01142215 -0.08112805 -0.00212930
v -0.01142215 -0.08128317 -0.00193613
v -0.01142215 -0.08141666 -0.00174834
v -0.01142215 -0.08153422 -0.00156058
v -0.01142215 -0.08163450 -0.00137743
v -0.01142215 -0.08171958 -0.00119765
v -0.01148493 -0.08175139 -0.00109645
v -0.01154683 -0.08177629 -0.00099284
v -0.01160761 -0.08179324 -0.00089009
v -0.01229981 -0.07836660 -0.00295131
v -0.01229981 -0.07773475 -0.00324195
v -0.01229680 -0.07839354 -0.00300571
v -0.01229680 -0.07775865 -0.00329775
v -0.01229008 -0.07842041 -0.00305996
v -0.01229008 -0.07778249 -0.00335340
v -0.01227966 -0.07844710 -0.00311385
v -0.01227966 -0.07780616 -0.00340868
v -0.01226557 -0.07847350 -0.00316718
v -0.01226557 -0.07782959 -0.00346338
v -0.01224782 -0.07849953 -0.00321974
v -0.01224782 -0.07785268 -0.00351730
v -0.01222647 -0.07852507 -0.00327132
v -0.01222647 -0.07787534 -0.00357021
v -0.01220158 -0.07855003 -0.00332173
v -0.01220158 -0.07789748 -0.00362192
v -0.01217321 -0.07857432 -0.00337076
v -0.01217321 -0.07791903 -0.00367222
v -0.01214147 -0.07859782 -0.00341823
v -0.01214147 -0.07793988 -0.00372091
v -0.01210645 -0.07862046 -0.00346393
v -0.01210645 -0.07795995 -0.00376779
v -0.01206826 -0.07864213 -0.00350769
v -0.01206826 -0.07797918 -0.00381268
v -0.01202704 -0.07866275 -0.00354933
v -0.01202704 -0.07799747 -0.00385538
v -0.01198299 -0.07868219 -0.00358860
v -0.01198299 -0.07801472 -0.00389567
v -0.01193614 -0.07870045 -0.00362548
v -0.01193614 -0.07803092 -0.00393350
v -0.01188672 -0.07871741 -0.00365972
v -0.01188672 -0.07804597 -0.00396863
v -0.01183491 -0.07873300 -0.00369120
v -0.01183491 -0.07805980 -0.00400091
v -0.01178089 -0.07874715 -0.00371976
v -0.01178089 -0.07807235 -0.00403021
v -0.01172485 -0.07875978 -0.00374528
v -0.01172485 -0.07808356 -0.00405639
v -0.01166702 -0.07877085 -0.00376764
v -0.01166702 -0.07809338 -0.00407933
v -0.01160761 -0.07878031 -0.00378673
v -0.01160761 -0.07810177 -0.00409891
v -0.01154683 -0.07878809 -0.00380245
v -0.01154683 -0.07810868 -0.00411503
v -0.01148493 -0.07879417 -0.00381472
v -0.01148493 -0.07811406 -0.00412762
v -0.01142215 -0.07879850 -0.00382347
v -0.01142215 -0.07811791 -0.00413659
v -0.01135879 -0.07880106 -0.00382863
v -0.01230000 -0.07658337 -0.00366317
v -0.01229981 -0.07567412 -0.00397501
v -0.01229680 -0.07569149 -0.00403318
v -0.01229008 -0.07570882 -0.00409118
v -0.01227966 -0.07572603 -0.00414880
v -0.01226557 -0.07574306 -0.00420582
v -0.01224782 -0.07575984 -0.00426201
v -0.01222647 -0.07577632 -0.00431717
v -0.01220158 -0.07579242 -0.00437107
v -0.01217321 -0.07580808 -0.00442349
v -0.01214147 -0.07582324 -0.00447425
v -0.01210645 -0.07583784 -0.00452311
v -0.01206826 -0.07585181 -0.00456990
v -0.01202704 -0.07586510 -0.00461442
v -0.01198299 -0.07587765 -0.00465641
v -0.01193614 -0.07588942 -0.00469584
v -0.01188672 -0.07590036 -0.00473246
v -0.01183491 -0.07591041 -0.00476611
v -0.01178089 -0.07591954 -0.00479665
v -0.01172485 -0.07592769 -0.00482394
v -0.01166702 -0.07593483 -0.00484784
v -0.01160761 -0.07594092 -0.00486825
v -0.01154683 -0.07594594 -0.00488506
v -0.01148493 -0.07594986 -0.00489818
v -0.01142215 -0.07595266 -0.00490754
v -0.01135879 -0.07595430 -0.00491305
v -0.01154683 -0.08191174 -0.00050276
v -0.01148493 -0.08192519 -0.00050535
v -0.01142215 -0.08193477 -0.00050720
v -0.01135879 -0.08194043 -0.00050829
v -0.01135879 -0.08163963 -0.00138004
v -0.01135879 -0.08153919 -0.00156348
v -0.01135879 -0.08142145 -0.00175154
v -0.01135879 -0.08128776 -0.00193960
v -0.01135879 -0.08113243 -0.00213303
v -0.01135879 -0.08048332 -0.00276769
v -0.01135879 -0.08073481 -0.00254714
v -0.01135879 -0.08094897 -0.00233615
v -0.01135879 -0.08018145 -0.00300302
v -0.01135879 -0.07935305 -0.00353613
v -0.01142215 -0.07935021 -0.00353112
v -0.01148493 -0.07934539 -0.00352264
v -0.01154683 -0.07933863 -0.00351073
v -0.01160761 -0.07932996 -0.00349547
v -0.01166702 -0.07931944 -0.00347695
v -0.01172485 -0.07930712 -0.00345526
v -0.01178089 -0.07929306 -0.00343049
v -0.01183491 -0.07927731 -0.00340278
v -0.01188672 -0.07925997 -0.00337224
v -0.01193614 -0.07924110 -0.00333901
v -0.01198299 -0.07922078 -0.00330323
v -0.01202704 -0.07919914 -0.00326512
v -0.01206826 -0.07917619 -0.00322472
v -0.01210645 -0.07915208 -0.00318226
v -0.01214147 -0.07912689 -0.00313791
v -0.01217321 -0.07910073 -0.00309185
v -0.01220158 -0.07907371 -0.00304427
v -0.01222647 -0.07904593 -0.00299536
v -0.01224782 -0.07901751 -0.00294531
v -0.01226557 -0.07898854 -0.00289431
v -0.01227966 -0.07895915 -0.00284257
v -0.01229008 -0.07892945 -0.00279028
v -0.01229680 -0.07889955 -0.00273764
v -0.01229981 -0.07886957 -0.00268485
v -0.01230000 -0.07911330 -0.00251860
v -0.01230000 -0.07853647 -0.00284364
v -0.01230000 -0.07777240 -0.00320492
v -0.01229981 -0.07685508 -0.00358760
v -0.01229680 -0.07687572 -0.00364470
v -0.01229008 -0.07689629 -0.00370163
v -0.01227966 -0.07691672 -0.00375819
v -0.01226557 -0.07693695 -0.00381416
v -0.01224782 -0.07695688 -0.00386931
v -0.01222647 -0.07697644 -0.00392345
v -0.01220158 -0.07699555 -0.00397636
v -0.01217321 -0.07701415 -0.00402782
v -0.01214147 -0.07703215 -0.00407763
v -0.01210645 -0.07704948 -0.00412560
v -0.01206826 -0.07706607 -0.00417152
v -0.01202704 -0.07708187 -0.00421522
v -0.01198299 -0.07709676 -0.00425644
v -0.01193614 -0.07711074 -0.00429514
v -0.01188672 -0.07712373 -0.00433108
v -0.01183491 -0.07713567 -0.00436411
v -0.01178089 -0.07714649 -0.00439409
v -0.01172485 -0.07715617 -0.00442087
v -0.01166702 -0.07716465 -0.00444434
v -0.01160761 -0.07717189 -0.00446437
v -0.01154683 -0.07717785 -0.00448087
v -0.01148493 -0.07718251 -0.00449375
v -0.01142215 -0.07718582 -0.00450293
v -0.01133105 -0.07880185 0.00382963
v -0.01133105 -0.08047841 0.00277356
v -0.01133105 -0.08163879 0.00138443
v -0.01139175 -0.08176208 0.00110477
v -0.01139175 -0.08172096 0.00120261
v -0.01145223 -0.08171416 0.00119962
v -0.01139175 -0.08199538 0.00001001
v -0.01163007 -0.08194359 0.00000792
v -0.01157162 -0.08196203 0.00000866
v -0.01174337 -0.08189601 0.00000600
v -0.01168740 -0.08192157 0.00000703
v -0.01179776 -0.08186701 0.00000484
v -0.01185107 -0.08183415 0.00000418
v -0.01194205 -0.08176605 0.00001010
v -0.01191024 -0.08179143 0.00001468
v -0.01203862 -0.08166106 0.00018078
v -0.01207921 -0.08161394 0.00017604
v -0.01211684 -0.08156428 0.00017104
v -0.01215134 -0.08151229 0.00016581
v -0.01221038 -0.08140203 0.00015471
v -0.01218257 -0.08145814 0.00016036
v -0.01223463 -0.08134416 0.00014889
v -0.01227201 -0.08122406 0.00013680
v -0.01225521 -0.08128476 0.00014291
v -0.01228495 -0.08116228 0.00013058
v -0.01229868 -0.08104147 0.00011842
v -0.01230000 -0.08097973 0.00020170
v -0.01229394 -0.08109973 0.00012429
v -0.01229868 -0.08040863 0.00152257
v -0.01230000 -0.08039343 0.00146097
v -0.01230000 -0.08053755 0.00127491
v -0.01229868 -0.07686608 0.00361780
v -0.01230000 -0.07669306 0.00362495
v -0.01230000 -0.07785851 0.00316735
v -0.01228495 -0.07423343 0.00452292
v -0.01229606 -0.07200000 0.00491810
v -0.01229394 -0.07421850 0.00446186
v -0.01229868 -0.07200000 0.00488016
v -0.01229868 -0.07420459 0.00440498
v -0.01230000 -0.07200000 0.00482781
v -0.01221038 -0.07429066 0.00475698
v -0.01223773 -0.07200000 0.00518139
v -0.01223463 -0.07427685 0.00470049
v -0.01225521 -0.07200000 0.00512904
v -0.01225521 -0.07426267 0.00464250
v -0.01226476 -0.07200000 0.00509563
v -0.01227201 -0.07424818 0.00458324
v -0.01228427 -0.07200000 0.00500763
v -0.01228495 -0.07200000 0.00500374
v -0.01207921 -0.07434124 0.00496387
v -0.01211439 -0.07200000 0.00541845
v -0.01211684 -0.07432939 0.00491540
v -0.01215135 -0.07200000 0.00536176
v -0.01215134 -0.07431698 0.00486463
v -0.01216219 -0.07200000 0.00534343
v -0.01218257 -0.07430405 0.00481176
v -0.01220343 -0.07200000 0.00526421
v -0.01221037 -0.07200000 0.00524898
v -0.01194935 -0.07437301 0.00509377
v -0.01200092 -0.07200000 0.00555372
v -0.01199532 -0.07436308 0.00505317
v -0.01203863 -0.07200000 0.00551391
v -0.01203862 -0.07435250 0.00500987
v -0.01206048 -0.07200000 0.00548872
v -0.01207922 -0.07200000 0.00546572
v -0.01174337 -0.07440527 0.00522573
v -0.01179352 -0.07200000 0.00571296
v -0.01179776 -0.07439838 0.00519753
v -0.01185037 -0.07200000 0.00567754
v -0.01185036 -0.07439069 0.00516607
v -0.01186690 -0.07200000 0.00566621
v -0.01190096 -0.07438222 0.00513145
v -0.01193622 -0.07200000 0.00561302
v -0.01194935 -0.07200000 0.00560180
v -0.01157162 -0.07442096 0.00528990
v -0.01163685 -0.07200000 0.00578604
v -0.01163007 -0.07441658 0.00527198
v -0.01168741 -0.07200000 0.00576604
v -0.01168740 -0.07441135 0.00525057
v -0.01171665 -0.07200000 0.00575298
v -0.01174338 -0.07200000 0.00574002
v -0.01139175 -0.07442889 0.00532233
v -0.01145223 -0.07200000 0.00583363
v -0.01145223 -0.07442712 0.00531510
v -0.01147078 -0.07200000 0.00583054
v -0.01151226 -0.07442448 0.00530429
v -0.01155470 -0.07200000 0.00581194
v -0.01157162 -0.07200000 0.00580724
v -0.01138237 -0.07448077 0.00531044
v -0.01133106 -0.07200000 0.00584500
v -0.01138568 -0.07200000 0.00584175
v -0.01133105 -0.08198482 0.00021337
v -0.01133105 -0.08199911 0.00001016
v -0.01133105 -0.08192029 0.00061048
v -0.01133105 -0.08195866 0.00041273
v -0.01133105 -0.08176555 0.00110616
v -0.01133105 -0.08172438 0.00120411
v -0.01133105 -0.08180373 0.00100650
v -0.01133105 -0.08183783 0.00090817
v -0.01139175 -0.08180022 0.00100522
v -0.01145223 -0.08175518 0.00110199
v -0.01151226 -0.08170397 0.00119514
v -0.01151226 -0.08184750 0.00080208
v -0.01151226 -0.08189853 0.00060555
v -0.01145223 -0.08190940 0.00060801
v -0.01151226 -0.08193664 0.00040916
v -0.01145223 -0.08194763 0.00041094
v -0.01151226 -0.08196262 0.00021114
v -0.01145223 -0.08197370 0.00021225
v -0.01151226 -0.08197682 0.00000926
v -0.01145223 -0.08198795 0.00000971
v -0.01139175 -0.08198110 0.00021300
v -0.01139175 -0.08195497 0.00041213
v -0.01139175 -0.08191665 0.00060965
v -0.01145223 -0.08188530 0.00070722
v -0.01151226 -0.08174486 0.00109784
v -0.01145223 -0.08179323 0.00100267
v -0.01139175 -0.08183429 0.00090700
v -0.01133105 -0.08186890 0.00080836
v -0.01139175 -0.08189250 0.00070909
v -0.01145223 -0.08185819 0.00080522
v -0.01151226 -0.08181664 0.00090120
v -0.01157162 -0.08176886 0.00099378
v -0.01157162 -0.08169041 0.00118919
v -0.01151226 -0.08178277 0.00099886
v -0.01145223 -0.08182722 0.00090467
v -0.01139175 -0.08186532 0.00080731
v -0.01133105 -0.08189611 0.00071003
v -0.01157162 -0.08194789 0.00020966
v -0.01163007 -0.08192953 0.00020781
v -0.01168740 -0.08190760 0.00020560
v -0.01174337 -0.08188216 0.00020304
v -0.01179776 -0.08185328 0.00020013
v -0.01185036 -0.08182105 0.00019689
v -0.01190096 -0.08178558 0.00019332
v -0.01194935 -0.08174700 0.00018943
v -0.01199532 -0.08170541 0.00018525
v -0.01133105 -0.08128572 0.00194438
v -0.01133105 -0.08113012 0.00213768
v -0.01139175 -0.08128274 0.00194212
v -0.01139175 -0.08112727 0.00213525
v -0.01145223 -0.08127681 0.00193763
v -0.01145223 -0.08112162 0.00213043
v -0.01151226 -0.08126794 0.00193091
v -0.01151226 -0.08111314 0.00212320
v -0.01157162 -0.08125613 0.00192197
v -0.01157162 -0.08110187 0.00211360
v -0.01163007 -0.08124142 0.00191083
v -0.01163007 -0.08108784 0.00210163
v -0.01168740 -0.08122385 0.00189752
v -0.01168740 -0.08107106 0.00208733
v -0.01174337 -0.08120347 0.00188208
v -0.01174337 -0.08105160 0.00207074
v -0.01179776 -0.08118033 0.00186455
v -0.01179776 -0.08102951 0.00205190
v -0.01185036 -0.08115451 0.00184500
v -0.01185036 -0.08100487 0.00203089
v -0.01190096 -0.08112609 0.00182347
v -0.01190096 -0.08097774 0.00200776
v -0.01194935 -0.08109517 0.00180006
v -0.01194935 -0.08094822 0.00198260
v -0.01199532 -0.08106185 0.00177482
v -0.01199532 -0.08091642 0.00195549
v -0.01203862 -0.08102632 0.00174791
v -0.01203862 -0.08088250 0.00192657
v -0.01207921 -0.08098857 0.00171931
v -0.01207921 -0.08084646 0.00189584
v -0.01211684 -0.08094879 0.00168918
v -0.01211684 -0.08080848 0.00186347
v -0.01215134 -0.08090714 0.00165763
v -0.01215134 -0.08076872 0.00182956
v -0.01218257 -0.08086374 0.00162476
v -0.01218257 -0.08072730 0.00179425
v -0.01221038 -0.08081879 0.00159071
v -0.01221038 -0.08068439 0.00175766
v -0.01223463 -0.08077243 0.00155560
v -0.01223463 -0.08064013 0.00171993
v -0.01225521 -0.08072484 0.00151955
v -0.01225521 -0.08059470 0.00168120
v -0.01227201 -0.08067621 0.00148271
v -0.01227201 -0.08054827 0.00164162
v -0.01228495 -0.08062670 0.00144522
v -0.01228495 -0.08050102 0.00160134
v -0.01229394 -0.08057659 0.00140727
v -0.01229394 -0.08045318 0.00156055
v -0.01229868 -0.08052991 0.00137191
v -0.01136411 -0.07815655 0.00412590
v -0.01135523 -0.07715730 0.00451956
v -0.01139175 -0.07811920 0.00413960
v -0.01139175 -0.07718702 0.00450598
v -0.01145223 -0.07811627 0.00413276
v -0.01145223 -0.07718449 0.00449898
v -0.01151226 -0.07811189 0.00412253
v -0.01151226 -0.07718071 0.00448851
v -0.01157162 -0.07810605 0.00410892
v -0.01157162 -0.07717568 0.00447459
v -0.01163007 -0.07809880 0.00409196
v -0.01163007 -0.07716940 0.00445724
v -0.01168740 -0.07809012 0.00407170
v -0.01168740 -0.07716192 0.00443650
v -0.01174337 -0.07808004 0.00404819
v -0.01174337 -0.07715322 0.00441245
v -0.01179776 -0.07806862 0.00402151
v -0.01179776 -0.07714336 0.00438515
v -0.01185036 -0.07805587 0.00399173
v -0.01185036 -0.07713235 0.00435469
v -0.01190096 -0.07804184 0.00395897
v -0.01190096 -0.07712024 0.00432117
v -0.01194935 -0.07802656 0.00392331
v -0.01194935 -0.07710706 0.00428469
v -0.01199532 -0.07801011 0.00388489
v -0.01199532 -0.07709286 0.00424538
v -0.01203862 -0.07799257 0.00384392
v -0.01203862 -0.07707771 0.00420346
v -0.01207921 -0.07797392 0.00380038
v -0.01207921 -0.07706161 0.00415892
v -0.01211684 -0.07795428 0.00375451
v -0.01211684 -0.07704465 0.00411199
v -0.01215134 -0.07793370 0.00370648
v -0.01215134 -0.07702690 0.00406284
v -0.01218257 -0.07791227 0.00365644
v -0.01218257 -0.07700840 0.00401165
v -0.01221038 -0.07789007 0.00360460
v -0.01221038 -0.07698923 0.00395861
v -0.01223463 -0.07786717 0.00355114
v -0.01223463 -0.07696947 0.00390392
v -0.01225521 -0.07784367 0.00349627
v -0.01225521 -0.07694918 0.00384777
v -0.01227201 -0.07781965 0.00344018
v -0.01227201 -0.07692844 0.00379039
v -0.01228495 -0.07779521 0.00338311
v -0.01228495 -0.07690734 0.00373200
v -0.01229394 -0.07777046 0.00332532
v -0.01229394 -0.07688598 0.00367287
v -0.01229868 -0.07774741 0.00327149
v -0.01157162 -0.08192203 0.00040679
v -0.01163007 -0.08190382 0.00040384
v -0.01168740 -0.08188206 0.00040031
v -0.01174337 -0.08185682 0.00039621
v -0.01179776 -0.08182816 0.00039156
v -0.01185036 -0.08179619 0.00038638
v -0.01190096 -0.08176101 0.00038067
v -0.01194935 -0.08172272 0.00037446
v -0.01199532 -0.08168147 0.00036777
v -0.01203862 -0.08163746 0.00036063
v -0.01207921 -0.08159072 0.00035305
v -0.01211684 -0.08154146 0.00034506
v -0.01215134 -0.08148988 0.00033669
v -0.01218257 -0.08143616 0.00032797
v -0.01221038 -0.08138049 0.00031894
v -0.01223463 -0.08132308 0.00030963
v -0.01225521 -0.08126415 0.00030007
v -0.01227201 -0.08120393 0.00029030
v -0.01228495 -0.08114264 0.00028036
v -0.01229394 -0.08108059 0.00027029
v -0.01229868 -0.08102279 0.00026092
v -0.01157162 -0.08188409 0.00060229
v -0.01163007 -0.08186610 0.00059821
v -0.01168740 -0.08184460 0.00059335
v -0.01174337 -0.08181966 0.00058770
v -0.01179776 -0.08179135 0.00058129
v -0.01185036 -0.08175976 0.00057414
v -0.01190096 -0.08172499 0.00056628
v -0.01194935 -0.08168716 0.00055771
v -0.01199532 -0.08164640 0.00054849
v -0.01203862 -0.08160292 0.00053865
v -0.01207921 -0.08155673 0.00052819
v -0.01211684 -0.08150806 0.00051718
v -0.01215134 -0.08145709 0.00050564
v -0.01218257 -0.08140402 0.00049363
v -0.01221038 -0.08134901 0.00048118
v -0.01223463 -0.08129229 0.00046834
v -0.01225521 -0.08123406 0.00045516
v -0.01227201 -0.08117456 0.00044169
v -0.01228495 -0.08111400 0.00042799
v -0.01229394 -0.08105268 0.00041411
v -0.01229868 -0.08099557 0.00040119
v -0.01230000 -0.08094416 0.00039545
v -0.01157162 -0.08183330 0.00079791
v -0.01163007 -0.08181559 0.00079271
v -0.01168740 -0.08179444 0.00078649
v -0.01174337 -0.08176991 0.00077929
v -0.01179776 -0.08174206 0.00077111
v -0.01185036 -0.08171098 0.00076198
v -0.01190096 -0.08167678 0.00075194
v -0.01194935 -0.08163957 0.00074101
v -0.01199532 -0.08159947 0.00072923
v -0.01203862 -0.08155670 0.00071667
v -0.01207921 -0.08151126 0.00070332
v -0.01211684 -0.08146338 0.00068926
v -0.01215134 -0.08141324 0.00067453
v -0.01218257 -0.08136102 0.00065920
v -0.01221038 -0.08130690 0.00064330
v -0.01223463 -0.08125111 0.00062692
v -0.01225521 -0.08119383 0.00061009
v -0.01227201 -0.08113529 0.00059290
v -0.01228495 -0.08107572 0.00057540
v -0.01229394 -0.08101540 0.00055769
v -0.01229868 -0.08095922 0.00054119
v -0.01230000 -0.08089475 0.00057619
v -0.01230000 -0.08083135 0.00075027
v -0.01229868 -0.08091301 0.00068171
v -0.01229394 -0.08096801 0.00070177
v -0.01228495 -0.08102708 0.00072330
v -0.01227201 -0.08108541 0.00074457
v -0.01225521 -0.08114272 0.00076547
v -0.01223463 -0.08119881 0.00078592
v -0.01221038 -0.08125345 0.00080584
v -0.01218257 -0.08130643 0.00082516
v -0.01215134 -0.08135756 0.00084381
v -0.01211684 -0.08140666 0.00086171
v -0.01207921 -0.08145354 0.00087880
v -0.01203862 -0.08149803 0.00089503
v -0.01199532 -0.08153991 0.00091030
v -0.01194935 -0.08157917 0.00092462
v -0.01190096 -0.08161561 0.00093790
v -0.01185036 -0.08164910 0.00095011
v -0.01179776 -0.08167953 0.00096121
v -0.01174337 -0.08170680 0.00097115
v -0.01168740 -0.08173082 0.00097991
v -0.01163007 -0.08175153 0.00098746
v -0.01139175 -0.08163547 0.00138273
v -0.01145223 -0.08162884 0.00137935
v -0.01151226 -0.08161893 0.00137428
v -0.01157162 -0.08160574 0.00136755
v -0.01163007 -0.08167352 0.00118177
v -0.01163007 -0.08158931 0.00135916
v -0.01168740 -0.08165333 0.00117290
v -0.01168740 -0.08156968 0.00134913
v -0.01174337 -0.08162992 0.00116262
v -0.01174337 -0.08154690 0.00133750
v -0.01179776 -0.08160334 0.00115095
v -0.01179776 -0.08152105 0.00132430
v -0.01185036 -0.08157369 0.00113793
v -0.01185036 -0.08149221 0.00130957
v -0.01190096 -0.08154105 0.00112360
v -0.01190096 -0.08146046 0.00129336
v -0.01194935 -0.08150554 0.00110800
v -0.01194935 -0.08142592 0.00127572
v -0.01199532 -0.08146727 0.00109120
v -0.01199532 -0.08138870 0.00125671
v -0.01203862 -0.08142646 0.00107328
v -0.01203862 -0.08134900 0.00123644
v -0.01207921 -0.08138309 0.00105423
v -0.01207921 -0.08130682 0.00121490
v -0.01211684 -0.08133741 0.00103417
v -0.01211684 -0.08126238 0.00119221
v -0.01215134 -0.08128957 0.00101316
v -0.01215134 -0.08121584 0.00116844
v -0.01218257 -0.08123973 0.00099128
v -0.01218257 -0.08116737 0.00114369
v -0.01221038 -0.08118810 0.00096860
v -0.01221038 -0.08111714 0.00111804
v -0.01223463 -0.08113485 0.00094522
v -0.01223463 -0.08106535 0.00109159
v -0.01225521 -0.08108019 0.00092121
v -0.01225521 -0.08101218 0.00106444
v -0.01227201 -0.08102433 0.00089668
v -0.01227201 -0.08095784 0.00103669
v -0.01228495 -0.08096748 0.00087172
v -0.01228495 -0.08090255 0.00100845
v -0.01229394 -0.08090992 0.00084644
v -0.01229394 -0.08084656 0.00097986
v -0.01229868 -0.08085631 0.00082290
v -0.01229868 -0.08079442 0.00095323
v -0.01133105 -0.08153808 0.00156786
v -0.01139175 -0.08153486 0.00156597
v -0.01145223 -0.08152845 0.00156220
v -0.01151226 -0.08151885 0.00155656
v -0.01157162 -0.08150608 0.00154907
v -0.01163007 -0.08149017 0.00153972
v -0.01168740 -0.08147116 0.00152856
v -0.01174337 -0.08144911 0.00151562
v -0.01179776 -0.08142408 0.00150092
v -0.01185036 -0.08139615 0.00148452
v -0.01190096 -0.08136541 0.00146647
v -0.01194935 -0.08133197 0.00144684
v -0.01199532 -0.08129593 0.00142568
v -0.01203862 -0.08125748 0.00140311
v -0.01207921 -0.08121665 0.00137913
v -0.01211684 -0.08117362 0.00135386
v -0.01215134 -0.08112855 0.00132740
v -0.01218257 -0.08108162 0.00129985
v -0.01221038 -0.08103298 0.00127129
v -0.01223463 -0.08098283 0.00124185
v -0.01225521 -0.08093136 0.00121162
v -0.01227201 -0.08087875 0.00118073
v -0.01228495 -0.08082520 0.00114929
v -0.01229394 -0.08077099 0.00111747
v -0.01229868 -0.08072050 0.00108782
v -0.01133105 -0.08142007 0.00175585
v -0.01139175 -0.08141696 0.00175377
v -0.01145223 -0.08141079 0.00174963
v -0.01151226 -0.08140153 0.00174344
v -0.01157162 -0.08138923 0.00173520
v -0.01163007 -0.08137391 0.00172493
v -0.01168740 -0.08135559 0.00171266
v -0.01174337 -0.08133435 0.00169843
v -0.01179776 -0.08131023 0.00168228
v -0.01185036 -0.08128332 0.00166425
v -0.01190096 -0.08125371 0.00164441
v -0.01194935 -0.08122148 0.00162283
v -0.01199532 -0.08118676 0.00159957
v -0.01203862 -0.08114972 0.00157476
v -0.01207921 -0.08111037 0.00154841
v -0.01211684 -0.08106892 0.00152064
v -0.01215134 -0.08102550 0.00149155
v -0.01218257 -0.08098028 0.00146126
v -0.01221038 -0.08093342 0.00142988
v -0.01223463 -0.08088510 0.00139751
v -0.01225521 -0.08083551 0.00136429
v -0.01227201 -0.08078482 0.00133034
v -0.01228495 -0.08073323 0.00129578
v -0.01229394 -0.08068100 0.00126080
v -0.01229868 -0.08063235 0.00122821
v -0.01230000 -0.08075239 0.00092253
v -0.01230000 -0.08065610 0.00109544
v -0.01133105 -0.08094578 0.00234123
v -0.01139175 -0.08094309 0.00233865
v -0.01145223 -0.08093772 0.00233350
v -0.01151226 -0.08092969 0.00232579
v -0.01157162 -0.08091900 0.00231554
v -0.01163007 -0.08090568 0.00230277
v -0.01168740 -0.08088978 0.00228751
v -0.01174337 -0.08087132 0.00226981
v -0.01179776 -0.08085037 0.00224972
v -0.01185036 -0.08082700 0.00222730
v -0.01190096 -0.08080127 0.00220263
v -0.01194935 -0.08077328 0.00217578
v -0.01199532 -0.08074312 0.00214685
v -0.01203862 -0.08071095 0.00211600
v -0.01207921 -0.08067677 0.00208322
v -0.01211684 -0.08064076 0.00204868
v -0.01215134 -0.08060304 0.00201251
v -0.01218257 -0.08056376 0.00197483
v -0.01221038 -0.08052306 0.00193579
v -0.01223463 -0.08048109 0.00189554
v -0.01225521 -0.08043800 0.00185422
v -0.01227201 -0.08039398 0.00181199
v -0.01228495 -0.08034916 0.00176901
v -0.01229394 -0.08030380 0.00172550
v -0.01229868 -0.08026154 0.00168497
v -0.01230000 -0.08021818 0.00165601
v -0.01133105 -0.08072927 0.00255407
v -0.01139175 -0.08072673 0.00255133
v -0.01145223 -0.08072167 0.00254588
v -0.01151226 -0.08071410 0.00253772
v -0.01157162 -0.08070403 0.00252686
v -0.01163007 -0.08069149 0.00251333
v -0.01168740 -0.08067650 0.00249717
v -0.01174337 -0.08065911 0.00247842
v -0.01179776 -0.08063937 0.00245713
v -0.01185036 -0.08061734 0.00243338
v -0.01190096 -0.08059310 0.00240725
v -0.01194935 -0.08056673 0.00237881
v -0.01199532 -0.08053831 0.00234816
v -0.01203862 -0.08050799 0.00231548
v -0.01207921 -0.08047579 0.00228075
v -0.01211684 -0.08044185 0.00224416
v -0.01215134 -0.08040632 0.00220584
v -0.01218257 -0.08036931 0.00216594
v -0.01221038 -0.08033096 0.00212458
v -0.01223463 -0.08029141 0.00208194
v -0.01225521 -0.08025081 0.00203817
v -0.01227201 -0.08020933 0.00199343
v -0.01228495 -0.08016711 0.00194791
v -0.01229394 -0.08012436 0.00190181
v -0.01229868 -0.08008454 0.00185888
v -0.01230000 -0.07999907 0.00186739
v -0.01139175 -0.08047604 0.00277068
v -0.01145223 -0.08047130 0.00276495
v -0.01151226 -0.08046421 0.00275637
v -0.01157162 -0.08045477 0.00274495
v -0.01163007 -0.08044302 0.00273073
v -0.01168740 -0.08042899 0.00271373
v -0.01174337 -0.08041269 0.00269402
v -0.01179776 -0.08039421 0.00267164
v -0.01185036 -0.08037357 0.00264667
v -0.01190096 -0.08035087 0.00261918
v -0.01194935 -0.08032616 0.00258928
v -0.01199532 -0.08029954 0.00255706
v -0.01203862 -0.08027115 0.00252269
v -0.01207921 -0.08024098 0.00248618
v -0.01211684 -0.08020919 0.00244770
v -0.01215134 -0.08017590 0.00240741
v -0.01218257 -0.08014123 0.00236545
v -0.01221038 -0.08010530 0.00232197
v -0.01223463 -0.08006826 0.00227713
v -0.01225521 -0.08003024 0.00223111
v -0.01227201 -0.07999137 0.00218407
v -0.01228495 -0.07995182 0.00213620
v -0.01229394 -0.07991178 0.00208773
v -0.01229868 -0.07987448 0.00204258
v -0.01230000 -0.07967446 0.00213562
v -0.01133105 -0.08017886 0.00300647
v -0.01133105 -0.07979597 0.00326982
v -0.01139175 -0.08017665 0.00300346
v -0.01139175 -0.07979395 0.00326668
v -0.01145223 -0.08017225 0.00299746
v -0.01145223 -0.07978991 0.00326043
v -0.01151226 -0.08016566 0.00298849
v -0.01151226 -0.07978388 0.00325108
v -0.01157162 -0.08015690 0.00297655
v -0.01157162 -0.07977585 0.00323864
v -0.01163007 -0.08014598 0.00296168
v -0.01163007 -0.07976585 0.00322313
v -0.01168740 -0.08013293 0.00294391
v -0.01168740 -0.07975390 0.00320461
v -0.01174337 -0.08011780 0.00292330
v -0.01174337 -0.07974003 0.00318312
v -0.01179776 -0.08010062 0.00289990
v -0.01179776 -0.07972430 0.00315873
v -0.01185036 -0.08008146 0.00287380
v -0.01185036 -0.07970674 0.00313152
v -0.01190096 -0.08006036 0.00284506
v -0.01190096 -0.07968741 0.00310156
v -0.01194935 -0.08003740 0.00281380
v -0.01194935 -0.07966638 0.00306897
v -0.01199532 -0.08001267 0.00278011
v -0.01199532 -0.07964373 0.00303385
v -0.01203862 -0.07998629 0.00274418
v -0.01203862 -0.07961956 0.00299640
v -0.01207921 -0.07995826 0.00270600
v -0.01207921 -0.07959387 0.00295660
v -0.01211684 -0.07992873 0.00266578
v -0.01211684 -0.07956682 0.00291468
v -0.01215134 -0.07989780 0.00262366
v -0.01215134 -0.07953849 0.00287076
v -0.01218257 -0.07986559 0.00257978
v -0.01218257 -0.07950898 0.00282503
v -0.01221038 -0.07983221 0.00253432
v -0.01221038 -0.07947841 0.00277764
v -0.01223463 -0.07979780 0.00248745
v -0.01223463 -0.07944687 0.00272877
v -0.01225521 -0.07976247 0.00243933
v -0.01225521 -0.07941451 0.00267861
v -0.01227201 -0.07972636 0.00239015
v -0.01227201 -0.07938143 0.00262735
v -0.01228495 -0.07968961 0.00234010
v -0.01228495 -0.07934777 0.00257517
v -0.01229394 -0.07965241 0.00228942
v -0.01229394 -0.07931368 0.00252235
v -0.01229868 -0.07961775 0.00224223
v -0.01229868 -0.07928194 0.00247315
v -0.01229868 -0.07888494 0.00271309
v -0.01229394 -0.07891385 0.00276401
v -0.01228495 -0.07894489 0.00281868
v -0.01227201 -0.07897556 0.00287267
v -0.01225521 -0.07900568 0.00292572
v -0.01223463 -0.07903516 0.00297763
v -0.01221038 -0.07906388 0.00302820
v -0.01218257 -0.07909172 0.00307725
v -0.01215134 -0.07911860 0.00312458
v -0.01211684 -0.07914440 0.00317002
v -0.01207921 -0.07916904 0.00321341
v -0.01203862 -0.07919243 0.00325459
v -0.01199532 -0.07921444 0.00329336
v -0.01194935 -0.07923508 0.00332970
v -0.01190096 -0.07925423 0.00336342
v -0.01185036 -0.07927183 0.00339442
v -0.01179776 -0.07928783 0.00342259
v -0.01174337 -0.07930216 0.00344783
v -0.01168740 -0.07931478 0.00347007
v -0.01163007 -0.07932567 0.00348923
v -0.01157162 -0.07933478 0.00350528
v -0.01151226 -0.07934209 0.00351815
v -0.01145223 -0.07934759 0.00352783
v -0.01139175 -0.07935126 0.00353430
v -0.01133105 -0.07935311 0.00353755
v -0.01139175 -0.07880019 0.00382628
v -0.01145223 -0.07879689 0.00381962
v -0.01151226 -0.07879195 0.00380964
v -0.01157162 -0.07878537 0.00379637
v -0.01163007 -0.07877719 0.00377984
v -0.01168740 -0.07876740 0.00376009
v -0.01174337 -0.07875606 0.00373717
v -0.01179776 -0.07874317 0.00371116
v -0.01185036 -0.07872880 0.00368213
v -0.01190096 -0.07871298 0.00365019
v -0.01194935 -0.07869577 0.00361543
v -0.01199532 -0.07867722 0.00357798
v -0.01203862 -0.07865744 0.00353804
v -0.01207921 -0.07863642 0.00349560
v -0.01211684 -0.07861428 0.00345088
v -0.01215134 -0.07859109 0.00340405
v -0.01218257 -0.07856693 0.00335528
v -0.01221038 -0.07854190 0.00330474
v -0.01223463 -0.07851610 0.00325262
v -0.01225521 -0.07848960 0.00319913
v -0.01227201 -0.07846253 0.00314445
v -0.01228495 -0.07843497 0.00308881
v -0.01229394 -0.07840707 0.00303248
v -0.01229868 -0.07838108 0.00298001
v -0.01230000 -0.07926872 0.00242050
v -0.01230000 -0.07868227 0.00276650
v -0.01133213 -0.07595462 0.00491423
v -0.01139175 -0.07595356 0.00491068
v -0.01145223 -0.07595143 0.00490356
v -0.01151226 -0.07594824 0.00489289
v -0.01157162 -0.07594400 0.00487870
v -0.01163007 -0.07593872 0.00486102
v -0.01168740 -0.07593241 0.00483990
v -0.01174337 -0.07592510 0.00481540
v -0.01179776 -0.07591679 0.00478759
v -0.01185036 -0.07590752 0.00475655
v -0.01190096 -0.07589731 0.00472240
v -0.01194935 -0.07588622 0.00468524
v -0.01199532 -0.07587425 0.00464519
v -0.01203862 -0.07586150 0.00460248
v -0.01207921 -0.07584795 0.00455710
v -0.01211684 -0.07583366 0.00450929
v -0.01215134 -0.07581871 0.00445922
v -0.01218257 -0.07580313 0.00440707
v -0.01221038 -0.07578699 0.00435303
v -0.01223463 -0.07577035 0.00429731
v -0.01225521 -0.07575326 0.00424011
v -0.01227201 -0.07573580 0.00418165
v -0.01228495 -0.07571803 0.00412216
v -0.01229394 -0.07570004 0.00406192
v -0.01229868 -0.07568328 0.00400582
v -0.01230000 -0.07485629 0.00418564
v -0.00163653 -0.06417851 -0.00690550
v -0.00708682 -0.08034433 -0.00200769
v -0.00699760 -0.08032247 -0.00191901
v -0.00715483 -0.08070296 -0.00156443
v -0.00706914 -0.08066913 -0.00148223
v -0.00698696 -0.08063204 -0.00139836
v -0.00706513 -0.08082184 -0.00117904
v -0.00663415 -0.08040243 -0.00096188
v -0.00657598 -0.08034880 -0.00087279
v -0.00672009 -0.08066010 -0.00048083
v -0.00426367 -0.07573873 -0.00259895
v -0.00423894 -0.07571723 -0.00247312
v -0.00549662 -0.07829169 -0.00160750
v -0.00896876 -0.08193345 -0.00051722
v -0.00896525 -0.08186323 -0.00080441
v -0.00896718 -0.08190196 -0.00066069
v -0.00877832 -0.08022711 -0.00296872
v -0.00796575 -0.07859983 -0.00390378
v -0.00781136 -0.07821076 -0.00408034
v -0.00769656 -0.07825111 -0.00404321
v -0.00843105 -0.08163489 -0.00118554
v -0.00832693 -0.08161899 -0.00115181
v -0.00833518 -0.08168136 -0.00100211
v -0.00829787 -0.08097134 -0.00216721
v -0.00826273 -0.08084144 -0.00230266
v -0.00815437 -0.08084674 -0.00225090
v -0.00825312 -0.08182906 -0.00030702
v -0.00815196 -0.08179592 -0.00029399
v -0.00815480 -0.08181559 -0.00010778
v -0.00775937 -0.08061593 -0.00229432
v -0.00768336 -0.08040110 -0.00247949
v -0.00757803 -0.08040058 -0.00240906
v -0.00657820 -0.07774095 -0.00394241
v -0.00689787 -0.07846802 -0.00363487
v -0.00700893 -0.07844520 -0.00370892
v -0.00669023 -0.07771385 -0.00401731
v -0.00637068 -0.07699689 -0.00428139
v -0.00625788 -0.07702734 -0.00420598
v -0.00765469 -0.08061162 -0.00222623
v -0.00747467 -0.08039650 -0.00233510
v -0.00716656 -0.07999443 -0.00251377
v -0.00711733 -0.07999145 -0.00247098
v -0.00727507 -0.08037755 -0.00217731
v -0.00625618 -0.07780404 -0.00368701
v -0.00593398 -0.07710113 -0.00394777
v -0.00583212 -0.07711950 -0.00385179
v -0.00151651 -0.06423572 -0.00689090
v -0.00678782 -0.08081790 0.00000000
v -0.00678827 -0.08081848 0.00000000
v -0.00678682 -0.08081488 -0.00003393
v -0.00645842 -0.08027820 -0.00003328
v -0.00646641 -0.08029455 0.00000000
v -0.00657389 -0.08049680 0.00000002
v -0.00639991 -0.08015850 -0.00019916
v -0.00643229 -0.08022476 -0.00011659
v -0.00651266 -0.08037481 -0.00021445
v -0.00644867 -0.08025827 -0.00006758
v -0.00610327 -0.07953430 -0.00096313
v -0.00615809 -0.07966378 -0.00063000
v -0.00638621 -0.08011463 -0.00051788
v -0.00627555 -0.07990408 -0.00044553
v -0.00634996 -0.08005632 -0.00030776
v -0.00569317 -0.07871258 -0.00117867
v -0.00597645 -0.07929214 -0.00086971
v -0.00449567 -0.07626263 -0.00208479
v -0.00524152 -0.07778855 -0.00157581
v -0.00917098 -0.08200000 -0.00000002
v -0.00914559 -0.08199988 -0.00000015
v -0.00866499 -0.08194830 -0.00014075
v -0.00876824 -0.08197243 -0.00000002
v -0.00876755 -0.08196370 -0.00014640
v -0.00876835 -0.08197244 -0.00000002
v -0.00886984 -0.08197549 -0.00015173
v -0.00892085 -0.08198931 -0.00000024
v -0.00897166 -0.08198371 -0.00015674
v -0.00897232 -0.08199323 -0.00000031
v -0.00907286 -0.08198843 -0.00016141
v -0.00845980 -0.08190642 -0.00012848
v -0.00856305 -0.08193711 0.00000005
v -0.00856234 -0.08192921 -0.00013477
v -0.00856321 -0.08193715 0.00000005
v -0.00866156 -0.08195590 0.00000001
v -0.00835756 -0.08187988 -0.00012188
v -0.00825583 -0.08184961 -0.00011497
v -0.00817580 -0.08182900 0.00000000
v -0.00835828 -0.08188693 0.00000002
v -0.00835850 -0.08188699 0.00000002
v -0.00842060 -0.08190382 0.00000004
v -0.00776189 -0.08164275 -0.00007629
v -0.00776249 -0.08164703 0.00000002
v -0.00793466 -0.08173192 0.00000002
v -0.00772985 -0.08162935 0.00000002
v -0.00757148 -0.08152060 -0.00020579
v -0.00753608 -0.08151317 0.00000000
v -0.00766800 -0.08159441 0.00000002
v -0.00748100 -0.08146261 -0.00018966
v -0.00739279 -0.08140143 -0.00017321
v -0.00739659 -0.08141650 0.00000001
v -0.00730704 -0.08133719 -0.00015646
v -0.00734790 -0.08137990 0.00000002
v -0.00722389 -0.08127003 -0.00013945
v -0.00722738 -0.08128234 0.00000007
v -0.00714348 -0.08120012 -0.00012222
v -0.00716554 -0.08122810 0.00000010
v -0.00706596 -0.08112758 -0.00010479
v -0.00700810 -0.08107536 0.00000010
v -0.00685178 -0.08089609 -0.00005175
v -0.00686650 -0.08091673 0.00000002
v -0.00692000 -0.08097539 -0.00006953
v -0.00692221 -0.08098184 0.00000006
v -0.00699143 -0.08105262 -0.00008722
v -0.00672520 -0.08073197 -0.00001610
v -0.00668136 -0.08066914 0.00000000
v -0.00670967 -0.08071058 0.00000001
v -0.00664051 -0.08058903 -0.00021545
v -0.00660861 -0.08052056 -0.00034717
v -0.00655869 -0.08044837 -0.00028063
v -0.00667434 -0.08065863 -0.00000000
v -0.00669622 -0.08066557 -0.00026785
v -0.00666656 -0.08064687 -0.00000000
v -0.00666613 -0.08064621 -0.00000000
v -0.00661047 -0.08055837 -0.00000001
v -0.00661005 -0.08055767 -0.00000001
v -0.00042084 -0.06472815 -0.00645915
v -0.00053865 -0.06467812 -0.00653479
v -0.00030561 -0.06477624 -0.00637678
v -0.00019344 -0.06482219 -0.00628787
v -0.00008479 -0.06486579 -0.00619268
v 0.00001987 -0.06490684 -0.00609151
v -0.00090268 -0.06451869 -0.00672008
v -0.00102593 -0.06446321 -0.00676785
v -0.00139507 -0.06429300 -0.00687004
v -0.00127256 -0.06435014 -0.00684269
v -0.00114938 -0.06440695 -0.00680868
v -0.00078006 -0.06457315 -0.00666531
v -0.00065855 -0.06462637 -0.00660354
v -0.00603914 -0.07707959 -0.00403897
v -0.00636080 -0.07778616 -0.00377706
v -0.00668212 -0.07850431 -0.00347204
v -0.00725786 -0.08055827 -0.00192266
v -0.00717939 -0.08036271 -0.00209387
v -0.00735323 -0.08057701 -0.00200288
v -0.00737359 -0.08038881 -0.00225779
v -0.00721651 -0.07999652 -0.00255572
v -0.00743094 -0.08078389 -0.00179879
v -0.00741390 -0.08097421 -0.00147523
v -0.00750840 -0.08100374 -0.00154471
v -0.00745288 -0.08108861 -0.00131968
v -0.00754709 -0.08112202 -0.00138447
v -0.00749235 -0.08121309 -0.00112179
v -0.00758618 -0.08125140 -0.00117978
v -0.00751246 -0.08128177 -0.00099346
v -0.00760605 -0.08132316 -0.00104649
v -0.00753324 -0.08135848 -0.00082436
v -0.00762654 -0.08140372 -0.00087023
v -0.00763719 -0.08144923 -0.00075156
v -0.00773238 -0.08149334 -0.00079117
v -0.00774282 -0.08154478 -0.00063182
v -0.00754407 -0.08140162 -0.00071086
v -0.00764788 -0.08149796 -0.00059899
v -0.00765753 -0.08154410 -0.00040966
v -0.00775221 -0.08159357 -0.00043375
v -0.00766407 -0.08157529 -0.00022156
v -0.00775858 -0.08162656 -0.00023693
v -0.00766838 -0.08159463 0.00000002
v -0.00772196 -0.08144546 -0.00091486
v -0.00770185 -0.08136103 -0.00109803
v -0.00768228 -0.08128615 -0.00123608
v -0.00764368 -0.08115185 -0.00144730
v -0.00760539 -0.08102969 -0.00161200
v -0.00752856 -0.08080376 -0.00187216
v -0.00637986 -0.07853401 -0.00319418
v -0.00679909 -0.07925004 -0.00292907
v -0.00647731 -0.07852750 -0.00329095
v -0.00684879 -0.07924861 -0.00297445
v -0.00657817 -0.07851758 -0.00338366
v -0.00689925 -0.07924632 -0.00301885
v -0.00695045 -0.07924317 -0.00306226
v -0.00745133 -0.08059216 -0.00208034
v -0.00755191 -0.08060370 -0.00215485
v -0.00762854 -0.08082000 -0.00194285
v -0.00773062 -0.08083259 -0.00201069
v -0.00770462 -0.08105200 -0.00167697
v -0.00780583 -0.08107064 -0.00173946
v -0.00785804 -0.08169138 -0.00008454
v -0.00795639 -0.08174168 0.00000002
v -0.00783453 -0.08084154 -0.00207554
v -0.00726714 -0.07999773 -0.00259679
v -0.00731841 -0.07999805 -0.00263695
v -0.00737028 -0.07999749 -0.00267619
v -0.00705488 -0.07923431 -0.00314596
v -0.00710802 -0.07922861 -0.00318619
v -0.00678881 -0.07848777 -0.00355585
v -0.00614724 -0.07705495 -0.00412511
v -0.00646827 -0.07776509 -0.00386227
v -0.00700234 -0.07923917 -0.00310463
v -0.00680394 -0.07768394 -0.00408682
v -0.00712162 -0.07841940 -0.00377786
v -0.00723557 -0.07839077 -0.00384157
v -0.00742271 -0.07999605 -0.00271447
v -0.00716173 -0.07922208 -0.00322533
v -0.00758297 -0.07998654 -0.00282338
v -0.00752910 -0.07999057 -0.00278808
v -0.00747566 -0.07999374 -0.00275177
v -0.00811873 -0.08110448 -0.00191082
v -0.00797676 -0.08096870 -0.00200667
v -0.00801315 -0.08109687 -0.00185649
v -0.00790876 -0.08108559 -0.00179934
v -0.00805470 -0.08177786 -0.00010030
v -0.00805172 -0.08175907 -0.00028045
v -0.00795571 -0.08173645 -0.00009255
v -0.00795260 -0.08171852 -0.00026641
v -0.00785483 -0.08167433 -0.00025189
v -0.00763725 -0.07998166 -0.00285764
v -0.00779036 -0.08039809 -0.00254626
v -0.00786566 -0.08061667 -0.00235899
v -0.00793998 -0.08084685 -0.00213726
v -0.00743717 -0.07917733 -0.00340368
v -0.00749333 -0.07916605 -0.00343577
v -0.00789871 -0.08039162 -0.00260922
v -0.00774683 -0.07996941 -0.00292301
v -0.00769188 -0.07997595 -0.00289086
v -0.00753740 -0.07957599 -0.00314842
v -0.00748229 -0.07958394 -0.00311444
v -0.00732579 -0.07919760 -0.00333587
v -0.00727065 -0.07920656 -0.00330019
v -0.00808294 -0.08097314 -0.00206335
v -0.00822523 -0.08110847 -0.00196224
v -0.00825978 -0.08125373 -0.00177592
v -0.00815402 -0.08124596 -0.00172744
v -0.00804915 -0.08123453 -0.00167632
v -0.00794542 -0.08121940 -0.00162264
v -0.00784310 -0.08120058 -0.00156651
v -0.00774244 -0.08117805 -0.00150802
v -0.00831038 -0.08151110 -0.00137038
v -0.00829371 -0.08141751 -0.00153244
v -0.00820612 -0.08149538 -0.00132980
v -0.00818887 -0.08140489 -0.00148844
v -0.00810267 -0.08147594 -0.00128720
v -0.00808488 -0.08138857 -0.00144219
v -0.00800029 -0.08145277 -0.00124264
v -0.00798198 -0.08136852 -0.00139373
v -0.00789920 -0.08142588 -0.00119621
v -0.00788042 -0.08134476 -0.00134316
v -0.00779964 -0.08139528 -0.00114797
v -0.00778044 -0.08131729 -0.00129058
v -0.00782944 -0.08153389 -0.00082963
v -0.00783957 -0.08158805 -0.00066371
v -0.00792815 -0.08157081 -0.00086685
v -0.00793793 -0.08162770 -0.00069461
v -0.00802831 -0.08160404 -0.00090277
v -0.00803769 -0.08166369 -0.00072445
v -0.00812968 -0.08163356 -0.00093732
v -0.00813863 -0.08169596 -0.00075319
v -0.00823205 -0.08165933 -0.00097045
v -0.00824053 -0.08172450 -0.00078078
v -0.00781930 -0.08148362 -0.00095815
v -0.00791833 -0.08151812 -0.00100002
v -0.00801884 -0.08154894 -0.00104039
v -0.00812059 -0.08157603 -0.00107918
v -0.00822337 -0.08159938 -0.00111634
v -0.00784866 -0.08163953 -0.00045716
v -0.00794667 -0.08168188 -0.00047987
v -0.00804604 -0.08172059 -0.00050182
v -0.00814656 -0.08175559 -0.00052298
v -0.00824803 -0.08178687 -0.00054333
v -0.00835022 -0.08181440 -0.00056281
v -0.00834692 -0.08178341 -0.00068880
v -0.00443810 -0.07282297 -0.00537504
v -0.00520161 -0.07415873 -0.00514560
v -0.00455563 -0.07277900 -0.00544479
v -0.00531984 -0.07411524 -0.00520921
v -0.00467464 -0.07273306 -0.00550808
v -0.00543909 -0.07406983 -0.00526649
v -0.00479469 -0.07268535 -0.00556485
v -0.00555892 -0.07402271 -0.00531741
v -0.00491534 -0.07263610 -0.00561512
v -0.00567892 -0.07397408 -0.00536202
v -0.00503617 -0.07258551 -0.00565890
v -0.00579869 -0.07392415 -0.00540037
v -0.00515676 -0.07253379 -0.00569629
v -0.00591787 -0.07387315 -0.00543257
v -0.00527673 -0.07248116 -0.00572739
v -0.00603608 -0.07382125 -0.00545877
v -0.00539572 -0.07242783 -0.00575236
v -0.00551338 -0.07237399 -0.00577138
v -0.00615301 -0.07376868 -0.00547913
v -0.00596223 -0.07551038 -0.00485345
v -0.00608044 -0.07546803 -0.00491125
v -0.00619922 -0.07542378 -0.00496292
v -0.00631816 -0.07537780 -0.00500847
v -0.00643690 -0.07533031 -0.00504798
v -0.00655505 -0.07528152 -0.00508152
v -0.00667227 -0.07523161 -0.00510922
v -0.00764859 -0.07955772 -0.00321298
v -0.00770457 -0.07954742 -0.00324351
v -0.00754974 -0.07915404 -0.00346665
v -0.00776075 -0.07953637 -0.00327288
v -0.00796899 -0.07993523 -0.00304078
v -0.00791318 -0.07994495 -0.00301298
v -0.00785752 -0.07995389 -0.00298408
v -0.00760636 -0.07914130 -0.00349628
v -0.00781710 -0.07952458 -0.00330107
v -0.00808092 -0.07991355 -0.00309304
v -0.00837151 -0.08083276 -0.00235094
v -0.00840607 -0.08096524 -0.00221427
v -0.00843992 -0.08110581 -0.00205608
v -0.00839915 -0.08142646 -0.00157410
v -0.00841523 -0.08152312 -0.00140889
v -0.00845293 -0.08183819 -0.00058143
v -0.00845545 -0.08186444 -0.00045247
v -0.00855828 -0.08188556 -0.00046692
v -0.00853552 -0.08164710 -0.00121748
v -0.00852802 -0.08158665 -0.00134223
v -0.00735040 -0.07835946 -0.00389999
v -0.00766315 -0.07912785 -0.00352468
v -0.00777705 -0.07909892 -0.00357775
v -0.00793010 -0.07949886 -0.00335390
v -0.00789111 -0.07906739 -0.00362583
v -0.00804326 -0.07947042 -0.00340197
v -0.00800499 -0.07903345 -0.00366892
v -0.00815625 -0.07943940 -0.00344529
v -0.00811839 -0.07899725 -0.00370708
v -0.00848042 -0.08082078 -0.00239573
v -0.00851439 -0.08095578 -0.00225802
v -0.00854758 -0.08109932 -0.00209840
v -0.00847293 -0.08125847 -0.00186474
v -0.00858920 -0.08080563 -0.00243700
v -0.00862260 -0.08094308 -0.00229844
v -0.00865513 -0.08108950 -0.00213762
v -0.00857981 -0.08125557 -0.00190498
v -0.00859551 -0.08134099 -0.00178818
v -0.00834319 -0.08174929 -0.00080718
v -0.00844986 -0.08180588 -0.00071083
v -0.00855596 -0.08185825 -0.00059914
v -0.00866123 -0.08190297 -0.00048063
v -0.00843887 -0.08169967 -0.00103225
v -0.00844639 -0.08177035 -0.00083236
v -0.00855312 -0.08182464 -0.00073177
v -0.00865909 -0.08187460 -0.00061593
v -0.00876408 -0.08191673 -0.00049359
v -0.00660111 -0.07692808 -0.00441525
v -0.00703489 -0.07761627 -0.00420925
v -0.00671793 -0.07689005 -0.00447352
v -0.00715135 -0.07757885 -0.00426207
v -0.00683531 -0.07684986 -0.00452598
v -0.00726798 -0.07753927 -0.00430927
v -0.00695284 -0.07680767 -0.00457262
v -0.00738441 -0.07749774 -0.00435090
v -0.00707018 -0.07676370 -0.00461349
v -0.00750030 -0.07745443 -0.00438702
v -0.00718696 -0.07671814 -0.00464866
v -0.00746574 -0.07832564 -0.00395307
v -0.00758124 -0.07828946 -0.00400080
v -0.00691896 -0.07765136 -0.00415082
v -0.00648522 -0.07696375 -0.00435118
v -0.00584500 -0.07555062 -0.00478954
v -0.00508483 -0.07420010 -0.00507570
v -0.00432251 -0.07286476 -0.00529895
v -0.00869758 -0.08078742 -0.00247475
v -0.00873042 -0.08092725 -0.00233553
v -0.00876231 -0.08107648 -0.00217374
v -0.00868658 -0.08124927 -0.00194240
v -0.00870183 -0.08133681 -0.00182432
v -0.00871667 -0.08143183 -0.00168472
v -0.00880534 -0.08076629 -0.00250898
v -0.00883762 -0.08090842 -0.00236930
v -0.00886889 -0.08106036 -0.00220675
v -0.00879300 -0.08123969 -0.00197699
v -0.00880781 -0.08132929 -0.00185781
v -0.00882215 -0.08142672 -0.00171671
v -0.00873096 -0.08153749 -0.00151154
v -0.00854288 -0.08171427 -0.00106085
v -0.00854990 -0.08178768 -0.00085628
v -0.00865648 -0.08183970 -0.00075162
v -0.00876213 -0.08188730 -0.00063180
v -0.00886665 -0.08192687 -0.00050579
v -0.00864009 -0.08165566 -0.00124762
v -0.00864701 -0.08172520 -0.00108787
v -0.00865352 -0.08180133 -0.00087892
v -0.00875976 -0.08185111 -0.00077035
v -0.00886489 -0.08189640 -0.00064672
v -0.00895239 -0.08166015 -0.00132698
v -0.00894643 -0.08159176 -0.00145983
v -0.00884240 -0.08159565 -0.00143349
v -0.00803820 -0.07812487 -0.00413914
v -0.00819134 -0.07851732 -0.00396404
v -0.00823100 -0.07895898 -0.00374036
v -0.00834256 -0.07891881 -0.00376885
v -0.00807909 -0.07855945 -0.00393638
v -0.00792534 -0.07816862 -0.00411228
v -0.00761534 -0.07740954 -0.00441772
v -0.00772922 -0.07736325 -0.00444312
v -0.00730286 -0.07667117 -0.00467825
v -0.00741756 -0.07662300 -0.00470237
v -0.00678824 -0.07518081 -0.00513124
v -0.00849128 -0.07933258 -0.00354717
v -0.00838054 -0.07937030 -0.00351783
v -0.00826877 -0.07940597 -0.00348389
v -0.00804405 -0.08014835 -0.00289110
v -0.00815535 -0.08012912 -0.00294288
v -0.00826679 -0.08010692 -0.00299037
v -0.00819300 -0.07988897 -0.00314084
v -0.00837808 -0.08008188 -0.00303357
v -0.00830492 -0.07986166 -0.00318418
v -0.00848894 -0.08005414 -0.00307250
v -0.00841639 -0.07983175 -0.00322308
v -0.00859909 -0.08002388 -0.00310720
v -0.00852714 -0.07979941 -0.00325757
v -0.00870828 -0.07999124 -0.00313771
v -0.00863690 -0.07976482 -0.00328773
v -0.00884646 -0.08047531 -0.00277391
v -0.00873867 -0.08050280 -0.00274299
v -0.00866978 -0.08025743 -0.00293792
v -0.00862999 -0.08052766 -0.00270830
v -0.00856031 -0.08028525 -0.00290314
v -0.00852063 -0.08054975 -0.00266980
v -0.00845015 -0.08031043 -0.00286431
v -0.00841088 -0.08056892 -0.00262748
v -0.00833957 -0.08033280 -0.00282140
v -0.00830098 -0.08058503 -0.00258132
v -0.00822885 -0.08035223 -0.00277442
v -0.00819122 -0.08059796 -0.00253135
v -0.00811827 -0.08036859 -0.00272337
v -0.00808189 -0.08060761 -0.00247759
v -0.00800812 -0.08038175 -0.00266828
v -0.00738131 -0.07918785 -0.00337038
v -0.00759285 -0.07956725 -0.00318127
v -0.00780206 -0.07996204 -0.00295409
v -0.00891223 -0.08074237 -0.00253974
v -0.00894399 -0.08088671 -0.00239976
v -0.00897465 -0.08104128 -0.00223667
v -0.00889884 -0.08122691 -0.00200876
v -0.00891322 -0.08131852 -0.00188863
v -0.00892707 -0.08141831 -0.00174624
v -0.00883584 -0.08153526 -0.00154140
v -0.00901787 -0.08130463 -0.00191682
v -0.00900390 -0.08121107 -0.00203771
v -0.00894020 -0.08152969 -0.00156905
v -0.00903125 -0.08140671 -0.00177333
v -0.00895800 -0.08173662 -0.00115929
v -0.00905534 -0.08165487 -0.00134972
v -0.00906054 -0.08173356 -0.00117986
v -0.00896304 -0.08182072 -0.00093903
v -0.00906513 -0.08182023 -0.00095643
v -0.00906293 -0.08177621 -0.00107621
v -0.00886274 -0.08185893 -0.00078794
v -0.00875705 -0.08181134 -0.00090027
v -0.00875104 -0.08173252 -0.00111329
v -0.00874457 -0.08166064 -0.00127592
v -0.00863299 -0.08159318 -0.00137468
v -0.00852043 -0.08153149 -0.00144527
v -0.00850495 -0.08143178 -0.00161339
v -0.00838277 -0.08133894 -0.00170798
v -0.00886029 -0.08181778 -0.00092031
v -0.00885477 -0.08173630 -0.00113710
v -0.00884874 -0.08166211 -0.00130238
v -0.00873785 -0.08159616 -0.00140511
v -0.00862574 -0.08153625 -0.00147950
v -0.00861086 -0.08143355 -0.00165027
v -0.00848908 -0.08134173 -0.00174939
v -0.00836616 -0.08125788 -0.00182171
v -0.00833238 -0.08110889 -0.00201068
v -0.00819007 -0.08097400 -0.00211688
v -0.00804669 -0.08084857 -0.00219575
v -0.00797327 -0.08061387 -0.00242011
v -0.00721595 -0.07921473 -0.00326333
v -0.00904974 -0.08158457 -0.00148413
v -0.00904382 -0.08152086 -0.00159450
v -0.00907135 -0.08196091 -0.00039092
v -0.00897002 -0.08195703 -0.00038250
v -0.00886804 -0.08194967 -0.00037347
v -0.00876561 -0.08193875 -0.00036385
v -0.00866289 -0.08192421 -0.00035363
v -0.00856009 -0.08190601 -0.00034283
v -0.00845739 -0.08188409 -0.00033146
v -0.00835500 -0.08185845 -0.00031951
v -0.00422490 -0.06961469 -0.00624183
v -0.00410615 -0.06967020 -0.00622482
v -0.00398603 -0.06972546 -0.00620171
v -0.00386489 -0.06978028 -0.00617229
v -0.00374311 -0.06983446 -0.00613640
v -0.00362108 -0.06988776 -0.00609392
v -0.00349923 -0.06993999 -0.00604473
v -0.00337800 -0.06999090 -0.00598880
v -0.00325784 -0.07004028 -0.00592613
v -0.00313922 -0.07008791 -0.00585675
v -0.00302261 -0.07013357 -0.00578077
v -0.00420931 -0.07290418 -0.00521665
v -0.00290847 -0.07017706 -0.00569834
v -0.00409894 -0.07294106 -0.00512834
v -0.00279727 -0.07021818 -0.00560964
v -0.00399183 -0.07297523 -0.00503427
v -0.00268946 -0.07025675 -0.00551494
v -0.00388841 -0.07300653 -0.00493472
v -0.00258546 -0.07029261 -0.00541453
v -0.00378905 -0.07303487 -0.00483003
v -0.00248568 -0.07032560 -0.00530875
v -0.00369413 -0.07306010 -0.00472057
v -0.00239050 -0.07035560 -0.00519799
v -0.00360397 -0.07308217 -0.00460674
v -0.00230026 -0.07038251 -0.00508266
v -0.00351888 -0.07310100 -0.00448897
v -0.00221526 -0.07040624 -0.00496322
v -0.00343911 -0.07311656 -0.00436773
v -0.00213576 -0.07042673 -0.00484015
v -0.00336487 -0.07312883 -0.00424348
v -0.00206199 -0.07044397 -0.00471394
v -0.00329634 -0.07313782 -0.00411672
v -0.00199411 -0.07045792 -0.00458510
v -0.00323364 -0.07314357 -0.00398793
v -0.00193225 -0.07046863 -0.00445415
v -0.00317686 -0.07314613 -0.00385761
v -0.00187648 -0.07047611 -0.00432160
v -0.00312605 -0.07314558 -0.00372626
v -0.00182685 -0.07048044 -0.00418797
v -0.00308119 -0.07314201 -0.00359433
v -0.00178334 -0.07048168 -0.00405376
v -0.00304225 -0.07313552 -0.00346231
v -0.00174590 -0.07047994 -0.00391943
v -0.00300915 -0.07312626 -0.00333062
v -0.00171443 -0.07047534 -0.00378547
v -0.00298177 -0.07311433 -0.00319968
v -0.00168882 -0.07046799 -0.00365229
v -0.00295998 -0.07309990 -0.00306990
v -0.00166890 -0.07045804 -0.00352032
v -0.00320596 -0.07362399 -0.00272833
v -0.00062411 -0.06834180 -0.00357159
v -0.00552685 -0.07832644 -0.00172407
v -0.00613905 -0.07958256 -0.00106718
v -0.00647250 -0.08023526 -0.00069463
v -0.00666242 -0.08059121 -0.00041395
v -0.00652209 -0.08029301 -0.00078363
v -0.00429382 -0.07575787 -0.00272585
v -0.00556212 -0.07835910 -0.00184154
v -0.00432948 -0.07577450 -0.00285344
v -0.00560252 -0.07838951 -0.00195960
v -0.00437076 -0.07578847 -0.00298134
v -0.00564812 -0.07841748 -0.00207792
v -0.00441772 -0.07579964 -0.00310915
v -0.00569893 -0.07844286 -0.00219614
v -0.00447038 -0.07580788 -0.00323642
v -0.00575496 -0.07846551 -0.00231391
v -0.00452873 -0.07581308 -0.00336272
v -0.00581618 -0.07848527 -0.00243085
v -0.00459272 -0.07581513 -0.00348760
v -0.00572918 -0.07558855 -0.00471958
v -0.00561518 -0.07562401 -0.00464367
v -0.00550344 -0.07565682 -0.00456198
v -0.00539436 -0.07568683 -0.00447469
v -0.00528836 -0.07571390 -0.00438203
v -0.00518583 -0.07573792 -0.00428429
v -0.00573393 -0.07713460 -0.00375131
v -0.00508714 -0.07575879 -0.00418176
v -0.00563974 -0.07714639 -0.00364668
v -0.00499263 -0.07577644 -0.00407481
v -0.00554985 -0.07715483 -0.00353824
v -0.00490262 -0.07579079 -0.00396381
v -0.00546453 -0.07715991 -0.00342637
v -0.00481740 -0.07580184 -0.00384915
v -0.00538403 -0.07716165 -0.00331147
v -0.00473720 -0.07580957 -0.00373127
v -0.00466225 -0.07581399 -0.00361060
v -0.00588250 -0.07850201 -0.00254657
v -0.00620368 -0.07918011 -0.00221280
v -0.00627576 -0.07920006 -0.00232229
v -0.00617949 -0.07962901 -0.00117196
v -0.00622464 -0.07967345 -0.00127721
v -0.00627454 -0.07971569 -0.00138266
v -0.00632918 -0.07975557 -0.00148803
v -0.00638853 -0.07979290 -0.00159303
v -0.00645255 -0.07982752 -0.00169734
v -0.00677193 -0.08062045 -0.00086278
v -0.00669656 -0.08045372 -0.00105068
v -0.00683951 -0.08067488 -0.00094303
v -0.00676314 -0.08050250 -0.00113896
v -0.00691098 -0.08072670 -0.00102262
v -0.00695516 -0.08095329 -0.00047705
v -0.00691584 -0.08085439 -0.00068058
v -0.00688513 -0.08088450 -0.00042503
v -0.00684686 -0.08079188 -0.00061429
v -0.00681858 -0.08081349 -0.00037275
v -0.00678159 -0.08072706 -0.00054766
v -0.00675559 -0.08074045 -0.00032032
v -0.00677353 -0.08078277 -0.00019663
v -0.00683758 -0.08086018 -0.00023492
v -0.00690503 -0.08093563 -0.00027310
v -0.00697581 -0.08100894 -0.00031110
v -0.00704983 -0.08107992 -0.00034883
v -0.00702859 -0.08101968 -0.00052870
v -0.00698842 -0.08091439 -0.00074635
v -0.00683382 -0.08054858 -0.00122649
v -0.00713682 -0.08117923 -0.00025386
v -0.00670217 -0.07925028 -0.00283556
v -0.00660879 -0.07924706 -0.00273858
v -0.00628613 -0.07853712 -0.00309365
v -0.00651922 -0.07924037 -0.00263844
v -0.00619642 -0.07853681 -0.00298969
v -0.00643371 -0.07923028 -0.00253546
v -0.00611099 -0.07853309 -0.00288264
v -0.00635249 -0.07921681 -0.00242996
v -0.00603006 -0.07852601 -0.00277285
v -0.00595384 -0.07851562 -0.00266070
v -0.00530856 -0.07716007 -0.00319396
v -0.00714396 -0.08102625 -0.00087577
v -0.00722664 -0.08107777 -0.00093911
v -0.00718680 -0.08096778 -0.00111510
v -0.00714752 -0.08086487 -0.00125546
v -0.00718517 -0.08114457 -0.00063042
v -0.00720714 -0.08121420 -0.00042320
v -0.00726806 -0.08120275 -0.00068026
v -0.00729018 -0.08127718 -0.00045967
v -0.00735381 -0.08125788 -0.00072927
v -0.00691196 -0.08029719 -0.00182809
v -0.00683010 -0.08026861 -0.00173518
v -0.00675222 -0.08023681 -0.00164056
v -0.00659424 -0.07988805 -0.00190272
v -0.00652116 -0.07985929 -0.00180068
v -0.00702114 -0.07998284 -0.00238295
v -0.00692823 -0.07997071 -0.00229188
v -0.00683887 -0.07995509 -0.00219804
v -0.00675327 -0.07993606 -0.00210171
v -0.00667167 -0.07991368 -0.00200317
v -0.00733596 -0.08076042 -0.00172292
v -0.00724384 -0.08073343 -0.00164473
v -0.00732210 -0.08094116 -0.00140374
v -0.00723324 -0.08090468 -0.00133043
v -0.00736129 -0.08105170 -0.00125308
v -0.00727253 -0.08101138 -0.00118483
v -0.00740102 -0.08117132 -0.00106226
v -0.00731238 -0.08112617 -0.00100132
v -0.00742129 -0.08123692 -0.00093905
v -0.00733273 -0.08118874 -0.00088338
v -0.00744227 -0.08130983 -0.00077733
v -0.00755497 -0.08144768 -0.00056529
v -0.00745322 -0.08135064 -0.00066917
v -0.00746425 -0.08139405 -0.00053079
v -0.00737593 -0.08133717 -0.00049556
v -0.00756481 -0.08149119 -0.00038495
v -0.00747423 -0.08143496 -0.00035967
v -0.00738598 -0.08137551 -0.00033387
v -0.00730023 -0.08131298 -0.00030759
v -0.00721712 -0.08124750 -0.00028091
v -0.00712698 -0.08114839 -0.00038623
v -0.00710530 -0.08108350 -0.00057986
v -0.00706450 -0.08097174 -0.00081147
v -0.00698623 -0.08077574 -0.00110136
v -0.00690847 -0.08059181 -0.00131303
v -0.00667846 -0.08020193 -0.00154450
v 0.00092247 -0.06515586 -0.00416733
v 0.00090473 -0.06516059 -0.00430157
v 0.00088118 -0.06516261 -0.00443706
v 0.00054323 -0.06509176 -0.00538165
v 0.00061034 -0.06511148 -0.00525069
v 0.00067121 -0.06512794 -0.00511751
v 0.00072578 -0.06514114 -0.00498266
v 0.00077402 -0.06515114 -0.00484668
v 0.00081595 -0.06515799 -0.00471008
v 0.00085163 -0.06516178 -0.00457338
v 0.00047000 -0.06506877 -0.00550987
v 0.00012014 -0.06494518 -0.00598472
v 0.00021562 -0.06498067 -0.00587270
v 0.00030595 -0.06501316 -0.00575590
v 0.00039084 -0.06504256 -0.00563479
v -0.00760393 -0.08131651 0.00105911
v -0.00751030 -0.08127537 0.00100557
v -0.00749004 -0.08120661 0.00113253
v -0.00835243 -0.08183702 0.00045086
v -0.00835462 -0.08185698 0.00032944
v -0.00825270 -0.08182763 0.00031666
v -0.00815187 -0.08123793 0.00173832
v -0.00825770 -0.08124549 0.00178701
v -0.00829187 -0.08140901 0.00154606
v -0.00747851 -0.07957523 0.00311954
v -0.00732098 -0.07918670 0.00334162
v -0.00743241 -0.07916634 0.00340949
v -0.00864606 -0.08171644 0.00110927
v -0.00875017 -0.08172347 0.00113510
v -0.00875641 -0.08180384 0.00092263
v -0.00815204 -0.08011991 0.00294948
v -0.00807773 -0.07990503 0.00309869
v -0.00818986 -0.07988036 0.00314652
v -0.00770088 -0.07953855 0.00324872
v -0.00754504 -0.07914296 0.00347249
v -0.00765850 -0.07911668 0.00353057
v -0.00781346 -0.07951562 0.00330632
v -0.00777245 -0.07908767 0.00358366
v -0.00803973 -0.07946130 0.00340727
v -0.00815277 -0.07943020 0.00345061
v -0.00830183 -0.07985296 0.00318988
v -0.00901645 -0.08129481 0.00192994
v -0.00894148 -0.08087497 0.00241156
v -0.00833823 -0.07890717 0.00377477
v -0.00677229 -0.08078029 0.00020331
v -0.00678620 -0.08081388 0.00003720
v -0.00672460 -0.08073099 0.00001895
v -0.00685114 -0.08089507 0.00005543
v -0.00683628 -0.08085751 0.00024246
v -0.00690368 -0.08093277 0.00028151
v -0.00691935 -0.08097436 0.00007362
v -0.00667447 -0.08019388 0.00155031
v -0.00683007 -0.08054076 0.00123383
v -0.00675943 -0.08049487 0.00114600
v -0.00619869 -0.07917027 0.00221738
v -0.00651756 -0.07985224 0.00180480
v -0.00644898 -0.07982056 0.00170133
v -0.00733053 -0.08118287 0.00089441
v -0.00735185 -0.08125239 0.00074188
v -0.00726609 -0.08119752 0.00069217
v -0.00563662 -0.07714067 0.00364819
v -0.00573082 -0.07712887 0.00375289
v -0.00637504 -0.07852436 0.00319819
v -0.00651092 -0.08037135 0.00021835
v -0.00655684 -0.08044472 0.00028502
v -0.00619030 -0.07972967 0.00058236
v -0.00605400 -0.07945082 0.00077259
v -0.00610005 -0.07952785 0.00096619
v -0.00515966 -0.07762107 0.00163908
v -0.00441450 -0.07609654 0.00213261
v -0.00423700 -0.07571345 0.00247308
v -0.00108568 -0.06928612 0.00344876
v 0.00094120 -0.06513932 0.00392909
v 0.00092334 -0.06515428 0.00416641
v -0.00585732 -0.07904842 0.00100723
v -0.00558112 -0.07848334 0.00128606
v -0.00549217 -0.07828274 0.00161029
v -0.00639344 -0.08014527 0.00021427
v -0.00634688 -0.08005002 0.00031398
v -0.00638302 -0.08010821 0.00052279
v -0.00628251 -0.07991831 0.00043358
v -0.00645275 -0.08026661 0.00005399
v -0.00644076 -0.08024208 0.00009244
v -0.00642275 -0.08020523 0.00014239
v -0.00646200 -0.08028553 0.00001912
v -0.00663899 -0.08058602 0.00022072
v -0.00669460 -0.08066233 0.00027387
v -0.00660667 -0.08051672 0.00035206
v -0.00714282 -0.08119904 0.00012754
v -0.00722323 -0.08126894 0.00014518
v -0.00730638 -0.08133607 0.00016258
v -0.00739215 -0.08140029 0.00017972
v -0.00748037 -0.08146145 0.00019656
v -0.00757087 -0.08151942 0.00021307
v -0.00766703 -0.08159020 0.00007086
v -0.00766348 -0.08157407 0.00022920
v -0.00775801 -0.08162531 0.00024494
v -0.00805436 -0.08177748 0.00010388
v -0.00795534 -0.08173604 0.00009600
v -0.00785765 -0.08169097 0.00008787
v -0.00776148 -0.08164234 0.00007948
v -0.00815449 -0.08181521 0.00011148
v -0.00825554 -0.08184924 0.00011879
v -0.00835730 -0.08187952 0.00012581
v -0.00845957 -0.08190605 0.00013252
v -0.00856214 -0.08192884 0.00013891
v -0.00876741 -0.08196333 0.00015074
v -0.00907281 -0.08198804 0.00016599
v 0.00061146 -0.06511005 0.00525006
v 0.00054437 -0.06509034 0.00538108
v 0.00047116 -0.06506737 0.00550935
v 0.00039201 -0.06504115 0.00563432
v 0.00030713 -0.06501176 0.00575549
v 0.00090564 -0.06515904 0.00430067
v 0.00088213 -0.06516107 0.00443619
v 0.00085262 -0.06516027 0.00457255
v 0.00081697 -0.06515650 0.00470928
v 0.00077507 -0.06514966 0.00484592
v 0.00072686 -0.06513968 0.00498194
v 0.00067232 -0.06512649 0.00511684
v -0.00508493 -0.07575509 0.00418238
v -0.00499042 -0.07577273 0.00407538
v -0.00490040 -0.07578710 0.00396432
v -0.00683524 -0.07994770 0.00220268
v -0.00692461 -0.07996323 0.00229665
v -0.00708281 -0.08033559 0.00201445
v -0.00739868 -0.08116508 0.00107255
v -0.00741910 -0.08123080 0.00095062
v -0.00744033 -0.08130407 0.00079063
v -0.00731003 -0.08112016 0.00101116
v -0.00660377 -0.07923680 0.00274374
v -0.00651419 -0.07923020 0.00264350
v -0.00628130 -0.07852753 0.00309758
v -0.00619159 -0.07852727 0.00299353
v -0.00554672 -0.07714913 0.00353969
v -0.00546141 -0.07715423 0.00342776
v -0.00610615 -0.07852361 0.00288639
v -0.00642868 -0.07922018 0.00254040
v -0.00674964 -0.07992876 0.00210622
v -0.00699357 -0.08031387 0.00192560
v -0.00724006 -0.08072463 0.00165351
v -0.00723026 -0.08089769 0.00133874
v -0.00714453 -0.08085807 0.00126345
v -0.00706534 -0.08066075 0.00149046
v -0.00698317 -0.08062384 0.00140630
v -0.00682608 -0.08026028 0.00174139
v -0.00731913 -0.08093397 0.00141237
v -0.00715104 -0.08069438 0.00157294
v -0.00690793 -0.08028874 0.00183449
v -0.00666804 -0.07990646 0.00200755
v -0.00741095 -0.08096682 0.00148416
v -0.00634747 -0.07920680 0.00243479
v -0.00602523 -0.07851658 0.00277651
v -0.00538091 -0.07715598 0.00331281
v -0.00714160 -0.08102071 0.00088467
v -0.00706215 -0.08096642 0.00081988
v -0.00698326 -0.08076934 0.00110869
v -0.00690803 -0.08072048 0.00102961
v -0.00683659 -0.08066885 0.00094967
v -0.00676905 -0.08061460 0.00086907
v -0.00669289 -0.08044627 0.00105741
v -0.00699077 -0.08105157 0.00009173
v -0.00697442 -0.08100588 0.00032037
v -0.00706529 -0.08112652 0.00010971
v -0.00704841 -0.08107665 0.00035896
v -0.00713579 -0.08117700 0.00026307
v -0.00712554 -0.08114493 0.00039720
v -0.00720569 -0.08121052 0.00043501
v -0.00677941 -0.08072260 0.00055407
v -0.00684462 -0.08078722 0.00062120
v -0.00691355 -0.08084951 0.00068799
v -0.00698610 -0.08090930 0.00075427
v -0.00722427 -0.08107200 0.00094848
v -0.00718320 -0.08113961 0.00064163
v -0.00710335 -0.08107880 0.00059035
v -0.00702666 -0.08101523 0.00053846
v -0.00695327 -0.08094909 0.00048607
v -0.00688329 -0.08088055 0.00043330
v -0.00681680 -0.08080978 0.00038027
v -0.00671797 -0.08065586 0.00048673
v -0.00675388 -0.08073697 0.00032709
v -0.00666038 -0.08058716 0.00041935
v -0.00663053 -0.08039516 0.00096831
v -0.00657243 -0.08034171 0.00087891
v -0.00651861 -0.08028609 0.00078944
v -0.00646911 -0.08022851 0.00070013
v -0.00552233 -0.07831745 0.00172693
v -0.00426170 -0.07573496 0.00259894
v -0.00555755 -0.07835007 0.00184449
v -0.00429180 -0.07575411 0.00272587
v -0.00559790 -0.07838043 0.00196263
v -0.00432743 -0.07577075 0.00285350
v -0.00564345 -0.07840836 0.00208103
v -0.00436868 -0.07578474 0.00298145
v -0.00569423 -0.07843370 0.00219934
v -0.00441561 -0.07579591 0.00310930
v -0.00575022 -0.07845629 0.00231720
v -0.00446824 -0.07580416 0.00323662
v -0.00581140 -0.07847600 0.00243423
v -0.00452657 -0.07580936 0.00336297
v -0.00587771 -0.07849269 0.00255005
v -0.00459053 -0.07581143 0.00348790
v -0.00638499 -0.07978601 0.00159687
v -0.00632567 -0.07974875 0.00149174
v -0.00627108 -0.07970896 0.00138624
v -0.00622123 -0.07966678 0.00128065
v -0.00617613 -0.07962242 0.00117527
v -0.00613575 -0.07957605 0.00107037
v -0.00615158 -0.07376563 0.00547981
v -0.00551193 -0.07237093 0.00577198
v -0.00408291 -0.06955494 0.00624445
v -0.00410444 -0.06966675 0.00622533
v -0.00539423 -0.07242478 0.00575295
v -0.00398429 -0.06972203 0.00620221
v -0.00527521 -0.07247814 0.00572797
v -0.00386312 -0.06977687 0.00617278
v -0.00515520 -0.07253078 0.00569686
v -0.00374130 -0.06983106 0.00613688
v -0.00503458 -0.07258251 0.00565946
v -0.00361924 -0.06988438 0.00609437
v -0.00491372 -0.07263312 0.00561565
v -0.00349735 -0.06993662 0.00604516
v -0.00479304 -0.07268240 0.00556536
v -0.00337609 -0.06998754 0.00598921
v -0.00467295 -0.07273011 0.00550856
v -0.00325590 -0.07003694 0.00592650
v -0.00455391 -0.07277606 0.00544524
v -0.00508311 -0.07419719 0.00507622
v -0.00519992 -0.07415581 0.00514614
v -0.00531818 -0.07411230 0.00520979
v -0.00543746 -0.07406688 0.00526709
v -0.00555732 -0.07401974 0.00531804
v -0.00567736 -0.07397110 0.00536267
v -0.00579717 -0.07392116 0.00540103
v -0.00591637 -0.07387013 0.00543325
v -0.00603462 -0.07381822 0.00545945
v -0.00313725 -0.07008458 0.00585709
v -0.00443635 -0.07282004 0.00537546
v -0.00302061 -0.07013025 0.00578107
v -0.00432074 -0.07286184 0.00529933
v -0.00290645 -0.07017376 0.00569859
v -0.00420751 -0.07290127 0.00521698
v -0.00279523 -0.07021488 0.00560986
v -0.00409712 -0.07293816 0.00512863
v -0.00268740 -0.07025345 0.00551511
v -0.00399000 -0.07297233 0.00503451
v -0.00258339 -0.07028931 0.00541465
v -0.00388656 -0.07300364 0.00493492
v -0.00248361 -0.07032230 0.00530882
v -0.00378719 -0.07303198 0.00483018
v -0.00238842 -0.07035230 0.00519800
v -0.00369226 -0.07305721 0.00472066
v -0.00229818 -0.07037921 0.00508262
v -0.00360211 -0.07307927 0.00460678
v -0.00221318 -0.07040293 0.00496313
v -0.00351702 -0.07309810 0.00448896
v -0.00213370 -0.07042342 0.00484000
v -0.00343725 -0.07311365 0.00436767
v -0.00205993 -0.07044064 0.00471374
v -0.00336303 -0.07312591 0.00424337
v -0.00199207 -0.07045460 0.00458485
v -0.00329451 -0.07313490 0.00411655
v -0.00193023 -0.07046529 0.00445385
v -0.00323183 -0.07314064 0.00398772
v -0.00187449 -0.07047275 0.00432126
v -0.00317508 -0.07314319 0.00385736
v -0.00182489 -0.07047707 0.00418759
v -0.00312429 -0.07314263 0.00372595
v -0.00178141 -0.07047830 0.00405333
v -0.00307947 -0.07313904 0.00359399
v -0.00174400 -0.07047655 0.00391897
v -0.00304056 -0.07313254 0.00346193
v -0.00171257 -0.07047192 0.00378497
v -0.00300749 -0.07312325 0.00333020
v -0.00168700 -0.07046456 0.00365177
v -0.00298015 -0.07311130 0.00319924
v -0.00166712 -0.07045459 0.00351976
v -0.00295840 -0.07309686 0.00306943
v -0.00310715 -0.07342186 0.00276943
v -0.00561306 -0.07562026 0.00464452
v -0.00572709 -0.07558479 0.00472046
v -0.00584294 -0.07554684 0.00479046
v -0.00596020 -0.07550659 0.00485440
v -0.00607844 -0.07546423 0.00491223
v -0.00619726 -0.07541994 0.00496392
v -0.00631624 -0.07537395 0.00500949
v -0.00643501 -0.07532644 0.00504901
v -0.00655319 -0.07527763 0.00508256
v -0.00667045 -0.07522771 0.00511027
v -0.00678646 -0.07517688 0.00513229
v -0.00710163 -0.07589211 0.00493067
v -0.00741491 -0.07661690 0.00470439
v -0.00772589 -0.07735531 0.00444607
v -0.00803398 -0.07811431 0.00414366
v -0.00706742 -0.07675767 0.00461549
v -0.00718424 -0.07671208 0.00465067
v -0.00749689 -0.07744656 0.00438998
v -0.00738096 -0.07748991 0.00435386
v -0.00780705 -0.07820031 0.00408488
v -0.00848795 -0.07932315 0.00355248
v -0.00863397 -0.07975587 0.00329344
v -0.00877514 -0.08021613 0.00297690
v -0.00884334 -0.08046352 0.00278362
v -0.00902996 -0.08139646 0.00178835
v -0.00904274 -0.08151034 0.00161195
v -0.00894540 -0.08158147 0.00147857
v -0.00904879 -0.08157401 0.00150309
v -0.00905992 -0.08172364 0.00120269
v -0.00906471 -0.08181198 0.00097995
v -0.00906857 -0.08189900 0.00069388
v -0.00906678 -0.08185714 0.00084330
v -0.00896855 -0.08193032 0.00053276
v -0.00896688 -0.08189706 0.00068053
v -0.00896486 -0.08185650 0.00082760
v -0.00896255 -0.08181271 0.00096219
v -0.00895730 -0.08172698 0.00118181
v -0.00907124 -0.08195908 0.00040249
v -0.00896986 -0.08195526 0.00039387
v -0.00897158 -0.08198332 0.00016124
v -0.00892571 -0.08140830 0.00176114
v -0.00893904 -0.08151944 0.00158632
v -0.00884129 -0.08158565 0.00145199
v -0.00897265 -0.08103079 0.00224825
v -0.00900233 -0.08120137 0.00204974
v -0.00891173 -0.08130891 0.00190166
v -0.00882071 -0.08141695 0.00173145
v -0.00883460 -0.08152528 0.00155846
v -0.00873665 -0.08158644 0.00142334
v -0.00876377 -0.08191378 0.00050855
v -0.00876172 -0.08188271 0.00065090
v -0.00886454 -0.08189165 0.00066620
v -0.00875923 -0.08184480 0.00079271
v -0.00886229 -0.08185241 0.00081074
v -0.00885972 -0.08181003 0.00094309
v -0.00885398 -0.08172695 0.00115928
v -0.00886785 -0.08194795 0.00038464
v -0.00876538 -0.08193709 0.00037480
v -0.00886973 -0.08197511 0.00015615
v -0.00863170 -0.08158375 0.00139261
v -0.00862433 -0.08152682 0.00149607
v -0.00872963 -0.08152777 0.00152838
v -0.00860927 -0.08142429 0.00166464
v -0.00871516 -0.08142231 0.00169928
v -0.00870019 -0.08132764 0.00183709
v -0.00880624 -0.08131989 0.00187072
v -0.00879129 -0.08123039 0.00198885
v -0.00889721 -0.08121741 0.00202071
v -0.00876017 -0.08106636 0.00218518
v -0.00886682 -0.08105005 0.00221827
v -0.00883505 -0.08089686 0.00238106
v -0.00890943 -0.08073037 0.00255091
v -0.00905454 -0.08164440 0.00137060
v -0.00895151 -0.08164997 0.00134760
v -0.00884777 -0.08165222 0.00132271
v -0.00874351 -0.08165105 0.00129594
v -0.00863895 -0.08164637 0.00126729
v -0.00853429 -0.08163811 0.00123677
v -0.00870526 -0.07998150 0.00314440
v -0.00866654 -0.08024658 0.00294611
v -0.00873548 -0.08049116 0.00275268
v -0.00880247 -0.08075447 0.00252013
v -0.00872776 -0.08091590 0.00234723
v -0.00865291 -0.08107959 0.00214898
v -0.00868480 -0.08124018 0.00195414
v -0.00859379 -0.08133204 0.00180079
v -0.00850327 -0.08142278 0.00162753
v -0.00851893 -0.08152233 0.00146156
v -0.00859601 -0.08001424 0.00311389
v -0.00855700 -0.08027452 0.00291131
v -0.00862673 -0.08051618 0.00271797
v -0.00869464 -0.08077579 0.00248585
v -0.00861987 -0.08093193 0.00231007
v -0.00854530 -0.08108961 0.00210965
v -0.00857795 -0.08124669 0.00191658
v -0.00848728 -0.08133301 0.00176182
v -0.00839739 -0.08141770 0.00158800
v -0.00792652 -0.07948983 0.00335918
v -0.00796574 -0.07992681 0.00304639
v -0.00811470 -0.08035840 0.00273138
v -0.00826354 -0.08009759 0.00299701
v -0.00822535 -0.08034191 0.00278249
v -0.00829751 -0.08057404 0.00259084
v -0.00818768 -0.08058714 0.00254078
v -0.00836834 -0.08082171 0.00236182
v -0.00825949 -0.08083060 0.00231342
v -0.00838090 -0.08133046 0.00172022
v -0.00836416 -0.08124942 0.00183299
v -0.00847099 -0.08124980 0.00187619
v -0.00832994 -0.08109960 0.00202166
v -0.00843755 -0.08109631 0.00206720
v -0.00840318 -0.08095451 0.00222569
v -0.00851159 -0.08094484 0.00226955
v -0.00847732 -0.08080953 0.00240670
v -0.00858618 -0.08079419 0.00244804
v -0.00840748 -0.08055776 0.00263706
v -0.00851731 -0.08053843 0.00267944
v -0.00833614 -0.08032233 0.00282952
v -0.00844678 -0.08029982 0.00287246
v -0.00837489 -0.08007244 0.00304024
v -0.00848580 -0.08004460 0.00307918
v -0.00841336 -0.07982296 0.00322879
v -0.00852416 -0.07979055 0.00326329
v -0.00826534 -0.07939669 0.00348922
v -0.00837716 -0.07936095 0.00352315
v -0.00811395 -0.07898576 0.00371302
v -0.00822662 -0.07894741 0.00374629
v -0.00807436 -0.07854743 0.00394201
v -0.00818667 -0.07850523 0.00396965
v -0.00800050 -0.07902204 0.00367486
v -0.00788657 -0.07905606 0.00363175
v -0.00785422 -0.07994556 0.00298965
v -0.00800449 -0.08037172 0.00267622
v -0.00807828 -0.08059696 0.00248693
v -0.00815105 -0.08083610 0.00226154
v -0.00593089 -0.07709537 0.00394945
v -0.00528618 -0.07571018 0.00438275
v -0.00603607 -0.07707380 0.00404070
v -0.00539220 -0.07568310 0.00447545
v -0.00614420 -0.07704914 0.00412689
v -0.00550130 -0.07565308 0.00456279
v -0.00625487 -0.07702150 0.00420781
v -0.00636770 -0.07699103 0.00428325
v -0.00648227 -0.07695786 0.00435308
v -0.00659820 -0.07692216 0.00441717
v -0.00671506 -0.07688411 0.00447548
v -0.00683247 -0.07684388 0.00452795
v -0.00695005 -0.07680167 0.00457461
v -0.00698621 -0.07594176 0.00490766
v -0.00726449 -0.07753148 0.00431222
v -0.00714782 -0.07757109 0.00426500
v -0.00703131 -0.07760855 0.00421216
v -0.00691534 -0.07764368 0.00415371
v -0.00680028 -0.07767630 0.00408967
v -0.00668653 -0.07770626 0.00402013
v -0.00657448 -0.07773339 0.00394519
v -0.00646451 -0.07775757 0.00386499
v -0.00635702 -0.07777867 0.00377974
v -0.00625237 -0.07779659 0.00368963
v -0.00769220 -0.07824070 0.00404774
v -0.00757683 -0.07827911 0.00400533
v -0.00746128 -0.07831535 0.00395759
v -0.00734589 -0.07834924 0.00390449
v -0.00723102 -0.07838061 0.00384604
v -0.00711703 -0.07840930 0.00378229
v -0.00700429 -0.07843516 0.00371331
v -0.00689319 -0.07845806 0.00363921
v -0.00678409 -0.07847786 0.00356013
v -0.00667738 -0.07849447 0.00347627
v -0.00657340 -0.07850780 0.00338782
v -0.00721110 -0.07920392 0.00326902
v -0.00736940 -0.07958876 0.00304815
v -0.00752565 -0.07998253 0.00279346
v -0.00778661 -0.08038834 0.00255401
v -0.00763385 -0.07997352 0.00286309
v -0.00758912 -0.07955845 0.00318644
v -0.00774348 -0.07996117 0.00292852
v -0.00789502 -0.08038172 0.00261707
v -0.00796959 -0.08060340 0.00242934
v -0.00804330 -0.08083813 0.00220624
v -0.00822272 -0.08109939 0.00197306
v -0.00811615 -0.08109561 0.00192146
v -0.00801050 -0.08108821 0.00186694
v -0.00866262 -0.08192261 0.00036435
v -0.00866087 -0.08190013 0.00049527
v -0.00865862 -0.08187016 0.00063463
v -0.00865589 -0.08183361 0.00077351
v -0.00865281 -0.08179408 0.00090083
v -0.00854184 -0.08170580 0.00108180
v -0.00842974 -0.08162620 0.00120441
v -0.00841365 -0.08151425 0.00142487
v -0.00830872 -0.08150250 0.00138603
v -0.00818696 -0.08139665 0.00150178
v -0.00804693 -0.08122672 0.00168698
v -0.00790605 -0.08107715 0.00180957
v -0.00786193 -0.08060638 0.00236810
v -0.00793652 -0.08083662 0.00214759
v -0.00829491 -0.08096083 0.00217850
v -0.00818703 -0.08096370 0.00212803
v -0.00807983 -0.08096306 0.00207433
v -0.00797358 -0.08095884 0.00201747
v -0.00783101 -0.08083151 0.00208569
v -0.00775557 -0.08060582 0.00230329
v -0.00767956 -0.08039150 0.00248714
v -0.00741923 -0.07998810 0.00271976
v -0.00726213 -0.07959897 0.00297239
v -0.00710313 -0.07921790 0.00319181
v -0.00772704 -0.08082278 0.00202065
v -0.00765084 -0.08060169 0.00223504
v -0.00757418 -0.08039112 0.00241658
v -0.00731489 -0.07999019 0.00264215
v -0.00715704 -0.07960577 0.00289244
v -0.00699741 -0.07922854 0.00311017
v -0.00730017 -0.07666509 0.00468026
v -0.00761197 -0.07740163 0.00442067
v -0.00792107 -0.07815811 0.00411682
v -0.00796097 -0.07858788 0.00390941
v -0.00866482 -0.08194793 0.00014499
v -0.00855978 -0.08190445 0.00035330
v -0.00855788 -0.08188280 0.00048122
v -0.00855543 -0.08185396 0.00061741
v -0.00855245 -0.08181876 0.00075317
v -0.00854911 -0.08178069 0.00087771
v -0.00843774 -0.08169150 0.00105273
v -0.00832553 -0.08161061 0.00117025
v -0.00820437 -0.08148707 0.00134508
v -0.00808289 -0.08138058 0.00145521
v -0.00794314 -0.08121181 0.00163306
v -0.00780306 -0.08106241 0.00174945
v -0.00762490 -0.08081040 0.00195260
v -0.00754801 -0.08059395 0.00216349
v -0.00747078 -0.08038718 0.00234249
v -0.00721296 -0.07998876 0.00256082
v -0.00705446 -0.07960911 0.00280848
v -0.00689430 -0.07923579 0.00302431
v -0.00647251 -0.07851777 0.00329503
v -0.00582902 -0.07711375 0.00385342
v -0.00518364 -0.07573421 0.00428495
v -0.00814582 -0.08175192 0.00053928
v -0.00804525 -0.08171706 0.00051757
v -0.00803654 -0.08165795 0.00074301
v -0.00793672 -0.08162221 0.00071251
v -0.00792665 -0.08156411 0.00088451
v -0.00782787 -0.08152748 0.00084664
v -0.00781753 -0.08147672 0.00097397
v -0.00772014 -0.08143885 0.00093008
v -0.00845705 -0.08188258 0.00034166
v -0.00845500 -0.08186178 0.00046641
v -0.00845235 -0.08183406 0.00059924
v -0.00844913 -0.08180022 0.00073170
v -0.00844552 -0.08176360 0.00085327
v -0.00833398 -0.08167350 0.00102208
v -0.00822188 -0.08159129 0.00113431
v -0.00810085 -0.08146791 0.00130210
v -0.00797993 -0.08136079 0.00140642
v -0.00784076 -0.08119319 0.00157666
v -0.00770179 -0.08104398 0.00168672
v -0.00752487 -0.08079436 0.00188169
v -0.00744739 -0.08058259 0.00208881
v -0.00736965 -0.08037965 0.00226504
v -0.00711374 -0.07998379 0.00247597
v -0.00695472 -0.07960895 0.00272074
v -0.00679411 -0.07923960 0.00293444
v -0.00717540 -0.08035383 0.00210080
v -0.00725385 -0.08054905 0.00193074
v -0.00733220 -0.08075143 0.00173196
v -0.00750549 -0.08099614 0.00155392
v -0.00754461 -0.08111528 0.00139375
v -0.00764124 -0.08114490 0.00145688
v -0.00768005 -0.08127918 0.00124765
v -0.00777826 -0.08131007 0.00130254
v -0.00779762 -0.08138809 0.00116157
v -0.00789724 -0.08141841 0.00121026
v -0.00791662 -0.08151093 0.00101642
v -0.00801720 -0.08154145 0.00105734
v -0.00802687 -0.08159706 0.00092105
v -0.00812831 -0.08162628 0.00095619
v -0.00813754 -0.08168998 0.00077238
v -0.00823952 -0.08171827 0.00080058
v -0.00824364 -0.08175195 0.00068545
v -0.00769978 -0.08135410 0.00111115
v -0.00758390 -0.08124467 0.00119093
v -0.00745037 -0.08108208 0.00132864
v -0.00735875 -0.08104537 0.00126171
v -0.00726998 -0.08100526 0.00119312
v -0.00718424 -0.08096185 0.00112304
v -0.00706214 -0.08081525 0.00118670
v -0.00690469 -0.08058380 0.00132068
v -0.00674821 -0.08022863 0.00164657
v -0.00659063 -0.07988092 0.00190698
v -0.00627075 -0.07919014 0.00232700
v -0.00594903 -0.07850625 0.00266427
v -0.00530545 -0.07715441 0.00319523
v -0.00794583 -0.08167850 0.00049504
v -0.00783830 -0.08158280 0.00068093
v -0.00773076 -0.08148722 0.00080751
v -0.00763552 -0.08144338 0.00076720
v -0.00762467 -0.08139740 0.00088483
v -0.00754236 -0.08139605 0.00072578
v -0.00753133 -0.08135244 0.00083831
v -0.00745148 -0.08134533 0.00068335
v -0.00721609 -0.08124515 0.00029083
v -0.00729920 -0.08131050 0.00031822
v -0.00728873 -0.08127329 0.00047230
v -0.00738497 -0.08137292 0.00034519
v -0.00737449 -0.08133307 0.00050900
v -0.00747323 -0.08143224 0.00037168
v -0.00746283 -0.08138973 0.00054503
v -0.00756383 -0.08148835 0.00039762
v -0.00755357 -0.08144314 0.00058031
v -0.00765658 -0.08154112 0.00042298
v -0.00764653 -0.08149318 0.00061476
v -0.00775130 -0.08159047 0.00044770
v -0.00774150 -0.08153977 0.00064832
v -0.00784778 -0.08163628 0.00047174
v -0.00785428 -0.08167306 0.00026025
v -0.00795209 -0.08171721 0.00027510
v -0.00805123 -0.08175772 0.00028946
v -0.00815151 -0.08179454 0.00030332
v -0.00824734 -0.08178304 0.00056015
v -0.00466005 -0.07581028 0.00361095
v -0.00473499 -0.07580587 0.00373167
v -0.00481518 -0.07579815 0.00384961
v -0.00669717 -0.07923993 0.00284082
v -0.00701754 -0.07997527 0.00238783
v -0.00727110 -0.08036853 0.00218440
v -0.00734924 -0.08056761 0.00201116
v -0.00742722 -0.08077469 0.00180809
v -0.00760252 -0.08102188 0.00162149
v -0.00774004 -0.08117089 0.00151790
v -0.00787830 -0.08133729 0.00135550
v -0.00799839 -0.08144502 0.00125713
v -0.00811903 -0.08156824 0.00109666
v -0.00823076 -0.08165176 0.00098989
v -0.00834225 -0.08174281 0.00082755
v -0.00834612 -0.08177796 0.00070911
v -0.00834958 -0.08181042 0.00058015
v -0.00158689 -0.06433158 0.00688310
v -0.00151570 -0.06423419 0.00689104
v -0.00139422 -0.06429148 0.00687017
v -0.00090170 -0.06451724 0.00672014
v -0.00102499 -0.06446175 0.00676793
v -0.00114846 -0.06440548 0.00680879
v -0.00127168 -0.06434865 0.00684282
v 0.00002103 -0.06490546 0.00609125
v -0.00008364 -0.06486440 0.00619247
v -0.00019230 -0.06482080 0.00628771
v -0.00030449 -0.06477485 0.00637667
v -0.00041974 -0.06472674 0.00645908
v -0.00053758 -0.06467670 0.00653475
v -0.00065751 -0.06462495 0.00660354
v -0.00077904 -0.06457172 0.00666535
v 0.00021679 -0.06497928 0.00587234
v 0.00012131 -0.06494380 0.00598441
v -0.00260914 -0.07240298 0.00057453
v -0.00260914 -0.07240298 -0.00057453
v 0.00185571 -0.06326833 -0.00037500
v 0.00185571 -0.06326833 0.00037500
v -0.00730000 -0.06000000 -0.00727813
v -0.00646987 -0.06000000 -0.00727999
v -0.00646849 -0.06000000 -0.00728000
v -0.00630822 -0.06000000 -0.00728027
v -0.00311795 -0.06000000 -0.00727826
v -0.00116976 -0.06000000 -0.00727547
v -0.00115049 -0.06000000 -0.00727543
v -0.00111798 -0.06000000 -0.00727536
v -0.00109692 -0.06000000 -0.00727530
v -0.00106821 -0.06000000 -0.00727521
v -0.00104585 -0.06000000 -0.00727512
v -0.00427815 -0.06000000 0.00727604
v 0.00025719 -0.06000000 -0.00726962
v 0.00028648 -0.06000000 -0.00726936
v -0.00735606 -0.06000000 -0.00727683
v -0.00830000 -0.06000000 -0.00625964
v -0.00829982 -0.06000000 -0.00629438
v -0.00829982 -0.06000000 -0.00629458
v -0.00829017 -0.06000000 -0.00641553
v -0.00829680 -0.06000000 -0.00635569
v -0.00829008 -0.06000000 -0.00641637
v -0.00827981 -0.06000000 -0.00647580
v -0.00827966 -0.06000000 -0.00647665
v -0.00826557 -0.06000000 -0.00653630
v -0.00824782 -0.06000000 -0.00659509
v -0.00820195 -0.06000000 -0.00670833
v -0.00822647 -0.06000000 -0.00665279
v -0.00817365 -0.06000000 -0.00676318
v -0.00820158 -0.06000000 -0.00670917
v -0.00817321 -0.06000000 -0.00676402
v -0.00814147 -0.06000000 -0.00681712
v -0.00810645 -0.06000000 -0.00686824
v -0.00806826 -0.06000000 -0.00691719
v -0.00798371 -0.06000000 -0.00700697
v -0.00802704 -0.06000000 -0.00696376
v -0.00798299 -0.06000000 -0.00700769
v -0.00788755 -0.06000000 -0.00708660
v -0.00793614 -0.06000000 -0.00704894
v -0.00788672 -0.06000000 -0.00708724
v -0.00778180 -0.06000000 -0.00715386
v -0.00783491 -0.06000000 -0.00712245
v -0.00772581 -0.06000000 -0.00718246
v -0.00778088 -0.06000000 -0.00715440
v -0.00772485 -0.06000000 -0.00718295
v -0.00766702 -0.06000000 -0.00720796
v -0.00760863 -0.06000000 -0.00722894
v -0.00760761 -0.06000000 -0.00722931
v -0.00754683 -0.06000000 -0.00724689
v -0.00748601 -0.06000000 -0.00726038
v -0.00748493 -0.06000000 -0.00726062
v -0.00742324 -0.06000000 -0.00727023
v -0.00742214 -0.06000000 -0.00727041
v -0.00738422 -0.06000000 0.00727541
v -0.00830000 -0.06000000 0.00627587
v -0.00829906 -0.06000000 0.00631463
v -0.00745215 -0.06000000 0.00726624
v -0.00751113 -0.06000000 0.00725528
v -0.00751218 -0.06000000 0.00725509
v -0.00762898 -0.06000000 0.00722208
v -0.00757154 -0.06000000 0.00724025
v -0.00762999 -0.06000000 0.00722176
v -0.00774234 -0.06000000 0.00717448
v -0.00768732 -0.06000000 0.00719967
v -0.00779677 -0.06000000 0.00714544
v -0.00774329 -0.06000000 0.00717404
v -0.00779769 -0.06000000 0.00714495
v -0.00785029 -0.06000000 0.00711249
v -0.00790005 -0.06000000 0.00707735
v -0.00794849 -0.06000000 0.00703853
v -0.00790089 -0.06000000 0.00707676
v -0.00794928 -0.06000000 0.00703789
v -0.00799526 -0.06000000 0.00699600
v -0.00803786 -0.06000000 0.00695204
v -0.00803856 -0.06000000 0.00695132
v -0.00811620 -0.06000000 0.00685462
v -0.00807916 -0.06000000 0.00690385
v -0.00811679 -0.06000000 0.00685383
v -0.00815077 -0.06000000 0.00680226
v -0.00818206 -0.06000000 0.00674773
v -0.00815130 -0.06000000 0.00680145
v -0.00818253 -0.06000000 0.00674690
v -0.00823424 -0.06000000 0.00663293
v -0.00821034 -0.06000000 0.00669037
v -0.00823460 -0.06000000 0.00663208
v -0.00827176 -0.06000000 0.00651195
v -0.00825518 -0.06000000 0.00657224
v -0.00827200 -0.06000000 0.00651108
v -0.00828494 -0.06000000 0.00644885
v -0.00829380 -0.06000000 0.00638669
v -0.00829861 -0.06000000 0.00632792
v -0.00829393 -0.06000000 0.00638583
v -0.00829869 -0.06000000 0.00632645
v 0.00035014 -0.06000000 -0.00726855
v 0.00038313 -0.06000000 -0.00726752
v 0.00041756 -0.06000000 -0.00726604
v 0.00045292 -0.06000000 -0.00726409
v 0.00052299 -0.06000000 -0.00725941
v 0.00051875 -0.06000000 -0.00725973
v 0.00048490 -0.06000000 -0.00726200
v 0.00061823 -0.06000000 -0.00725070
v 0.00055612 -0.06000000 -0.00725674
v 0.00189908 -0.06000000 -0.00686300
v 0.00187257 -0.06000000 -0.00687704
v 0.00185239 -0.06000000 -0.00688749
v 0.00183527 -0.06000000 -0.00689607
v 0.00172906 -0.06000000 -0.00694786
v 0.00191509 -0.06000000 -0.00685397
v 0.00207864 -0.06000000 -0.00675918
v 0.00214855 -0.06000000 -0.00671452
v 0.00209263 -0.06000000 -0.00675035
v 0.00230603 -0.06000000 -0.00660382
v 0.00250672 -0.06000000 -0.00643940
v 0.00235350 -0.06000000 -0.00656736
v 0.00136820 -0.06000000 -0.00709050
v 0.00133201 -0.06000000 -0.00710236
v 0.00116190 -0.06000000 -0.00715123
v 0.00113247 -0.06000000 -0.00715950
v 0.00108248 -0.06000000 -0.00717168
v 0.00113683 -0.06000000 -0.00715839
v 0.00077372 -0.06000000 -0.00723117
v 0.00074775 -0.06000000 -0.00723501
v 0.00064880 -0.06000000 -0.00724745
v 0.00080283 -0.06000000 -0.00722684
v 0.00082899 -0.06000000 -0.00722273
v 0.00105632 -0.06000000 -0.00717791
v 0.00085738 -0.06000000 -0.00721726
v 0.00139085 -0.06000000 -0.00708291
v 0.00140841 -0.06000000 -0.00707697
v 0.00159815 -0.06000000 -0.00700523
v 0.00345321 -0.06000000 -0.00437154
v 0.00344108 -0.06000000 -0.00462892
v 0.00345288 -0.06000000 -0.00438054
v 0.00340707 -0.06000000 -0.00486956
v 0.00344063 -0.06000000 -0.00463283
v 0.00340460 -0.06000000 -0.00488300
v 0.00340642 -0.06000000 -0.00487346
v 0.00302685 -0.06000000 -0.00582974
v 0.00302452 -0.06000000 -0.00583341
v 0.00303985 -0.06000000 -0.00580909
v 0.00304329 -0.06000000 -0.00580329
v 0.00315151 -0.06000000 -0.00561252
v 0.00315420 -0.06000000 -0.00560738
v 0.00317433 -0.06000000 -0.00556738
v 0.00317663 -0.06000000 -0.00556233
v 0.00325945 -0.06000000 -0.00537649
v 0.00326835 -0.06000000 -0.00535398
v 0.00334395 -0.06000000 -0.00513277
v 0.00334509 -0.06000000 -0.00512863
v 0.00302063 -0.06000000 -0.00583922
v 0.00294136 -0.06000000 -0.00595654
v 0.00287784 -0.06000000 -0.00604182
v 0.00252623 -0.06000000 -0.00642210
v 0.00251585 -0.06000000 -0.00643146
v 0.00253470 -0.06000000 -0.00641392
v 0.00269995 -0.06000000 -0.00625099
v 0.00270681 -0.06000000 -0.00624363
v 0.00273232 -0.06000000 -0.00621588
v 0.00287285 -0.06000000 -0.00604847
v 0.00345321 -0.06000000 0.00437311
v 0.00345288 -0.06000000 0.00438051
v 0.00344108 -0.06000000 0.00462889
v 0.00304331 -0.06000000 0.00580326
v 0.00310499 -0.06000000 0.00569906
v 0.00315153 -0.06000000 0.00561249
v 0.00302454 -0.06000000 0.00583338
v 0.00303987 -0.06000000 0.00580905
v 0.00302065 -0.06000000 0.00583919
v 0.00294183 -0.06000000 0.00595587
v 0.00287287 -0.06000000 0.00604844
v 0.00286743 -0.06000000 0.00605494
v 0.00273236 -0.06000000 0.00621585
v 0.00270684 -0.06000000 0.00624359
v 0.00344064 -0.06000000 0.00463280
v 0.00340707 -0.06000000 0.00486953
v 0.00340460 -0.06000000 0.00488298
v 0.00340642 -0.06000000 0.00487344
v 0.00334510 -0.06000000 0.00512860
v 0.00340374 -0.06000000 0.00488690
v 0.00334396 -0.06000000 0.00513274
v 0.00326836 -0.06000000 0.00535395
v 0.00334258 -0.06000000 0.00513688
v 0.00325946 -0.06000000 0.00537646
v 0.00323648 -0.06000000 0.00543206
v 0.00315421 -0.06000000 0.00560735
v 0.00323435 -0.06000000 0.00543673
v 0.00025601 -0.06000000 0.00727608
v 0.00052301 -0.06000000 0.00725941
v 0.00055613 -0.06000000 0.00725674
v 0.00061824 -0.06000000 0.00725070
v 0.00051877 -0.06000000 0.00725973
v 0.00064882 -0.06000000 0.00724745
v 0.00074777 -0.06000000 0.00723501
v 0.00077373 -0.06000000 0.00723118
v 0.00128407 -0.06000000 0.00711728
v 0.00133205 -0.06000000 0.00710235
v 0.00136824 -0.06000000 0.00709049
v 0.00113687 -0.06000000 0.00715838
v 0.00108252 -0.06000000 0.00717167
v 0.00105635 -0.06000000 0.00717791
v 0.00098089 -0.06000000 0.00719454
v 0.00095351 -0.06000000 0.00719982
v 0.00080287 -0.06000000 0.00722684
v 0.00250676 -0.06000000 0.00643937
v 0.00235355 -0.06000000 0.00656732
v 0.00230607 -0.06000000 0.00660379
v 0.00228032 -0.06000000 0.00662289
v 0.00209268 -0.06000000 0.00675032
v 0.00226836 -0.06000000 0.00663131
v 0.00201304 -0.06000000 0.00679894
v 0.00207869 -0.06000000 0.00675915
v 0.00185244 -0.06000000 0.00688747
v 0.00189913 -0.06000000 0.00686297
v 0.00183531 -0.06000000 0.00689606
v 0.00172945 -0.06000000 0.00694769
v 0.00171073 -0.06000000 0.00695598
v 0.00159820 -0.06000000 0.00700521
v 0.00157782 -0.06000000 0.00701311
v 0.00140845 -0.06000000 0.00707695
v 0.00264085 -0.06000000 0.00631244
v 0.00269998 -0.06000000 0.00625096
v 0.00251589 -0.06000000 0.00643143
v 0.00263308 -0.06000000 0.00631995
v 0.00345321 -0.06000000 -0.00419455
v 0.00345321 -0.06000000 0.00419455
f 91 83 90
f 2022 83 91
f 2827 2830 2472
f 305 86 221
f 90 83 81
f 90 86 92
f 92 91 90
f 1545 91 92
f 294 295 293
f 1556 2071 1609
f 2266 2472 2830
f 2266 2265 2472
f 305 221 217
f 90 81 217
f 217 86 90
f 217 221 86
f 89 83 2022
f 1679 2029 2028
f 1679 1680 2029
f 193 2911 2913
f 194 2911 193
f 2917 188 189
f 2916 189 190
f 2916 191 2914
f 190 191 2916
f 187 186 972
f 186 187 2921
f 346 248 348
f 1610 1609 1607
f 2072 1609 2071
f 2085 2082 2083
f 2373 2362 2372
f 2418 2420 2419
f 2419 2822 2823
f 2883 121 180
f 181 118 119
f 2481 2480 2427
f 2267 2307 2468
f 2265 2266 2267
f 2444 2306 2825
f 2454 2302 2452
f 305 217 296
f 296 217 81
f 82 81 84
f 78 2 1940
f 1837 1838 1826
f 1591 91 1545
f 1545 92 2843
f 237 314 236
f 1938 1838 1837
f 1938 1837 1896
f 1938 77 1838
f 1939 77 1938
f 349 346 348
f 64 66 65
f 64 63 62
f 65 66 68
f 2148 2086 2089
f 2084 2082 2085
f 2029 1680 2030
f 2977 2202 2201
f 1671 2939 2941
f 1674 1679 2028
f 2028 2027 1674
f 1674 2027 1675
f 195 194 976
f 976 974 195
f 2910 194 195
f 195 974 196
f 196 2910 195
f 198 2904 2906
f 2251 2253 2366
f 2211 2210 2320
f 2917 189 2915
f 189 2916 2915
f 2920 184 186
f 186 2921 2920
f 2918 188 2917
f 2918 187 188
f 1158 955 957
f 1157 955 1158
f 1111 103 105
f 105 103 104
f 146 136 1367
f 248 346 247
f 247 2848 2850
f 2850 248 247
f 2847 218 2846
f 2848 247 2847
f 2847 247 218
f 348 248 249
f 339 251 242
f 2069 2071 1556
f 2194 2068 2195
f 2828 2072 2829
f 2083 2081 2113
f 1557 1610 1607
f 1556 1609 1557
f 1609 1610 1557
f 2963 2964 2195
f 2079 2081 2078
f 2082 2084 2061
f 2819 2436 2818
f 2305 2448 2304
f 3037 2819 3038
f 2420 2418 2423
f 2430 2822 2419
f 2419 2420 2430
f 2434 2436 2819
f 2822 2430 2821
f 2821 2430 2432
f 2842 180 3016
f 2883 180 2842
f 121 119 120
f 3016 180 120
f 120 180 121
f 181 119 117
f 117 119 121
f 2415 2824 2813
f 214 118 181
f 2484 124 2485
f 2480 2481 2621
f 2484 2485 2621
f 2621 2482 2484
f 2621 2481 2482
f 2484 2482 2483
f 3003 3004 2307
f 2310 2311 2460
f 2470 2267 2468
f 2265 2267 2470
f 2472 2265 2470
f 2470 2471 2472
f 2991 2267 2990
f 2277 2260 2272
f 2272 2271 2277
f 2472 2471 2264
f 2468 2307 2466
f 2466 2467 2468
f 2465 2467 2466
f 2312 3012 3013
f 2312 2311 3010
f 3010 3012 2312
f 2446 2447 2448
f 2306 2444 2446
f 2448 2305 2446
f 2446 2305 2306
f 2442 2444 2825
f 2313 2302 2454
f 2303 2452 2302
f 2996 2995 2303
f 2304 2448 2450
f 2450 2303 2304
f 2452 2303 2450
f 2362 2373 2377
f 2457 2393 2459
f 2452 2450 2451
f 3 84 81
f 89 84 3
f 3 81 83
f 83 89 3
f 82 84 1830
f 1830 89 1829
f 1830 84 89
f 1829 89 2023
f 2023 2024 1829
f 2023 89 2022
f 2022 91 2023
f 91 2024 2023
f 1829 2024 1827
f 1825 1826 1827
f 2025 1825 1827
f 1827 2024 2025
f 80 296 81
f 305 296 80
f 80 81 82
f 82 1 80
f 80 1 2
f 2 78 80
f 1824 1826 1825
f 1837 1826 1824
f 2026 1825 2025
f 2025 1678 2026
f 2026 1678 1675
f 1675 2027 2026
f 2925 2926 1545
f 1677 1678 2025
f 2025 2024 1677
f 2841 2843 92
f 2844 2923 1545
f 1545 2843 2844
f 2835 85 2834
f 2835 2836 93
f 93 85 2835
f 88 85 93
f 92 88 93
f 2880 219 228
f 86 220 222
f 222 223 86
f 2831 85 87
f 87 85 88
f 86 223 87
f 87 92 86
f 87 88 92
f 2875 224 2874
f 1940 1838 79
f 1838 77 79
f 79 78 1940
f 67 68 66
f 76 77 1939
f 1939 74 76
f 1939 1938 1937
f 70 67 69
f 309 310 307
f 310 308 307
f 308 321 307
f 307 224 309
f 810 813 812
f 819 818 817
f 817 917 819
f 871 26 868
f 329 342 343
f 843 908 842
f 843 842 335
f 347 349 835
f 346 349 347
f 350 349 348
f 348 249 350
f 351 251 339
f 907 842 908
f 910 845 911
f 902 903 789
f 905 795 793
f 839 329 840
f 839 342 329
f 840 905 839
f 324 845 844
f 845 910 844
f 911 845 846
f 1941 64 65
f 63 64 1941
f 1931 67 70
f 68 67 1931
f 65 68 1933
f 1933 1931 1934
f 68 1931 1933
f 1933 1941 65
f 1550 2160 2192
f 1587 1686 1723
f 1723 1686 1715
f 746 745 778
f 816 817 818
f 835 900 834
f 294 293 834
f 293 347 834
f 834 347 835
f 2108 2147 2148
f 2148 2089 2108
f 2087 2089 2086
f 2087 2084 2085
f 2086 2084 2087
f 2143 2145 2166
f 2104 2049 2106
f 2148 2107 2090
f 1900 1581 1741
f 2095 2039 2096
f 2056 2054 2199
f 2199 2054 2198
f 2205 2206 2042
f 2199 2972 2973
f 2200 2974 2975
f 2200 2201 2058
f 2200 2056 2199
f 2058 2056 2200
f 2977 2201 2976
f 2976 2200 2975
f 2201 2200 2976
f 1680 2936 1669
f 1668 2031 1669
f 1669 2030 1680
f 1669 2031 2030
f 2945 1674 2946
f 2959 2936 1680
f 1680 1679 2959
f 1679 2958 2959
f 2357 2356 2358
f 2356 2370 2358
f 2368 2349 2367
f 2371 2370 2356
f 2372 2362 2371
f 2355 2356 2357
f 2273 2272 2274
f 2271 2272 2273
f 988 196 974
f 978 194 193
f 978 976 194
f 2911 194 2909
f 194 2910 2909
f 2908 196 2907
f 2910 196 2908
f 198 2906 197
f 196 988 197
f 2907 196 197
f 204 2897 203
f 203 992 204
f 203 994 992
f 2901 201 202
f 202 203 2900
f 994 203 202
f 2902 201 2901
f 1393 1420 1394
f 102 128 1492
f 2209 2210 2211
f 2251 2366 2323
f 2323 2366 2758
f 2321 2320 2210
f 2251 2323 2321
f 2321 2323 2320
f 2754 2209 2211
f 2884 185 2885
f 185 184 2885
f 2919 2921 187
f 187 2918 2919
f 957 955 956
f 1543 1544 956
f 956 955 1543
f 1152 1154 1514
f 1157 1158 1156
f 114 124 2484
f 2484 2483 114
f 114 2483 113
f 114 113 108
f 114 108 122
f 122 124 114
f 1124 1126 1499
f 994 202 996
f 996 201 997
f 996 202 201
f 983 984 997
f 976 978 977
f 992 994 993
f 1519 105 122
f 122 108 1519
f 108 1520 1519
f 1111 105 1519
f 1519 1520 1111
f 1524 998 1000
f 295 218 345
f 218 247 345
f 345 247 346
f 345 293 295
f 345 347 293
f 346 347 345
f 2068 2194 2070
f 2070 2067 2068
f 2070 2069 2067
f 2070 2194 2072
f 2070 2072 2071
f 2071 2069 2070
f 2072 2828 1603
f 1607 1609 1603
f 1609 2072 1603
f 1603 2828 2827
f 1603 1608 1607
f 2827 2472 1603
f 2472 2277 1603
f 2115 2087 2085
f 2112 2081 2079
f 2112 2113 2081
f 2073 1557 2074
f 1556 1557 2073
f 2965 2203 2978
f 2196 2203 2965
f 2965 2966 2196
f 2082 2061 2063
f 2057 2058 2060
f 2060 2201 2202
f 2058 2201 2060
f 2813 3025 3024
f 2817 3033 3034
f 3034 2818 2817
f 2826 2442 2825
f 2304 2998 2999
f 2999 2305 2304
f 3050 3049 2825
f 2421 2613 2437
f 2432 2434 2820
f 2820 2821 2432
f 2820 2434 2819
f 3039 2821 2820
f 3040 3039 2820
f 3041 2821 3042
f 3042 2821 3039
f 3016 120 2810
f 2810 2811 3016
f 2810 120 119
f 213 183 2883
f 2883 2886 213
f 213 2886 212
f 117 183 213
f 182 117 121
f 182 183 117
f 182 121 2883
f 2883 183 182
f 2413 2415 2813
f 2824 2415 2417
f 2419 2823 2417
f 2823 2824 2417
f 2417 2418 2419
f 2416 2418 2417
f 2417 2415 2416
f 1000 998 1011
f 123 124 122
f 123 2485 124
f 122 105 123
f 123 105 104
f 104 2485 123
f 2688 2490 2687
f 2687 2490 2489
f 2444 2442 2443
f 2437 2613 2611
f 2462 2309 2310
f 2310 2460 2462
f 2461 2460 2459
f 2461 2462 2460
f 2465 2387 2385
f 2383 2467 2385
f 2385 2467 2465
f 2385 2384 2383
f 2393 2765 2391
f 2459 2393 2391
f 2391 2461 2459
f 2469 2467 2383
f 2468 2467 2469
f 2469 2470 2468
f 2471 2470 2469
f 2472 2264 2263
f 2309 3008 3007
f 2308 2466 2307
f 3011 3010 2311
f 2997 2998 2304
f 2440 2826 2817
f 2442 2826 2440
f 3014 2313 3015
f 2994 2993 2302
f 2302 2993 2992
f 2365 2349 2368
f 2245 2760 2246
f 2350 2246 2760
f 2378 2373 2375
f 2378 2377 2373
f 2254 2326 2328
f 2763 2762 2248
f 2327 2325 2330
f 2328 2326 2327
f 2327 2329 2328
f 2330 2329 2327
f 2761 2760 2245
f 2337 2342 2341
f 2332 2342 2343
f 2762 2763 2343
f 2334 2341 2333
f 2341 2342 2333
f 2333 2342 2332
f 2332 2317 2333
f 2619 2620 2622
f 2622 2632 2633
f 2454 2455 2456
f 2455 2457 2456
f 2312 2313 2456
f 2456 2313 2454
f 2448 2447 2449
f 2449 2450 2448
f 2449 2451 2450
f 1831 1830 1829
f 1831 1 82
f 82 1830 1831
f 2 1 1831
f 1940 2 1831
f 856 303 298
f 2028 2029 1819
f 1825 2026 1823
f 1823 2026 2027
f 1823 1824 1825
f 1545 2923 2924
f 2924 2925 1545
f 1676 2952 2951
f 91 1591 1676
f 1676 2024 91
f 1676 1677 2024
f 2930 1591 2931
f 2931 1591 2927
f 1591 2928 2927
f 2929 2928 1591
f 1675 2947 2949
f 2948 2947 1675
f 92 2839 2840
f 2840 2841 92
f 2833 2834 85
f 2838 2839 92
f 92 93 2838
f 223 222 2845
f 2831 87 2845
f 2845 87 223
f 236 2866 2868
f 2868 237 236
f 237 2869 229
f 229 2869 2871
f 2871 230 229
f 225 224 2875
f 2875 226 225
f 309 224 225
f 917 817 916
f 920 825 823
f 823 919 920
f 921 825 920
f 856 922 921
f 858 79 77
f 77 76 858
f 78 79 858
f 75 74 1939
f 1939 1937 75
f 75 1937 74
f 1936 1938 1896
f 1936 1937 1938
f 831 828 829
f 829 922 831
f 922 923 831
f 70 69 72
f 226 312 311
f 309 225 311
f 311 225 226
f 311 310 309
f 227 312 226
f 227 2878 228
f 228 300 227
f 300 312 227
f 224 307 232
f 232 307 321
f 232 2874 224
f 318 230 320
f 318 229 230
f 320 321 306
f 306 321 308
f 852 308 310
f 310 853 852
f 812 813 815
f 815 916 817
f 806 807 809
f 874 828 873
f 26 871 24
f 772 871 868
f 738 772 739
f 330 329 344
f 329 343 344
f 339 242 341
f 341 342 339
f 341 343 342
f 333 335 842
f 250 350 249
f 251 351 250
f 250 351 350
f 842 907 841
f 841 333 842
f 906 795 905
f 906 905 840
f 840 841 906
f 906 841 907
f 799 907 908
f 909 908 843
f 843 844 909
f 909 844 910
f 787 902 789
f 789 786 787
f 905 793 904
f 904 839 905
f 789 903 791
f 903 904 791
f 791 904 793
f 798 890 796
f 796 799 798
f 342 839 838
f 838 904 903
f 839 904 838
f 324 844 322
f 322 337 324
f 843 335 322
f 322 844 843
f 911 846 912
f 913 809 912
f 847 913 912
f 912 846 847
f 912 807 911
f 912 809 807
f 236 314 328
f 28 27 30
f 25 27 28
f 868 26 28
f 26 25 28
f 29 27 1974
f 30 27 29
f 29 32 30
f 31 32 29
f 1974 27 1956
f 1956 27 25
f 1932 1933 1934
f 1934 1562 1932
f 1932 1562 1867
f 1941 1933 1932
f 778 745 744
f 744 777 778
f 34 32 31
f 2116 2115 2193
f 2193 2192 2160
f 1550 2192 1551
f 2158 1547 2166
f 779 746 778
f 7 9 6
f 2282 1648 2357
f 824 876 877
f 883 810 812
f 1220 1198 1197
f 1197 1219 1220
f 1218 1197 1196
f 1218 1219 1197
f 411 412 420
f 287 385 948
f 405 412 411
f 404 405 411
f 396 405 404
f 404 390 396
f 382 292 353
f 1198 1178 1177
f 1197 1198 1177
f 900 899 833
f 294 834 833
f 833 834 900
f 784 787 786
f 2110 2145 2147
f 2147 2108 2110
f 2166 2145 2167
f 2167 2158 2166
f 2145 2110 2167
f 2167 2110 2161
f 2147 2145 2146
f 2145 2143 2146
f 2148 2147 2146
f 2041 2098 2096
f 2096 2039 2041
f 2043 2098 2041
f 2039 2042 2041
f 2035 2038 2037
f 2039 2095 2037
f 2050 2204 2197
f 2045 2043 2046
f 2054 2056 2053
f 2053 2090 2107
f 2057 2086 2088
f 2088 2086 2148
f 2148 2090 2088
f 1837 1824 1836
f 1896 1837 1836
f 1836 1894 1896
f 1973 1970 1944
f 1848 1946 1947
f 1947 1864 1862
f 1862 1848 1947
f 1861 1862 1864
f 2207 2987 2988
f 2988 2208 2207
f 2207 2208 2046
f 2986 2987 2207
f 2942 1673 2943
f 1672 2941 2943
f 2943 1673 1672
f 1671 2941 1672
f 1672 1673 2038
f 2040 2042 2039
f 2040 2037 2038
f 2039 2037 2040
f 2038 1673 2040
f 2040 1673 2205
f 2205 2042 2040
f 2046 2043 2044
f 2044 2042 2206
f 2043 2041 2044
f 2044 2041 2042
f 2206 2207 2044
f 2044 2207 2046
f 2032 2031 1668
f 1668 1670 2032
f 2935 1669 2936
f 1674 2945 2944
f 2348 2366 2253
f 2253 2367 2348
f 2348 2367 2349
f 2758 2366 2348
f 2349 2350 2348
f 2372 2242 2374
f 2374 2373 2372
f 2375 2373 2374
f 2357 1648 1650
f 1650 2355 2357
f 1648 1649 1650
f 2356 2355 2243
f 2243 2371 2356
f 2372 2371 2243
f 2243 2242 2372
f 2257 2273 2258
f 2276 2277 2257
f 2277 2271 2257
f 2271 2273 2257
f 2259 2273 2274
f 2274 2272 2259
f 2259 2272 2260
f 2895 207 2892
f 2892 207 2893
f 2895 2894 206
f 206 207 2895
f 206 2894 2896
f 987 985 198
f 198 197 987
f 987 197 988
f 2907 197 2905
f 2905 197 2906
f 2898 203 2897
f 2900 203 2898
f 2901 202 2899
f 2899 202 2900
f 201 2902 200
f 997 201 200
f 200 983 997
f 925 136 138
f 925 1393 136
f 138 140 925
f 141 140 138
f 2496 2495 141
f 102 1492 1419
f 1419 101 102
f 134 132 133
f 2688 2687 2487
f 1116 1118 1496
f 135 128 102
f 102 101 135
f 2494 128 135
f 135 101 2494
f 159 160 155
f 1369 1393 1394
f 1343 1342 1369
f 2565 2541 2556
f 2757 2323 2758
f 2320 2323 2757
f 2758 2336 2757
f 2740 2739 2741
f 2344 2739 2740
f 2740 2741 2742
f 2742 2754 2740
f 2742 2744 2753
f 2753 2754 2742
f 2209 2754 2753
f 2753 2744 2717
f 2655 2667 2673
f 2666 2667 2655
f 184 2920 2922
f 2922 2885 184
f 963 1544 962
f 962 1544 1543
f 1543 960 962
f 1542 960 1543
f 1542 955 1157
f 1543 955 1542
f 1474 1510 1473
f 1478 1505 1506
f 1506 1477 1478
f 1121 1524 1123
f 1498 1499 1485
f 974 976 975
f 976 977 975
f 1535 975 977
f 997 984 982
f 982 996 997
f 1526 989 1527
f 136 146 137
f 146 148 137
f 143 148 146
f 143 146 1367
f 143 1342 1341
f 1441 1438 1439
f 1439 1482 1441
f 1231 1275 1230
f 2194 2961 2962
f 1608 1603 1602
f 2074 1557 1602
f 1602 1557 1607
f 1607 1608 1602
f 2114 2113 1552
f 2114 2115 2085
f 2085 2083 2114
f 2083 2113 2114
f 2074 2075 2111
f 2111 2112 2079
f 2079 2073 2111
f 2111 2073 2074
f 2079 2078 1555
f 1555 2073 2079
f 1556 2073 1555
f 1555 2078 2067
f 1555 2069 1556
f 2067 2069 1555
f 2067 2078 2065
f 2068 2067 2065
f 2082 2063 2080
f 2080 2078 2081
f 2080 2065 2078
f 2063 2065 2080
f 2080 2083 2082
f 2080 2081 2083
f 2057 2060 2059
f 2059 2061 2084
f 2059 2086 2057
f 2059 2084 2086
f 2202 2203 2062
f 2062 2060 2202
f 2061 2059 2062
f 2062 2059 2060
f 2818 3034 3035
f 3000 3001 2306
f 2306 3001 3002
f 2427 2480 2426
f 2433 2434 2432
f 2613 2421 2473
f 2475 2421 2422
f 2420 2423 2422
f 3047 3048 2824
f 3026 3025 2813
f 2813 2824 3026
f 2824 3048 3026
f 3043 3044 2822
f 3045 3046 2823
f 3016 2811 3020
f 3032 2816 3031
f 3029 3030 2815
f 2887 2888 212
f 212 2886 2887
f 2411 2410 2412
f 2412 2413 2411
f 2412 2410 2427
f 2427 2426 2412
f 117 213 1006
f 1006 213 212
f 2890 2889 210
f 210 2889 2891
f 2489 2490 2488
f 2480 2621 2488
f 2488 2621 2489
f 104 103 2486
f 2486 2485 104
f 103 2487 2486
f 2486 2487 2687
f 2445 2315 2447
f 2444 2443 2445
f 2447 2446 2445
f 2445 2446 2444
f 2314 2445 2443
f 2315 2445 2314
f 2309 2462 2464
f 2464 2308 2309
f 2466 2308 2464
f 2465 2466 2464
f 2463 2387 2465
f 2462 2461 2463
f 2465 2464 2463
f 2463 2464 2462
f 2381 2264 2471
f 2471 2469 2381
f 2381 2469 2383
f 2381 2380 2264
f 2386 2388 2397
f 2387 2388 2386
f 2384 2385 2386
f 2386 2385 2387
f 2389 2388 2387
f 2461 2391 2389
f 2387 2463 2389
f 2389 2463 2461
f 2248 2762 2249
f 2249 2250 2248
f 2245 2250 2249
f 2249 2761 2245
f 2762 2761 2249
f 2397 2388 2396
f 2354 2397 2396
f 2248 2250 2396
f 2396 2250 2245
f 2261 2259 2260
f 2273 2259 2261
f 2438 2818 2436
f 2438 2436 2437
f 2817 2818 2438
f 2438 2440 2817
f 2441 2443 2442
f 2442 2440 2441
f 2362 2353 2363
f 2363 2353 2364
f 2363 2371 2362
f 2363 2364 2370
f 2370 2371 2363
f 2354 2353 2376
f 2376 2397 2354
f 2362 2377 2376
f 2376 2353 2362
f 2370 2364 2369
f 2364 2365 2369
f 2369 2365 2368
f 2369 2358 2370
f 2368 2360 2369
f 2360 2358 2369
f 2245 2246 2247
f 2247 2396 2245
f 2354 2396 2247
f 2759 2350 2760
f 2759 2336 2758
f 2758 2348 2759
f 2759 2348 2350
f 2349 2365 2351
f 2351 2350 2349
f 2246 2350 2351
f 2351 2247 2246
f 2379 2378 2375
f 2258 2273 2379
f 2397 2376 2398
f 2398 2376 2377
f 2384 2386 2398
f 2398 2386 2397
f 2613 2473 2614
f 2346 2764 2765
f 2392 2391 2765
f 2455 2793 2395
f 2393 2457 2395
f 2395 2457 2455
f 2395 2765 2393
f 2395 2793 2765
f 2453 2451 2794
f 2794 2793 2453
f 2453 2793 2455
f 2452 2451 2453
f 2454 2452 2453
f 2453 2455 2454
f 2572 2575 2576
f 2703 2732 2704
f 2576 2578 2606
f 2324 2326 2796
f 2324 2327 2326
f 2325 2327 2324
f 2339 2761 2762
f 2762 2343 2339
f 2339 2343 2342
f 2342 2337 2339
f 2738 2344 2334
f 2800 2739 2738
f 2738 2739 2344
f 2494 101 2551
f 101 1419 2551
f 2585 2586 2565
f 2565 2556 2585
f 2586 2575 2588
f 2590 2589 2588
f 2591 2589 2590
f 2563 2564 2589
f 2589 2591 2563
f 2563 2591 2562
f 2552 2495 2496
f 2552 2562 2593
f 2688 2487 2601
f 126 134 2601
f 2601 2487 126
f 2704 2732 2705
f 2732 2733 2705
f 2799 2730 2800
f 2312 2456 2458
f 2458 2311 2312
f 2458 2460 2311
f 2459 2460 2458
f 2458 2457 2459
f 2458 2456 2457
f 2447 2315 2316
f 2316 2449 2447
f 2316 2254 2328
f 2315 2254 2316
f 1828 1831 1829
f 1829 1827 1828
f 1828 1827 1826
f 1828 1826 1838
f 1828 1838 1940
f 1940 1831 1828
f 304 298 303
f 305 80 304
f 80 298 304
f 304 219 220
f 304 86 305
f 304 220 86
f 310 311 299
f 299 311 312
f 299 853 310
f 299 312 300
f 300 301 299
f 856 921 855
f 855 303 856
f 855 301 303
f 855 921 920
f 2035 2037 2094
f 2094 2037 2095
f 2095 1681 2094
f 2031 2032 1813
f 1824 1823 1822
f 1822 1836 1824
f 2953 2954 1677
f 2956 2955 1678
f 2832 85 2831
f 2832 2833 85
f 2837 93 2836
f 2837 2838 93
f 2879 2880 228
f 228 2878 2879
f 220 219 2882
f 2882 222 220
f 2882 2845 222
f 2867 2869 237
f 237 2868 2867
f 819 917 918
f 917 852 918
f 853 919 918
f 918 852 853
f 916 815 915
f 915 813 914
f 915 815 813
f 826 876 824
f 822 825 824
f 822 823 825
f 824 877 822
f 822 877 878
f 821 818 819
f 819 918 821
f 919 823 821
f 821 918 919
f 78 858 297
f 297 80 78
f 297 298 80
f 252 76 74
f 252 923 76
f 857 858 76
f 76 923 857
f 856 298 857
f 857 922 856
f 857 923 922
f 298 297 857
f 857 297 858
f 1896 1894 1895
f 1895 1936 1896
f 253 69 67
f 828 831 830
f 830 873 828
f 1930 1931 70
f 70 72 1930
f 2877 227 226
f 2878 227 2877
f 320 230 231
f 231 321 320
f 231 232 321
f 231 230 2871
f 2873 232 231
f 2874 232 2872
f 2872 232 2873
f 314 237 316
f 316 317 314
f 316 318 317
f 237 229 316
f 229 318 316
f 319 318 320
f 320 306 319
f 317 318 319
f 917 916 851
f 851 852 917
f 851 306 308
f 308 852 851
f 817 816 814
f 814 815 817
f 812 815 814
f 814 816 881
f 806 809 808
f 813 810 811
f 811 809 913
f 810 808 811
f 811 808 809
f 914 813 811
f 811 913 914
f 804 807 806
f 806 886 804
f 257 738 728
f 875 727 876
f 874 727 875
f 876 826 875
f 875 828 874
f 875 826 828
f 872 64 62
f 62 259 872
f 259 873 872
f 330 344 245
f 333 841 331
f 331 329 330
f 840 329 331
f 331 841 840
f 330 332 331
f 331 332 333
f 911 807 805
f 805 910 911
f 807 804 805
f 805 804 802
f 902 787 901
f 901 900 835
f 788 786 789
f 789 791 788
f 799 796 797
f 795 906 797
f 797 906 907
f 907 799 797
f 795 797 794
f 794 797 796
f 342 838 340
f 339 342 340
f 340 351 339
f 837 340 838
f 903 902 837
f 837 838 903
f 847 846 313
f 1975 29 1974
f 31 29 1975
f 1949 1864 1947
f 1943 1951 1953
f 1891 1892 1890
f 1872 1868 1873
f 1904 1961 1872
f 1957 1956 1958
f 1974 1956 1957
f 1905 1911 1904
f 1905 1872 1873
f 1904 1872 1905
f 1905 1912 1911
f 1907 1914 1913
f 1873 1868 1869
f 37 38 35
f 38 36 35
f 1874 1907 1913
f 1870 1907 1874
f 1873 1869 1874
f 1874 1869 1870
f 777 744 776
f 778 777 865
f 777 776 865
f 2160 2161 2162
f 2162 2193 2160
f 2116 2193 2162
f 2120 2193 2115
f 1550 1551 2152
f 2151 1551 2149
f 2173 2152 2151
f 2151 2152 1551
f 2191 1551 2192
f 2149 1551 2191
f 2137 1649 1647
f 1647 1649 1648
f 2174 2172 2173
f 1687 1587 1723
f 1586 1587 1687
f 1723 1715 1725
f 1550 2152 1549
f 1944 1970 1968
f 1759 1575 1760
f 1576 1583 1574
f 1574 1575 1576
f 1760 1575 1574
f 1576 1575 1744
f 1727 1725 1715
f 48 47 49
f 49 1986 1987
f 47 1986 49
f 52 761 760
f 780 779 760
f 54 761 52
f 155 160 2501
f 2502 2501 160
f 1558 2015 2014
f 9 7 2014
f 2511 2512 2529
f 2359 2358 2360
f 2357 2358 2359
f 2359 2282 2357
f 2718 2753 2717
f 2209 2753 2718
f 2251 2321 2322
f 882 883 812
f 812 814 882
f 882 814 881
f 1230 1218 1217
f 1217 1218 1196
f 463 478 450
f 463 440 451
f 450 440 463
f 533 478 532
f 429 440 450
f 411 420 419
f 419 420 431
f 419 404 411
f 410 404 419
f 451 440 430
f 430 419 431
f 430 429 418
f 440 429 430
f 418 410 430
f 410 419 430
f 582 597 581
f 565 564 551
f 553 567 566
f 566 565 551
f 566 582 581
f 567 582 566
f 568 567 553
f 432 420 412
f 387 390 289
f 289 382 387
f 289 292 382
f 288 287 948
f 288 289 287
f 286 284 285
f 391 390 387
f 396 390 391
f 391 405 396
f 397 405 391
f 386 390 286
f 286 285 386
f 386 285 385
f 385 287 386
f 287 289 386
f 386 289 390
f 395 404 410
f 286 390 395
f 390 404 395
f 1516 1158 957
f 1516 1156 1158
f 1518 1516 957
f 1468 1516 1518
f 1463 1471 1470
f 786 788 895
f 899 784 898
f 785 784 899
f 787 784 785
f 785 899 900
f 900 901 785
f 785 901 787
f 2159 2161 2160
f 2159 2167 2161
f 2158 2167 2159
f 2159 2160 1550
f 1550 1549 2159
f 2159 1549 2158
f 2166 1547 2165
f 2165 2143 2166
f 1547 1546 2165
f 1546 2164 2165
f 1685 2164 1546
f 1546 1684 1685
f 1686 1587 1685
f 1685 1684 1686
f 1739 1681 1682
f 1682 1737 1739
f 1738 2094 1681
f 1738 1739 1577
f 1681 1739 1738
f 1586 2138 2163
f 2164 1685 2163
f 2163 1587 1586
f 2163 1685 1587
f 2164 2163 2139
f 2139 2163 2138
f 2104 2106 2103
f 2100 2098 2043
f 2043 2045 2100
f 2049 2050 2052
f 2052 2050 2197
f 2052 2198 2054
f 2197 2198 2052
f 2048 2045 2046
f 2046 2208 2048
f 2208 2204 2048
f 2204 2050 2048
f 2055 2053 2056
f 2055 2058 2057
f 2055 2056 2058
f 2057 2088 2055
f 2090 2053 2055
f 2055 2088 2090
f 1580 1742 1741
f 1741 1581 1580
f 1899 1900 1741
f 1972 1973 1839
f 1946 1848 1945
f 1945 1964 1946
f 1863 1861 1864
f 1898 1897 1863
f 1863 1897 1861
f 2981 2980 2204
f 2204 2980 2979
f 2198 2970 2971
f 2982 2205 2983
f 2984 2985 2206
f 2034 1670 1671
f 2034 2032 1670
f 2937 2938 1670
f 2940 2939 1671
f 2933 2932 1668
f 2957 2958 1679
f 2355 1650 1654
f 1652 1654 1653
f 205 206 2896
f 205 2896 2897
f 205 2897 204
f 191 981 192
f 2914 191 192
f 192 2912 2914
f 2913 2912 192
f 193 2913 192
f 980 978 193
f 193 192 980
f 980 192 981
f 190 189 967
f 2904 200 2903
f 2903 200 2902
f 199 2904 198
f 199 200 2904
f 198 985 199
f 985 983 199
f 983 200 199
f 1418 925 140
f 1420 1393 1418
f 1393 925 1418
f 1395 1369 1394
f 1427 1429 1428
f 127 2487 103
f 126 2487 127
f 1117 1116 1115
f 1495 1116 1496
f 133 132 130
f 1492 130 1491
f 1491 130 1493
f 924 130 132
f 1493 130 924
f 1348 1078 1076
f 153 1289 152
f 158 159 155
f 155 156 158
f 158 156 154
f 161 160 1019
f 160 159 1019
f 1025 1247 1248
f 1248 1047 1025
f 1076 1078 1075
f 96 95 149
f 2513 2497 2498
f 1393 1369 1368
f 1367 136 1368
f 136 1393 1368
f 1368 1369 1342
f 1368 143 1367
f 1342 143 1368
f 1343 1369 1344
f 1345 1344 1371
f 99 97 98
f 1341 1342 1062
f 1062 99 1341
f 1372 1398 1373
f 2211 2320 2756
f 2320 2757 2756
f 2741 2739 2801
f 2801 2730 2729
f 2801 2739 2800
f 2800 2730 2801
f 2515 2546 2547
f 2717 2744 2746
f 2742 2741 2743
f 2743 2744 2742
f 2745 2746 2744
f 2747 2746 2745
f 2744 2743 2745
f 2745 2743 2803
f 2666 2655 2215
f 959 962 960
f 959 960 972
f 972 186 959
f 186 184 959
f 1154 1152 1153
f 1473 1459 1457
f 1457 1474 1473
f 1472 1512 1471
f 1472 1459 1473
f 1473 1510 1511
f 1511 1472 1473
f 1512 1472 1511
f 1471 1512 1513
f 1514 1470 1513
f 1513 1470 1471
f 1513 1152 1514
f 1150 1152 1513
f 1513 1512 1150
f 1509 1144 1510
f 1510 1474 1509
f 1146 1145 1147
f 1146 1144 1145
f 1510 1144 1146
f 1146 1511 1510
f 1481 1482 1502
f 1481 1441 1482
f 1483 1482 1439
f 1479 1445 1480
f 1479 1505 1478
f 1479 1504 1505
f 1480 1504 1479
f 1447 1479 1478
f 1445 1479 1447
f 1503 1481 1502
f 1503 1504 1480
f 1480 1481 1503
f 1475 1474 1453
f 1475 1509 1474
f 1508 1509 1475
f 1477 1506 1507
f 1090 1092 1091
f 1227 1220 1228
f 1228 1220 1219
f 1219 1218 1228
f 1119 1116 1117
f 1118 1116 1119
f 1117 1522 1119
f 1524 1121 1119
f 1508 1507 1140
f 1496 1118 1120
f 1120 1121 1123
f 1118 1119 1120
f 1120 1119 1121
f 1124 1499 1122
f 1499 1498 1122
f 1498 1120 1122
f 1123 1124 1122
f 1122 1120 1123
f 973 987 988
f 973 988 974
f 974 975 973
f 1147 1145 1536
f 1145 1535 1536
f 1536 1535 977
f 992 993 991
f 1527 989 991
f 989 1526 1002
f 1002 1524 1000
f 1123 1524 1525
f 1525 1526 1123
f 1524 1002 1525
f 1525 1002 1526
f 139 137 2496
f 139 141 138
f 2496 141 139
f 138 136 139
f 136 137 139
f 145 143 1341
f 2544 137 148
f 2496 137 2544
f 2565 2586 2587
f 2589 2564 2587
f 2587 2588 2589
f 2586 2588 2587
f 1400 1434 1436
f 1436 1438 1402
f 1439 1438 1436
f 1432 1434 1400
f 1444 1405 1404
f 1404 1442 1444
f 1404 1403 1442
f 1379 1403 1404
f 1438 1441 1440
f 1441 1442 1440
f 1442 1403 1440
f 1402 1438 1440
f 1440 1403 1402
f 1443 1442 1441
f 1480 1445 1443
f 1443 1445 1444
f 1444 1442 1443
f 1443 1481 1480
f 1441 1481 1443
f 1233 1214 1234
f 1275 1231 1232
f 1232 1273 1275
f 6 9 8
f 477 478 533
f 236 328 235
f 235 2866 236
f 323 233 325
f 324 337 323
f 1604 2075 2074
f 2074 1602 1604
f 1604 1602 1603
f 2075 1604 1661
f 1661 1604 1600
f 1661 1667 1659
f 2066 2196 2195
f 2195 2068 2066
f 2068 2065 2066
f 2066 2065 2063
f 2064 2063 2061
f 2061 2062 2064
f 2064 2066 2063
f 2064 2062 2203
f 2203 2196 2064
f 2196 2066 2064
f 2818 3035 3036
f 3052 3051 2826
f 2423 2477 2476
f 2476 2422 2423
f 2475 2422 2476
f 2478 2620 2619
f 2619 2477 2478
f 2424 2477 2423
f 2416 2425 2424
f 2425 2478 2424
f 2424 2478 2477
f 2424 2418 2416
f 2424 2423 2418
f 2421 2433 2431
f 2420 2422 2431
f 2431 2422 2421
f 2431 2430 2420
f 2432 2430 2431
f 2431 2433 2432
f 2434 2433 2435
f 2437 2436 2435
f 2436 2434 2435
f 2435 2421 2437
f 2435 2433 2421
f 2474 2421 2475
f 2474 2473 2421
f 2811 3018 3017
f 3017 3020 2811
f 3019 3018 2811
f 2811 2810 2812
f 2812 2810 119
f 2812 2407 2816
f 2812 119 118
f 3027 3028 2814
f 2814 3024 3027
f 2813 3024 2814
f 2814 2413 2813
f 2411 2413 2814
f 2814 2815 2411
f 2816 2407 2409
f 2409 2815 2816
f 2411 2815 2409
f 2409 2410 2411
f 2404 216 116
f 2404 2812 118
f 2407 2812 2404
f 2413 2412 2414
f 2416 2415 2414
f 2415 2413 2414
f 2414 2425 2416
f 2414 2426 2425
f 2414 2412 2426
f 107 216 215
f 118 214 215
f 215 214 107
f 215 2404 118
f 216 2404 215
f 110 216 107
f 116 216 110
f 2428 2481 2427
f 2482 2481 2428
f 2427 2410 2428
f 113 2483 112
f 2483 2402 112
f 108 113 112
f 112 1012 108
f 106 110 107
f 116 110 106
f 1014 1006 1005
f 1014 214 181
f 181 117 1014
f 117 1006 1014
f 1008 1006 212
f 1011 210 209
f 209 210 2891
f 2891 2893 209
f 2888 2890 211
f 2890 210 211
f 212 2888 211
f 211 1008 212
f 2491 2622 2620
f 2620 2488 2491
f 2491 2488 2490
f 2632 2622 2491
f 2485 2486 2686
f 2686 2486 2687
f 2686 2687 2489
f 2489 2621 2686
f 2686 2621 2485
f 2264 2380 2270
f 3006 3005 2308
f 2440 2438 2439
f 2439 2441 2440
f 2439 2438 2437
f 2609 2441 2439
f 2437 2611 2439
f 2439 2611 2609
f 2710 2314 2443
f 2443 2441 2710
f 2710 2441 2609
f 2338 2337 2336
f 2336 2759 2338
f 2338 2759 2760
f 2338 2339 2337
f 2760 2761 2338
f 2761 2339 2338
f 2364 2353 2352
f 2352 2365 2364
f 2352 2351 2365
f 2247 2351 2352
f 2352 2353 2354
f 2354 2247 2352
f 2281 2379 2375
f 2258 2379 2281
f 2273 2261 2401
f 2401 2379 2273
f 2401 2270 2380
f 2261 2270 2401
f 2677 2645 2676
f 2326 2254 2256
f 2796 2326 2256
f 2612 2611 2613
f 2613 2614 2612
f 2612 2614 2628
f 2628 2629 2612
f 2347 2346 2765
f 2794 2329 2347
f 2347 2329 2330
f 2330 2346 2347
f 2347 2793 2794
f 2765 2793 2347
f 2345 2763 2764
f 2764 2346 2345
f 2332 2343 2345
f 2345 2343 2763
f 2248 2392 2394
f 2394 2763 2248
f 2764 2763 2394
f 2765 2764 2394
f 2394 2392 2765
f 2391 2392 2390
f 2390 2389 2391
f 2388 2389 2390
f 2390 2392 2248
f 2248 2396 2390
f 2390 2396 2388
f 2575 2572 2574
f 2590 2588 2574
f 2574 2588 2575
f 2729 2730 2702
f 2702 2703 2680
f 2605 2572 2576
f 2576 2606 2605
f 2604 2572 2605
f 2607 2606 2578
f 2651 2606 2607
f 2607 2652 2651
f 2673 2669 2672
f 2672 2669 2652
f 2734 2324 2796
f 2706 2705 2734
f 2734 2705 2733
f 2495 2551 100
f 100 1418 140
f 100 2551 1419
f 1419 1418 100
f 2593 2594 2561
f 2561 2552 2593
f 2561 2551 2495
f 2495 2552 2561
f 2493 128 2494
f 2494 2597 2493
f 2595 2597 2494
f 2595 2561 2594
f 2494 2551 2595
f 2551 2561 2595
f 2596 2594 2233
f 2233 2602 2596
f 2596 2595 2594
f 2597 2595 2596
f 2586 2585 2577
f 2577 2575 2586
f 2577 2578 2576
f 2576 2575 2577
f 2581 2582 2583
f 2583 2567 2581
f 2553 2563 2562
f 2562 2552 2553
f 2553 2552 2496
f 2496 2544 2553
f 2492 2490 2688
f 2492 2491 2490
f 2632 2491 2492
f 2704 2705 2683
f 2683 2705 2706
f 2730 2799 2731
f 2731 2702 2730
f 2703 2702 2731
f 2732 2703 2731
f 2797 2734 2733
f 2324 2734 2797
f 2737 2736 2799
f 2800 2738 2737
f 2737 2799 2800
f 2737 2738 2334
f 2799 2736 2798
f 2732 2731 2798
f 2798 2731 2799
f 2798 2733 2732
f 2798 2797 2733
f 2736 2797 2798
f 2449 2316 2795
f 2794 2451 2795
f 2451 2449 2795
f 2795 2329 2794
f 2328 2329 2795
f 2795 2316 2328
f 302 304 303
f 302 301 300
f 303 301 302
f 302 300 228
f 228 219 302
f 219 304 302
f 853 299 854
f 854 855 920
f 854 299 301
f 301 855 854
f 920 919 854
f 854 919 853
f 2035 2094 2093
f 2094 1738 2093
f 1821 1822 1823
f 1821 1823 2027
f 1821 2027 2028
f 2028 1819 1821
f 2950 1676 2951
f 219 2880 2881
f 2881 2882 219
f 829 828 827
f 828 826 827
f 825 921 827
f 824 825 827
f 827 826 824
f 827 922 829
f 827 921 922
f 818 821 820
f 820 878 818
f 820 822 878
f 823 822 820
f 820 821 823
f 71 252 74
f 69 253 71
f 71 72 69
f 71 253 831
f 71 831 923
f 923 252 71
f 832 67 66
f 832 253 67
f 66 64 832
f 64 872 832
f 873 830 832
f 832 872 873
f 831 253 832
f 832 830 831
f 73 1930 72
f 72 71 73
f 1937 1936 73
f 1936 1930 73
f 74 1937 73
f 73 71 74
f 1898 1562 1564
f 1564 1891 1898
f 2876 226 2875
f 2876 2877 226
f 2870 231 2871
f 2873 231 2870
f 849 915 914
f 317 319 849
f 806 808 885
f 885 886 806
f 810 883 884
f 884 808 810
f 884 885 808
f 887 804 886
f 802 804 887
f 887 800 802
f 888 800 887
f 889 890 798
f 798 800 889
f 889 800 888
f 738 257 771
f 871 772 771
f 772 738 771
f 258 873 259
f 818 878 879
f 1958 1956 1561
f 21 24 871
f 246 245 2859
f 238 332 246
f 330 245 246
f 246 332 330
f 337 322 336
f 336 322 335
f 335 333 334
f 333 332 334
f 334 336 335
f 334 332 238
f 803 909 910
f 910 805 803
f 802 800 803
f 803 805 802
f 792 793 795
f 795 794 792
f 792 794 892
f 892 893 792
f 835 349 836
f 836 837 902
f 836 901 835
f 902 901 836
f 340 837 338
f 351 340 338
f 338 836 349
f 837 836 338
f 349 350 338
f 350 351 338
f 847 313 315
f 314 317 315
f 315 328 314
f 315 313 328
f 326 313 846
f 326 845 324
f 326 846 845
f 324 323 326
f 326 323 325
f 1911 1912 1976
f 1976 1975 1911
f 31 1975 1976
f 1864 1949 1866
f 1866 1863 1864
f 1866 1951 1943
f 1866 1949 1951
f 1951 1949 1950
f 1943 1953 1942
f 1941 1932 1942
f 1942 1867 1943
f 1942 1932 1867
f 1941 1942 1955
f 1955 1942 1953
f 1889 1891 1890
f 1890 1888 1889
f 1889 1888 1887
f 1887 1897 1889
f 1898 1891 1889
f 1889 1897 1898
f 1969 1970 1764
f 1961 1964 1963
f 1965 1868 1963
f 1868 1872 1963
f 1963 1872 1961
f 1960 1957 1958
f 1958 1950 1960
f 1974 1957 1910
f 1904 1911 1910
f 1910 1975 1974
f 1911 1975 1910
f 1914 1907 1908
f 1876 1909 1908
f 1875 1907 1870
f 1876 1908 1875
f 1875 1908 1907
f 1849 1869 1868
f 1849 1868 1965
f 1913 1914 1978
f 1913 1978 1977
f 1977 1978 1981
f 1906 1874 1913
f 1913 1977 1906
f 1906 1977 1912
f 1912 1905 1906
f 1906 1905 1873
f 1873 1874 1906
f 867 36 38
f 867 34 36
f 42 865 40
f 40 38 37
f 45 47 48
f 2012 1986 45
f 45 1986 47
f 864 779 778
f 778 865 864
f 864 865 42
f 42 44 864
f 2161 2110 2109
f 2109 2162 2161
f 2116 2162 2109
f 2089 2087 2109
f 2109 2108 2089
f 2109 2110 2108
f 2109 2115 2116
f 2087 2115 2109
f 2128 1663 2129
f 2128 2076 1663
f 2123 2135 2119
f 2122 2134 2123
f 2123 2134 2135
f 2119 2120 2118
f 2118 2120 2115
f 2118 2114 1552
f 2115 2114 2118
f 2192 2193 2136
f 2193 2120 2136
f 2136 2191 2192
f 2119 2135 2121
f 2191 2136 2121
f 2121 2120 2119
f 2121 2136 2120
f 2149 2191 2190
f 2190 2153 2149
f 2190 2121 2135
f 2191 2121 2190
f 2137 2188 2133
f 2133 1649 2137
f 2133 2134 2122
f 2188 2134 2133
f 1645 1647 1648
f 2137 1647 1645
f 2178 2157 2180
f 2149 2153 2155
f 2153 2156 2155
f 2177 2157 2178
f 2177 2155 2157
f 1694 1692 2172
f 2172 2174 1694
f 1807 1808 1794
f 2179 2180 2181
f 1576 1733 1584
f 1584 1583 1576
f 1687 1584 1688
f 1723 1725 1724
f 1583 1584 1724
f 1724 1687 1723
f 1724 1584 1687
f 1547 2158 1548
f 2158 1549 1548
f 1748 1744 1575
f 48 49 50
f 52 760 50
f 1921 2015 1558
f 1921 2016 2015
f 56 57 58
f 1558 20 1560
f 1560 20 19
f 1560 1559 1991
f 1987 1986 1927
f 762 781 780
f 780 760 762
f 762 760 761
f 55 57 56
f 56 54 55
f 2546 2501 2509
f 2528 2547 2509
f 2509 2547 2546
f 2501 2502 2509
f 2504 2502 172
f 1045 1046 1202
f 171 172 1022
f 1044 1041 1049
f 1050 1044 1043
f 1050 1041 1044
f 19 20 4
f 6 862 4
f 5 2014 7
f 5 7 6
f 5 20 1558
f 1558 2014 5
f 6 4 5
f 5 4 20
f 12 10 13
f 2512 2511 2301
f 168 1051 169
f 1812 1800 1810
f 1916 1909 2004
f 2004 1909 1876
f 1876 2005 2004
f 2004 2005 1997
f 1980 1909 1916
f 1641 1642 1640
f 2210 2209 2770
f 2209 2718 2770
f 2770 2768 2769
f 2718 2768 2770
f 2252 2253 2251
f 2251 2322 2252
f 1806 1756 1807
f 1810 1809 1571
f 891 710 892
f 892 794 891
f 891 796 890
f 891 794 796
f 695 673 674
f 635 616 617
f 629 628 611
f 596 597 614
f 581 597 596
f 570 744 745
f 553 532 534
f 534 532 478
f 451 452 464
f 464 452 480
f 552 532 553
f 551 532 552
f 553 566 552
f 552 566 551
f 531 477 533
f 533 532 531
f 600 617 616
f 597 582 598
f 564 565 580
f 581 596 580
f 580 566 581
f 565 566 580
f 442 432 453
f 431 420 442
f 420 432 442
f 441 452 451
f 451 430 441
f 441 430 431
f 431 442 441
f 441 442 452
f 480 452 465
f 453 481 465
f 465 442 453
f 452 442 465
f 583 582 567
f 567 568 583
f 584 600 583
f 569 568 480
f 480 465 569
f 569 465 481
f 584 583 569
f 569 583 568
f 951 949 291
f 951 288 948
f 948 1177 951
f 951 1177 1178
f 1197 1177 1176
f 1194 1217 1195
f 1195 1217 1196
f 418 429 409
f 409 410 418
f 283 284 286
f 286 395 283
f 283 409 402
f 397 391 388
f 387 382 388
f 388 391 387
f 1515 1516 1468
f 1156 1516 1515
f 1514 1154 1515
f 1154 1156 1515
f 1517 1417 1466
f 1466 1467 1517
f 1468 1518 1517
f 1517 1467 1468
f 1463 1470 1465
f 291 949 355
f 355 292 291
f 355 353 292
f 1223 1201 1222
f 1179 1201 950
f 950 355 1179
f 1179 355 949
f 1179 951 1178
f 949 951 1179
f 1226 1220 1227
f 1227 1285 1226
f 1224 1223 1225
f 1225 1223 1222
f 1225 1226 1285
f 487 702 701
f 471 472 487
f 488 487 472
f 702 487 488
f 708 701 707
f 707 895 708
f 701 702 707
f 897 898 896
f 896 898 784
f 896 784 786
f 786 895 896
f 1582 1738 1577
f 1582 1580 1581
f 1577 1580 1582
f 1582 2093 1738
f 2143 2165 2141
f 2141 2165 2164
f 2164 2139 2141
f 2104 2103 2101
f 2105 2103 2106
f 2105 2107 2148
f 2105 2106 2107
f 2148 2146 2105
f 2102 2100 2045
f 2104 2101 2102
f 2099 2100 2102
f 2102 2101 2099
f 1682 1681 1589
f 1589 1588 1682
f 1589 2095 2096
f 1589 1681 2095
f 2049 2052 2051
f 2051 2053 2107
f 2054 2053 2051
f 2051 2052 2054
f 2107 2106 2051
f 2051 2106 2049
f 2047 2050 2049
f 2047 2048 2050
f 2045 2048 2047
f 2047 2049 2104
f 2104 2102 2047
f 2047 2102 2045
f 1741 1742 1743
f 1743 1899 1741
f 1743 1742 1841
f 1762 1972 1839
f 1577 1739 1578
f 1578 1739 1737
f 1848 1862 1847
f 1840 1842 1841
f 1840 1844 1842
f 1843 1844 1944
f 1944 1945 1843
f 1843 1945 1848
f 1848 1847 1843
f 1842 1844 1843
f 1843 1847 1842
f 1839 1973 1845
f 1845 1840 1839
f 1844 1840 1845
f 1845 1973 1944
f 1944 1844 1845
f 1964 1945 1966
f 1966 1968 1965
f 1944 1968 1966
f 1966 1945 1944
f 1965 1963 1966
f 1966 1963 1964
f 2197 2968 2967
f 2967 2969 2197
f 2036 2038 2035
f 2036 2034 1671
f 1671 1672 2036
f 2036 1672 2038
f 1903 1813 2032
f 2032 2034 1903
f 2934 2933 1668
f 2244 2243 2355
f 2355 1654 2244
f 2244 1654 1652
f 2242 2243 2244
f 1655 1654 1650
f 1655 1653 1654
f 1655 1650 1649
f 2131 1653 1655
f 1652 1653 1651
f 2129 1594 1651
f 2075 2076 2077
f 2077 2111 2075
f 2112 2111 2077
f 969 967 189
f 969 189 188
f 965 191 190
f 190 967 965
f 965 981 191
f 965 966 981
f 1426 1395 1424
f 1426 1427 1428
f 1424 1427 1426
f 1428 1398 1397
f 1397 1426 1428
f 1397 1398 1372
f 1372 1371 1397
f 1422 1423 1424
f 1394 1420 1422
f 1422 1395 1394
f 1424 1395 1422
f 1424 1423 1425
f 1425 1427 1424
f 1427 1425 1489
f 1110 103 1111
f 1110 127 103
f 1111 1520 1113
f 1520 1115 1113
f 1521 1115 1520
f 1521 1522 1117
f 1117 1115 1521
f 1521 1520 108
f 1421 1419 1492
f 1492 1491 1421
f 1420 1418 1421
f 1421 1418 1419
f 1421 1422 1420
f 1423 1422 1421
f 154 1289 926
f 1289 1245 926
f 926 158 154
f 1245 158 926
f 929 1245 1246
f 1246 1247 1025
f 1025 929 1246
f 928 1245 929
f 928 158 1245
f 1041 1022 1021
f 161 1019 1021
f 1025 1047 1039
f 1039 1047 1046
f 1039 929 1025
f 1251 1249 1250
f 1249 1047 1250
f 1047 1248 1250
f 1318 1319 1294
f 1297 1258 1256
f 1301 1262 1300
f 98 97 2517
f 2517 2516 98
f 2542 2540 2541
f 2542 2543 2516
f 2516 2517 2542
f 2542 2517 2540
f 2539 2556 2541
f 2541 2540 2539
f 94 2497 95
f 94 2498 2497
f 2518 2497 2513
f 2518 2539 2540
f 2499 2546 2515
f 1369 1395 1370
f 1395 1371 1370
f 1370 1344 1369
f 1370 1371 1344
f 1071 1072 1073
f 1073 1319 1071
f 1346 1072 1345
f 1345 1371 1346
f 1346 1371 1372
f 1074 1348 1076
f 1074 1073 1072
f 1076 1075 1074
f 1075 1073 1074
f 1070 1067 1068
f 1345 1072 1070
f 1070 1344 1345
f 1068 1344 1070
f 98 2516 144
f 144 99 98
f 1341 99 144
f 144 145 1341
f 2516 145 144
f 1068 1067 1066
f 1343 1344 1066
f 1066 1344 1068
f 1066 1342 1343
f 1399 1432 1400
f 1398 1432 1399
f 2581 2567 2558
f 2558 2567 2537
f 2537 2536 2558
f 2558 2536 2535
f 2211 2756 2755
f 2755 2754 2211
f 2755 2740 2754
f 2344 2740 2755
f 2340 2341 2334
f 2334 2344 2340
f 2344 2755 2340
f 2340 2755 2756
f 2660 2223 2525
f 2505 2511 2529
f 2528 2527 2222
f 2527 2223 2222
f 2580 2579 2216
f 2580 2582 2581
f 2519 2536 2537
f 2535 2536 2534
f 2748 2746 2747
f 2548 2547 2528
f 2528 2222 2548
f 2529 2512 2531
f 2747 2745 2804
f 2726 2805 2804
f 2804 2805 2747
f 2804 2745 2803
f 2803 2743 2802
f 2802 2728 2803
f 2802 2743 2741
f 2729 2728 2802
f 2802 2801 2729
f 2741 2801 2802
f 2701 2728 2729
f 2680 2667 2701
f 2729 2702 2701
f 2701 2702 2680
f 2803 2728 2727
f 2727 2804 2803
f 2727 2699 2726
f 2726 2804 2727
f 961 959 184
f 185 963 961
f 961 184 185
f 963 962 961
f 962 959 961
f 1154 1153 1155
f 1157 1156 1155
f 1155 1156 1154
f 1540 1155 1153
f 964 980 981
f 981 966 964
f 1453 1454 1452
f 1456 1454 1455
f 1455 1457 1456
f 1455 1454 1453
f 1453 1474 1455
f 1474 1457 1455
f 1459 1460 1458
f 1456 1457 1458
f 1458 1457 1459
f 1461 1460 1459
f 1461 1471 1463
f 1461 1472 1471
f 1459 1472 1461
f 1148 1146 1147
f 1511 1146 1148
f 1150 1512 1148
f 1512 1511 1148
f 1092 1090 1355
f 1355 1088 1354
f 1355 1090 1088
f 1354 1379 1380
f 1380 1355 1354
f 1381 1355 1380
f 1405 1381 1380
f 1380 1404 1405
f 1379 1404 1380
f 1502 1482 1501
f 1482 1483 1501
f 1485 1499 1484
f 1484 1501 1483
f 1478 1477 1449
f 1449 1447 1478
f 1444 1445 1446
f 1445 1447 1446
f 1446 1405 1444
f 1504 1503 1132
f 1508 1475 1476
f 1476 1507 1508
f 1477 1507 1476
f 1476 1475 1453
f 1353 1379 1354
f 1354 1088 1353
f 1088 1086 1353
f 1089 1090 1091
f 1088 1090 1089
f 1301 1300 1326
f 1091 1092 1094
f 1097 1096 1098
f 1098 1099 1097
f 1306 1330 1331
f 1275 1276 1278
f 1272 1306 1274
f 1274 1306 1276
f 1274 1276 1275
f 1275 1273 1274
f 1100 1099 1098
f 1100 1101 1099
f 1229 1228 1218
f 1279 1228 1229
f 1229 1218 1230
f 1230 1279 1229
f 1524 1119 1523
f 1523 1119 1522
f 998 1524 1523
f 1527 1129 1127
f 1127 1526 1527
f 1531 984 1532
f 1531 982 984
f 1531 1530 982
f 1529 1530 1133
f 1532 1139 1137
f 1137 1531 1532
f 975 1535 1534
f 1534 973 975
f 1143 1535 1145
f 1143 1534 1535
f 1145 1144 1143
f 1496 1120 1497
f 1497 1120 1498
f 986 983 985
f 984 983 986
f 985 987 986
f 987 973 986
f 1532 984 986
f 989 1002 1003
f 207 206 1003
f 148 143 147
f 143 145 147
f 2555 2541 2565
f 2564 2543 2555
f 2555 2542 2541
f 2543 2542 2555
f 2565 2587 2555
f 2555 2587 2564
f 2554 2543 2564
f 2564 2563 2554
f 2563 2553 2554
f 2554 2553 2544
f 1435 1436 1434
f 1434 1432 1435
f 1485 1484 1435
f 1430 1398 1428
f 1430 1432 1398
f 1428 1429 1430
f 1060 1059 1167
f 1236 1211 1237
f 1235 1211 1236
f 1188 1211 1189
f 1189 1167 1188
f 1212 1211 1235
f 1191 1190 1212
f 1190 1189 1212
f 1212 1189 1211
f 1235 1234 1212
f 1272 1274 1271
f 1271 1274 1273
f 1271 1232 1233
f 1273 1232 1271
f 1233 1234 1271
f 1271 1234 1269
f 1214 1193 1192
f 1194 1193 1215
f 1215 1232 1231
f 1215 1193 1214
f 1215 1214 1233
f 1233 1232 1215
f 1173 1193 1194
f 1194 1195 1173
f 1173 1195 1174
f 751 8 10
f 496 499 498
f 497 499 496
f 492 268 267
f 267 268 364
f 325 233 234
f 327 235 328
f 328 313 327
f 325 234 327
f 327 234 235
f 327 326 325
f 313 326 327
f 2853 242 251
f 2853 2854 242
f 251 250 2853
f 244 344 343
f 244 245 344
f 2865 234 233
f 235 234 2865
f 337 336 240
f 2862 240 2861
f 1606 1603 2277
f 2277 1599 1606
f 1660 2076 2075
f 2075 1661 1660
f 1660 1661 1659
f 1659 1663 1660
f 1663 2076 1660
f 2620 2478 2479
f 2480 2488 2479
f 2479 2488 2620
f 2479 2426 2480
f 2425 2426 2479
f 2479 2478 2425
f 3021 2812 3022
f 2407 2406 2408
f 2410 2409 2408
f 2408 2409 2407
f 2408 2428 2410
f 2402 2406 109
f 107 1005 109
f 2407 2404 2405
f 2405 2406 2407
f 2405 2404 116
f 116 2406 2405
f 2482 2428 2429
f 2429 2483 2482
f 2429 2402 2483
f 2429 2406 2402
f 2429 2408 2406
f 2428 2408 2429
f 1012 112 111
f 111 112 2402
f 1005 1012 111
f 111 109 1005
f 2402 109 111
f 107 214 1013
f 214 1014 1013
f 1013 1005 107
f 1013 1014 1005
f 1007 1012 1005
f 1005 1006 1007
f 1006 1008 1007
f 1522 1521 1007
f 108 1012 1007
f 1007 1521 108
f 1009 1007 1008
f 1522 1007 1009
f 998 1523 1009
f 1009 1523 1522
f 2893 207 208
f 208 209 2893
f 2472 2263 2269
f 2269 2277 2472
f 2269 2260 2277
f 2262 2263 2264
f 2264 2270 2262
f 2262 2269 2263
f 2270 2269 2262
f 2314 2710 2709
f 2375 2374 2280
f 2280 2281 2375
f 2378 2379 2400
f 2379 2401 2400
f 2400 2401 2380
f 2681 2703 2704
f 2680 2703 2681
f 2677 2683 2684
f 2684 2683 2706
f 2619 2622 2623
f 2623 2622 2633
f 2255 2256 2254
f 2631 2256 2255
f 2255 2709 2631
f 2314 2709 2255
f 2255 2254 2315
f 2315 2314 2255
f 2630 2641 2631
f 2331 2346 2330
f 2331 2345 2346
f 2330 2325 2331
f 2332 2345 2331
f 2331 2317 2332
f 2325 2317 2331
f 2646 2676 2645
f 2654 2655 2673
f 2673 2672 2654
f 2216 2215 2654
f 2654 2215 2655
f 2652 2607 2671
f 2671 2672 2652
f 140 141 142
f 142 100 140
f 142 141 2495
f 2495 100 142
f 2571 2604 2227
f 2570 2226 2225
f 2590 2574 2224
f 2224 2571 2225
f 2224 2574 2572
f 2224 2572 2604
f 2604 2571 2224
f 2219 2218 2643
f 2231 2635 2634
f 2634 2623 2633
f 2634 2635 2624
f 2624 2623 2634
f 2229 2635 2231
f 2231 2570 2229
f 2603 2602 2233
f 2231 2634 2603
f 2633 2602 2603
f 2603 2634 2633
f 2633 2632 2689
f 2689 2602 2633
f 2632 2492 2689
f 129 130 1492
f 129 1492 128
f 128 2493 129
f 2597 2596 2598
f 2598 2596 2602
f 2602 2689 2598
f 2566 2585 2556
f 2567 2583 2566
f 2324 2797 2318
f 2318 2317 2325
f 2325 2324 2318
f 2318 2797 2736
f 2334 2333 2319
f 2319 2737 2334
f 2736 2737 2319
f 2319 2318 2736
f 2319 2333 2317
f 2317 2318 2319
f 2030 2031 1815
f 2031 1813 1815
f 1563 1562 1934
f 1563 1564 1562
f 1891 1564 1893
f 1893 1895 1894
f 1893 1563 1895
f 1564 1563 1893
f 1893 1894 1892
f 1892 1891 1893
f 848 849 914
f 848 913 847
f 914 913 848
f 847 315 848
f 317 849 848
f 848 315 317
f 916 915 850
f 915 849 850
f 850 851 916
f 850 849 319
f 850 319 306
f 306 851 850
f 728 727 729
f 729 257 728
f 729 258 257
f 729 727 874
f 874 873 729
f 873 258 729
f 881 816 880
f 880 816 818
f 818 879 880
f 878 877 725
f 725 724 878
f 725 877 876
f 723 879 878
f 878 724 723
f 723 880 879
f 723 724 685
f 22 1561 23
f 23 25 26
f 23 1956 25
f 23 1561 1956
f 26 24 23
f 24 22 23
f 770 21 871
f 871 771 770
f 770 771 257
f 770 258 259
f 257 258 770
f 908 909 801
f 909 803 801
f 801 799 908
f 801 803 800
f 798 799 801
f 801 800 798
f 892 710 709
f 709 893 892
f 708 893 709
f 894 895 788
f 708 895 894
f 894 893 708
f 790 788 791
f 790 791 793
f 793 792 790
f 790 792 893
f 790 894 788
f 893 894 790
f 33 34 31
f 31 1976 33
f 33 1976 35
f 36 34 33
f 33 35 36
f 1863 1866 1865
f 1867 1562 1865
f 1943 1867 1865
f 1865 1866 1943
f 1865 1562 1898
f 1898 1863 1865
f 1952 1953 1951
f 1951 1950 1952
f 1958 1561 1952
f 1952 1950 1958
f 1948 1950 1949
f 1947 1946 1948
f 1948 1949 1947
f 1948 1960 1950
f 63 1941 61
f 1941 1955 61
f 62 63 61
f 60 770 259
f 21 770 60
f 60 61 1955
f 60 259 62
f 62 61 60
f 1954 1561 22
f 1954 1952 1561
f 1954 1955 1953
f 1953 1952 1954
f 2010 1969 1764
f 2010 1759 1760
f 1764 1759 2010
f 1570 1969 2010
f 1957 1960 1959
f 1959 1961 1904
f 1904 1910 1959
f 1959 1910 1957
f 1870 1869 1850
f 1869 1849 1850
f 1871 2007 2006
f 2006 2005 1871
f 1876 1875 1871
f 1871 2005 1876
f 1967 1849 1965
f 1965 1968 1967
f 1967 1968 1970
f 1970 1969 1967
f 43 44 42
f 42 41 43
f 1979 1978 1914
f 37 35 1982
f 1982 1981 37
f 1982 1977 1981
f 1912 1977 1982
f 1982 1976 1912
f 35 1976 1982
f 866 865 776
f 866 40 865
f 38 40 866
f 866 867 38
f 776 867 866
f 37 1981 39
f 39 40 37
f 39 41 42
f 42 40 39
f 46 864 44
f 46 45 48
f 44 45 46
f 2131 2124 2126
f 2126 2124 2127
f 2189 2134 2188
f 2153 2190 2189
f 2135 2134 2189
f 2189 2190 2135
f 2117 2123 2119
f 1552 2127 2117
f 2117 2118 1552
f 2119 2118 2117
f 2125 2124 2122
f 2122 2123 2125
f 2127 2124 2125
f 2125 2117 2127
f 2123 2117 2125
f 2132 2133 2122
f 2122 2124 2132
f 2132 2124 2131
f 2131 1655 2132
f 1649 2133 2132
f 2132 1655 1649
f 2154 2156 2153
f 2153 2189 2154
f 2154 2189 2188
f 2156 2154 2186
f 1646 1645 1648
f 1644 1642 1641
f 1644 1646 2284
f 2182 2180 2157
f 2157 2155 2182
f 2182 2155 2156
f 2181 2180 2182
f 2176 2177 2178
f 2173 2151 2175
f 2175 2174 2173
f 2175 2176 2174
f 2177 2176 2175
f 1693 1692 1695
f 1692 1694 1695
f 2180 2179 1703
f 2178 2180 1703
f 1586 1687 1585
f 1687 1688 1585
f 1585 1688 1719
f 1732 1584 1733
f 1732 1688 1584
f 2173 2172 2171
f 2171 2152 2173
f 2171 1549 2152
f 2171 1548 1549
f 1760 1574 1761
f 1772 2007 2008
f 2006 2007 1772
f 1583 1724 1726
f 1726 1724 1725
f 1714 1727 1715
f 1920 1919 1884
f 1884 1919 1883
f 17 58 1559
f 1559 1560 17
f 16 758 56
f 56 58 16
f 58 17 16
f 1916 2004 2003
f 2003 2004 1997
f 2003 2002 1916
f 2003 1995 2002
f 2002 1995 1994
f 1857 1917 1923
f 734 862 861
f 759 762 761
f 761 54 759
f 56 758 759
f 759 54 56
f 747 262 746
f 747 779 780
f 746 779 747
f 780 781 747
f 781 262 747
f 53 55 54
f 53 54 52
f 57 55 1989
f 1989 58 57
f 55 53 1989
f 1559 58 1989
f 1989 1988 1559
f 2508 2509 2502
f 2508 2507 2527
f 2508 2527 2528
f 2528 2509 2508
f 2508 2502 2504
f 2504 2507 2508
f 170 172 171
f 171 168 170
f 170 168 169
f 170 169 2504
f 2504 172 170
f 1242 1243 1251
f 1244 1249 1251
f 1251 1243 1244
f 1244 1047 1249
f 1046 1047 1244
f 1202 1046 1244
f 1205 1183 1204
f 1204 1244 1243
f 1204 1242 1205
f 1243 1242 1204
f 1026 1045 1202
f 1044 1049 1026
f 1026 1049 1045
f 1028 1037 1043
f 162 2502 160
f 162 160 161
f 161 1021 162
f 1043 1051 1042
f 1042 1050 1043
f 1051 168 1042
f 1042 168 171
f 171 1022 1042
f 1042 1022 1041
f 1041 1050 1042
f 730 862 6
f 755 4 862
f 755 734 756
f 862 734 755
f 1611 14 12
f 12 13 1611
f 1611 13 1612
f 11 13 10
f 11 8 9
f 10 8 11
f 12 14 175
f 176 174 175
f 175 2301 176
f 14 1611 175
f 1612 2301 175
f 175 1611 1612
f 1037 163 1017
f 1043 1037 1017
f 1017 1051 1043
f 1800 1812 1877
f 1877 1799 1800
f 1800 1799 1797
f 1797 1803 1795
f 1567 1881 1566
f 1799 1877 1567
f 1882 1881 1567
f 1567 1877 1882
f 1796 1794 1808
f 1808 1809 1796
f 1928 1986 2012
f 1928 1927 1986
f 2184 1640 1637
f 2181 2182 2184
f 2282 2359 2283
f 2284 1646 2283
f 1648 2282 2283
f 2283 1646 1648
f 2776 2367 2253
f 2210 2770 2772
f 2772 2321 2210
f 2772 2322 2321
f 2772 2770 2769
f 1755 1756 1757
f 1756 1806 1757
f 1636 2288 2294
f 2294 1634 1636
f 1807 1794 1792
f 1792 1806 1807
f 1792 1791 1701
f 1794 1791 1792
f 1572 1809 1808
f 1572 1571 1809
f 406 413 412
f 412 405 406
f 406 405 397
f 710 891 711
f 888 887 714
f 714 889 888
f 714 713 889
f 695 713 714
f 696 713 695
f 676 697 696
f 699 709 710
f 678 699 698
f 698 699 710
f 710 711 698
f 698 711 697
f 614 597 615
f 597 598 615
f 575 592 591
f 609 592 610
f 610 611 628
f 613 596 614
f 612 596 613
f 614 631 613
f 595 596 612
f 595 611 594
f 612 611 595
f 595 580 596
f 478 463 479
f 479 534 478
f 479 463 451
f 451 464 479
f 553 534 479
f 479 464 480
f 439 429 450
f 477 449 462
f 450 478 462
f 478 477 462
f 462 439 450
f 449 439 462
f 461 477 476
f 461 449 477
f 559 558 544
f 559 546 560
f 559 560 575
f 530 532 551
f 530 531 532
f 576 592 575
f 576 577 592
f 599 600 616
f 616 615 599
f 599 615 598
f 599 583 600
f 599 598 582
f 582 583 599
f 594 577 578
f 290 951 291
f 288 951 290
f 289 288 290
f 291 292 290
f 292 289 290
f 385 285 946
f 948 385 946
f 946 1177 948
f 946 1176 1177
f 403 395 410
f 403 283 395
f 410 409 403
f 409 283 403
f 383 388 382
f 1469 1470 1514
f 1514 1515 1469
f 1469 1465 1470
f 1469 1515 1468
f 1468 1467 1469
f 1467 1465 1469
f 1464 1467 1466
f 1464 1465 1467
f 1463 1465 1464
f 356 355 950
f 1222 1201 1200
f 1201 1179 1200
f 1220 1226 1221
f 1198 1220 1221
f 1222 1200 1221
f 1221 1225 1222
f 1226 1225 1221
f 895 707 706
f 706 896 895
f 706 707 702
f 897 896 706
f 706 488 897
f 702 488 706
f 2142 2141 2139
f 2142 2101 2103
f 1720 1588 1718
f 1588 1716 1718
f 2099 1716 2097
f 2097 1716 1588
f 2098 2100 2097
f 2097 2100 2099
f 1717 1716 2138
f 1717 2138 1586
f 1719 1718 1717
f 1717 1718 1716
f 1586 1585 1717
f 1717 1585 1719
f 1744 1740 1734
f 1734 1733 1576
f 1576 1744 1734
f 1744 1748 1735
f 1735 1740 1744
f 1846 1743 1841
f 1841 1842 1846
f 1842 1847 1846
f 1861 1897 1859
f 1859 1897 1887
f 1887 1899 1859
f 1899 1743 1859
f 1973 1972 1765
f 1765 1766 1764
f 1764 1970 1765
f 1970 1973 1765
f 1746 1759 1758
f 1758 1759 1764
f 1764 1766 1758
f 1972 1762 1971
f 1579 1580 1577
f 1577 1578 1579
f 1742 1580 1579
f 1579 1762 1742
f 1579 1971 1762
f 1579 1578 1769
f 1769 1971 1579
f 1763 1762 1839
f 1839 1840 1763
f 1763 1840 1841
f 1841 1742 1763
f 1742 1762 1763
f 2033 1903 2034
f 2033 2036 2035
f 2034 2036 2033
f 1656 1594 2129
f 2129 1663 1656
f 1656 1663 1659
f 2241 2244 1652
f 2242 2244 2241
f 1554 2077 2076
f 2076 2128 1554
f 1554 2126 2127
f 2128 2126 1554
f 971 969 188
f 971 187 972
f 188 187 971
f 1395 1426 1396
f 1426 1397 1396
f 1396 1371 1395
f 1396 1397 1371
f 1496 1497 1487
f 1494 1495 1490
f 1495 1489 1490
f 1490 1493 1494
f 1490 1491 1493
f 1423 1421 1490
f 1490 1421 1491
f 1490 1425 1423
f 1490 1489 1425
f 125 924 132
f 132 134 125
f 1493 924 125
f 125 1110 1493
f 125 134 126
f 126 127 125
f 127 1110 125
f 1112 1113 1115
f 1112 1110 1111
f 1111 1113 1112
f 1494 1493 1112
f 1493 1110 1112
f 1400 1436 1401
f 1401 1436 1402
f 1078 1348 1349
f 1349 1350 1078
f 96 1315 1314
f 1314 1315 153
f 1316 1315 1063
f 1063 1315 96
f 1020 1019 159
f 159 158 1020
f 158 928 1020
f 927 928 929
f 927 1021 1019
f 1019 1020 927
f 927 1020 928
f 1046 1045 1048
f 1048 1039 1046
f 1040 1039 1048
f 1048 1049 1040
f 1045 1049 1048
f 1294 1295 1252
f 1252 1250 1294
f 1252 1254 1251
f 1251 1250 1252
f 1071 1319 1069
f 1319 1318 1069
f 1069 1318 1067
f 1067 1070 1069
f 1069 1072 1071
f 1069 1070 1072
f 1256 1254 1296
f 1296 1297 1256
f 1296 1252 1295
f 1254 1252 1296
f 1299 1300 1262
f 1077 1079 1323
f 1077 1075 1078
f 1078 1079 1077
f 2537 2567 2557
f 2556 2539 2557
f 2557 2566 2556
f 2567 2566 2557
f 150 153 152
f 150 94 153
f 152 2498 150
f 2498 94 150
f 2539 2518 2538
f 2537 2557 2538
f 2538 2557 2539
f 2538 2519 2537
f 2538 2518 2513
f 2513 2519 2538
f 2540 2517 2235
f 2235 2518 2540
f 97 149 2235
f 2235 2517 97
f 2235 149 95
f 95 2497 2235
f 2497 2518 2235
f 2546 2499 2545
f 2545 156 155
f 155 2501 2545
f 2545 2501 2546
f 157 2498 152
f 152 1289 157
f 154 156 157
f 157 1289 154
f 1347 1373 1348
f 1348 1074 1347
f 1372 1373 1347
f 1347 1346 1372
f 1072 1346 1347
f 1347 1074 1072
f 2568 2558 2535
f 2581 2558 2568
f 2568 2580 2581
f 2579 2580 2568
f 2341 2340 2335
f 2335 2337 2341
f 2336 2337 2335
f 2335 2757 2336
f 2335 2756 2757
f 2335 2340 2756
f 2660 2525 2659
f 2526 2223 2527
f 2526 2525 2223
f 2527 2507 2526
f 2524 2525 2526
f 2504 169 2503
f 2503 2507 2504
f 2221 2661 2550
f 2660 2661 2221
f 2221 2223 2660
f 2221 2222 2223
f 2513 2498 2514
f 2514 2519 2513
f 2521 2534 2515
f 2521 2548 2532
f 2515 2547 2521
f 2547 2548 2521
f 2535 2534 2533
f 2533 2521 2532
f 2534 2521 2533
f 2806 2805 2725
f 2725 2805 2726
f 2806 2725 2724
f 2724 2725 2697
f 2550 2661 2662
f 2662 2663 2550
f 2716 2718 2717
f 2716 2768 2718
f 2749 2805 2806
f 2806 2751 2749
f 2747 2805 2749
f 2749 2748 2747
f 2550 2532 2549
f 2532 2548 2549
f 2549 2221 2550
f 2549 2548 2222
f 2222 2221 2549
f 2664 2662 2697
f 2663 2662 2664
f 2695 2661 2660
f 2660 2659 2695
f 2722 2808 2807
f 2807 2723 2722
f 2808 2751 2807
f 2807 2724 2723
f 2806 2724 2807
f 2807 2751 2806
f 2785 2788 2290
f 1635 1730 1755
f 2529 2531 2530
f 1618 2531 2512
f 2212 2809 2720
f 2666 2699 2700
f 2699 2727 2700
f 2700 2727 2728
f 2700 2667 2666
f 2700 2701 2667
f 2728 2701 2700
f 969 971 970
f 1155 1540 1541
f 1541 1542 1157
f 1157 1155 1541
f 1540 970 1541
f 1539 1540 1153
f 979 977 978
f 978 980 979
f 980 964 979
f 979 1536 977
f 1536 979 1537
f 1537 979 964
f 1147 1536 1537
f 1410 1454 1456
f 1456 1411 1410
f 1099 1101 1334
f 1382 1407 1383
f 1450 1452 1408
f 1408 1407 1450
f 1383 1407 1408
f 1406 1381 1405
f 1405 1446 1406
f 1406 1382 1381
f 1407 1382 1406
f 1500 1484 1499
f 1501 1484 1500
f 1500 1499 1126
f 1126 1501 1500
f 1447 1449 1448
f 1448 1446 1447
f 1450 1407 1448
f 1407 1406 1448
f 1448 1406 1446
f 1505 1504 1134
f 1504 1132 1134
f 1134 1132 1133
f 1130 1503 1502
f 1130 1132 1503
f 1451 1476 1453
f 1451 1449 1477
f 1477 1476 1451
f 1451 1452 1450
f 1453 1452 1451
f 1450 1448 1451
f 1451 1448 1449
f 1264 1262 1301
f 1329 1089 1091
f 1328 1089 1329
f 1087 1089 1328
f 1087 1086 1088
f 1088 1089 1087
f 1325 1326 1300
f 1096 1094 1357
f 1357 1382 1383
f 1331 1330 1093
f 1093 1094 1096
f 1091 1094 1093
f 1093 1329 1091
f 1330 1329 1093
f 1332 1306 1331
f 1305 1306 1272
f 1330 1306 1305
f 1305 1329 1330
f 1230 1275 1277
f 1275 1278 1277
f 1277 1279 1230
f 1277 1278 1279
f 1279 1278 1280
f 1101 1100 1102
f 1283 1285 1227
f 1283 1284 1285
f 1125 1124 1123
f 1123 1526 1125
f 1526 1127 1125
f 1125 1126 1124
f 1125 1127 1126
f 1528 1129 1527
f 993 1529 1528
f 1527 991 1528
f 1528 991 993
f 1131 1529 1133
f 1131 1130 1129
f 1129 1528 1131
f 1131 1528 1529
f 1133 1132 1131
f 1132 1130 1131
f 982 1530 995
f 1530 1529 995
f 995 1529 993
f 996 982 995
f 994 996 995
f 995 993 994
f 1531 1137 1135
f 1133 1530 1135
f 1530 1531 1135
f 1135 1134 1133
f 973 1534 1533
f 1532 986 1533
f 1533 986 973
f 1533 1139 1532
f 1534 1143 1141
f 1139 1533 1141
f 1141 1533 1534
f 1141 1140 1139
f 1142 1143 1144
f 1508 1140 1142
f 1140 1141 1142
f 1142 1141 1143
f 1142 1509 1508
f 1144 1509 1142
f 992 991 990
f 990 991 989
f 204 992 990
f 990 205 204
f 1000 1011 999
f 999 1002 1000
f 1011 209 999
f 209 208 999
f 2236 2544 148
f 148 147 2236
f 2236 2554 2544
f 2543 2554 2236
f 2236 147 145
f 2236 145 2516
f 2516 2543 2236
f 1437 1483 1439
f 1439 1436 1437
f 1436 1435 1437
f 1437 1484 1483
f 1437 1435 1484
f 1485 1435 1433
f 1433 1435 1432
f 1165 1186 1166
f 1166 1059 1165
f 1166 1167 1059
f 1188 1167 1166
f 1169 1189 1190
f 1169 1190 1191
f 473 1059 1060
f 1210 1211 1188
f 1237 1211 1210
f 1185 1186 1165
f 1191 1212 1213
f 1213 1192 1191
f 1214 1192 1213
f 1213 1234 1214
f 1213 1212 1234
f 1216 1217 1194
f 1194 1215 1216
f 1216 1215 1231
f 1216 1231 1230
f 1230 1217 1216
f 278 276 944
f 504 539 538
f 504 536 502
f 502 503 504
f 539 504 859
f 538 539 733
f 539 859 733
f 501 499 506
f 506 503 501
f 1165 1059 1058
f 537 504 538
f 536 504 537
f 538 374 537
f 536 537 377
f 494 268 492
f 494 496 268
f 364 268 363
f 268 496 362
f 362 363 268
f 2851 249 248
f 2851 250 249
f 242 2854 243
f 243 341 242
f 343 341 243
f 243 244 343
f 245 244 2857
f 2863 2865 233
f 2866 235 2864
f 235 2865 2864
f 241 240 2862
f 2862 2863 241
f 241 2863 233
f 337 240 241
f 241 323 337
f 233 323 241
f 239 240 336
f 239 334 238
f 336 334 239
f 238 2861 239
f 239 2861 240
f 2860 2861 238
f 238 246 2860
f 1600 1599 1601
f 2276 2257 2275
f 1597 1596 2257
f 1597 2257 2258
f 2258 1667 1597
f 1600 1596 1597
f 1597 1661 1600
f 1667 1661 1597
f 1605 1604 1603
f 1603 1606 1605
f 1605 1606 1604
f 1600 1604 1598
f 1604 1606 1598
f 1598 1599 1600
f 1598 1606 1599
f 3023 3022 2812
f 116 106 115
f 115 106 107
f 107 109 115
f 1010 1009 1008
f 1008 211 1010
f 1010 1011 998
f 998 1009 1010
f 1010 210 1011
f 1010 211 210
f 2268 2270 2261
f 2268 2269 2270
f 2268 2261 2260
f 2260 2269 2268
f 2238 2280 2374
f 2238 2374 2242
f 2242 2241 2238
f 2238 2241 2239
f 1659 1667 1666
f 1666 1665 1659
f 1664 1662 1659
f 1659 1665 1664
f 2281 2280 2279
f 1665 1666 2279
f 2279 1664 1665
f 2258 2281 2279
f 1662 1664 2279
f 2279 1667 2258
f 2279 1666 1667
f 2378 2400 2399
f 2377 2378 2399
f 2399 2398 2377
f 2384 2398 2399
f 2382 2400 2380
f 2383 2384 2382
f 2384 2399 2382
f 2382 2399 2400
f 2382 2381 2383
f 2380 2381 2382
f 2682 2681 2704
f 2677 2676 2682
f 2704 2683 2682
f 2682 2683 2677
f 2680 2681 2674
f 2674 2669 2673
f 2673 2667 2674
f 2674 2667 2680
f 2668 2646 2651
f 2676 2646 2668
f 2651 2652 2668
f 2652 2669 2668
f 2678 2645 2677
f 2677 2684 2678
f 2627 2626 2637
f 2628 2614 2627
f 2624 2635 2625
f 2708 2256 2631
f 2639 2219 2643
f 2639 2629 2628
f 2631 2709 2608
f 2608 2630 2631
f 2608 2710 2609
f 2608 2709 2710
f 2651 2646 2650
f 2650 2606 2651
f 2650 2605 2606
f 2216 2654 2653
f 2653 2580 2216
f 2582 2580 2653
f 2653 2671 2582
f 2653 2654 2672
f 2672 2671 2653
f 2670 2607 2578
f 2670 2671 2607
f 2670 2583 2582
f 2582 2671 2670
f 2234 2594 2593
f 2233 2594 2234
f 2225 2226 2573
f 2573 2224 2225
f 2573 2591 2590
f 2590 2224 2573
f 2220 2228 2227
f 2637 2228 2220
f 2230 2229 2570
f 2230 2571 2227
f 2227 2228 2230
f 2228 2229 2230
f 2225 2571 2230
f 2230 2570 2225
f 2232 2570 2231
f 2231 2603 2232
f 2232 2603 2233
f 2226 2570 2232
f 2233 2234 2232
f 2232 2234 2226
f 133 130 131
f 130 129 131
f 131 129 2493
f 133 131 2237
f 2237 131 2493
f 2237 134 133
f 2237 2601 134
f 2029 2030 1817
f 2030 1815 1817
f 1817 1819 2029
f 1817 1815 1816
f 1817 1818 1819
f 1816 1818 1817
f 1820 1821 1819
f 1819 1818 1820
f 1822 1821 1820
f 1892 1894 1835
f 1894 1836 1835
f 1836 1822 1835
f 1822 1820 1835
f 1833 1818 1816
f 1833 1888 1890
f 1886 1901 1900
f 1900 1899 1886
f 1887 1888 1886
f 1886 1899 1887
f 2092 1582 1581
f 2093 1582 2092
f 1936 1895 1935
f 1895 1563 1935
f 1935 1930 1936
f 1935 1563 1934
f 1934 1931 1935
f 1931 1930 1935
f 876 727 726
f 726 725 876
f 682 726 727
f 686 723 685
f 1946 1964 1962
f 1962 1948 1946
f 1960 1948 1962
f 1962 1964 1961
f 1961 1959 1962
f 1962 1959 1960
f 59 60 1955
f 1955 1954 59
f 21 60 59
f 59 1954 22
f 59 22 24
f 24 21 59
f 1870 1850 1851
f 2007 1871 1851
f 1851 1875 1870
f 1851 1871 1875
f 2008 2007 1568
f 1568 1570 2008
f 2007 1851 1568
f 1568 1851 1850
f 2012 45 2013
f 2013 45 44
f 44 43 2013
f 1915 1979 1914
f 1914 1908 1915
f 1915 1908 1909
f 1909 1980 1915
f 34 867 870
f 32 34 870
f 30 32 870
f 1984 39 1981
f 1981 1978 1984
f 1978 1979 1984
f 41 39 1984
f 1979 2013 1984
f 1984 43 41
f 1984 2013 43
f 863 46 48
f 863 760 779
f 779 864 863
f 864 46 863
f 48 50 863
f 863 50 760
f 2131 2126 2130
f 2129 1651 2130
f 2130 2128 2129
f 2130 2126 2128
f 2130 1653 2131
f 2130 1651 1653
f 1641 2186 1643
f 1643 1644 1641
f 1645 1646 1643
f 1646 1644 1643
f 2137 1645 2187
f 2187 2186 2154
f 1645 1643 2187
f 2187 1643 2186
f 2187 2188 2137
f 2187 2154 2188
f 1696 1694 2174
f 2174 2176 1696
f 2150 2151 2149
f 2150 2175 2151
f 2177 2175 2150
f 2149 2155 2150
f 2155 2177 2150
f 1693 1695 1712
f 1719 1688 1721
f 1688 1732 1721
f 1720 1718 1721
f 1721 1718 1719
f 2172 1692 2170
f 2170 2171 2172
f 1548 2171 2170
f 2009 2010 1760
f 1760 1761 2009
f 1570 2010 2009
f 2008 1570 2009
f 1771 1772 2008
f 2008 2009 1771
f 1771 1761 1750
f 1771 2009 1761
f 1752 1750 1731
f 1731 1726 1752
f 1750 1761 1731
f 1731 1761 1574
f 1731 1574 1583
f 1583 1726 1731
f 1727 1714 1778
f 1689 2168 1691
f 1689 1714 1715
f 1691 1714 1689
f 1689 1715 1686
f 1686 1684 1689
f 1684 2168 1689
f 1804 1797 1799
f 1803 1797 1804
f 1793 1791 1794
f 1793 1796 1795
f 1794 1796 1793
f 1728 1776 1752
f 1752 1726 1728
f 1725 1727 1728
f 1728 1726 1725
f 1752 1776 1775
f 1776 1784 1775
f 1926 1560 1991
f 1926 1920 1921
f 1926 1921 1558
f 1558 1560 1926
f 1878 1883 1882
f 1882 1877 1878
f 1878 1877 1812
f 1991 1992 1925
f 1919 1920 1925
f 1925 1926 1991
f 1920 1926 1925
f 1999 1992 1991
f 1991 1559 1999
f 1559 1988 1999
f 1923 1917 1924
f 1924 1992 1923
f 1919 1925 1924
f 1924 1925 1992
f 1811 1812 1810
f 2017 2018 1615
f 2019 2018 1856
f 2019 1855 2020
f 1856 1855 2019
f 1856 2018 1880
f 2018 2017 1880
f 18 1560 19
f 18 17 1560
f 758 16 757
f 757 16 756
f 756 16 15
f 15 755 756
f 4 755 15
f 19 4 15
f 15 18 19
f 15 16 17
f 17 18 15
f 1996 2003 1997
f 1858 1995 1996
f 1995 2003 1996
f 2002 1994 2001
f 1922 1857 1923
f 1922 1994 1995
f 1922 1995 1858
f 1858 1857 1922
f 1565 1857 1858
f 1566 1881 1565
f 1565 1881 1917
f 1917 1857 1565
f 746 262 541
f 262 542 541
f 544 558 557
f 51 49 1987
f 51 53 52
f 52 50 51
f 51 50 49
f 1990 1989 53
f 1990 51 1987
f 53 51 1990
f 1988 1989 1990
f 1255 1254 1256
f 1256 1258 1255
f 1255 1258 1257
f 1207 1185 1184
f 1202 1244 1203
f 1244 1204 1203
f 1038 1026 1027
f 1027 1028 1038
f 1044 1026 1038
f 1043 1044 1038
f 1038 1028 1043
f 173 1021 1022
f 173 162 1021
f 173 1022 172
f 173 172 2502
f 2502 162 173
f 8 751 750
f 6 8 750
f 750 730 6
f 1612 13 1621
f 13 11 1621
f 1621 11 9
f 9 2014 1621
f 1621 2014 2015
f 179 178 2510
f 2510 2505 179
f 2511 2505 2510
f 2510 178 176
f 2510 2301 2511
f 176 2301 2510
f 166 1017 163
f 1051 1017 166
f 1798 1796 1809
f 1810 1800 1798
f 1798 1809 1810
f 1800 1797 1798
f 1798 1797 1795
f 1795 1796 1798
f 1929 1928 1980
f 1916 2002 1929
f 1929 1980 1916
f 2002 2001 1929
f 1927 1928 1929
f 1929 2001 1927
f 2183 2179 2181
f 2181 2184 2183
f 1705 2179 2183
f 2183 2184 1637
f 2185 2186 1641
f 1641 1640 2185
f 1640 2184 2185
f 2185 2184 2182
f 2156 2186 2185
f 2185 2182 2156
f 1642 1644 2285
f 2285 1644 2284
f 2780 2781 2779
f 2367 2776 2361
f 2361 2360 2368
f 2368 2367 2361
f 2253 2252 2778
f 2778 2776 2253
f 2778 2780 2779
f 2790 2791 2295
f 1755 1757 1729
f 1729 1635 1755
f 1634 1635 1729
f 1706 1757 1806
f 1705 2183 1707
f 1707 2183 1637
f 1707 1637 1639
f 1639 2288 1709
f 2288 1636 1709
f 1709 1707 1639
f 1754 1572 1808
f 1754 1808 1807
f 1807 1756 1754
f 421 432 412
f 412 413 421
f 694 673 695
f 695 714 694
f 697 711 712
f 712 696 697
f 713 696 712
f 890 889 712
f 889 713 712
f 712 891 890
f 712 711 891
f 679 659 486
f 678 659 679
f 678 698 677
f 677 697 676
f 677 698 697
f 629 611 630
f 630 611 612
f 612 613 630
f 630 613 631
f 675 655 676
f 674 655 675
f 676 696 675
f 695 674 675
f 675 696 695
f 655 636 637
f 654 655 674
f 654 674 673
f 673 653 654
f 654 653 635
f 635 636 654
f 654 636 655
f 593 610 592
f 593 577 594
f 592 577 593
f 594 611 593
f 611 610 593
f 609 610 627
f 627 610 628
f 704 734 703
f 762 759 763
f 490 475 489
f 491 475 490
f 492 491 490
f 490 493 492
f 883 882 719
f 882 720 719
f 721 882 881
f 721 720 882
f 881 880 721
f 688 720 721
f 646 627 628
f 553 479 554
f 554 479 480
f 554 568 553
f 480 568 554
f 460 461 476
f 460 476 489
f 489 475 460
f 461 460 448
f 277 276 278
f 545 559 544
f 546 559 545
f 544 518 545
f 545 518 546
f 558 559 573
f 572 557 573
f 573 557 558
f 528 530 551
f 531 530 528
f 575 560 561
f 561 576 575
f 585 600 584
f 584 569 585
f 585 569 481
f 564 580 579
f 580 595 579
f 579 595 594
f 594 578 579
f 947 945 1174
f 947 285 284
f 947 946 285
f 282 947 284
f 945 947 282
f 284 283 282
f 279 401 402
f 278 944 279
f 353 352 357
f 382 353 357
f 357 383 382
f 352 358 357
f 357 358 383
f 398 406 397
f 413 406 398
f 398 407 413
f 1109 953 954
f 1466 1417 1416
f 1417 1392 1416
f 1416 1392 1391
f 1390 1391 1365
f 1413 1389 1388
f 1390 1389 1414
f 1389 1413 1414
f 354 352 353
f 353 355 354
f 355 356 354
f 1199 1178 1198
f 1198 1221 1199
f 1199 1221 1200
f 1199 1179 1178
f 1199 1200 1179
f 2140 2142 2139
f 2140 2139 2138
f 2138 1716 2140
f 2140 1716 2099
f 2099 2101 2140
f 2101 2142 2140
f 2144 2146 2143
f 2143 2141 2144
f 2141 2142 2144
f 2144 2142 2103
f 2144 2105 2146
f 2103 2105 2144
f 1588 1589 1590
f 1590 2097 1588
f 1590 1589 2096
f 2096 2098 1590
f 2098 2097 1590
f 1736 1735 1748
f 1720 1740 1683
f 1740 1735 1683
f 1683 1737 1682
f 1683 1736 1737
f 1735 1736 1683
f 1682 1588 1683
f 1683 1588 1720
f 1861 1859 1860
f 1862 1861 1860
f 1743 1846 1860
f 1860 1859 1743
f 1860 1847 1862
f 1860 1846 1847
f 1594 1656 1592
f 1656 1658 1592
f 1553 2127 1552
f 1553 1554 2127
f 2077 1554 1553
f 1552 2113 1553
f 2113 2112 1553
f 2112 2077 1553
f 1429 1427 1488
f 1488 1487 1429
f 1427 1489 1488
f 1496 1487 1488
f 1488 1495 1496
f 1488 1489 1495
f 1486 1497 1498
f 1486 1487 1497
f 1486 1498 1485
f 1114 1115 1116
f 1114 1112 1115
f 1494 1112 1114
f 1114 1495 1494
f 1116 1495 1114
f 1400 1401 1376
f 1348 1373 1374
f 1374 1373 1398
f 1398 1399 1374
f 1377 1351 1350
f 1350 1376 1377
f 1377 1401 1402
f 1377 1376 1401
f 1352 1086 1084
f 1352 1353 1086
f 1351 1377 1352
f 1078 1350 1080
f 1081 1079 1080
f 1080 1079 1078
f 153 94 151
f 151 1314 153
f 96 1314 151
f 151 95 96
f 151 94 95
f 1065 1066 1067
f 1065 1063 1066
f 1065 1067 1316
f 1316 1063 1065
f 1064 1063 1062
f 1066 1063 1064
f 1064 1062 1342
f 1342 1066 1064
f 1061 1063 96
f 97 99 1061
f 99 1062 1061
f 1062 1063 1061
f 96 149 1061
f 1061 149 97
f 1247 1246 1292
f 1246 1291 1292
f 1292 1248 1247
f 1292 1291 1316
f 1289 153 1290
f 153 1315 1290
f 1290 1245 1289
f 1290 1315 1316
f 1316 1291 1290
f 1290 1246 1245
f 1290 1291 1246
f 1024 927 929
f 1024 1039 1040
f 929 1039 1024
f 1040 1049 1023
f 1023 1049 1041
f 1023 1024 1040
f 927 1024 1023
f 1041 1021 1023
f 1021 927 1023
f 1258 1299 1260
f 1260 1299 1262
f 1262 1261 1260
f 1257 1258 1260
f 1258 1297 1298
f 1298 1299 1258
f 1298 1297 1323
f 1323 1299 1298
f 2500 2545 2499
f 2498 157 2500
f 156 2545 2500
f 2500 157 156
f 2500 2514 2498
f 2499 2514 2500
f 2523 2525 2524
f 2523 2659 2525
f 2505 2503 165
f 165 166 163
f 2507 2503 2506
f 2524 2526 2506
f 2506 2526 2507
f 2506 2505 2524
f 2506 2503 2505
f 2519 2514 2520
f 2536 2519 2520
f 2520 2534 2536
f 2515 2534 2520
f 2520 2499 2515
f 2520 2514 2499
f 2560 2533 2532
f 2560 2532 2550
f 2550 2663 2560
f 2663 2569 2560
f 2696 2724 2697
f 2697 2662 2696
f 2696 2662 2661
f 2723 2724 2696
f 2661 2695 2696
f 2696 2695 2723
f 2717 2746 2715
f 2715 2716 2717
f 2746 2748 2715
f 2808 2809 2752
f 2752 2751 2808
f 2697 2725 2698
f 2698 2664 2697
f 2698 2725 2726
f 2726 2699 2698
f 2217 2569 2663
f 2663 2664 2217
f 2579 2569 2217
f 2216 2579 2217
f 2217 2215 2216
f 2694 2695 2659
f 2694 2693 2722
f 2722 2723 2694
f 2723 2695 2694
f 2293 1634 2294
f 2293 1635 1634
f 2294 2290 2293
f 2293 2290 2788
f 2291 2789 2790
f 2790 2295 2291
f 1620 2301 1612
f 1612 1621 1620
f 2512 2301 1620
f 1620 1618 2512
f 972 960 958
f 958 971 972
f 958 970 971
f 958 1541 970
f 960 1542 958
f 1542 1541 958
f 968 970 1540
f 1540 1539 968
f 968 1539 966
f 968 965 967
f 966 965 968
f 967 969 968
f 969 970 968
f 1151 1539 1153
f 1151 1152 1150
f 1151 1153 1152
f 1386 1387 1361
f 1386 1410 1411
f 1409 1452 1454
f 1454 1410 1409
f 1409 1408 1452
f 1310 1334 1335
f 1101 1103 1335
f 1335 1334 1101
f 1136 1506 1505
f 1505 1134 1136
f 1136 1135 1137
f 1134 1135 1136
f 1129 1130 1128
f 1126 1127 1128
f 1128 1127 1129
f 1128 1501 1126
f 1502 1501 1128
f 1128 1130 1502
f 1269 1268 1270
f 1272 1271 1270
f 1270 1271 1269
f 1263 1261 1262
f 1262 1264 1263
f 1237 1261 1263
f 1327 1087 1328
f 1326 1087 1327
f 1327 1302 1301
f 1301 1326 1327
f 1085 1087 1326
f 1086 1087 1085
f 1300 1299 1324
f 1324 1325 1300
f 1324 1299 1323
f 1324 1079 1081
f 1323 1079 1324
f 1382 1357 1356
f 1356 1355 1381
f 1381 1382 1356
f 1092 1355 1356
f 1356 1094 1092
f 1356 1357 1094
f 1331 1093 1095
f 1095 1332 1331
f 1097 1332 1095
f 1096 1097 1095
f 1095 1093 1096
f 1333 1097 1099
f 1333 1332 1097
f 1308 1332 1333
f 1099 1334 1333
f 1307 1332 1308
f 1306 1332 1307
f 1276 1306 1307
f 1308 1278 1307
f 1307 1278 1276
f 1279 1280 1281
f 1281 1228 1279
f 1227 1228 1281
f 1281 1283 1227
f 1309 1278 1308
f 1309 1280 1278
f 1308 1333 1309
f 1309 1333 1334
f 1309 1334 1310
f 1310 1280 1309
f 1337 1312 1311
f 1311 1284 1310
f 1285 1284 1286
f 1286 1288 1285
f 1312 1288 1286
f 1284 1311 1286
f 1286 1311 1312
f 989 1003 1004
f 1004 990 989
f 1004 1003 206
f 206 205 1004
f 205 990 1004
f 1001 1003 1002
f 1002 999 1001
f 1001 999 208
f 207 1003 1001
f 1001 208 207
f 1431 1430 1429
f 1432 1430 1431
f 1431 1433 1432
f 1429 1487 1431
f 1487 1486 1431
f 1485 1433 1431
f 1431 1486 1485
f 1188 1166 1187
f 1187 1166 1186
f 1186 1209 1187
f 1187 1210 1188
f 1209 1210 1187
f 1167 1189 1168
f 1189 1169 1168
f 1171 1192 1193
f 1060 270 269
f 269 473 1060
f 1059 473 937
f 256 504 503
f 256 859 504
f 255 859 256
f 503 769 256
f 730 750 731
f 731 751 752
f 731 750 751
f 861 733 860
f 860 734 861
f 703 734 860
f 860 733 859
f 255 703 860
f 860 859 255
f 498 499 500
f 499 501 500
f 500 503 502
f 500 501 503
f 502 536 500
f 536 535 500
f 1164 1185 1165
f 1184 1185 1164
f 1164 1163 1184
f 1183 1184 1162
f 1184 1163 1162
f 1162 1163 1056
f 540 731 752
f 538 733 540
f 733 731 540
f 536 377 265
f 376 377 537
f 376 374 375
f 376 537 374
f 1036 163 1037
f 1037 1028 1036
f 1056 366 935
f 371 535 264
f 264 933 371
f 371 933 370
f 367 362 366
f 363 362 367
f 367 936 363
f 366 362 365
f 535 371 365
f 498 500 365
f 365 500 535
f 365 496 498
f 365 362 496
f 2849 248 2850
f 2849 2851 248
f 2852 2853 250
f 250 2851 2852
f 2859 245 2856
f 245 2857 2856
f 2855 243 2854
f 244 243 2855
f 2855 2857 244
f 2858 246 2859
f 2858 2860 246
f 1595 1596 1600
f 1600 1601 1595
f 1595 1601 1599
f 2257 1596 2278
f 2278 2275 2257
f 2276 2275 2278
f 1596 1595 2278
f 2278 1595 1599
f 2278 2277 2276
f 2278 1599 2277
f 2403 2406 116
f 116 115 2403
f 2403 109 2406
f 2403 115 109
f 2675 2674 2681
f 2676 2668 2675
f 2669 2674 2675
f 2675 2668 2669
f 2675 2682 2676
f 2681 2682 2675
f 2645 2678 2644
f 2643 2218 2644
f 2644 2679 2643
f 2678 2679 2644
f 2636 2625 2635
f 2636 2228 2637
f 2637 2626 2636
f 2626 2625 2636
f 2636 2229 2228
f 2635 2229 2636
f 2624 2625 2617
f 2475 2476 2617
f 2631 2641 2642
f 2642 2708 2631
f 2219 2639 2638
f 2637 2220 2638
f 2638 2220 2219
f 2638 2627 2637
f 2628 2627 2638
f 2638 2639 2628
f 2643 2679 2640
f 2640 2639 2643
f 2640 2679 2641
f 2629 2639 2640
f 2640 2630 2629
f 2641 2630 2640
f 2630 2608 2610
f 2610 2612 2629
f 2629 2630 2610
f 2611 2612 2610
f 2609 2611 2610
f 2610 2608 2609
f 2604 2605 2649
f 2605 2650 2649
f 2578 2577 2584
f 2584 2670 2578
f 2584 2577 2585
f 2583 2670 2584
f 2585 2566 2584
f 2584 2566 2583
f 2226 2234 2592
f 2592 2573 2226
f 2592 2234 2593
f 2591 2573 2592
f 2593 2562 2592
f 2562 2591 2592
f 2648 2220 2227
f 2648 2649 2218
f 2218 2219 2648
f 2219 2220 2648
f 2227 2604 2648
f 2604 2649 2648
f 2599 2598 2689
f 2597 2598 2599
f 2599 2493 2597
f 2599 2237 2493
f 1832 1833 1816
f 1901 1886 1832
f 1888 1833 1832
f 1832 1886 1888
f 1834 1820 1818
f 1818 1833 1834
f 1834 1835 1820
f 1834 1833 1890
f 1890 1892 1834
f 1892 1835 1834
f 1813 1903 1902
f 1903 2033 1902
f 2093 2092 1902
f 2035 2093 1902
f 1902 2033 2035
f 725 726 683
f 726 682 683
f 681 738 739
f 728 738 681
f 681 727 728
f 681 682 727
f 1570 1568 1569
f 1849 1967 1569
f 1569 1850 1849
f 1569 1568 1850
f 1569 1969 1570
f 1569 1967 1969
f 1983 2013 1979
f 1983 1915 1980
f 1979 1915 1983
f 1980 1928 1983
f 1983 1928 2012
f 2012 2013 1983
f 30 870 869
f 868 28 869
f 869 28 30
f 775 870 867
f 774 870 775
f 775 867 776
f 776 742 775
f 744 570 586
f 660 681 739
f 739 772 773
f 773 772 868
f 868 869 773
f 773 870 774
f 773 869 870
f 1701 1791 1710
f 1722 1740 1720
f 1720 1721 1722
f 1733 1734 1722
f 1722 1734 1740
f 1722 1732 1733
f 1722 1721 1732
f 1690 2170 1692
f 1690 1692 1693
f 1693 1691 1690
f 1691 2168 1690
f 1548 2170 2169
f 2169 2168 1684
f 2169 1690 2168
f 2170 1690 2169
f 1547 1548 2169
f 2169 1546 1547
f 2169 1684 1546
f 1788 1778 1790
f 1712 1789 1790
f 1713 1778 1714
f 1713 1691 1693
f 1713 1714 1691
f 1693 1712 1713
f 1712 1790 1713
f 1713 1790 1778
f 1805 1804 1799
f 1805 1567 1566
f 1799 1567 1805
f 1786 1784 1776
f 1776 1728 1777
f 1777 1778 1788
f 1727 1778 1777
f 1777 1728 1727
f 1788 1786 1777
f 1777 1786 1776
f 1883 1878 1879
f 1884 1883 1879
f 1879 1880 1884
f 1856 1880 1879
f 1918 1924 1917
f 1918 1881 1882
f 1917 1881 1918
f 1882 1883 1918
f 1918 1883 1919
f 1919 1924 1918
f 1854 1878 1812
f 1812 1811 1854
f 1854 1879 1878
f 1854 1811 1855
f 1854 1855 1856
f 1856 1879 1854
f 1885 1920 1884
f 1884 1880 1885
f 1921 1920 1885
f 1885 1880 2017
f 2016 1921 1885
f 1885 2017 2016
f 1858 1996 1853
f 1853 1565 1858
f 1987 1927 1985
f 1927 2001 1985
f 1985 1990 1987
f 1988 1990 1985
f 571 557 572
f 571 586 570
f 1251 1254 1253
f 1254 1255 1253
f 1253 1242 1251
f 1206 1207 1184
f 1206 1183 1205
f 1206 1184 1183
f 1181 1203 1204
f 1202 1203 1181
f 2016 2017 1617
f 1617 2017 1615
f 2785 2290 2783
f 2783 2784 2785
f 2779 2781 2287
f 2777 2778 2779
f 2776 2778 2777
f 2773 2252 2322
f 2773 2778 2252
f 2780 2778 2773
f 2775 2285 2284
f 2775 2777 2285
f 2775 2361 2776
f 2776 2777 2775
f 1571 1572 1628
f 1806 1792 1702
f 1702 1706 1806
f 1702 1792 1701
f 1757 1706 1708
f 1708 1729 1757
f 1708 1706 1705
f 1705 1707 1708
f 455 483 467
f 467 454 455
f 453 432 443
f 432 421 443
f 443 421 433
f 468 456 484
f 468 483 455
f 435 456 445
f 445 468 455
f 456 468 445
f 435 423 415
f 415 424 435
f 680 679 486
f 680 487 701
f 680 486 471
f 471 487 680
f 700 699 678
f 678 679 700
f 708 709 700
f 709 699 700
f 700 701 708
f 700 680 701
f 679 680 700
f 676 655 656
f 655 637 656
f 638 639 657
f 657 637 638
f 657 656 637
f 657 677 676
f 676 656 657
f 485 659 658
f 658 639 485
f 658 659 678
f 658 657 639
f 678 677 658
f 677 657 658
f 647 628 629
f 647 646 628
f 649 630 631
f 632 631 614
f 614 615 632
f 619 637 636
f 624 643 623
f 609 627 608
f 608 627 626
f 608 592 609
f 608 591 592
f 642 643 662
f 623 643 642
f 736 704 705
f 705 765 736
f 736 757 756
f 781 762 764
f 762 763 764
f 783 515 749
f 544 557 543
f 543 557 542
f 514 543 542
f 560 546 547
f 547 561 560
f 519 517 506
f 512 490 489
f 718 884 883
f 883 719 718
f 689 720 688
f 689 719 720
f 689 718 719
f 688 668 689
f 880 723 722
f 722 721 880
f 723 686 722
f 686 721 722
f 688 721 687
f 687 721 686
f 939 1168 1169
f 939 270 1060
f 1060 1167 939
f 1167 1168 939
f 942 944 276
f 274 460 359
f 274 448 460
f 438 274 427
f 448 274 438
f 427 277 438
f 438 277 428
f 449 461 438
f 461 448 438
f 438 439 449
f 438 428 439
f 417 409 429
f 429 439 417
f 439 428 417
f 428 277 417
f 574 559 575
f 574 573 559
f 587 571 572
f 586 571 587
f 591 608 590
f 573 574 590
f 575 591 590
f 590 574 575
f 526 528 549
f 577 576 562
f 576 561 562
f 562 547 548
f 561 547 562
f 466 585 481
f 466 481 453
f 454 467 466
f 453 443 466
f 466 443 454
f 1176 946 1175
f 946 947 1175
f 1196 1197 1175
f 1197 1176 1175
f 1175 947 1174
f 1175 1195 1196
f 1174 1195 1175
f 281 401 945
f 945 282 281
f 402 401 281
f 281 283 402
f 281 282 283
f 280 279 402
f 280 417 277
f 280 277 278
f 278 279 280
f 402 409 280
f 409 417 280
f 945 401 943
f 401 279 943
f 1174 945 943
f 943 1173 1174
f 943 279 944
f 397 388 392
f 392 398 397
f 1224 1225 1287
f 1287 1339 1224
f 1288 1339 1287
f 1287 1225 1285
f 1285 1288 1287
f 1338 954 1340
f 1109 954 1338
f 1337 1109 1338
f 952 953 1109
f 953 952 1366
f 1366 952 1365
f 1391 1392 1366
f 1366 1365 1391
f 1388 1387 1412
f 1412 1413 1388
f 1412 1386 1411
f 1387 1386 1412
f 1412 1411 1456
f 1456 1458 1412
f 1412 1458 1460
f 1460 1413 1412
f 1388 1389 1363
f 1390 1414 1415
f 1415 1414 1464
f 1415 1391 1390
f 1415 1416 1391
f 1415 1464 1466
f 1466 1416 1415
f 1462 1413 1460
f 1462 1414 1413
f 1462 1461 1463
f 1460 1461 1462
f 1463 1464 1462
f 1464 1414 1462
f 1768 1736 1748
f 1746 1758 1768
f 1768 1758 1766
f 2011 1578 1737
f 2280 2238 2240
f 2240 2279 2280
f 2240 2238 2239
f 2239 1592 2240
f 2240 1592 1658
f 1652 1651 1593
f 1593 2241 1652
f 1593 1651 1594
f 1594 1592 1593
f 2239 2241 1593
f 1593 1592 2239
f 1375 1349 1348
f 1348 1374 1375
f 1350 1349 1375
f 1375 1376 1350
f 1400 1376 1375
f 1375 1399 1400
f 1375 1374 1399
f 1378 1352 1377
f 1378 1403 1379
f 1379 1353 1378
f 1353 1352 1378
f 1402 1403 1378
f 1378 1377 1402
f 1350 1351 1082
f 1082 1080 1350
f 1082 1352 1084
f 1351 1352 1082
f 1081 1080 1082
f 1293 1318 1294
f 1293 1292 1318
f 1248 1292 1293
f 1294 1250 1293
f 1293 1250 1248
f 1317 1292 1316
f 1318 1292 1317
f 1316 1067 1317
f 1067 1318 1317
f 1259 1239 1257
f 1261 1239 1259
f 1257 1260 1259
f 1259 1260 1261
f 1208 1239 1209
f 1208 1209 1186
f 1186 1185 1208
f 1185 1207 1208
f 1209 1239 1238
f 1237 1210 1238
f 1238 1210 1209
f 1238 1261 1237
f 1238 1239 1261
f 1257 1239 1240
f 1207 1206 1240
f 1240 1208 1207
f 1239 1208 1240
f 1320 1295 1294
f 1294 1319 1320
f 1320 1296 1295
f 1320 1321 1296
f 1319 1073 1320
f 1320 1073 1075
f 1075 1321 1320
f 1075 1077 1322
f 1322 1321 1075
f 1322 1077 1323
f 1323 1297 1322
f 1297 1296 1322
f 1296 1321 1322
f 2692 2720 2721
f 2721 2693 2692
f 2721 2720 2809
f 2722 2693 2721
f 2721 2808 2722
f 2721 2809 2808
f 2692 2693 2657
f 2656 2692 2657
f 2657 2530 2656
f 167 165 2503
f 166 165 167
f 167 2503 169
f 169 1051 167
f 1051 166 167
f 164 163 179
f 164 165 163
f 179 2505 164
f 2505 165 164
f 2535 2533 2559
f 2533 2560 2559
f 2559 2560 2569
f 2559 2568 2535
f 2579 2568 2559
f 2559 2569 2579
f 2716 2715 2714
f 2792 2809 2212
f 2792 2752 2809
f 2664 2698 2665
f 2665 2217 2664
f 2665 2698 2699
f 2215 2217 2665
f 2665 2699 2666
f 2666 2215 2665
f 2789 2291 2292
f 2788 2789 2292
f 2292 2293 2788
f 2292 2291 1730
f 1730 1635 2292
f 1635 2293 2292
f 1539 1151 1538
f 966 1539 1538
f 1538 964 966
f 1538 1537 964
f 1410 1386 1385
f 1385 1409 1410
f 1383 1408 1384
f 1408 1409 1384
f 1409 1385 1384
f 1506 1136 1138
f 1138 1507 1506
f 1138 1140 1507
f 1139 1140 1138
f 1138 1137 1139
f 1138 1136 1137
f 1304 1305 1272
f 1272 1270 1304
f 1329 1305 1304
f 1328 1329 1304
f 1304 1270 1268
f 1265 1236 1237
f 1237 1263 1265
f 1235 1236 1265
f 1326 1325 1083
f 1083 1085 1326
f 1083 1324 1081
f 1325 1324 1083
f 1081 1082 1083
f 1083 1082 1084
f 1084 1086 1083
f 1086 1085 1083
f 1310 1284 1282
f 1282 1280 1310
f 1282 1281 1280
f 1284 1283 1282
f 1283 1281 1282
f 1103 1106 1105
f 1191 1192 1170
f 1192 1171 1170
f 1170 1169 1191
f 1171 942 1170
f 1193 1173 1172
f 1172 1171 1193
f 1173 943 1172
f 1172 943 944
f 944 942 1172
f 1172 942 1171
f 474 475 491
f 474 491 492
f 492 267 474
f 267 473 474
f 473 269 474
f 364 937 266
f 266 937 473
f 266 267 364
f 266 473 267
f 938 1058 1059
f 1059 937 938
f 938 937 364
f 938 936 1058
f 364 363 938
f 363 936 938
f 730 731 732
f 861 862 732
f 862 730 732
f 732 733 861
f 732 731 733
f 766 768 783
f 783 749 766
f 766 749 782
f 782 764 766
f 766 764 765
f 505 768 769
f 505 503 506
f 505 769 503
f 783 768 505
f 505 515 783
f 506 517 505
f 517 515 505
f 769 768 254
f 255 256 254
f 254 256 769
f 254 703 255
f 254 704 703
f 379 751 10
f 752 751 379
f 379 12 1016
f 379 10 12
f 177 174 176
f 176 178 177
f 179 163 177
f 177 178 179
f 1030 1036 1028
f 1058 936 1057
f 936 367 1057
f 1056 1163 1057
f 1163 1164 1057
f 1165 1058 1057
f 1057 1164 1165
f 1057 366 1056
f 1057 367 366
f 368 935 366
f 368 370 1056
f 1056 935 368
f 369 371 370
f 369 365 371
f 370 368 369
f 366 365 369
f 369 368 366
f 2615 2627 2614
f 2626 2627 2615
f 2615 2614 2473
f 2473 2474 2615
f 2618 2477 2619
f 2624 2617 2618
f 2618 2476 2477
f 2618 2617 2476
f 2619 2623 2618
f 2618 2623 2624
f 2641 2679 2685
f 2685 2642 2641
f 2685 2678 2684
f 2685 2679 2678
f 2218 2649 2647
f 2645 2644 2647
f 2647 2644 2218
f 2647 2646 2645
f 2647 2650 2646
f 2647 2649 2650
f 2600 2599 2689
f 2688 2601 2600
f 2601 2237 2600
f 2237 2599 2600
f 2600 2492 2688
f 2600 2689 2492
f 1901 1902 2091
f 2091 1902 2092
f 2091 2092 1581
f 1581 1900 2091
f 1900 1901 2091
f 1814 1815 1813
f 1813 1902 1814
f 1816 1815 1814
f 1814 1902 1901
f 1814 1832 1816
f 1901 1832 1814
f 685 724 684
f 724 725 684
f 725 683 684
f 774 775 741
f 741 775 742
f 741 773 774
f 603 741 742
f 621 741 603
f 742 586 603
f 743 742 776
f 743 586 742
f 743 776 744
f 744 586 743
f 739 773 740
f 740 660 739
f 640 660 740
f 773 741 740
f 740 621 640
f 740 741 621
f 1701 1710 1699
f 1788 1790 1787
f 1787 1790 1789
f 1795 1803 1802
f 1802 1793 1795
f 1803 1787 1802
f 1802 1787 1789
f 1711 1712 1695
f 1711 1789 1712
f 1998 2005 2006
f 1997 2005 1998
f 2006 1772 1773
f 1773 1998 2006
f 1749 1771 1750
f 1772 1771 1749
f 1749 1773 1772
f 1774 1773 1749
f 1566 1565 1779
f 1565 1853 1779
f 1804 1805 1783
f 1784 1786 1783
f 1852 1996 1997
f 1852 1853 1996
f 1997 1998 1852
f 2000 2001 1994
f 2000 1985 2001
f 2000 1999 1988
f 1988 1985 2000
f 556 571 570
f 557 571 556
f 542 557 556
f 1182 1204 1183
f 1182 1181 1204
f 1202 1181 1180
f 1180 1026 1202
f 1027 1026 1180
f 1618 1620 1619
f 1619 1617 1618
f 1619 1620 1621
f 1619 1621 2015
f 2015 2016 1619
f 2016 1617 1619
f 2288 2287 2289
f 2294 2288 2289
f 2289 2290 2294
f 2289 2783 2290
f 2781 2783 2289
f 2289 2287 2781
f 1642 2285 2286
f 2779 2287 2286
f 2286 2777 2779
f 2285 2777 2286
f 2780 2773 2782
f 2781 2780 2782
f 2784 2783 2782
f 2782 2783 2781
f 2322 2772 2771
f 2771 2773 2322
f 2771 2772 2769
f 2771 2782 2773
f 2769 2784 2771
f 2784 2782 2771
f 2774 2283 2359
f 2361 2775 2774
f 2284 2283 2774
f 2774 2775 2284
f 2774 2359 2360
f 2360 2361 2774
f 1571 1628 1627
f 1730 2291 1629
f 1629 2291 2295
f 2296 2295 2791
f 2296 1629 2295
f 2212 2720 2719
f 1705 1706 1704
f 1706 1702 1704
f 1704 2179 1705
f 1704 1703 2179
f 1634 1729 1633
f 1729 1708 1633
f 1633 1636 1634
f 1633 1708 1707
f 1633 1709 1636
f 1707 1709 1633
f 469 457 485
f 456 457 469
f 484 456 469
f 485 639 469
f 469 639 484
f 446 456 435
f 446 457 456
f 485 457 470
f 470 659 485
f 486 659 470
f 455 454 444
f 444 443 433
f 454 443 444
f 434 423 435
f 435 445 434
f 434 445 455
f 455 444 434
f 459 472 471
f 424 425 436
f 457 446 436
f 435 424 436
f 436 446 435
f 414 415 423
f 423 434 414
f 407 398 399
f 399 414 407
f 650 649 631
f 650 632 651
f 631 632 650
f 648 647 629
f 629 630 648
f 630 649 648
f 633 652 651
f 651 632 633
f 633 615 616
f 633 632 615
f 638 637 620
f 637 619 620
f 620 619 483
f 484 639 620
f 620 639 638
f 620 468 484
f 483 468 620
f 617 600 618
f 618 619 636
f 635 617 618
f 618 636 635
f 482 467 483
f 585 466 482
f 482 466 467
f 644 664 643
f 607 590 608
f 607 608 626
f 641 660 640
f 640 621 641
f 623 642 641
f 758 757 737
f 757 736 737
f 737 759 758
f 737 763 759
f 737 736 765
f 737 764 763
f 765 764 737
f 756 734 735
f 735 736 756
f 734 704 735
f 704 736 735
f 782 749 748
f 748 262 781
f 781 764 748
f 748 764 782
f 516 515 517
f 516 514 515
f 517 519 516
f 516 519 518
f 516 518 544
f 544 543 516
f 543 514 516
f 507 519 506
f 506 499 507
f 527 528 526
f 518 519 520
f 546 518 520
f 489 476 513
f 513 512 489
f 476 477 513
f 477 531 513
f 885 884 717
f 884 718 717
f 886 885 717
f 665 686 685
f 685 664 665
f 662 643 663
f 643 664 663
f 663 683 662
f 663 684 683
f 663 664 685
f 685 684 663
f 270 939 360
f 359 270 360
f 941 1170 942
f 273 941 426
f 426 941 942
f 427 274 426
f 426 274 273
f 573 590 589
f 590 607 589
f 550 528 551
f 550 549 528
f 551 564 550
f 548 549 563
f 563 562 548
f 563 550 564
f 549 550 563
f 564 579 563
f 563 579 578
f 563 578 577
f 577 562 563
f 398 392 389
f 388 383 389
f 389 392 388
f 389 358 384
f 383 358 389
f 1313 1338 1340
f 1340 1339 1313
f 1313 1339 1288
f 1313 1288 1312
f 1313 1312 1337
f 1337 1338 1313
f 1337 1105 1107
f 1107 1105 1106
f 1107 1109 1337
f 1107 952 1109
f 1388 1363 1362
f 1362 1387 1388
f 1361 1387 1362
f 1362 1363 1106
f 1362 1102 1361
f 1746 1768 1747
f 1747 1768 1748
f 1747 1748 1575
f 1747 1759 1746
f 1575 1759 1747
f 1769 1768 1767
f 1972 1971 1767
f 1767 1971 1769
f 1767 1765 1972
f 1766 1765 1767
f 1767 1768 1766
f 1737 1736 1745
f 1745 2011 1737
f 1736 1768 1745
f 1768 2011 1745
f 1769 1578 1770
f 1578 2011 1770
f 1770 1768 1769
f 1770 2011 1768
f 1657 2240 1658
f 1657 1658 1656
f 1662 2279 1657
f 2279 2240 1657
f 1659 1662 1657
f 1657 1656 1659
f 1241 1255 1257
f 1257 1240 1241
f 1242 1253 1241
f 1241 1253 1255
f 1241 1240 1206
f 1205 1242 1241
f 1241 1206 1205
f 2658 2657 2693
f 2659 2523 2658
f 2658 2694 2659
f 2693 2694 2658
f 2530 2657 2522
f 2529 2530 2522
f 2522 2658 2523
f 2657 2658 2522
f 2522 2505 2529
f 2524 2505 2522
f 2522 2523 2524
f 2785 2784 2786
f 2786 2784 2769
f 2769 2768 2786
f 2752 2792 2711
f 2748 2749 2750
f 2750 2749 2751
f 2751 2752 2750
f 2752 2711 2750
f 1147 1537 1149
f 1537 1538 1149
f 1149 1538 1151
f 1149 1148 1147
f 1150 1148 1149
f 1149 1151 1150
f 1360 1100 1098
f 1360 1385 1386
f 1360 1386 1361
f 1361 1102 1360
f 1360 1102 1100
f 1358 1357 1383
f 1383 1384 1358
f 1096 1357 1358
f 1098 1096 1358
f 1328 1304 1303
f 1303 1327 1328
f 1302 1327 1303
f 1303 1304 1268
f 1266 1263 1264
f 1266 1265 1263
f 1302 1303 1266
f 1266 1303 1268
f 1301 1302 1266
f 1266 1264 1301
f 1235 1265 1267
f 1267 1234 1235
f 1269 1234 1267
f 1267 1268 1269
f 1267 1266 1268
f 1265 1266 1267
f 1336 1335 1103
f 1103 1105 1336
f 1310 1335 1336
f 1336 1311 1310
f 1337 1311 1336
f 1336 1105 1337
f 271 270 359
f 475 474 271
f 271 269 270
f 271 474 269
f 359 460 271
f 271 460 475
f 705 704 767
f 704 254 767
f 767 765 705
f 767 766 765
f 768 766 767
f 767 254 768
f 932 376 375
f 377 376 931
f 376 932 931
f 1015 930 1016
f 1016 12 1015
f 12 175 1015
f 1015 175 174
f 380 379 1016
f 1016 930 380
f 380 930 381
f 540 372 373
f 373 374 538
f 538 540 373
f 375 374 373
f 754 540 752
f 754 372 540
f 754 373 372
f 754 1032 1031
f 163 1036 1018
f 1018 177 163
f 174 177 1018
f 1018 1015 174
f 1036 1015 1018
f 2626 2615 2616
f 2616 2625 2626
f 2616 2617 2625
f 2475 2617 2616
f 2616 2474 2475
f 2616 2615 2474
f 2707 2684 2706
f 2707 2685 2684
f 2708 2642 2707
f 2642 2685 2707
f 621 603 604
f 604 605 623
f 586 587 604
f 604 603 586
f 1701 1699 1700
f 1703 1704 1700
f 1700 1702 1701
f 1700 1704 1702
f 2178 1703 1698
f 1698 1699 1696
f 1703 1700 1698
f 1698 1700 1699
f 1698 2176 2178
f 1698 1696 2176
f 1801 1802 1789
f 1801 1711 1710
f 1789 1711 1801
f 1801 1710 1791
f 1791 1793 1801
f 1793 1802 1801
f 1697 1711 1695
f 1697 1695 1694
f 1694 1696 1697
f 1696 1699 1697
f 1697 1699 1710
f 1710 1711 1697
f 1775 1774 1751
f 1774 1749 1751
f 1752 1775 1751
f 1751 1750 1752
f 1751 1749 1750
f 1784 1783 1781
f 1781 1783 1805
f 1781 1805 1566
f 1566 1779 1781
f 1785 1783 1786
f 1785 1786 1788
f 1788 1787 1785
f 1785 1787 1803
f 1803 1804 1785
f 1804 1783 1785
f 1780 1779 1853
f 1853 1852 1780
f 1780 1852 1998
f 1780 1773 1774
f 1998 1773 1780
f 1993 2000 1994
f 1993 1922 1923
f 1994 1922 1993
f 1923 1992 1993
f 1992 1999 1993
f 1999 2000 1993
f 745 746 555
f 746 541 555
f 555 570 745
f 555 556 570
f 555 541 542
f 542 556 555
f 1029 1028 1027
f 1029 1030 1028
f 1031 1032 1029
f 1029 1032 1030
f 1642 2286 1638
f 1638 2288 1639
f 1638 2287 2288
f 1638 2286 2287
f 1638 1640 1642
f 1639 1637 1638
f 1637 1640 1638
f 1571 1627 2021
f 2020 1855 2021
f 1855 1811 2021
f 1810 1571 2021
f 2021 1811 1810
f 1624 2019 2020
f 1755 1730 1753
f 1730 1629 1753
f 1753 1756 1755
f 1753 1754 1756
f 1630 1627 1628
f 1628 1629 1630
f 1630 2296 2297
f 1629 2296 1630
f 2214 2296 2791
f 2297 2296 2214
f 2214 2792 2212
f 2791 2711 2214
f 2214 2711 2792
f 2656 2530 2300
f 2300 2690 2656
f 2300 2530 2531
f 2656 2690 2691
f 2691 2692 2656
f 2691 2720 2692
f 2691 2719 2720
f 437 436 425
f 422 414 434
f 413 407 422
f 407 414 422
f 422 421 413
f 433 421 422
f 422 444 433
f 422 434 444
f 415 400 416
f 416 425 424
f 424 415 416
f 394 400 399
f 408 400 415
f 399 400 408
f 415 414 408
f 414 399 408
f 653 652 634
f 652 633 634
f 635 653 634
f 634 616 635
f 634 633 616
f 619 618 601
f 585 482 601
f 600 585 601
f 601 618 600
f 606 607 624
f 623 605 606
f 606 624 623
f 605 589 606
f 606 589 607
f 625 607 626
f 624 607 625
f 626 644 625
f 643 624 625
f 625 644 643
f 660 641 661
f 661 642 662
f 661 641 642
f 662 683 661
f 661 683 682
f 682 681 661
f 681 660 661
f 623 641 622
f 622 641 621
f 622 604 623
f 621 604 622
f 260 748 749
f 260 749 515
f 515 514 260
f 497 496 495
f 496 494 495
f 492 493 495
f 495 494 492
f 509 495 493
f 529 527 512
f 529 513 531
f 512 513 529
f 531 528 529
f 528 527 529
f 886 717 716
f 718 689 690
f 666 687 686
f 686 665 666
f 646 647 666
f 666 665 646
f 664 644 645
f 645 665 664
f 646 665 645
f 645 644 626
f 626 627 645
f 627 646 645
f 272 274 359
f 273 274 272
f 275 942 276
f 275 426 942
f 427 426 275
f 276 277 275
f 275 277 427
f 588 589 605
f 605 604 588
f 588 604 587
f 588 587 572
f 572 573 588
f 573 589 588
f 393 389 384
f 384 394 393
f 393 394 399
f 393 399 398
f 398 389 393
f 1106 1363 1364
f 1364 1389 1390
f 1364 1363 1389
f 1390 1365 1364
f 1365 952 1364
f 1102 1362 1104
f 1104 1103 1101
f 1101 1102 1104
f 1104 1106 1103
f 1104 1362 1106
f 2785 2786 2787
f 2787 2788 2785
f 2787 2789 2788
f 2713 2750 2711
f 2748 2750 2713
f 2713 2715 2748
f 2713 2714 2715
f 1359 1384 1385
f 1359 1358 1384
f 1385 1360 1359
f 1359 1360 1098
f 1098 1358 1359
f 1056 370 1055
f 370 933 1055
f 1055 1162 1056
f 1053 1160 1161
f 1161 1054 1053
f 1162 1055 1161
f 1161 1055 1054
f 1183 1162 1161
f 1161 1182 1183
f 1181 1182 1161
f 1161 1160 1181
f 381 930 1035
f 1035 1032 381
f 930 1015 1035
f 1035 1015 1036
f 1036 1030 1035
f 1030 1032 1035
f 1033 1031 375
f 375 373 1033
f 1033 754 1031
f 373 754 1033
f 753 754 752
f 381 754 753
f 752 379 753
f 753 380 381
f 379 380 753
f 381 1032 1034
f 1034 754 381
f 1032 754 1034
f 2735 2734 2796
f 2708 2707 2735
f 2706 2734 2735
f 2735 2707 2706
f 2796 2256 2735
f 2256 2708 2735
f 1784 1781 1782
f 1782 1780 1774
f 1782 1781 1779
f 1779 1780 1782
f 1782 1775 1784
f 1782 1774 1775
f 1027 1180 1159
f 1159 1029 1027
f 1159 1180 1181
f 1181 1160 1159
f 1159 1160 1053
f 1031 1029 1159
f 1622 1624 2020
f 2020 2021 1622
f 1622 2021 1627
f 1615 2018 1613
f 2018 2019 1613
f 2019 1624 1613
f 1572 1754 1573
f 1754 1753 1573
f 1573 1628 1572
f 1573 1629 1628
f 1573 1753 1629
f 2297 2214 2213
f 2213 2298 2297
f 2719 2298 2213
f 2212 2719 2213
f 2213 2214 2212
f 2299 2691 2690
f 2719 2691 2299
f 2299 2298 2719
f 458 437 459
f 458 459 471
f 471 486 458
f 486 470 458
f 458 470 457
f 619 601 602
f 602 601 482
f 483 619 602
f 602 482 483
f 261 260 514
f 261 542 262
f 261 514 542
f 262 748 261
f 748 260 261
f 519 507 508
f 508 499 497
f 508 507 499
f 497 495 508
f 495 509 508
f 523 508 509
f 493 490 510
f 510 509 493
f 715 714 887
f 715 887 886
f 886 716 715
f 715 694 714
f 691 717 718
f 718 690 691
f 667 668 688
f 688 687 667
f 687 666 667
f 667 666 647
f 667 648 668
f 647 648 667
f 940 939 1169
f 940 360 939
f 940 941 273
f 273 272 940
f 1169 1170 940
f 1170 941 940
f 1108 1107 1106
f 1106 1364 1108
f 952 1107 1108
f 1108 1364 952
f 2767 2787 2786
f 2716 2714 2767
f 2768 2716 2767
f 2767 2786 2768
f 2790 2789 2766
f 2789 2787 2766
f 2766 2767 2714
f 2787 2767 2766
f 263 934 1054
f 1054 1055 263
f 263 933 264
f 263 1055 933
f 536 265 263
f 264 535 263
f 263 535 536
f 378 265 377
f 377 931 378
f 378 263 265
f 934 263 378
f 378 931 1053
f 1053 1054 378
f 1054 934 378
f 1031 1159 1052
f 1052 1159 1053
f 375 1031 1052
f 1052 932 375
f 1053 931 1052
f 1052 931 932
f 1632 1622 1627
f 2297 2298 1632
f 436 437 447
f 437 458 447
f 457 436 447
f 447 458 457
f 521 520 519
f 519 508 521
f 508 523 521
f 526 549 524
f 524 549 548
f 512 527 511
f 490 512 511
f 511 510 490
f 525 523 509
f 509 510 525
f 525 511 527
f 510 511 525
f 525 527 526
f 526 524 525
f 692 716 717
f 717 691 692
f 649 650 669
f 669 691 690
f 668 648 669
f 669 648 649
f 669 689 668
f 669 690 689
f 360 940 361
f 361 940 272
f 359 360 361
f 361 272 359
f 2790 2766 2712
f 2712 2791 2790
f 2712 2711 2791
f 2712 2713 2711
f 2714 2713 2712
f 2712 2766 2714
f 1627 1630 1631
f 1631 1632 1627
f 1631 1630 2297
f 2297 1632 1631
f 1626 1613 1624
f 1626 2299 2690
f 520 521 522
f 522 521 523
f 523 525 522
f 522 525 524
f 522 547 546
f 546 520 522
f 548 547 522
f 522 524 548
f 693 715 716
f 716 692 693
f 694 715 693
f 673 694 693
f 671 692 691
f 1625 1626 1624
f 1624 1622 1625
f 2299 1626 1625
f 2298 2299 1625
f 2531 1618 1616
f 1616 2300 2531
f 1616 1617 1615
f 1618 1617 1616
f 672 653 673
f 672 652 653
f 673 693 672
f 651 652 672
f 672 671 651
f 672 693 692
f 692 671 672
f 691 669 670
f 670 671 691
f 670 669 650
f 670 650 651
f 651 671 670
f 1622 1632 1623
f 1623 1625 1622
f 1623 1632 2298
f 2298 1625 1623
f 2690 2300 1614
f 2300 1616 1614
f 1614 1626 2690
f 1613 1626 1614
f 1615 1613 1614
f 1614 1616 1615
f 3053 3054 2829
f 2829 3054 2830
f 2830 3054 2266
f 2266 3054 2989
f 295 963 218
f 218 963 185
f 2884 2846 218
f 218 185 2884
f 3053 2829 2960
f 2829 2072 2960
f 2828 2829 2830
f 2828 2830 2827
f 2307 2267 3003
f 3003 2267 2991
f 2990 2266 2989
f 2990 2267 2266
f 2200 2973 2974
f 2199 2973 2200
f 2195 2964 2961
f 2961 2194 2195
f 2978 2202 2977
f 2978 2203 2202
f 2196 2966 2963
f 2196 2963 2195
f 2820 3037 3040
f 2819 3037 2820
f 3009 2310 3007
f 2310 2309 3007
f 3011 2310 3009
f 3011 2311 2310
f 2304 2303 2997
f 2997 2303 2995
f 2312 3013 3015
f 3015 2313 2312
f 2994 2313 3014
f 2302 2313 2994
f 2996 2303 2992
f 2992 2303 2302
f 2930 1676 1591
f 2952 1676 2930
f 1545 2926 2929
f 2929 1591 1545
f 2946 1674 2949
f 2949 1674 1675
f 1675 1678 2948
f 1678 2955 2948
f 2986 2207 2985
f 2985 2207 2206
f 2962 2960 2072
f 2072 2194 2962
f 3051 3033 2817
f 2817 2826 3051
f 2306 2305 3000
f 2305 2999 3000
f 2825 2306 3002
f 3002 3050 2825
f 3047 2824 2823
f 2823 3046 3047
f 3043 2821 3041
f 2822 2821 3043
f 3045 2823 2822
f 2822 3044 3045
f 3030 3031 2815
f 2815 3031 2816
f 3005 3008 2309
f 2309 2308 3005
f 1678 1677 2956
f 1677 2954 2956
f 2981 2208 2988
f 2981 2204 2208
f 2979 2968 2197
f 2197 2204 2979
f 2971 2972 2199
f 2199 2198 2971
f 2969 2198 2197
f 2969 2970 2198
f 2205 1673 2983
f 1673 2942 2983
f 2984 2205 2982
f 2984 2206 2205
f 1668 2932 2937
f 2937 1670 1668
f 1671 1670 2940
f 1670 2938 2940
f 1679 1674 2957
f 1674 2944 2957
f 3038 2819 3036
f 2819 2818 3036
f 2825 3049 3052
f 3052 2826 2825
f 3021 3019 2812
f 2812 3019 2811
f 2814 3028 3029
f 3029 2815 2814
f 2307 3004 3006
f 3006 2308 2307
f 1677 1676 2950
f 2950 2953 1677
f 1668 1669 2934
f 1669 2935 2934
f 3023 2816 3032
f 3023 2812 2816
f 2914 2912 2858
f 3049 3050 2858
f 2850 2848 2858
f 2988 2987 2858
f 2858 2990 2989
f 3018 3019 2858
f 2858 3054 3053
f 2869 2867 2858
f 2866 2864 2858
f 2858 2847 2846
f 3014 3015 2858
f 2858 2842 3016
f 2923 2844 2858
f 2875 2874 2858
f 2907 2905 2858
f 2858 2941 2939
f 2858 2846 2884
f 3041 3042 2858
f 2964 2963 2858
f 2858 2922 2920
f 3009 3007 2858
f 3004 3003 2858
f 2858 2840 2839
f 2858 2973 2972
f 2858 2906 2904
f 2858 2913 2911
f 2858 2893 2891
f 2858 2918 2917
f 2989 3054 2858
f 2917 2915 2858
f 2858 2966 2965
f 3025 3026 2858
f 2960 2962 2858
f 2998 2997 2858
f 2996 2992 2858
f 2858 2948 2955
f 2858 2836 2835
f 2858 2876 2875
f 2968 2979 2858
f 2977 2976 2858
f 2982 2983 2858
f 2897 2896 2858
f 2858 2894 2895
f 2858 2908 2907
f 2858 2916 2914
f 2958 2957 2858
f 3053 2960 2858
f 2858 2978 2977
f 3029 3028 2858
f 2858 3037 3038
f 3046 3045 2858
f 2888 2887 2858
f 2858 3011 3009
f 2951 2952 2858
f 2858 2930 2931
f 2858 2929 2926
f 2955 2956 2858
f 2831 2845 2858
f 2858 2870 2871
f 2975 2974 2858
f 2943 2941 2858
f 2858 2945 2946
f 2858 2912 2913
f 2936 2959 2858
f 2932 2933 2858
f 2911 2909 2858
f 2895 2892 2858
f 2858 2898 2897
f 2858 2915 2916
f 2858 2920 2921
f 2884 2885 2858
f 2848 2847 2858
f 2921 2919 2858
f 2858 2961 2964
f 2858 3024 3025
f 2858 3030 3029
f 2858 2855 2854
f 2858 2999 2998
f 3040 3037 2858
f 2858 3039 3040
f 2858 3047 3046
f 2883 2842 2858
f 2858 2886 2883
f 2858 3003 2991
f 2991 2990 2858
f 2891 2889 2858
f 2858 3013 3012
f 3012 3010 2858
f 2858 2995 2996
f 2858 2994 3014
f 2926 2925 2858
f 2858 2924 2923
f 2931 2927 2858
f 2946 2949 2858
f 2843 2841 2858
f 2858 2844 2843
f 2835 2834 2858
f 2839 2838 2858
f 2871 2869 2858
f 2858 2868 2866
f 2874 2872 2858
f 2858 2987 2986
f 2974 2973 2858
f 2858 2976 2975
f 2858 2937 2932
f 2858 2935 2936
f 2858 2959 2958
f 2896 2894 2858
f 2858 2909 2910
f 2910 2908 2858
f 2858 2902 2901
f 2901 2899 2858
f 2858 2919 2918
f 2904 2903 2858
f 2963 2966 2858
f 2965 2978 2858
f 3027 3024 2858
f 2858 3028 3027
f 2858 3034 3033
f 3038 3036 2858
f 3001 3000 2858
f 2858 3002 3001
f 2858 3043 3041
f 2858 3042 3039
f 3016 3020 2858
f 3032 3031 2858
f 2858 2890 2888
f 2858 3007 3008
f 3010 3011 2858
f 2858 2997 2995
f 2858 3015 3013
f 2993 2994 2858
f 2858 2992 2993
f 2925 2924 2858
f 2952 2930 2858
f 2858 3006 3004
f 2858 2927 2928
f 2928 2929 2858
f 2858 2949 2947
f 2947 2948 2858
f 2841 2840 2858
f 2834 2833 2858
f 2858 2832 2831
f 2858 2837 2836
f 2880 2879 2858
f 2858 2950 2951
f 2858 2881 2880
f 2858 2981 2988
f 2972 2971 2858
f 2858 2942 2943
f 2986 2985 2858
f 2858 2984 2982
f 2939 2940 2858
f 2858 2944 2945
f 2858 2892 2893
f 2858 2905 2906
f 2900 2898 2858
f 2858 2899 2900
f 2885 2922 2858
f 2858 2934 2935
f 2858 2962 2961
f 2858 3035 3034
f 3033 3051 2858
f 2858 3000 2999
f 3050 3002 2858
f 3048 3047 2858
f 2858 3026 3048
f 3044 3043 2858
f 2858 3045 3044
f 2858 3052 3049
f 2858 3017 3018
f 2858 3031 3030
f 2858 2887 2886
f 2858 2889 2890
f 3008 3005 2858
f 2954 2953 2858
f 2858 2956 2954
f 2833 2832 2858
f 2838 2837 2858
f 2858 2879 2878
f 2845 2882 2858
f 2858 2867 2868
f 2878 2877 2858
f 2858 2872 2873
f 2980 2981 2858
f 2858 2979 2980
f 2858 2971 2970
f 2970 2969 2858
f 2858 2983 2942
f 2985 2984 2858
f 2938 2937 2858
f 2858 2940 2938
f 2858 2967 2968
f 2858 2957 2944
f 2858 2903 2902
f 2858 3023 3032
f 2858 2863 2862
f 2858 3036 3035
f 3051 3052 2858
f 3020 3017 2858
f 2858 3019 3021
f 3005 3006 2858
f 2953 2950 2858
f 2882 2881 2858
f 2877 2876 2858
f 2873 2870 2858
f 2969 2967 2858
f 2933 2934 2858
f 2854 2853 2858
f 2853 2852 2858
f 2862 2861 2858
f 3021 3022 2858
f 2858 2849 2850
f 2859 2856 2858
f 2865 2863 2858
f 2858 2864 2865
f 2861 2860 2858
f 3022 3023 2858
f 2851 2849 2858
f 2858 2852 2851
f 2858 2856 2857
f 2857 2855 2858
f 394 963 295
f 394 295 294
f 294 833 394
f 957 956 394
f 394 1518 957
f 394 898 897
f 394 1544 963
f 394 1223 1224
f 950 1201 394
f 394 956 1544
f 953 1366 394
f 394 833 899
f 352 354 394
f 897 488 394
f 1417 1517 394
f 899 898 394
f 394 356 950
f 394 954 953
f 394 1517 1518
f 1201 1223 394
f 394 488 472
f 384 358 394
f 394 1392 1417
f 394 358 352
f 1340 954 394
f 1224 1339 394
f 394 354 356
f 472 459 394
f 394 1339 1340
f 394 1366 1392
f 425 416 394
f 394 437 425
f 459 437 394
f 394 416 400
