# https://github.com/mikedh/trimesh
v 0.01186637 0.02767461 0.00594971
v 0.01180447 0.02770684 0.00594971
v 0.01173999 0.02773354 0.00594971
v 0.01173999 0.02773354 0.00595099
v 0.01167343 0.02775453 0.00594971
v 0.01167343 0.02775453 0.00595099
v 0.01160529 0.02776963 0.00594971
v 0.01160529 0.02776963 0.00595099
v 0.01153610 0.02777874 0.00594971
v 0.01153610 0.02777874 0.00595099
v 0.01146637 0.02778179 0.00594971
v 0.01146637 0.02778179 0.00595099
v 0.00283411 0.02778179 0.01194970
v 0.01144072 0.02778179 0.01194970
v 0.01151045 0.02777874 0.01194970
v 0.01157964 0.02776963 0.01194970
v 0.01164778 0.02775453 0.01194970
v 0.01177882 0.02770683 0.01194970
v 0.01171434 0.02773354 0.01194970
v -0.01071366 0.02378179 0.02926004
v -0.00542014 0.02378179 0.02926004
v -0.03345273 -0.01563196 0.03800000
v -0.03325172 -0.01573018 0.03800000
v -0.03294070 -0.01584467 0.03800000
v -0.03304669 -0.01581053 0.03800000
v -0.03312306 -0.01578284 0.03800000
v -0.03365003 -0.01551498 0.03800000
v -0.03347471 -0.01561997 0.03800000
v -0.03384318 -0.01537840 0.03800000
v -0.03380496 -0.01540730 0.03800000
v -0.03403128 -0.01522136 0.03800000
v -0.03396049 -0.01528348 0.03800000
v -0.03424920 -0.01500400 0.03800000
v -0.03421281 -0.01504329 0.03800000
v -0.03410876 -0.01514883 0.03800000
v -0.03443449 -0.01478178 0.03800000
v -0.03438538 -0.01484458 0.03800000
v -0.03474047 -0.01430491 0.03800000
v -0.03461949 -0.01451403 0.03800000
v -0.03459499 -0.01455271 0.03800000
v -0.03450505 -0.01468589 0.03800000
v -0.03498264 -0.01374779 0.03800000
v -0.03490480 -0.01395512 0.03800000
v -0.03487062 -0.01403609 0.03800000
v -0.03481977 -0.01414776 0.03800000
v -0.03514170 -0.01312233 0.03800000
v -0.03509662 -0.01334802 0.03800000
v -0.03507370 -0.01344261 0.03800000
v -0.03504342 -0.01355446 0.03800000
v -0.03520000 -0.01243197 0.03800000
v -0.03519036 -0.01271367 0.03800000
v -0.03518438 -0.01279034 0.03800000
v -0.03517016 -0.01292680 0.03800000
v -0.03519599 0.01261367 0.03800000
v -0.03520000 0.01243197 0.03800000
v -0.03518438 0.01279045 0.03800000
v -0.03506887 0.01346151 0.03800000
v -0.03511594 0.01325948 0.03800000
v -0.03514048 0.01312963 0.03800000
v -0.03515476 0.01304087 0.03800000
v -0.03484945 0.01408376 0.03800000
v -0.03493109 0.01388906 0.03800000
v -0.03497116 0.01378079 0.03800000
v -0.03500380 0.01368440 0.03800000
v -0.03439819 0.01482848 0.03800000
v -0.03454566 0.01462737 0.03800000
v -0.03465058 0.01446328 0.03800000
v -0.03470659 0.01436679 0.03800000
v -0.03475404 0.01427929 0.03800000
v -0.03401657 0.01523458 0.03800000
v -0.03414818 0.01510999 0.03800000
v -0.03421262 0.01504349 0.03800000
v -0.03428611 0.01496278 0.03800000
v -0.03381385 0.01540066 0.03800000
v -0.03385113 0.01537227 0.03800000
v -0.03360603 0.01554294 0.03800000
v -0.03369344 0.01548628 0.03800000
v -0.03296635 0.01583686 0.03800000
v -0.03301480 0.01582132 0.03800000
v -0.03318058 0.01576025 0.03800000
v -0.03336213 0.01567871 0.03800000
v -0.03339456 0.01566246 0.03800000
v -0.03353021 0.01558856 0.03800000
v -0.01543519 0.02224377 0.03500000
v -0.01525088 0.02237069 0.03452633
v -0.01275830 0.02351609 0.00820176
v -0.01341620 0.02331148 0.00820176
v -0.01341666 0.02331131 0.01227404
v -0.01329423 0.02335414 0.01222406
v -0.01312887 0.02340850 0.01217090
v -0.01295951 0.02346008 0.01213228
v -0.01318060 0.02339192 0.00820196
v -0.01278744 0.02350833 0.01210851
v -0.01360805 0.02323984 0.01237233
v -0.01345436 0.02329767 0.01229138
v -0.01377881 0.02317130 0.00820102
v -0.01466713 0.02273665 0.03316055
v -0.01373793 0.02318812 0.03147563
v -0.01360805 0.02323984 0.01582708
v -0.01405405 0.02305102 0.03198729
v -0.01308945 0.02342087 0.03060700
v -0.01295951 0.02346008 0.01606713
v -0.01341620 0.02331148 0.03101525
v -0.01312887 0.02340850 0.01602851
v -0.01329423 0.02335414 0.01597535
v -0.01341666 0.02331131 0.01592537
v -0.01345436 0.02329767 0.01590804
v -0.01259126 0.02355833 0.03009400
v -0.01275830 0.02351609 0.03025163
v -0.01278744 0.02350833 0.01609090
v -0.01208524 0.02366333 0.02970211
v -0.01242336 0.02359696 0.02994982
v -0.01225465 0.02363197 0.02981917
v -0.01191519 0.02369104 0.02959870
v -0.01140200 0.02375212 0.02937076
v -0.01174458 0.02371508 0.02950898
v -0.01157349 0.02373544 0.02943299
v -0.01123020 0.02376509 0.02932234
v -0.01105815 0.02377436 0.02928773
v -0.01088595 0.02377993 0.02926696
v -0.01371898 0.02014607 0.00264971
v -0.01343619 0.02032754 0.00264971
v -0.01315458 0.02048414 0.00264971
v -0.01285953 0.02062527 0.00264971
v -0.01255286 0.02074938 0.00264971
v -0.01223668 0.02085513 0.00264971
v -0.01191341 0.02094138 0.00264971
v -0.01158567 0.02100726 0.00264971
v -0.01125615 0.02105229 0.00264971
v -0.01092751 0.02107631 0.00264971
v -0.01071366 0.02108074 0.00264971
v -0.01610737 0.01850139 0.00264971
v 0.02000000 -0.02421821 0.00894971
v 0.01316711 -0.02421821 0.00894970
v -0.01070979 -0.02421821 0.00894971
v -0.01070979 -0.02421006 0.00872867
v 0.02000000 -0.02420680 0.00868824
v -0.01070979 -0.02420703 0.00869084
v -0.01070979 -0.02418136 0.00848089
v 0.02000000 -0.02417354 0.00843392
v -0.01070979 -0.02417354 0.00843392
v 0.02000000 -0.02417264 0.00842876
v -0.01070979 -0.02413217 0.00823635
v 0.02000000 -0.02411802 0.00818084
v -0.01070979 -0.02411801 0.00818084
v 0.02000000 -0.02411599 0.00817325
v -0.01070979 -0.02406284 0.00799675
v 0.02000000 -0.02404086 0.00793349
v -0.01070979 -0.02404086 0.00793349
v 0.02000000 -0.02403729 0.00792365
v -0.01070979 -0.02397384 0.00776373
v 0.02000000 -0.02394264 0.00769372
v -0.01070979 -0.02394264 0.00769372
v 0.02000000 -0.02393714 0.00768185
v -0.01070979 -0.02386579 0.00753891
v 0.02000000 -0.02382411 0.00746333
v -0.01070979 -0.02382411 0.00746333
v 0.02000000 -0.02381629 0.00744971
v -0.01070979 -0.02373944 0.00732384
v 0.02000000 -0.02368614 0.00724402
v -0.01070979 -0.02368614 0.00724402
v 0.02000000 -0.02367567 0.00722898
v -0.01070979 -0.02359566 0.00712001
v 0.02000000 -0.02352975 0.00703743
v -0.01070979 -0.02352975 0.00703743
v 0.02000000 -0.02351635 0.00702134
v -0.01070979 -0.02343544 0.00692883
v 0.02000000 -0.02335613 0.00684511
v -0.01070979 -0.02335613 0.00684511
v 0.02000000 -0.02333953 0.00682839
v 0.02000000 -0.02316656 0.00666849
v -0.01070979 -0.02325989 0.00675163
v -0.01070979 -0.02316656 0.00666849
v 0.02000000 -0.02314658 0.00665157
v 0.02000000 -0.02296245 0.00650888
v -0.01070979 -0.02307023 0.00658961
v -0.01070979 -0.02296245 0.00650888
v 0.02000000 -0.02293894 0.00649225
v 0.02000000 -0.02274534 0.00636748
v -0.01070979 -0.02286777 0.00644392
v -0.01070979 -0.02274534 0.00636748
v 0.02000000 -0.02271822 0.00635163
v -0.01524701 -0.02280712 0.03452633
v -0.01466326 -0.02317308 0.03316055
v -0.01405018 -0.02348745 0.03198729
v -0.01341233 -0.02374791 0.00894970
v -0.01341233 -0.02374791 0.03101525
v -0.01373406 -0.02362455 0.03147563
v -0.01241949 -0.02403339 0.02994982
v -0.01258739 -0.02399476 0.03009400
v -0.01275443 -0.02395252 0.00894970
v -0.01275443 -0.02395252 0.03025163
v -0.01308558 -0.02385730 0.03060700
v -0.01139813 -0.02418855 0.00894970
v -0.01139813 -0.02418855 0.02937076
v -0.01208137 -0.02409976 0.00894970
v -0.01156962 -0.02417187 0.02943299
v -0.01174071 -0.02415151 0.02950898
v -0.01191132 -0.02412747 0.02959870
v -0.01208137 -0.02409976 0.02970211
v -0.01225078 -0.02406839 0.02981917
v -0.01073245 -0.02421818 0.01358432
v -0.01076988 -0.02421799 0.01375394
v -0.01079246 -0.02421779 0.01392617
v -0.01080000 -0.02421771 0.01409971
v -0.01079246 -0.02421779 0.01427324
v -0.01122633 -0.02420152 0.02932234
v -0.01105428 -0.02421079 0.02928773
v -0.01088208 -0.02421636 0.02926696
v -0.01076988 -0.02421799 0.01444548
v -0.01070979 -0.02421821 0.02926004
v -0.01073245 -0.02421818 0.01461510
v -0.01543132 -0.02268020 0.03500000
v -0.03520000 -0.01243197 0.00894970
v -0.03519622 -0.01260829 0.00894970
v -0.03518438 -0.01279034 0.00894970
v -0.03517785 -0.01285851 0.00894970
v -0.03514170 -0.01312233 0.00894970
v -0.03498264 -0.01374779 0.00894970
v -0.03504228 -0.01355844 0.00894970
v -0.03507370 -0.01344261 0.00894970
v -0.03510253 -0.01332189 0.00894970
v -0.03512650 -0.01320617 0.00894970
v -0.03474047 -0.01430491 0.00894970
v -0.03481174 -0.01416456 0.00894970
v -0.03487062 -0.01403609 0.00894970
v -0.03469932 -0.01437972 0.00894970
v -0.03459499 -0.01455271 0.00894970
v -0.03454681 -0.01462569 0.00894970
v -0.03448396 -0.01471523 0.00894970
v -0.03443449 -0.01478178 0.00894970
v -0.03438538 -0.01484458 0.00894970
v -0.03421281 -0.01504329 0.00894970
v -0.03427174 -0.01497900 0.00894970
v -0.03365003 -0.01551498 0.00894970
v -0.03377163 -0.01543173 0.00894970
v -0.03384318 -0.01537840 0.00894970
v -0.03390551 -0.01532918 0.00894970
v -0.03403128 -0.01522136 0.00894970
v -0.03325172 -0.01573018 0.00894970
v -0.03345273 -0.01563196 0.00894970
v -0.03333826 -0.01569035 0.00894970
v -0.03520000 0.01243197 0.00894970
v -0.03318058 0.01576025 0.00894970
v -0.03333843 0.01569027 0.00894970
v -0.03339456 0.01566246 0.00894970
v -0.03348757 0.01561284 0.00894970
v -0.03360603 0.01554294 0.00894970
v -0.03381385 0.01540066 0.00894970
v -0.03390521 0.01532941 0.00894970
v -0.03401657 0.01523458 0.00894970
v -0.03415569 0.01510244 0.00894970
v -0.03421262 0.01504349 0.00894970
v -0.03427168 0.01497905 0.00894970
v -0.03439819 0.01482848 0.00894970
v -0.03448396 0.01471523 0.00894970
v -0.03454566 0.01462737 0.00894970
v -0.03463984 0.01448103 0.00894970
v -0.03470659 0.01436679 0.00894970
v -0.03484945 0.01408376 0.00894970
v -0.03519779 0.01256678 0.00894970
v -0.03518438 0.01279045 0.00894970
v -0.03516619 0.01295876 0.00894970
v -0.03514048 0.01312963 0.00894970
v -0.03510326 0.01331879 0.00894970
v -0.03506887 0.01346151 0.00894970
v -0.03500834 0.01367028 0.00894970
v -0.03497116 0.01378079 0.00894970
v -0.03493569 0.01387712 0.00894970
v -0.03415324 0.01509923 0.00880305
v -0.03333457 0.01568821 0.00880328
v -0.03318049 0.01575628 0.00880326
v -0.03317324 0.01574653 0.00865672
v -0.03316316 0.01572935 0.00851046
v -0.03315035 0.01570492 0.00836485
v -0.03313488 0.01567341 0.00822026
v -0.03311682 0.01563499 0.00807708
v -0.03309625 0.01558983 0.00793566
v -0.03307327 0.01553810 0.00779639
v -0.03304793 0.01547999 0.00765963
v -0.03302032 0.01541565 0.00752577
v -0.03299052 0.01534526 0.00739518
v -0.03295861 0.01526899 0.00726822
v -0.03332738 0.01567867 0.00865673
v -0.03331694 0.01566184 0.00851044
v -0.03330334 0.01563789 0.00836477
v -0.03328666 0.01560700 0.00822012
v -0.03326699 0.01556933 0.00807685
v -0.03324441 0.01552505 0.00793534
v -0.03321901 0.01547435 0.00779596
v -0.03319087 0.01541739 0.00765910
v -0.03316008 0.01535434 0.00752513
v -0.03312673 0.01528538 0.00739442
v -0.03309089 0.01521068 0.00726735
v -0.03305265 0.01513041 0.00714430
v -0.03348414 0.01561065 0.00880328
v -0.03347702 0.01560126 0.00865673
v -0.03346624 0.01558476 0.00851043
v -0.03345191 0.01556132 0.00836475
v -0.03343411 0.01553112 0.00822007
v -0.03341293 0.01549432 0.00807677
v -0.03338847 0.01545110 0.00793523
v -0.03336079 0.01540162 0.00779582
v -0.03333002 0.01534607 0.00765892
v -0.03329622 0.01528460 0.00752491
v -0.03325948 0.01521739 0.00739417
v -0.03321991 0.01514461 0.00726707
v -0.03317759 0.01506644 0.00714399
v -0.03313260 0.01498303 0.00702531
v -0.03296932 0.01495386 0.00691176
v -0.03303499 0.01480123 0.00680264
v -0.03298255 0.01470317 0.00669941
v -0.03292780 0.01460057 0.00660209
v -0.03353994 0.01429291 0.00671524
v -0.03361600 0.01421522 0.00672085
v -0.03369883 0.01428300 0.00682303
v -0.03334398 0.01399346 0.00644897
v -0.03349942 0.01400106 0.00653727
v -0.03343835 0.01407027 0.00653357
v -0.03356262 0.01404691 0.00659715
v -0.03352913 0.01414427 0.00662426
v -0.03345661 0.01421650 0.00661846
v -0.03337884 0.01428723 0.00661353
v -0.03329584 0.01420219 0.00652268
v -0.03321781 0.01426581 0.00651856
v -0.03313629 0.01417244 0.00643403
v -0.03318540 0.01396916 0.00636492
v -0.03327895 0.01405428 0.00644312
v -0.03336950 0.01413686 0.00652769
v -0.03289096 0.01370238 0.00616992
v -0.03298660 0.01362906 0.00618017
v -0.03299099 0.01379284 0.00622819
v -0.03306440 0.01368550 0.00622185
v -0.03308926 0.01388189 0.00629323
v -0.03324158 0.01381403 0.00633221
v -0.03330359 0.01385901 0.00637633
v -0.03340673 0.01393383 0.00645676
v -0.03301210 0.01504475 0.00702565
v -0.03308504 0.01489458 0.00691140
v -0.03314266 0.01473903 0.00680309
v -0.03308501 0.01464419 0.00669989
v -0.03302473 0.01454498 0.00660260
v -0.03287810 0.01387812 0.00622042
v -0.03296598 0.01397809 0.00628480
v -0.03305220 0.01407636 0.00635606
v -0.03287698 0.01354956 0.00612794
v -0.03278942 0.01361072 0.00611844
v -0.03275919 0.01346411 0.00607982
v -0.03305041 0.01438598 0.00651299
v -0.03297954 0.01428309 0.00642848
v -0.03290658 0.01417729 0.00635063
v -0.03435584 0.01482730 0.00851025
v -0.03446559 0.01470191 0.00859103
v -0.03437006 0.01483957 0.00865618
v -0.03447543 0.01470905 0.00870559
v -0.03437851 0.01484709 0.00880277
v -0.03447914 0.01471174 0.00876642
v -0.03433597 0.01481038 0.00836532
v -0.03445138 0.01469160 0.00847171
v -0.03445640 0.01469524 0.00851014
v -0.03420231 0.01469831 0.00780209
v -0.03431830 0.01459507 0.00787580
v -0.03424362 0.01473277 0.00793977
v -0.03435390 0.01462089 0.00799646
v -0.03427975 0.01476301 0.00807975
v -0.03437607 0.01463697 0.00808069
v -0.03431057 0.01478892 0.00822171
v -0.03441104 0.01466234 0.00823453
v -0.03443531 0.01467995 0.00836546
v -0.03415592 0.01465972 0.00766705
v -0.03427983 0.01456716 0.00776036
v -0.03429494 0.01457812 0.00780413
v -0.03392195 0.01446624 0.00715978
v -0.03402270 0.01438065 0.00719849
v -0.03398748 0.01452026 0.00728101
v -0.03408282 0.01442425 0.00730763
v -0.03404839 0.01457059 0.00740618
v -0.03413444 0.01446170 0.00741011
v -0.03410458 0.01461711 0.00753497
v -0.03418917 0.01450140 0.00752955
v -0.03424649 0.01454298 0.00766973
v -0.03359611 0.01407120 0.00663066
v -0.03371193 0.01415521 0.00675702
v -0.03377173 0.01419859 0.00682925
v -0.03382943 0.01424044 0.00690400
v -0.03377751 0.01434750 0.00693046
v -0.03385323 0.01425771 0.00693639
v -0.03385192 0.01440861 0.00704282
v -0.03396227 0.01433681 0.00709808
v -0.03400303 0.01436637 0.00716485
v -0.03320945 0.01442216 0.00660629
v -0.03329629 0.01435595 0.00660947
v -0.03337142 0.01444250 0.00670654
v -0.03345825 0.01436885 0.00671046
v -0.03353396 0.01444690 0.00681314
v -0.03361938 0.01436595 0.00681769
v -0.03360584 0.01452125 0.00692122
v -0.03369481 0.01443551 0.00692546
v -0.03367381 0.01459177 0.00703433
v -0.03376613 0.01450146 0.00703823
v -0.03373776 0.01465833 0.00715213
v -0.03383322 0.01456368 0.00715565
v -0.03379757 0.01472078 0.00727426
v -0.03389598 0.01462206 0.00727737
v -0.03385315 0.01477901 0.00740038
v -0.03395430 0.01467647 0.00740305
v -0.03390440 0.01483287 0.00753013
v -0.03400807 0.01472680 0.00753236
v -0.03395121 0.01488223 0.00766315
v -0.03405717 0.01477291 0.00766496
v -0.03399347 0.01492696 0.00779910
v -0.03410151 0.01481471 0.00780049
v -0.03403108 0.01496693 0.00793763
v -0.03414097 0.01485205 0.00793862
v -0.03406393 0.01500200 0.00807837
v -0.03417544 0.01488483 0.00807902
v -0.03409193 0.01503203 0.00822098
v -0.03420482 0.01491292 0.00822133
v -0.03411496 0.01505691 0.00836511
v -0.03422900 0.01493620 0.00836522
v -0.03413293 0.01507649 0.00851039
v -0.03424786 0.01495456 0.00851034
v -0.03414572 0.01509064 0.00865649
v -0.03426130 0.01496787 0.00865635
v -0.03426921 0.01497602 0.00880292
v -0.03403093 0.01521619 0.00880314
v -0.03390256 0.01532636 0.00880321
v -0.03402366 0.01520730 0.00865659
v -0.03389544 0.01531728 0.00865666
v -0.03401140 0.01519248 0.00851042
v -0.03388362 0.01530191 0.00851043
v -0.03399424 0.01517186 0.00836500
v -0.03386720 0.01528042 0.00836490
v -0.03397228 0.01514560 0.00822068
v -0.03384628 0.01525295 0.00822042
v -0.03394563 0.01511383 0.00807782
v -0.03382096 0.01521966 0.00807737
v -0.03391438 0.01507671 0.00793679
v -0.03379133 0.01518071 0.00793612
v -0.03387864 0.01503437 0.00779795
v -0.03375750 0.01513624 0.00779703
v -0.03383851 0.01498696 0.00766166
v -0.03371956 0.01508641 0.00766048
v -0.03379408 0.01493463 0.00752828
v -0.03367761 0.01503138 0.00752683
v -0.03374547 0.01487751 0.00739817
v -0.03363175 0.01497129 0.00739644
v -0.03369276 0.01481576 0.00727170
v -0.03358208 0.01490631 0.00726970
v -0.03363607 0.01474951 0.00714923
v -0.03352869 0.01483658 0.00714696
v -0.03357549 0.01467892 0.00703112
v -0.03347168 0.01476226 0.00702860
v -0.03351112 0.01460412 0.00691772
v -0.03341115 0.01468351 0.00691498
v -0.03344306 0.01452527 0.00680941
v -0.03334721 0.01460047 0.00680648
v -0.03327994 0.01451330 0.00670346
v -0.03318430 0.01458072 0.00670125
v -0.03311877 0.01448534 0.00660400
v -0.03376843 0.01542919 0.00880325
v -0.03362887 0.01552413 0.00880327
v -0.03376137 0.01541998 0.00865670
v -0.03362179 0.01551484 0.00865672
v -0.03374993 0.01540418 0.00851043
v -0.03361069 0.01549867 0.00851043
v -0.03373422 0.01538194 0.00836482
v -0.03359566 0.01547579 0.00836477
v -0.03371432 0.01535343 0.00822023
v -0.03357680 0.01544637 0.00822011
v -0.03369034 0.01531881 0.00807704
v -0.03355419 0.01541058 0.00807684
v -0.03366237 0.01527823 0.00793563
v -0.03352793 0.01536859 0.00793533
v -0.03363051 0.01523187 0.00779637
v -0.03349812 0.01532056 0.00779596
v -0.03359484 0.01517988 0.00765962
v -0.03346483 0.01526666 0.00765910
v -0.03355548 0.01512242 0.00752577
v -0.03342818 0.01520706 0.00752513
v -0.03351251 0.01505966 0.00739519
v -0.03338825 0.01514192 0.00739443
v -0.03346603 0.01499175 0.00726825
v -0.03334513 0.01507141 0.00726737
v -0.03341613 0.01491886 0.00714533
v -0.03329892 0.01499570 0.00714433
v -0.03336291 0.01484115 0.00702679
v -0.03324971 0.01491496 0.00702569
v -0.03330647 0.01475878 0.00691302
v -0.03319759 0.01482935 0.00691182
v -0.03324690 0.01467192 0.00680438
v -0.03334406 -0.01399350 0.00644897
v -0.03339435 -0.01392485 0.00644662
v -0.03330358 -0.01385900 0.00637633
v -0.03352922 -0.01414433 0.00662426
v -0.03355525 -0.01404156 0.00658994
v -0.03350222 -0.01400310 0.00653984
v -0.03334838 -0.01460114 0.00680646
v -0.03324810 -0.01467245 0.00680436
v -0.03330769 -0.01475938 0.00691299
v -0.03341236 -0.01468424 0.00691496
v -0.03336415 -0.01484181 0.00702676
v -0.03448085 -0.01471298 0.00880258
v -0.03390341 -0.01532689 0.00880318
v -0.03437860 -0.01484714 0.00880277
v -0.03447757 -0.01471060 0.00873852
v -0.03437015 -0.01483964 0.00865617
v -0.03435450 -0.01462132 0.00799862
v -0.03424374 -0.01473288 0.00793976
v -0.03427986 -0.01476311 0.00807974
v -0.03447162 -0.01470629 0.00865596
v -0.03446560 -0.01470191 0.00859111
v -0.03435594 -0.01482738 0.00851024
v -0.03445413 -0.01469360 0.00849238
v -0.03433608 -0.01481047 0.00836531
v -0.03443531 -0.01467995 0.00836545
v -0.03431068 -0.01478901 0.00822170
v -0.03441308 -0.01466382 0.00824462
v -0.03436946 -0.01463218 0.00805470
v -0.03426949 -0.01497620 0.00880292
v -0.03426161 -0.01496810 0.00865634
v -0.03424819 -0.01495483 0.00851032
v -0.03422935 -0.01493651 0.00836519
v -0.03420518 -0.01491325 0.00822130
v -0.03417582 -0.01488517 0.00807899
v -0.03414135 -0.01485241 0.00793860
v -0.03410190 -0.01481507 0.00780046
v -0.03420243 -0.01469841 0.00780209
v -0.03405757 -0.01477327 0.00766493
v -0.03415604 -0.01465982 0.00766705
v -0.03400846 -0.01472715 0.00753234
v -0.03410470 -0.01461721 0.00753497
v -0.03395469 -0.01467682 0.00740303
v -0.03404851 -0.01457069 0.00740618
v -0.03389637 -0.01462239 0.00727735
v -0.03398759 -0.01452036 0.00728100
v -0.03383361 -0.01456400 0.00715563
v -0.03392206 -0.01446633 0.00715977
v -0.03376650 -0.01450175 0.00703822
v -0.03385203 -0.01440870 0.00704281
v -0.03377762 -0.01434758 0.00693046
v -0.03383857 -0.01424707 0.00691632
v -0.03377173 -0.01419859 0.00682925
v -0.03402284 -0.01438074 0.00719872
v -0.03396570 -0.01433930 0.00710356
v -0.03393037 -0.01431367 0.00704838
v -0.03433818 -0.01460949 0.00794125
v -0.03431836 -0.01459511 0.00787601
v -0.03427903 -0.01456658 0.00775808
v -0.03424649 -0.01454298 0.00766973
v -0.03418791 -0.01450048 0.00752666
v -0.03410946 -0.01444358 0.00735940
v -0.03408282 -0.01442425 0.00730762
v -0.03348411 -0.01561038 0.00880328
v -0.03362936 -0.01552431 0.00880326
v -0.03347697 -0.01560095 0.00865673
v -0.03362232 -0.01551508 0.00865670
v -0.03346620 -0.01558441 0.00851043
v -0.03361126 -0.01549896 0.00851040
v -0.03345188 -0.01556094 0.00836475
v -0.03359627 -0.01547612 0.00836473
v -0.03343410 -0.01553071 0.00822008
v -0.03357745 -0.01544673 0.00822007
v -0.03341295 -0.01549389 0.00807678
v -0.03355489 -0.01541095 0.00807680
v -0.03338852 -0.01545064 0.00793524
v -0.03352867 -0.01536896 0.00793529
v -0.03336089 -0.01540115 0.00779583
v -0.03349889 -0.01532093 0.00779592
v -0.03333016 -0.01534558 0.00765893
v -0.03346565 -0.01526702 0.00765906
v -0.03329642 -0.01528409 0.00752492
v -0.03342904 -0.01520739 0.00752510
v -0.03325974 -0.01521688 0.00739418
v -0.03338914 -0.01514223 0.00739440
v -0.03322022 -0.01514409 0.00726707
v -0.03334605 -0.01507169 0.00726734
v -0.03317795 -0.01506591 0.00714399
v -0.03329987 -0.01499594 0.00714431
v -0.03313301 -0.01498251 0.00702531
v -0.03325067 -0.01491516 0.00702567
v -0.03308549 -0.01489405 0.00691140
v -0.03319857 -0.01482951 0.00691180
v -0.03303548 -0.01480071 0.00680264
v -0.03314364 -0.01473916 0.00680308
v -0.03308598 -0.01464428 0.00669989
v -0.03318547 -0.01458118 0.00670123
v -0.03311989 -0.01448573 0.00660398
v -0.03321053 -0.01442268 0.00660628
v -0.03313687 -0.01432767 0.00651531
v -0.03321864 -0.01426623 0.00651855
v -0.03313706 -0.01417280 0.00643402
v -0.03287142 -0.01449314 0.00651105
v -0.03305148 -0.01438631 0.00651298
v -0.03281254 -0.01438238 0.00642652
v -0.03298055 -0.01428335 0.00642846
v -0.03275204 -0.01426846 0.00634870
v -0.03290751 -0.01417749 0.00635061
v -0.03269029 -0.01415206 0.00627778
v -0.03283279 -0.01406931 0.00627961
v -0.03262763 -0.01403386 0.00621392
v -0.03275680 -0.01395944 0.00621562
v -0.03256435 -0.01391445 0.00615726
v -0.03267990 -0.01384841 0.00615877
v -0.03260232 -0.01373654 0.00610898
v -0.03269914 -0.01367484 0.00611259
v -0.03403167 -0.01521667 0.00880312
v -0.03415377 -0.01509957 0.00880303
v -0.03402446 -0.01520791 0.00865655
v -0.03414629 -0.01509107 0.00865646
v -0.03401225 -0.01519318 0.00851037
v -0.03413354 -0.01507700 0.00851036
v -0.03399514 -0.01517265 0.00836494
v -0.03411561 -0.01505748 0.00836506
v -0.03397323 -0.01514645 0.00822061
v -0.03409260 -0.01503264 0.00822094
v -0.03394661 -0.01511472 0.00807775
v -0.03406463 -0.01500264 0.00807832
v -0.03391539 -0.01507762 0.00793672
v -0.03403179 -0.01496759 0.00793758
v -0.03387967 -0.01503529 0.00779788
v -0.03399419 -0.01492763 0.00779906
v -0.03383955 -0.01498788 0.00766160
v -0.03395194 -0.01488290 0.00766311
v -0.03379514 -0.01493553 0.00752822
v -0.03390514 -0.01483352 0.00753009
v -0.03374653 -0.01487839 0.00739812
v -0.03385389 -0.01477965 0.00740034
v -0.03369381 -0.01481660 0.00727166
v -0.03379830 -0.01472139 0.00727423
v -0.03363711 -0.01475031 0.00714919
v -0.03373848 -0.01465891 0.00715210
v -0.03357651 -0.01467966 0.00703108
v -0.03367452 -0.01459231 0.00703431
v -0.03360653 -0.01452175 0.00692120
v -0.03369518 -0.01443578 0.00692545
v -0.03361973 -0.01436620 0.00681768
v -0.03369894 -0.01428307 0.00682303
v -0.03361610 -0.01421529 0.00672085
v -0.03370206 -0.01414806 0.00674559
v -0.03368598 -0.01413639 0.00672723
v -0.03361377 -0.01408401 0.00664886
v -0.03389636 -0.01531795 0.00865662
v -0.03388460 -0.01530270 0.00851038
v -0.03386824 -0.01528130 0.00836483
v -0.03384738 -0.01525390 0.00822035
v -0.03382210 -0.01522066 0.00807730
v -0.03379251 -0.01518173 0.00793604
v -0.03375871 -0.01513727 0.00779696
v -0.03372079 -0.01508743 0.00766041
v -0.03367885 -0.01503238 0.00752676
v -0.03363300 -0.01497226 0.00739638
v -0.03358332 -0.01490723 0.00726965
v -0.03352993 -0.01483745 0.00714692
v -0.03347290 -0.01476307 0.00702857
v -0.03351211 -0.01460481 0.00691770
v -0.03353462 -0.01444736 0.00681313
v -0.03354028 -0.01429313 0.00671523
v -0.03328107 -0.01451390 0.00670344
v -0.03337235 -0.01444305 0.00670652
v -0.03329718 -0.01435644 0.00660946
v -0.03337944 -0.01428759 0.00661352
v -0.03329641 -0.01420251 0.00652267
v -0.03336980 -0.01413703 0.00652768
v -0.03327923 -0.01405443 0.00644312
v -0.03318565 -0.01396929 0.00636492
v -0.03308949 -0.01388199 0.00629322
v -0.03376923 -0.01542963 0.00880323
v -0.03376223 -0.01542055 0.00865666
v -0.03375085 -0.01540485 0.00851038
v -0.03373519 -0.01538270 0.00836476
v -0.03371534 -0.01535424 0.00822016
v -0.03369141 -0.01531966 0.00807697
v -0.03366349 -0.01527910 0.00793556
v -0.03363166 -0.01523274 0.00779630
v -0.03359603 -0.01518074 0.00765956
v -0.03355669 -0.01512326 0.00752571
v -0.03351373 -0.01506046 0.00739514
v -0.03346726 -0.01499251 0.00726820
v -0.03341737 -0.01491957 0.00714529
v -0.03344402 -0.01452589 0.00680939
v -0.03345889 -0.01436926 0.00671045
v -0.03345693 -0.01421670 0.00661846
v -0.03343844 -0.01407032 0.00653356
v -0.03349958 -0.01400117 0.00653742
v -0.03305291 -0.01407666 0.00635605
v -0.03296662 -0.01397833 0.00628479
v -0.03287866 -0.01387831 0.00622041
v -0.03299119 -0.01379293 0.00622818
v -0.03278942 -0.01377705 0.00616302
v -0.03289113 -0.01370244 0.00616991
v -0.03278957 -0.01361076 0.00611843
v -0.03284629 -0.01352729 0.00611462
v -0.03275919 -0.01346411 0.00607982
v -0.03260802 -0.01357192 0.00606906
v -0.03268673 -0.01351811 0.00607377
v -0.03265098 -0.01338561 0.00604259
v -0.03322093 -0.01379905 0.00631817
v -0.03312463 -0.01372919 0.00625687
v -0.03303729 -0.01366584 0.00620688
v -0.03298352 -0.01362684 0.00617861
v -0.03250062 -0.01379417 0.00610769
v -0.03249380 -0.01409979 0.00621537
v -0.03254218 -0.01422452 0.00627935
v -0.03258994 -0.01434725 0.00635037
v -0.03263683 -0.01446726 0.00642824
v -0.03268261 -0.01458385 0.00651279
v -0.03282857 -0.01465059 0.00660251
v -0.03272701 -0.01469633 0.00660383
v -0.03276986 -0.01480416 0.00670111
v -0.03302568 -0.01454503 0.00660259
v -0.03292835 -0.01460007 0.00660210
v -0.03298308 -0.01470266 0.00669942
v -0.03287746 -0.01475605 0.00669983
v -0.03292437 -0.01485680 0.00680304
v -0.03281107 -0.01490716 0.00680428
v -0.03296922 -0.01495269 0.00691178
v -0.03285055 -0.01500514 0.00691295
v -0.03301192 -0.01504353 0.00702567
v -0.03288823 -0.01509795 0.00702676
v -0.03305240 -0.01512916 0.00714433
v -0.03292404 -0.01518540 0.00714532
v -0.03309056 -0.01520940 0.00726739
v -0.03295790 -0.01526733 0.00726828
v -0.03312632 -0.01528408 0.00739446
v -0.03298973 -0.01534356 0.00739524
v -0.03315961 -0.01535304 0.00752517
v -0.03301946 -0.01541394 0.00752584
v -0.03319034 -0.01541609 0.00765915
v -0.03304700 -0.01547828 0.00765971
v -0.03321842 -0.01547307 0.00779602
v -0.03307229 -0.01553642 0.00779647
v -0.03324378 -0.01552381 0.00793539
v -0.03309524 -0.01558818 0.00793574
v -0.03326633 -0.01556813 0.00807690
v -0.03311578 -0.01563340 0.00807716
v -0.03328598 -0.01560586 0.00822017
v -0.03313383 -0.01567190 0.00822034
v -0.03330266 -0.01563684 0.00836482
v -0.03314932 -0.01570352 0.00836492
v -0.03331628 -0.01566089 0.00851048
v -0.03316217 -0.01572808 0.00851052
v -0.03332676 -0.01567783 0.00865676
v -0.03317230 -0.01574542 0.00865677
v -0.03333401 -0.01568751 0.00880329
v -0.03317964 -0.01575536 0.00880329
v -0.01139743 -0.02418042 0.00872867
v -0.01139496 -0.02415183 0.00848089
v -0.01139073 -0.02410282 0.00823635
v -0.01138476 -0.02403374 0.00799675
v -0.01137711 -0.02394507 0.00776373
v -0.01136781 -0.02383743 0.00753891
v -0.01135694 -0.02371154 0.00732384
v -0.01134457 -0.02356830 0.00712001
v -0.01133078 -0.02340867 0.00692883
v -0.01131568 -0.02323378 0.00675163
v -0.01129936 -0.02304482 0.00658961
v -0.01128194 -0.02284311 0.00644392
v -0.01126353 -0.02263004 0.00631554
v -0.01207997 -0.02409173 0.00872867
v -0.01207505 -0.02406345 0.00848089
v -0.01206662 -0.02401499 0.00823635
v -0.01205473 -0.02394668 0.00799675
v -0.01203947 -0.02385900 0.00776373
v -0.01202095 -0.02375255 0.00753891
v -0.01199928 -0.02362807 0.00732384
v -0.01197463 -0.02348642 0.00712001
v -0.01194716 -0.02332857 0.00692883
v -0.01191707 -0.02315563 0.00675163
v -0.01188455 -0.02296878 0.00658961
v -0.01184984 -0.02276931 0.00644392
v -0.01181317 -0.02255861 0.00631554
v -0.01275235 -0.02394463 0.00872867
v -0.01274501 -0.02391689 0.00848089
v -0.01273244 -0.02386933 0.00823635
v -0.01271472 -0.02380230 0.00799675
v -0.01269197 -0.02371626 0.00776373
v -0.01266436 -0.02361180 0.00753891
v -0.01263207 -0.02348964 0.00732384
v -0.01259532 -0.02335064 0.00712001
v -0.01255437 -0.02319574 0.00692883
v -0.01250950 -0.02302602 0.00675163
v -0.01246103 -0.02284266 0.00658961
v -0.01240928 -0.02264692 0.00644392
v -0.01235462 -0.02244016 0.00631554
v -0.01340957 -0.02374023 0.00872867
v -0.01339988 -0.02371322 0.00848089
v -0.01338326 -0.02366692 0.00823635
v -0.01335984 -0.02360166 0.00799675
v -0.01332977 -0.02351790 0.00776373
v -0.01329327 -0.02341620 0.00753891
v -0.01325059 -0.02329728 0.00732384
v -0.01320202 -0.02316195 0.00712001
v -0.01314789 -0.02301115 0.00692883
v -0.01308859 -0.02284593 0.00675163
v -0.01302452 -0.02266742 0.00658961
v -0.01295613 -0.02247685 0.00644392
v -0.01288388 -0.02227556 0.00631554
v -0.01280828 -0.02206492 0.00620538
v -0.03519185 0.01256658 0.00876642
v -0.03518524 0.01270099 0.00876642
v -0.03516853 0.01269990 0.00859103
v -0.03506715 0.01344495 0.00876642
v -0.03500317 0.01366862 0.00876642
v -0.03498721 0.01366352 0.00859103
v -0.03462085 0.01446948 0.00859103
v -0.03451034 0.01463890 0.00859103
v -0.03448732 0.01462299 0.00841327
v -0.03441259 0.01457134 0.00805452
v -0.03414827 0.01438863 0.00735917
v -0.03386275 0.01419124 0.00690261
v -0.03364449 0.01404033 0.00664870
v -0.03314747 0.01369662 0.00625679
v -0.03300737 0.01359971 0.00618017
v -0.03519991 0.01243197 0.00892614
v -0.03517511 0.01256603 0.00859103
v -0.03518669 0.01243197 0.00866738
v -0.03519439 0.01243197 0.00876641
v -0.03514715 0.01256512 0.00841327
v -0.03515119 0.01243197 0.00841072
v -0.03506289 0.01243197 0.00805311
v -0.03509367 0.01243197 0.00815808
v -0.03510764 0.01256383 0.00823409
v -0.03511321 0.01243197 0.00823331
v -0.03328143 0.01378926 0.00634242
v -0.03375668 0.01411791 0.00677122
v -0.03429904 0.01449286 0.00769933
v -0.03445480 0.01460052 0.00823409
v -0.03452412 0.01464842 0.00876642
v -0.03458318 0.01456067 0.00876642
v -0.03463516 0.01447819 0.00876642
v -0.03473531 0.01430243 0.00876642
v -0.03488461 0.01398919 0.00876642
v -0.03483257 0.01410697 0.00876642
v -0.03481735 0.01409996 0.00859103
v -0.03472054 0.01429453 0.00859103
v -0.03469586 0.01428133 0.00841327
v -0.03459694 0.01445493 0.00841327
v -0.03456317 0.01443437 0.00823409
v -0.03496903 0.01377071 0.00876642
v -0.03493062 0.01387519 0.00876642
v -0.03491497 0.01386920 0.00859103
v -0.03486917 0.01398270 0.00859103
v -0.03484337 0.01397186 0.00841327
v -0.03479195 0.01408824 0.00841327
v -0.03475604 0.01407169 0.00823409
v -0.03466100 0.01426269 0.00823409
v -0.03461576 0.01423849 0.00805452
v -0.03451933 0.01440768 0.00805452
v -0.03446537 0.01437483 0.00787580
v -0.03436064 0.01453543 0.00787580
v -0.03488884 0.01385919 0.00841327
v -0.03480692 0.01395654 0.00823409
v -0.03470945 0.01405020 0.00805452
v -0.03456006 0.01420870 0.00787580
v -0.03440141 0.01433589 0.00769933
v -0.03422809 0.01444382 0.00752661
v -0.03275470 0.01285239 0.00601286
v -0.03509756 0.01331753 0.00876642
v -0.03505092 0.01344079 0.00859103
v -0.03496056 0.01365500 0.00841327
v -0.03485191 0.01384505 0.00823409
v -0.03475961 0.01393665 0.00805452
v -0.03465209 0.01402375 0.00787580
v -0.03449403 0.01417339 0.00769933
v -0.03432772 0.01429103 0.00752661
v -0.03295928 0.01278376 0.00605750
v -0.03277756 0.01274950 0.00601286
v -0.03516040 0.01295802 0.00876642
v -0.03512336 0.01319181 0.00876642
v -0.03510690 0.01318871 0.00859103
v -0.03508121 0.01331390 0.00859103
v -0.03505389 0.01330785 0.00841327
v -0.03502382 0.01343385 0.00841327
v -0.03498552 0.01342404 0.00823409
v -0.03492289 0.01364296 0.00823409
v -0.03487401 0.01362734 0.00805452
v -0.03480399 0.01382670 0.00805452
v -0.03474499 0.01380410 0.00787580
v -0.03458409 0.01399239 0.00769933
v -0.03441798 0.01413271 0.00752661
v -0.03424482 0.01424055 0.00735917
v -0.03406022 0.01432777 0.00719849
v -0.03334530 0.01258048 0.00618017
v -0.03315638 0.01269958 0.00611348
v -0.03316903 0.01256893 0.00611348
v -0.03297630 0.01267636 0.00605750
v -0.03298786 0.01255706 0.00605750
v -0.03279290 0.01265271 0.00601286
v -0.03280333 0.01254498 0.00601286
v -0.03272920 0.01294122 0.00601286
v -0.03290534 0.01299759 0.00605750
v -0.03293382 0.01289831 0.00605750
v -0.03310971 0.01294339 0.00611348
v -0.03313771 0.01281741 0.00611348
v -0.03331130 0.01285015 0.00618017
v -0.03333158 0.01272218 0.00618017
v -0.03350054 0.01274396 0.00625679
v -0.03351528 0.01259161 0.00625679
v -0.03367780 0.01260225 0.00634242
v -0.03287389 0.01308707 0.00605750
v -0.03307828 0.01305294 0.00611348
v -0.03328083 0.01298724 0.00618017
v -0.03347870 0.01288171 0.00625679
v -0.03366207 0.01276480 0.00634242
v -0.03383195 0.01261235 0.00643612
v -0.03283281 0.01318437 0.00605750
v -0.03304344 0.01315208 0.00611348
v -0.03324655 0.01310678 0.00618017
v -0.03344585 0.01302954 0.00625679
v -0.03363876 0.01291189 0.00634242
v -0.03381528 0.01278455 0.00643612
v -0.03397749 0.01262188 0.00653727
v -0.03286209 0.01349922 0.00611348
v -0.03306007 0.01351881 0.00618017
v -0.03320555 0.01360746 0.00625679
v -0.03325948 0.01351296 0.00625679
v -0.03340310 0.01358980 0.00634242
v -0.03346064 0.01347411 0.00634242
v -0.03360092 0.01353883 0.00643612
v -0.03366386 0.01338990 0.00643612
v -0.03380008 0.01344210 0.00653727
v -0.03385006 0.01329987 0.00653727
v -0.03398445 0.01334286 0.00664870
v -0.03403124 0.01317955 0.00664870
v -0.03416337 0.01321341 0.00677122
v -0.03420658 0.01301896 0.00677122
v -0.03433329 0.01304285 0.00690261
v -0.03436303 0.01285519 0.00690261
v -0.03448601 0.01287105 0.00704592
v -0.03450676 0.01265655 0.00704592
v -0.03462257 0.01266414 0.00719849
v -0.03334465 0.01369223 0.00634242
v -0.03353932 0.01366268 0.00643612
v -0.03373337 0.01359994 0.00653727
v -0.03393184 0.01349259 0.00664870
v -0.03411439 0.01338442 0.00677122
v -0.03428829 0.01324541 0.00690261
v -0.03445515 0.01306583 0.00704592
v -0.03460112 0.01288589 0.00719849
v -0.03472937 0.01267113 0.00735917
v -0.03347659 0.01377262 0.00643612
v -0.03366793 0.01373149 0.00653727
v -0.03386147 0.01365905 0.00664870
v -0.03405923 0.01354140 0.00677122
v -0.03423722 0.01342371 0.00690261
v -0.03440841 0.01327619 0.00704592
v -0.03456920 0.01308733 0.00719849
v -0.03470727 0.01289958 0.00735917
v -0.03482619 0.01267747 0.00752661
v -0.03500039 0.01243197 0.00787369
v -0.03498696 0.01268801 0.00787580
v -0.03491225 0.01268311 0.00769933
v -0.03488905 0.01292303 0.00769933
v -0.03480352 0.01291199 0.00752661
v -0.03476975 0.01312514 0.00752661
v -0.03467439 0.01310716 0.00735917
v -0.03462454 0.01333156 0.00735917
v -0.03452085 0.01330500 0.00719849
v -0.03446592 0.01349685 0.00719849
v -0.03435536 0.01346149 0.00704592
v -0.03429548 0.01363192 0.00704592
v -0.03417966 0.01358755 0.00690261
v -0.03410244 0.01377021 0.00690261
v -0.03398534 0.01371619 0.00677122
v -0.03391261 0.01386238 0.00677122
v -0.03379233 0.01379804 0.00664870
v -0.03372166 0.01392192 0.00664870
v -0.03360116 0.01384851 0.00653727
v -0.03352845 0.01396009 0.00653727
v -0.03340849 0.01387713 0.00643612
v -0.03517488 0.01282902 0.00876642
v -0.03514379 0.01295588 0.00859103
v -0.03511604 0.01295230 0.00841327
v -0.03507941 0.01318353 0.00841327
v -0.03504056 0.01317620 0.00823409
v -0.03299162 0.01243197 0.00605603
v -0.03323835 0.01243197 0.00613513
v -0.03335061 0.01243197 0.00617913
v -0.03347734 0.01243197 0.00623522
v -0.03352086 0.01243197 0.00625613
v -0.03370680 0.01243197 0.00635556
v -0.03383780 0.01243197 0.00643622
v -0.03392502 0.01243197 0.00649526
v -0.03398356 0.01243197 0.00653746
v -0.03413037 0.01243197 0.00665325
v -0.03279342 0.01326358 0.00605750
v -0.03299767 0.01326046 0.00611348
v -0.03320841 0.01321532 0.00618017
v -0.03340882 0.01315871 0.00625679
v -0.03360363 0.01306997 0.00634242
v -0.03379057 0.01294052 0.00643612
v -0.03395994 0.01280321 0.00653727
v -0.03411826 0.01263111 0.00664870
v -0.03432132 0.01243197 0.00682838
v -0.03275415 0.01333235 0.00605750
v -0.03295351 0.01334925 0.00611348
v -0.03315807 0.01333448 0.00618017
v -0.03336749 0.01327630 0.00625679
v -0.03356396 0.01320834 0.00634242
v -0.03375328 0.01310832 0.00643612
v -0.03393390 0.01296754 0.00653727
v -0.03409986 0.01282125 0.00664870
v -0.03425436 0.01264002 0.00677122
v -0.03439169 0.01243197 0.00690117
v -0.03290920 0.01342686 0.00611348
v -0.03310928 0.01343260 0.00618017
v -0.03331275 0.01340586 0.00625679
v -0.03351959 0.01333460 0.00634242
v -0.03371112 0.01325542 0.00643612
v -0.03389457 0.01314453 0.00653727
v -0.03407254 0.01299368 0.00664870
v -0.03423514 0.01283870 0.00677122
v -0.03438303 0.01264845 0.00690261
v -0.03449645 0.01243197 0.00701934
v -0.03451682 0.01243197 0.00704384
v -0.03465445 0.01243197 0.00722469
v -0.03474181 0.01243197 0.00735622
v -0.03479414 0.01243197 0.00744291
v -0.03483950 0.01243197 0.00752385
v -0.03491448 0.01243197 0.00767237
v -0.03501457 0.01243197 0.00791135
v -0.03504997 0.01269213 0.00805452
v -0.03496331 0.01293260 0.00787580
v -0.03485450 0.01314112 0.00769933
v -0.03471855 0.01335565 0.00752661
v -0.03456789 0.01352946 0.00735917
v -0.03440388 0.01367345 0.00719849
v -0.03421504 0.01382216 0.00704592
v -0.03402632 0.01392321 0.00690261
v -0.03383817 0.01399289 0.00677122
v -0.03510117 0.01269549 0.00823409
v -0.03502595 0.01294068 0.00805452
v -0.03492808 0.01315500 0.00787580
v -0.03480210 0.01337705 0.00769933
v -0.03466034 0.01355902 0.00752661
v -0.03450386 0.01371175 0.00735917
v -0.03432044 0.01387078 0.00719849
v -0.03413567 0.01398170 0.00704592
v -0.03394832 0.01405998 0.00690261
v -0.03514062 0.01269807 0.00841327
v -0.03507683 0.01294724 0.00823409
v -0.03499014 0.01316670 0.00805452
v -0.03487464 0.01339563 0.00787580
v -0.03474251 0.01358529 0.00769933
v -0.03459449 0.01374646 0.00752661
v -0.03441764 0.01391561 0.00735917
v -0.03423801 0.01403645 0.00719849
v -0.03405424 0.01412449 0.00704592
v -0.03493582 0.01341131 0.00805452
v -0.03481384 0.01360810 0.00787580
v -0.03467505 0.01377732 0.00769933
v -0.03450577 0.01395626 0.00752661
v -0.03433240 0.01408694 0.00735917
v -0.03415339 0.01418487 0.00719849
v -0.03396475 0.01426176 0.00704592
v -0.03519991 -0.01243197 0.00892614
v -0.03519440 -0.01243197 0.00876644
v -0.03518669 -0.01243197 0.00866738
v -0.03517847 -0.01243197 0.00859095
v -0.03515119 -0.01243197 0.00841072
v -0.03509367 -0.01243197 0.00815808
v -0.03506294 -0.01243197 0.00805329
v -0.03501457 -0.01243197 0.00791135
v -0.03491448 -0.01243197 0.00767237
v -0.03483962 -0.01243197 0.00752408
v -0.03479414 -0.01243197 0.00744291
v -0.03474196 -0.01243197 0.00735645
v -0.03465445 -0.01243197 0.00722469
v -0.03449645 -0.01243197 0.00701934
v -0.03439188 -0.01243197 0.00690137
v -0.03432132 -0.01243197 0.00682838
v -0.03426202 -0.01243197 0.00677070
v -0.03413037 -0.01243197 0.00665325
v -0.03392502 -0.01243197 0.00649526
v -0.03383799 -0.01243197 0.00643634
v -0.03370680 -0.01243197 0.00635556
v -0.03347734 -0.01243197 0.00623522
v -0.03335077 -0.01243197 0.00617919
v -0.03323835 -0.01243197 0.00613513
v -0.03299162 -0.01243197 0.00605603
v -0.03475377 -0.01426721 0.00876646
v -0.03480668 -0.01416213 0.00876646
v -0.03479159 -0.01415487 0.00859111
v -0.03467968 -0.01436862 0.00859111
v -0.03476639 -0.01414275 0.00841339
v -0.03514154 -0.01309111 0.00876646
v -0.03517208 -0.01285792 0.00876646
v -0.03515542 -0.01285619 0.00859111
v -0.03437252 -0.01277482 0.00690282
v -0.03438726 -0.01257365 0.00690282
v -0.03425844 -0.01256813 0.00677141
v -0.03510614 -0.01260443 0.00823424
v -0.03473399 -0.01258849 0.00735940
v -0.03462707 -0.01258392 0.00719872
v -0.03412218 -0.01256229 0.00664886
v -0.03398123 -0.01255625 0.00653742
v -0.03383551 -0.01255001 0.00643625
v -0.03368117 -0.01254340 0.00634252
v -0.03351844 -0.01253643 0.00625687
v -0.03317174 -0.01252158 0.00611353
v -0.03517356 -0.01260732 0.00859111
v -0.03514562 -0.01260612 0.00841339
v -0.03519028 -0.01260803 0.00876646
v -0.03518304 -0.01273280 0.00876646
v -0.03508114 -0.01331713 0.00859111
v -0.03512501 -0.01308843 0.00859111
v -0.03509740 -0.01308395 0.00841339
v -0.03512760 -0.01285330 0.00841339
v -0.03508829 -0.01284921 0.00823424
v -0.03505490 -0.01260224 0.00805470
v -0.03496874 -0.01377030 0.00876646
v -0.03503693 -0.01355690 0.00876646
v -0.03502084 -0.01355228 0.00859111
v -0.03505383 -0.01331106 0.00841339
v -0.03505838 -0.01307761 0.00823424
v -0.03503727 -0.01284391 0.00805470
v -0.03499183 -0.01259954 0.00787601
v -0.03506941 -0.01343787 0.00876646
v -0.03509749 -0.01332076 0.00876646
v -0.03512145 -0.01320522 0.00876646
v -0.03471773 -0.01281071 0.00735940
v -0.03481424 -0.01282074 0.00752684
v -0.03478635 -0.01303346 0.00752684
v -0.03487149 -0.01304728 0.00769955
v -0.03483041 -0.01326142 0.00769955
v -0.03490350 -0.01327766 0.00787601
v -0.03484597 -0.01350203 0.00787601
v -0.03490666 -0.01351947 0.00805470
v -0.03484084 -0.01372549 0.00805470
v -0.03488924 -0.01374245 0.00823424
v -0.03481776 -0.01393109 0.00823424
v -0.03485430 -0.01394614 0.00841339
v -0.03483091 -0.01259264 0.00752684
v -0.03490001 -0.01282965 0.00769955
v -0.03494539 -0.01305928 0.00787601
v -0.03496515 -0.01329136 0.00805470
v -0.03495596 -0.01353364 0.00823424
v -0.03492654 -0.01375552 0.00841339
v -0.03488017 -0.01395679 0.00859111
v -0.03485373 -0.01406098 0.00876646
v -0.03489565 -0.01396316 0.00876646
v -0.03495294 -0.01376477 0.00859111
v -0.03499395 -0.01354455 0.00841339
v -0.03501524 -0.01330249 0.00823424
v -0.03500773 -0.01306940 0.00805470
v -0.03497447 -0.01283739 0.00787601
v -0.03491705 -0.01259633 0.00769955
v -0.03265562 -0.01312687 0.00601288
v -0.03261632 -0.01320200 0.00601288
v -0.03277729 -0.01329305 0.00605753
v -0.03458306 -0.01452982 0.00859111
v -0.03465533 -0.01435486 0.00841339
v -0.03473077 -0.01412562 0.00823424
v -0.03477032 -0.01391156 0.00805470
v -0.03478125 -0.01370461 0.00787601
v -0.03477402 -0.01348135 0.00769955
v -0.03474621 -0.01324271 0.00752684
v -0.03469056 -0.01301791 0.00735940
v -0.03461128 -0.01279964 0.00719872
v -0.03451114 -0.01257895 0.00704614
v -0.03289308 -0.01345297 0.00611353
v -0.03273996 -0.01335535 0.00605753
v -0.03258400 -0.01325592 0.00601288
v -0.03271602 -0.01298066 0.00601288
v -0.03268819 -0.01305398 0.00601288
v -0.03285920 -0.01312444 0.00605753
v -0.03282226 -0.01320710 0.00605753
v -0.03298588 -0.01328588 0.00611353
v -0.03293534 -0.01338245 0.00611353
v -0.03308912 -0.01346943 0.00618024
v -0.03304207 -0.01354794 0.00618024
v -0.03318575 -0.01363951 0.00625687
v -0.03274265 -0.01289719 0.00601288
v -0.03289054 -0.01304186 0.00605753
v -0.03302712 -0.01319362 0.00611353
v -0.03314508 -0.01336251 0.00618024
v -0.03323741 -0.01355329 0.00625687
v -0.03332311 -0.01372706 0.00634252
v -0.03276687 -0.01280242 0.00601288
v -0.03292039 -0.01294833 0.00605753
v -0.03306190 -0.01310195 0.00611353
v -0.03319049 -0.01326093 0.00618024
v -0.03329859 -0.01343641 0.00625687
v -0.03337920 -0.01363347 0.00634252
v -0.03345340 -0.01381009 0.00643625
v -0.03280555 -0.01250589 0.00601288
v -0.03279781 -0.01261096 0.00601288
v -0.03298175 -0.01263011 0.00605753
v -0.03296752 -0.01273788 0.00605753
v -0.03314677 -0.01276704 0.00611353
v -0.03312469 -0.01288207 0.00611353
v -0.03329718 -0.01292045 0.00618024
v -0.03326470 -0.01304738 0.00618024
v -0.03342843 -0.01309448 0.00625687
v -0.03338939 -0.01321677 0.00625687
v -0.03354311 -0.01327066 0.00634252
v -0.03349865 -0.01338787 0.00634252
v -0.03364152 -0.01344672 0.00643625
v -0.03358458 -0.01357407 0.00643625
v -0.03371602 -0.01363733 0.00653742
v -0.03364065 -0.01378130 0.00653742
v -0.03376346 -0.01385074 0.00664886
v -0.03369540 -0.01396431 0.00664886
v -0.03381044 -0.01403762 0.00677141
v -0.03316235 -0.01264892 0.00611353
v -0.03333807 -0.01266721 0.00618024
v -0.03332117 -0.01279540 0.00618024
v -0.03348935 -0.01282274 0.00625687
v -0.03346350 -0.01295746 0.00625687
v -0.03362253 -0.01299284 0.00634252
v -0.03358498 -0.01313950 0.00634252
v -0.03373346 -0.01318220 0.00643625
v -0.03368890 -0.01332177 0.00643625
v -0.03382655 -0.01337002 0.00653742
v -0.03377640 -0.01350228 0.00653742
v -0.03390687 -0.01355601 0.00664886
v -0.03384315 -0.01369852 0.00664886
v -0.03396607 -0.01375767 0.00677141
v -0.03388220 -0.01391787 0.00677141
v -0.03399445 -0.01398133 0.00690282
v -0.03391919 -0.01410691 0.00690282
v -0.03402377 -0.01417354 0.00704614
v -0.03366952 -0.01270170 0.00634252
v -0.03382318 -0.01271769 0.00643625
v -0.03380265 -0.01287367 0.00643625
v -0.03394665 -0.01289707 0.00653742
v -0.03391577 -0.01305807 0.00653742
v -0.03405352 -0.01308870 0.00664886
v -0.03400926 -0.01326151 0.00664886
v -0.03414036 -0.01329920 0.00677141
v -0.03408842 -0.01346182 0.00677141
v -0.03421011 -0.01350447 0.00690282
v -0.03415226 -0.01365707 0.00690282
v -0.03426693 -0.01370429 0.00704614
v -0.03419401 -0.01386736 0.00704614
v -0.03429860 -0.01391769 0.00719872
v -0.03420343 -0.01409946 0.00719872
v -0.03429660 -0.01415212 0.00735940
v -0.03421192 -0.01429341 0.00735940
v -0.03429375 -0.01434554 0.00752684
v -0.03396825 -0.01273278 0.00653742
v -0.03408594 -0.01291970 0.00664886
v -0.03418670 -0.01311832 0.00677141
v -0.03426430 -0.01333483 0.00690282
v -0.03432713 -0.01354548 0.00704614
v -0.03437426 -0.01374849 0.00719872
v -0.03439504 -0.01396409 0.00735940
v -0.03438106 -0.01419986 0.00752684
v -0.03436648 -0.01439187 0.00769955
v -0.03424426 -0.01276148 0.00677141
v -0.03434790 -0.01296226 0.00690282
v -0.03447032 -0.01298214 0.00704614
v -0.03443367 -0.01317323 0.00704614
v -0.03454698 -0.01319842 0.00719872
v -0.03449502 -0.01340116 0.00719872
v -0.03459788 -0.01343073 0.00735940
v -0.03453766 -0.01361926 0.00735940
v -0.03462922 -0.01365134 0.00752684
v -0.03456296 -0.01382619 0.00752684
v -0.03464270 -0.01385902 0.00769955
v -0.03456018 -0.01404355 0.00769955
v -0.03462764 -0.01407600 0.00787601
v -0.03452130 -0.01427912 0.00787601
v -0.03457627 -0.01431018 0.00805470
v -0.03448287 -0.01446601 0.00805470
v -0.03452614 -0.01449357 0.00823424
v -0.03449585 -0.01278764 0.00704614
v -0.03458490 -0.01300075 0.00719872
v -0.03465148 -0.01322165 0.00735940
v -0.03469114 -0.01345753 0.00752684
v -0.03471060 -0.01367986 0.00769955
v -0.03471193 -0.01388752 0.00787601
v -0.03468454 -0.01410338 0.00805470
v -0.03462093 -0.01433542 0.00823424
v -0.03455947 -0.01451480 0.00841339
v -0.03278496 -0.01270819 0.00601288
v -0.03294742 -0.01284261 0.00605753
v -0.03309491 -0.01299854 0.00611353
v -0.03322862 -0.01316040 0.00618024
v -0.03334803 -0.01332583 0.00625687
v -0.03344537 -0.01350706 0.00634252
v -0.03351368 -0.01370951 0.00643625
v -0.03357641 -0.01388849 0.00653742
v -0.03334824 -0.01252914 0.00618024
v -0.03350751 -0.01268484 0.00625687
v -0.03365014 -0.01284888 0.00634252
v -0.03377336 -0.01302639 0.00643625
v -0.03387365 -0.01322252 0.00653742
v -0.03395969 -0.01341669 0.00664886
v -0.03403302 -0.01360796 0.00677141
v -0.03408227 -0.01381359 0.00690282
v -0.03410240 -0.01404235 0.00704614
v -0.03412165 -0.01423590 0.00719872
v -0.03410858 -0.01274738 0.00664886
v -0.03422060 -0.01294158 0.00677141
v -0.03431260 -0.01314631 0.00690282
v -0.03438348 -0.01336910 0.00704614
v -0.03443666 -0.01358386 0.00719872
v -0.03447323 -0.01378924 0.00735940
v -0.03448248 -0.01400616 0.00752684
v -0.03445613 -0.01424229 0.00769955
v -0.03442962 -0.01443209 0.00787601
v -0.03469426 -0.01437686 0.00876646
v -0.03459718 -0.01453881 0.00876646
v -0.03454199 -0.01462242 0.00876646
v -0.00029015 -0.02247210 0.03577663
v -0.01555321 -0.02247215 0.03577646
v -0.01044141 -0.02248127 0.03574241
v 0.00250266 -0.02421577 0.02926915
v 0.00256028 -0.02421286 0.02928001
v 0.00261550 -0.02420886 0.02929495
v 0.00266869 -0.02420375 0.02931402
v 0.00272233 -0.02419856 0.02933339
v 0.00237656 -0.02421821 0.02926004
v 0.00241724 -0.02421797 0.02926095
v 0.00248267 -0.02421650 0.02926642
v -0.01061425 -0.02301299 0.03375799
v -0.01555367 -0.02254061 0.03552094
v -0.01553844 -0.02257527 0.03539158
v -0.01551293 -0.02261014 0.03526147
v -0.01547721 -0.02264513 0.03513086
v -0.01555860 -0.02250621 0.03564932
v -0.00988211 -0.02323814 0.03291773
v 0.00167287 -0.01621822 0.03800000
v 0.00167287 -0.01908890 0.03800000
v 0.00163133 -0.01957433 0.03799988
v 0.00163806 -0.01953141 0.03800000
v 0.00165799 -0.01937886 0.03800000
v 0.00166411 -0.01931146 0.03800000
v -0.00025238 -0.02245667 0.03583207
v -0.00008586 -0.02237594 0.03607293
v -0.00009151 -0.02237903 0.03606483
v -0.00016798 -0.02241841 0.03595470
v 0.00008838 -0.02226857 0.03631956
v 0.00007874 -0.02227514 0.03630608
v 0.00024102 -0.02215499 0.03652984
v 0.00018563 -0.02219834 0.03645422
v 0.00040044 -0.02201634 0.03674263
v 0.00026350 -0.02213669 0.03656029
v 0.00043222 -0.02198619 0.03678412
v 0.00042380 -0.02199427 0.03677316
v 0.00059277 -0.02182041 0.03698879
v 0.00055620 -0.02186021 0.03694292
v 0.00085056 -0.02150005 0.03730039
v 0.00074237 -0.02164382 0.03717195
v 0.00070700 -0.02168769 0.03712929
v 0.00065695 -0.02174747 0.03706824
v 0.00087866 -0.02145994 0.03733337
v 0.00100515 -0.02126473 0.03747844
v 0.00098443 -0.02129845 0.03745510
v 0.00115437 -0.02099840 0.03764048
v 0.00112216 -0.02105967 0.03760651
v 0.00110876 -0.02108452 0.03759219
v 0.00106755 -0.02115862 0.03754758
v 0.00122299 -0.02085980 0.03771066
v 0.00123387 -0.02083673 0.03772148
v 0.00132661 -0.02062581 0.03780971
v 0.00133271 -0.02061094 0.03781523
v 0.00137684 -0.02049905 0.03785394
v 0.00141889 -0.02038451 0.03788854
v 0.00144095 -0.02032078 0.03790566
v 0.00149268 -0.02015933 0.03794242
v 0.00149935 -0.02013708 0.03794675
v 0.00155438 -0.01993705 0.03797800
v 0.00156705 -0.01988585 0.03798379
v 0.00160431 -0.01971908 0.03799651
v 0.00364372 -0.02388970 0.02974586
v 0.00384674 -0.02376755 0.02982952
v 0.00398032 -0.02367427 0.02988291
v 0.00277690 -0.02418955 0.02935923
v 0.00288073 -0.02417099 0.02940791
v 0.00299562 -0.02414510 0.02946103
v 0.00321506 -0.02407989 0.02956032
v 0.00336103 -0.02402476 0.02962478
v 0.00343216 -0.02399438 0.02965572
v 0.00353348 -0.02394698 0.02969925
v -0.01512160 -0.02108434 0.03759229
v -0.00744862 -0.02237551 0.03607407
v -0.00740067 -0.02239250 0.03602865
v -0.00752994 -0.02234740 0.03614468
v -0.00766879 -0.02230198 0.03624906
v -0.00813202 -0.02218113 0.03648486
v -0.00797097 -0.02221713 0.03641979
v -0.00789252 -0.02223710 0.03638197
v -0.00805058 -0.02219847 0.03645399
v -0.00781610 -0.02225799 0.03634096
v -0.00898744 -0.02211780 0.03659090
v -0.00890092 -0.02211387 0.03659716
v -0.01541143 -0.02201627 0.03674274
v -0.00907369 -0.02212403 0.03658089
v -0.00924188 -0.02214276 0.03655028
v -0.00915951 -0.02213251 0.03656713
v -0.00881396 -0.02211230 0.03659966
v -0.00872738 -0.02211310 0.03659839
v -0.00864037 -0.02211628 0.03659333
v -0.00855361 -0.02212181 0.03658447
v -0.00846799 -0.02212955 0.03657196
v -0.00838249 -0.02213952 0.03655564
v -0.00829808 -0.02215150 0.03653570
v -0.00980805 -0.02226488 0.03632708
v -0.00965437 -0.02222341 0.03640804
v -0.01545456 -0.02215495 0.03652991
v -0.00984161 -0.02227467 0.03630706
v -0.00957520 -0.02220433 0.03644336
v -0.00949423 -0.02218652 0.03647535
v -0.00941250 -0.02217036 0.03650361
v -0.01541626 -0.02203180 0.03672076
v -0.00932888 -0.02215577 0.03652851
v -0.01546000 -0.02217242 0.03650004
v -0.01549194 -0.02227512 0.03630611
v -0.00995413 -0.02230923 0.03623310
v -0.01009151 -0.02235471 0.03612680
v -0.01015134 -0.02237549 0.03607412
v -0.01549759 -0.02229329 0.03626785
v -0.01552329 -0.02237594 0.03607295
v -0.01552874 -0.02239345 0.03602606
v -0.01033607 -0.02244224 0.03588052
v -0.01021914 -0.02239961 0.03600898
v -0.01554840 -0.02245666 0.03583209
v -0.01536286 -0.02186008 0.03694307
v -0.01536671 -0.02187248 0.03692839
v -0.01530919 -0.02168751 0.03712947
v -0.01531173 -0.02169567 0.03712134
v -0.01525172 -0.02150273 0.03729814
v -0.01525080 -0.02149978 0.03730061
v -0.01518715 -0.02129510 0.03745745
v -0.01505171 -0.02085962 0.03771074
v -0.01511850 -0.02107437 0.03759808
v -0.01497895 -0.02062568 0.03780976
v -0.01504630 -0.02084222 0.03771892
v -0.00719966 -0.02245674 0.03583181
v -0.00974148 0.02235103 0.03459971
v -0.00750932 0.02203572 0.03577646
v -0.00515353 0.02377001 0.02930399
v -0.00515741 0.02377037 0.02930264
v -0.01555708 0.02203572 0.03577646
v -0.01424141 0.02204484 0.03574241
v -0.01441425 0.02257656 0.03375799
v -0.00518848 0.02377304 0.02929266
v -0.00522007 0.02377536 0.02928401
v -0.00525216 0.02377732 0.02927669
v -0.00528477 0.02377893 0.02927070
v -0.00535147 0.02378107 0.02926270
v -0.01556247 0.02206978 0.03564932
v -0.01555754 0.02210418 0.03552094
v -0.01554231 0.02213885 0.03539158
v -0.01551680 0.02217371 0.03526147
v -0.01548108 0.02220870 0.03513086
v -0.01368211 0.02280171 0.03291773
v -0.01161617 0.02281760 0.03285842
v -0.01120067 0.02195607 0.03602865
v 0.00283411 0.02778179 0.00594970
v 0.00503540 0.02778179 0.01194985
v -0.01542014 0.02159540 0.03672073
v -0.01544276 0.02166811 0.03661190
v -0.01546387 0.02173601 0.03650000
v -0.01548345 0.02179897 0.03638525
v -0.01550146 0.02185686 0.03626785
v -0.01551785 0.02190958 0.03614805
v -0.01553261 0.02195702 0.03602606
v -0.01554569 0.02199909 0.03590212
v -0.01531560 0.02125926 0.03712132
v -0.01534375 0.02134977 0.03702677
v -0.01537059 0.02143607 0.03692836
v -0.01539607 0.02151800 0.03682628
v -0.01525559 0.02106630 0.03729813
v -0.01519102 0.02085867 0.03745745
v -0.01512237 0.02063794 0.03759808
v -0.01505017 0.02040579 0.03771892
v -0.01497497 0.02016400 0.03781908
v -0.01132994 0.02191097 0.03614468
v -0.00714027 0.02185686 0.03626785
v -0.00714060 0.02185707 0.03626741
v -0.00732426 0.02195710 0.03602583
v -0.01177097 0.02178070 0.03641979
v -0.01185089 0.02176197 0.03645412
v -0.00695925 0.02173602 0.03650000
v -0.01146879 0.02186555 0.03624906
v -0.01149805 0.02185645 0.03626875
v -0.00695975 0.02173638 0.03649937
v -0.01161617 0.02182155 0.03634099
v -0.01169240 0.02180070 0.03638192
v -0.01226799 0.02169312 0.03657196
v -0.01235356 0.02168538 0.03658447
v -0.00678243 0.02159540 0.03672073
v -0.01193195 0.02174471 0.03648483
v -0.01197639 0.02173601 0.03650000
v -0.00678307 0.02159595 0.03671994
v -0.01209811 0.02171507 0.03653571
v -0.01218241 0.02170310 0.03655563
v -0.01244038 0.02167985 0.03659333
v -0.01252733 0.02167667 0.03659838
v -0.01261396 0.02167587 0.03659966
v -0.01270086 0.02167744 0.03659716
v -0.01278744 0.02168137 0.03659090
v -0.01287364 0.02168760 0.03658090
v -0.01295951 0.02169609 0.03656713
v -0.01304479 0.02170673 0.03654962
v -0.01312887 0.02171934 0.03652851
v -0.00644756 0.02126029 0.03712029
v -0.00661113 0.02143608 0.03692836
v -0.00661191 0.02143685 0.03692744
v -0.00629128 0.02106760 0.03729704
v -0.00644668 0.02125927 0.03712131
v -0.00614426 0.02086025 0.03745634
v -0.00629031 0.02106631 0.03729812
v -0.00600760 0.02063982 0.03759699
v -0.00614321 0.02085868 0.03745745
v -0.00588235 0.02040799 0.03771790
v -0.00600652 0.02063796 0.03759807
v -0.00576838 0.02016401 0.03781907
v -0.00576946 0.02016650 0.03781817
v -0.00582378 0.02028722 0.03777113
v -0.00588125 0.02040580 0.03771892
v -0.00571742 0.02004144 0.03786071
v -0.00566979 0.01991720 0.03789702
v -0.00558315 0.01965890 0.03795442
v -0.00558409 0.01966198 0.03795388
v -0.00562467 0.01978879 0.03792855
v -0.00566876 0.01991441 0.03789777
v -0.00554626 0.01953120 0.03797411
v -0.00551302 0.01940278 0.03798829
v -0.00545711 0.01914157 0.03800000
v -0.00548278 0.01927061 0.03799706
v -0.00551220 0.01939942 0.03798858
v -0.01329423 0.02175009 0.03647535
v -0.01337508 0.02176788 0.03644341
v -0.01345436 0.02178698 0.03640804
v -0.01360805 0.02182845 0.03632708
v -0.01370139 0.02185627 0.03626912
v -0.01375413 0.02187280 0.03623310
v -0.01389151 0.02191829 0.03612680
v -0.01401914 0.02196318 0.03600898
v -0.01413607 0.02200581 0.03588052
v -0.00491212 0.02373621 0.02938740
v -0.00307716 0.01138054 -0.00005029
v -0.00228695 0.01156185 -0.00005029
v -0.00126693 0.01171472 -0.00005029
v -0.00023754 0.01177943 -0.00005029
v 0.00079360 0.01175551 -0.00005029
v 0.00181888 0.01164314 -0.00005029
v 0.00283072 0.01144313 -0.00005029
v 0.00382165 0.01115698 -0.00005029
v 0.00478434 0.01078679 -0.00005029
v 0.00571169 0.01033530 -0.00005029
v 0.00659685 0.00980584 -0.00005029
v 0.00743326 0.00920233 -0.00005029
v 0.00821477 0.00852922 -0.00005029
v 0.00893558 0.00779149 -0.00005029
v 0.00959039 0.00699458 -0.00005029
v 0.01017434 0.00614439 -0.00005029
v 0.01068313 0.00524720 -0.00005029
v 0.01111299 0.00430963 -0.00005029
v 0.01146076 0.00333861 -0.00005029
v 0.01172386 0.00234131 -0.00005029
v 0.01190034 0.00132510 -0.00005029
v 0.01198891 0.00029749 -0.00005029
v 0.01198891 -0.00073392 -0.00005029
v 0.01190034 -0.00176153 -0.00005029
v 0.01172386 -0.00277774 -0.00005029
v 0.01146076 -0.00377504 -0.00005029
v 0.01111299 -0.00474606 -0.00005029
v 0.01068313 -0.00568363 -0.00005029
v 0.01017434 -0.00658082 -0.00005029
v 0.00959039 -0.00743101 -0.00005029
v 0.00893558 -0.00822792 -0.00005029
v 0.00821477 -0.00896565 -0.00005029
v 0.00743326 -0.00963875 -0.00005029
v 0.00659685 -0.01024227 -0.00005029
v 0.00571169 -0.01077172 -0.00005029
v 0.00478434 -0.01122322 -0.00005029
v 0.00382165 -0.01159341 -0.00005029
v 0.00283072 -0.01187956 -0.00005029
v 0.00181888 -0.01207957 -0.00005029
v 0.00079360 -0.01219194 -0.00005029
v -0.00023754 -0.01221586 -0.00005029
v -0.00126693 -0.01215115 -0.00005029
v -0.00228695 -0.01199828 -0.00005029
v -0.00307716 -0.01181697 -0.00005029
v -0.01112315 0.00428463 0.00094971
v -0.01112315 -0.00472106 0.00094971
v 0.02341630 0.02316798 0.00921117
v 0.02342020 0.02317871 0.00894971
v 0.02341630 0.02316798 0.00868824
v 0.02405632 0.02248060 0.01044971
v 0.02410739 0.02259012 0.01021756
v 0.02414972 0.02268089 0.00997577
v 0.02418298 0.02275222 0.00972616
v 0.02420692 0.02280356 0.00947065
v 0.02422136 0.02283452 0.00921117
v 0.02422618 0.02284486 0.00894971
v 0.02422136 0.02283452 0.00868824
v 0.02420692 0.02280356 0.00842876
v 0.02418298 0.02275222 0.00817325
v 0.02414972 0.02268089 0.00792365
v 0.02410739 0.02259012 0.00768185
v 0.02405632 0.02248060 0.00744971
v 0.02399689 0.02235315 0.00722898
v 0.02472873 0.02197218 0.01067044
v 0.02479904 0.02209396 0.01044971
v 0.02485946 0.02219862 0.01021756
v 0.02490954 0.02228536 0.00997577
v 0.02494889 0.02235351 0.00972616
v 0.02497721 0.02240257 0.00947065
v 0.02499429 0.02243215 0.00921117
v 0.02500000 0.02244204 0.00894971
v 0.02499429 0.02243215 0.00868824
v 0.02497721 0.02240257 0.00842876
v 0.02494889 0.02235351 0.00817325
v 0.02490954 0.02228536 0.00792365
v 0.02485946 0.02219862 0.00768185
v 0.02479904 0.02209396 0.00744971
v 0.02472873 0.02197218 0.00722898
v 0.02464907 0.02183421 0.00702134
v 0.02456066 0.02168108 0.00682839
v 0.02446418 0.02151397 0.00665157
v 0.02436036 0.02133416 0.00649225
v 0.02425000 0.02114300 0.00635163
v 0.02413393 0.02094196 0.00623078
v 0.02401303 0.02073256 0.00613063
v 0.02542457 0.02152888 0.01067044
v 0.02550523 0.02164407 0.01044971
v 0.02557454 0.02174306 0.01021756
v 0.02563199 0.02182510 0.00997577
v 0.02567713 0.02188957 0.00972616
v 0.02570962 0.02193597 0.00947065
v 0.02572922 0.02196395 0.00921117
v 0.02573576 0.02197331 0.00894971
v 0.02572922 0.02196395 0.00868824
v 0.02570962 0.02193597 0.00842876
v 0.02567713 0.02188957 0.00817325
v 0.02563199 0.02182510 0.00792365
v 0.02557454 0.02174306 0.00768185
v 0.02550523 0.02164407 0.00744971
v 0.02542457 0.02152888 0.00722898
v 0.02533319 0.02139837 0.00702134
v 0.02523177 0.02125353 0.00682839
v 0.02512110 0.02109547 0.00665157
v 0.02500200 0.02092539 0.00649225
v 0.02487540 0.02074458 0.00635163
v 0.02474225 0.02055442 0.00623078
v 0.02460356 0.02035635 0.00613063
v 0.02597672 0.02090457 0.01087807
v 0.02607914 0.02102662 0.01067044
v 0.02616952 0.02113434 0.01044971
v 0.02624720 0.02122691 0.01021756
v 0.02631158 0.02130364 0.00997577
v 0.02636217 0.02136392 0.00972616
v 0.02639858 0.02140732 0.00947065
v 0.02642054 0.02143349 0.00921117
v 0.02642788 0.02144223 0.00894971
v 0.02642054 0.02143349 0.00868824
v 0.02639858 0.02140732 0.00842876
v 0.02636217 0.02136392 0.00817325
v 0.02631158 0.02130364 0.00792365
v 0.02624720 0.02122691 0.00768185
v 0.02616952 0.02113434 0.00744971
v 0.02607914 0.02102662 0.00722898
v 0.02597672 0.02090457 0.00702134
v 0.02586307 0.02076912 0.00682839
v 0.02573904 0.02062131 0.00665157
v 0.02560558 0.02046225 0.00649225
v 0.02546369 0.02029316 0.00635163
v 0.02531447 0.02011533 0.00623078
v 0.02515905 0.01993010 0.00613063
v 0.02499861 0.01973890 0.00605193
v 0.02657477 0.02035656 0.01087807
v 0.02668743 0.02046922 0.01067044
v 0.02678686 0.02056865 0.01044971
v 0.02687232 0.02065410 0.01021756
v 0.02694314 0.02072492 0.00997577
v 0.02699878 0.02078057 0.00972616
v 0.02703884 0.02082063 0.00947065
v 0.02706300 0.02084478 0.00921117
v 0.02707107 0.02085285 0.00894971
v 0.02706300 0.02084478 0.00868824
v 0.02703884 0.02082063 0.00842876
v 0.02699878 0.02078057 0.00817325
v 0.02694314 0.02072492 0.00792365
v 0.02687232 0.02065410 0.00768185
v 0.02678686 0.02056865 0.00744971
v 0.02668743 0.02046922 0.00722898
v 0.02657477 0.02035656 0.00702134
v 0.02644975 0.02023153 0.00682839
v 0.02631330 0.02009509 0.00665157
v 0.02616649 0.01994827 0.00649225
v 0.02601041 0.01979219 0.00635163
v 0.02584626 0.01962804 0.00623078
v 0.02567528 0.01945707 0.00613063
v 0.02549879 0.01928057 0.00605193
v 0.02698734 0.01964486 0.01107103
v 0.02712278 0.01975851 0.01087807
v 0.02724483 0.01986092 0.01067044
v 0.02735255 0.01995131 0.01044971
v 0.02744513 0.02002899 0.01021756
v 0.02752185 0.02009337 0.00997577
v 0.02758214 0.02014395 0.00972616
v 0.02762553 0.02018037 0.00947065
v 0.02765170 0.02020232 0.00921117
v 0.02766044 0.02020966 0.00894971
v 0.02765170 0.02020232 0.00868824
v 0.02762553 0.02018037 0.00842876
v 0.02758214 0.02014395 0.00817325
v 0.02752185 0.02009337 0.00792365
v 0.02744513 0.02002899 0.00768185
v 0.02735255 0.01995131 0.00744971
v 0.02724483 0.01986092 0.00722898
v 0.02712278 0.01975851 0.00702134
v 0.02698734 0.01964486 0.00682839
v 0.02683952 0.01952083 0.00665157
v 0.02668047 0.01938736 0.00649225
v 0.02651138 0.01924548 0.00635163
v 0.02633354 0.01909626 0.00623078
v 0.02614832 0.01894084 0.00613063
v 0.02595711 0.01878040 0.00605193
v 0.02747175 0.01901356 0.01107103
v 0.02761658 0.01911497 0.01087807
v 0.02774709 0.01920636 0.01067044
v 0.02786228 0.01928702 0.01044971
v 0.02796127 0.01935633 0.01021756
v 0.02804332 0.01941378 0.00997577
v 0.02810778 0.01945892 0.00972616
v 0.02815419 0.01949141 0.00947065
v 0.02818217 0.01951100 0.00921117
v 0.02819152 0.01951755 0.00894971
v 0.02818217 0.01951100 0.00868824
v 0.02815419 0.01949141 0.00842876
v 0.02810778 0.01945892 0.00817325
v 0.02804332 0.01941378 0.00792365
v 0.02796127 0.01935633 0.00768185
v 0.02786228 0.01928702 0.00744971
v 0.02774709 0.01920636 0.00722898
v 0.02761658 0.01911497 0.00702134
v 0.02747175 0.01901356 0.00682839
v 0.02731369 0.01890288 0.00665157
v 0.02714360 0.01878379 0.00649225
v 0.02696279 0.01865719 0.00635163
v 0.02677263 0.01852403 0.00623078
v 0.02657456 0.01838535 0.00613063
v 0.02637010 0.01824218 0.00605193
v 0.02789930 0.01834245 0.01107103
v 0.02805242 0.01843085 0.01087807
v 0.02819040 0.01851051 0.01067044
v 0.02831218 0.01858082 0.01044971
v 0.02841683 0.01864125 0.01021756
v 0.02850357 0.01869132 0.00997577
v 0.02857173 0.01873067 0.00972616
v 0.02862078 0.01875900 0.00947065
v 0.02865037 0.01877608 0.00921117
v 0.02866025 0.01878178 0.00894971
v 0.02865037 0.01877608 0.00868824
v 0.02862078 0.01875900 0.00842876
v 0.02857173 0.01873067 0.00817325
v 0.02850357 0.01869132 0.00792365
v 0.02841683 0.01864125 0.00768185
v 0.02831218 0.01858082 0.00744971
v 0.02819040 0.01851051 0.00722898
v 0.02805242 0.01843085 0.00702134
v 0.02789930 0.01834245 0.00682839
v 0.02773219 0.01824597 0.00665157
v 0.02755237 0.01814215 0.00649225
v 0.02736122 0.01803179 0.00635163
v 0.02716017 0.01791571 0.00623078
v 0.02695077 0.01779482 0.00613063
v 0.02673461 0.01767001 0.00605193
v 0.02809184 0.01755507 0.01124784
v 0.02826672 0.01763662 0.01107103
v 0.02842697 0.01771135 0.01087807
v 0.02857137 0.01777868 0.01067044
v 0.02869881 0.01783811 0.01044971
v 0.02880833 0.01788918 0.01021756
v 0.02889911 0.01793151 0.00997577
v 0.02897043 0.01796477 0.00972616
v 0.02902177 0.01798871 0.00947065
v 0.02905273 0.01800314 0.00921117
v 0.02906308 0.01800797 0.00894971
v 0.02905273 0.01800314 0.00868824
v 0.02902177 0.01798871 0.00842876
v 0.02897043 0.01796477 0.00817325
v 0.02889911 0.01793151 0.00792365
v 0.02880833 0.01788918 0.00768185
v 0.02869881 0.01783811 0.00744971
v 0.02857137 0.01777868 0.00722898
v 0.02842697 0.01771135 0.00702134
v 0.02826672 0.01763662 0.00682839
v 0.02809184 0.01755507 0.00665157
v 0.02790366 0.01746733 0.00649225
v 0.02770361 0.01737404 0.00635163
v 0.02749322 0.01727593 0.00623078
v 0.02727408 0.01717374 0.00613063
v 0.02704786 0.01706826 0.00605193
v 0.02838992 0.01683547 0.01124784
v 0.02857124 0.01690146 0.01107103
v 0.02873739 0.01696193 0.01087807
v 0.02888710 0.01701643 0.01067044
v 0.02901924 0.01706452 0.01044971
v 0.02913280 0.01710585 0.01021756
v 0.02922691 0.01714011 0.00997577
v 0.02930087 0.01716702 0.00972616
v 0.02935410 0.01718640 0.00947065
v 0.02938620 0.01719808 0.00921117
v 0.02939693 0.01720199 0.00894971
v 0.02938620 0.01719808 0.00868824
v 0.02935410 0.01718640 0.00842876
v 0.02930087 0.01716702 0.00817325
v 0.02922691 0.01714011 0.00792365
v 0.02913280 0.01710585 0.00768185
v 0.02901924 0.01706452 0.00744971
v 0.02888710 0.01701643 0.00722898
v 0.02873739 0.01696193 0.00702134
v 0.02857124 0.01690146 0.00682839
v 0.02838992 0.01683547 0.00665157
v 0.02819480 0.01676445 0.00649225
v 0.02798739 0.01668896 0.00635163
v 0.02776924 0.01660956 0.00623078
v 0.02754203 0.01652686 0.00613063
v 0.02730748 0.01644149 0.00605193
v 0.02862414 0.01609262 0.01124784
v 0.02881052 0.01614256 0.01107103
v 0.02898131 0.01618832 0.01087807
v 0.02913520 0.01622956 0.01067044
v 0.02927103 0.01626595 0.01044971
v 0.02938776 0.01629723 0.01021756
v 0.02948450 0.01632315 0.00997577
v 0.02956052 0.01634352 0.00972616
v 0.02961523 0.01635818 0.00947065
v 0.02964823 0.01636702 0.00921117
v 0.02965926 0.01636998 0.00894971
v 0.02964823 0.01636702 0.00868824
v 0.02961523 0.01635818 0.00842876
v 0.02956052 0.01634352 0.00817325
v 0.02948450 0.01632315 0.00792365
v 0.02938776 0.01629723 0.00768185
v 0.02927103 0.01626595 0.00744971
v 0.02913520 0.01622956 0.00722898
v 0.02898131 0.01618832 0.00702134
v 0.02881052 0.01614256 0.00682839
v 0.02862414 0.01609262 0.00665157
v 0.02842358 0.01603888 0.00649225
v 0.02821037 0.01598175 0.00635163
v 0.02798613 0.01592166 0.00623078
v 0.02775258 0.01585908 0.00613063
v 0.02879272 0.01533218 0.01124784
v 0.02898275 0.01536569 0.01107103
v 0.02915687 0.01539639 0.01087807
v 0.02931377 0.01542406 0.01067044
v 0.02945226 0.01544847 0.01044971
v 0.02957127 0.01546946 0.01021756
v 0.02966990 0.01548685 0.00997577
v 0.02974741 0.01550052 0.00972616
v 0.02980319 0.01551035 0.00947065
v 0.02983683 0.01551628 0.00921117
v 0.02984808 0.01551827 0.00894971
v 0.02983683 0.01551628 0.00868824
v 0.02980319 0.01551035 0.00842876
v 0.02974741 0.01550052 0.00817325
v 0.02966990 0.01548685 0.00792365
v 0.02957127 0.01546946 0.00768185
v 0.02945226 0.01544847 0.00744971
v 0.02931377 0.01542406 0.00722898
v 0.02915687 0.01539639 0.00702134
v 0.02898275 0.01536569 0.00682839
v 0.02879272 0.01533218 0.00665157
v 0.02858824 0.01529612 0.00649225
v 0.02837086 0.01525780 0.00635163
v 0.02814225 0.01521748 0.00623078
v 0.02790413 0.01517550 0.00613063
v 0.02889439 0.01455994 0.01124784
v 0.02908661 0.01457676 0.01107103
v 0.02926275 0.01459217 0.01087807
v 0.02942147 0.01460606 0.01067044
v 0.02956155 0.01461831 0.01044971
v 0.02968194 0.01462885 0.01021756
v 0.02978171 0.01463757 0.00997577
v 0.02986011 0.01464443 0.00972616
v 0.02991654 0.01464937 0.00947065
v 0.02995057 0.01465235 0.00921117
v 0.02996195 0.01465334 0.00894971
v 0.02995057 0.01465235 0.00868824
v 0.02991654 0.01464937 0.00842876
v 0.02986011 0.01464443 0.00817325
v 0.02978171 0.01463757 0.00792365
v 0.02968194 0.01462885 0.00768185
v 0.02956155 0.01461831 0.00744971
v 0.02942147 0.01460606 0.00722898
v 0.02926275 0.01459217 0.00702134
v 0.02908661 0.01457676 0.00682839
v 0.02889439 0.01455994 0.00665157
v 0.02868754 0.01454185 0.00649225
v 0.02846766 0.01452261 0.00635163
v 0.02823639 0.01450238 0.00623078
v 0.02799552 0.01448130 0.00613063
v 0.02912132 0.01378179 0.01107103
v 0.02929813 0.01378179 0.01087807
v 0.02945746 0.01378179 0.01067044
v 0.02959808 0.01378179 0.01044971
v 0.02971892 0.01378179 0.01021756
v 0.02981908 0.01378179 0.00997577
v 0.02989778 0.01378179 0.00972616
v 0.02995442 0.01378179 0.00947065
v 0.02998858 0.01378179 0.00921117
v 0.03000000 0.01378179 0.00894971
v 0.02998858 0.01378179 0.00868824
v 0.02995442 0.01378179 0.00842876
v 0.02989778 0.01378179 0.00817325
v 0.02981908 0.01378179 0.00792365
v 0.02971892 0.01378179 0.00768185
v 0.02959808 0.01378179 0.00744971
v 0.02945746 0.01378179 0.00722898
v 0.02929813 0.01378179 0.00702134
v 0.02912132 0.01378179 0.00682839
v 0.02892836 0.01378179 0.00665157
v 0.02872073 0.01378179 0.00649225
v 0.02850000 0.01378179 0.00635163
v 0.02826785 0.01378179 0.00623078
v 0.02802606 0.01378179 0.00613063
v 0.02912132 -0.01421821 0.01107103
v 0.02929813 -0.01421821 0.01087807
v 0.02945746 -0.01421821 0.01067044
v 0.02959808 -0.01421821 0.01044971
v 0.02971892 -0.01421821 0.01021756
v 0.02981908 -0.01421821 0.00997577
v 0.02989778 -0.01421821 0.00972616
v 0.02995442 -0.01421821 0.00947065
v 0.02998858 -0.01421821 0.00921117
v 0.03000000 -0.01421821 0.00894971
v 0.02998858 -0.01421821 0.00868824
v 0.02995442 -0.01421821 0.00842876
v 0.02989778 -0.01421821 0.00817325
v 0.02981908 -0.01421821 0.00792365
v 0.02971892 -0.01421821 0.00768185
v 0.02959808 -0.01421821 0.00744971
v 0.02945746 -0.01421821 0.00722898
v 0.02929813 -0.01421821 0.00702134
v 0.02912132 -0.01421821 0.00682839
v 0.02892836 -0.01421821 0.00665157
v 0.02872073 -0.01421821 0.00649225
v 0.02850000 -0.01421821 0.00635163
v 0.02826785 -0.01421821 0.00623078
v 0.02802606 -0.01421821 0.00613063
v 0.02087056 -0.02416879 0.00921117
v 0.02087156 -0.02418016 0.00894971
v 0.02087056 -0.02416879 0.00868824
v 0.02086758 -0.02413476 0.00842876
v 0.02086265 -0.02407833 0.00817325
v 0.02085579 -0.02399993 0.00792365
v 0.02084706 -0.02390015 0.00768185
v 0.02083653 -0.02377977 0.00744971
v 0.02082427 -0.02363968 0.00722898
v 0.02081038 -0.02348096 0.00702134
v 0.02079497 -0.02330483 0.00682839
v 0.02077816 -0.02311260 0.00665157
v 0.02076006 -0.02290576 0.00649225
v 0.02074082 -0.02268587 0.00635163
v 0.02072059 -0.02245461 0.00623078
v 0.02908661 -0.01501319 0.01107103
v 0.02926275 -0.01502860 0.01087807
v 0.02942147 -0.01504249 0.01067044
v 0.02956155 -0.01505474 0.01044971
v 0.02968194 -0.01506527 0.01021756
v 0.02978171 -0.01507400 0.00997577
v 0.02986011 -0.01508086 0.00972616
v 0.02991654 -0.01508580 0.00947065
v 0.02995057 -0.01508878 0.00921117
v 0.02996195 -0.01508977 0.00894971
v 0.02995057 -0.01508878 0.00868824
v 0.02991654 -0.01508580 0.00842876
v 0.02986011 -0.01508086 0.00817325
v 0.02978171 -0.01507400 0.00792365
v 0.02968194 -0.01506527 0.00768185
v 0.02956155 -0.01505474 0.00744971
v 0.02942147 -0.01504249 0.00722898
v 0.02926275 -0.01502860 0.00702134
v 0.02908661 -0.01501319 0.00682839
v 0.02889439 -0.01499637 0.00665157
v 0.02868754 -0.01497828 0.00649225
v 0.02846766 -0.01495904 0.00635163
v 0.02823639 -0.01493881 0.00623078
v 0.02799552 -0.01491773 0.00613063
v 0.02898275 -0.01580212 0.01107103
v 0.02915687 -0.01583282 0.01087807
v 0.02931377 -0.01586048 0.01067044
v 0.02945226 -0.01588490 0.01044971
v 0.02957127 -0.01590589 0.01021756
v 0.02966990 -0.01592328 0.00997577
v 0.02974741 -0.01593694 0.00972616
v 0.02980319 -0.01594678 0.00947065
v 0.02983683 -0.01595271 0.00921117
v 0.02984808 -0.01595470 0.00894971
v 0.02983683 -0.01595271 0.00868824
v 0.02980319 -0.01594678 0.00842876
v 0.02974741 -0.01593694 0.00817325
v 0.02966990 -0.01592328 0.00792365
v 0.02957127 -0.01590589 0.00768185
v 0.02945226 -0.01588490 0.00744971
v 0.02931377 -0.01586048 0.00722898
v 0.02915687 -0.01583282 0.00702134
v 0.02898275 -0.01580212 0.00682839
v 0.02879272 -0.01576861 0.00665157
v 0.02858824 -0.01573255 0.00649225
v 0.02837086 -0.01569422 0.00635163
v 0.02814225 -0.01565391 0.00623078
v 0.02790413 -0.01561193 0.00613063
v 0.02881052 -0.01657899 0.01107103
v 0.02898131 -0.01662475 0.01087807
v 0.02913520 -0.01666598 0.01067044
v 0.02927103 -0.01670238 0.01044971
v 0.02938776 -0.01673366 0.01021756
v 0.02948450 -0.01675958 0.00997577
v 0.02956052 -0.01677995 0.00972616
v 0.02961523 -0.01679461 0.00947065
v 0.02964823 -0.01680345 0.00921117
v 0.02965926 -0.01680641 0.00894971
v 0.02964823 -0.01680345 0.00868824
v 0.02961523 -0.01679461 0.00842876
v 0.02956052 -0.01677995 0.00817325
v 0.02948450 -0.01675958 0.00792365
v 0.02938776 -0.01673366 0.00768185
v 0.02927103 -0.01670238 0.00744971
v 0.02913520 -0.01666598 0.00722898
v 0.02898131 -0.01662475 0.00702134
v 0.02881052 -0.01657899 0.00682839
v 0.02862414 -0.01652904 0.00665157
v 0.02842358 -0.01647530 0.00649225
v 0.02821037 -0.01641818 0.00635163
v 0.02798613 -0.01635809 0.00623078
v 0.02775258 -0.01629551 0.00613063
v 0.02857124 -0.01733789 0.01107103
v 0.02873739 -0.01739836 0.01087807
v 0.02888710 -0.01745285 0.01067044
v 0.02901924 -0.01750095 0.01044971
v 0.02913280 -0.01754228 0.01021756
v 0.02922691 -0.01757654 0.00997577
v 0.02930087 -0.01760345 0.00972616
v 0.02935410 -0.01762283 0.00947065
v 0.02938620 -0.01763451 0.00921117
v 0.02939693 -0.01763842 0.00894971
v 0.02938620 -0.01763451 0.00868824
v 0.02935410 -0.01762283 0.00842876
v 0.02930087 -0.01760345 0.00817325
v 0.02922691 -0.01757654 0.00792365
v 0.02913280 -0.01754228 0.00768185
v 0.02901924 -0.01750095 0.00744971
v 0.02888710 -0.01745285 0.00722898
v 0.02873739 -0.01739836 0.00702134
v 0.02857124 -0.01733789 0.00682839
v 0.02838992 -0.01727189 0.00665157
v 0.02819480 -0.01720088 0.00649225
v 0.02798739 -0.01712538 0.00635163
v 0.02776924 -0.01704599 0.00623078
v 0.02754203 -0.01696329 0.00613063
v 0.02730748 -0.01687792 0.00605193
v 0.02842697 -0.01814778 0.01087807
v 0.02857137 -0.01821511 0.01067044
v 0.02869881 -0.01827454 0.01044971
v 0.02880833 -0.01832561 0.01021756
v 0.02889911 -0.01836794 0.00997577
v 0.02897043 -0.01840120 0.00972616
v 0.02902177 -0.01842513 0.00947065
v 0.02905273 -0.01843957 0.00921117
v 0.02906308 -0.01844440 0.00894971
v 0.02905273 -0.01843957 0.00868824
v 0.02902177 -0.01842513 0.00842876
v 0.02897043 -0.01840120 0.00817325
v 0.02889911 -0.01836794 0.00792365
v 0.02880833 -0.01832561 0.00768185
v 0.02869881 -0.01827454 0.00744971
v 0.02857137 -0.01821511 0.00722898
v 0.02842697 -0.01814778 0.00702134
v 0.02826672 -0.01807305 0.00682839
v 0.02809184 -0.01799150 0.00665157
v 0.02790366 -0.01790375 0.00649225
v 0.02770361 -0.01781047 0.00635163
v 0.02749322 -0.01771236 0.00623078
v 0.02727408 -0.01761017 0.00613063
v 0.02704786 -0.01750469 0.00605193
v 0.02805242 -0.01886728 0.01087807
v 0.02819040 -0.01894694 0.01067044
v 0.02831218 -0.01901725 0.01044971
v 0.02841683 -0.01907768 0.01021756
v 0.02850357 -0.01912775 0.00997577
v 0.02857173 -0.01916710 0.00972616
v 0.02862078 -0.01919543 0.00947065
v 0.02865037 -0.01921251 0.00921117
v 0.02866025 -0.01921821 0.00894971
v 0.02865037 -0.01921251 0.00868824
v 0.02862078 -0.01919543 0.00842876
v 0.02857173 -0.01916710 0.00817325
v 0.02850357 -0.01912775 0.00792365
v 0.02841683 -0.01907768 0.00768185
v 0.02831218 -0.01901725 0.00744971
v 0.02819040 -0.01894694 0.00722898
v 0.02805242 -0.01886728 0.00702134
v 0.02789930 -0.01877888 0.00682839
v 0.02773219 -0.01868240 0.00665157
v 0.02755237 -0.01857858 0.00649225
v 0.02736122 -0.01846821 0.00635163
v 0.02716017 -0.01835214 0.00623078
v 0.02695077 -0.01823124 0.00613063
v 0.02673461 -0.01810644 0.00605193
v 0.02761658 -0.01955140 0.01087807
v 0.02774709 -0.01964279 0.01067044
v 0.02786228 -0.01972345 0.01044971
v 0.02796127 -0.01979276 0.01021756
v 0.02804332 -0.01985021 0.00997577
v 0.02810778 -0.01989535 0.00972616
v 0.02815419 -0.01992784 0.00947065
v 0.02818217 -0.01994743 0.00921117
v 0.02819152 -0.01995398 0.00894971
v 0.02818217 -0.01994743 0.00868824
v 0.02815419 -0.01992784 0.00842876
v 0.02810778 -0.01989535 0.00817325
v 0.02804332 -0.01985021 0.00792365
v 0.02796127 -0.01979276 0.00768185
v 0.02786228 -0.01972345 0.00744971
v 0.02774709 -0.01964279 0.00722898
v 0.02761658 -0.01955140 0.00702134
v 0.02747175 -0.01944999 0.00682839
v 0.02731369 -0.01933931 0.00665157
v 0.02714360 -0.01922022 0.00649225
v 0.02696279 -0.01909361 0.00635163
v 0.02677263 -0.01896046 0.00623078
v 0.02657456 -0.01882177 0.00613063
v 0.02637010 -0.01867861 0.00605193
v 0.02724483 -0.02029735 0.01067044
v 0.02735255 -0.02038774 0.01044971
v 0.02744513 -0.02046542 0.01021756
v 0.02752185 -0.02052980 0.00997577
v 0.02758214 -0.02058038 0.00972616
v 0.02762553 -0.02061679 0.00947065
v 0.02765170 -0.02063875 0.00921117
v 0.02766044 -0.02064609 0.00894971
v 0.02765170 -0.02063875 0.00868824
v 0.02762553 -0.02061679 0.00842876
v 0.02758214 -0.02058038 0.00817325
v 0.02752185 -0.02052980 0.00792365
v 0.02744513 -0.02046542 0.00768185
v 0.02735255 -0.02038774 0.00744971
v 0.02724483 -0.02029735 0.00722898
v 0.02712278 -0.02019494 0.00702134
v 0.02698734 -0.02008129 0.00682839
v 0.02683952 -0.01995726 0.00665157
v 0.02668047 -0.01982379 0.00649225
v 0.02651138 -0.01968191 0.00635163
v 0.02633354 -0.01953269 0.00623078
v 0.02614832 -0.01937727 0.00613063
v 0.02595711 -0.01921682 0.00605193
v 0.02668743 -0.02090565 0.01067044
v 0.02678686 -0.02100508 0.01044971
v 0.02687232 -0.02109053 0.01021756
v 0.02694314 -0.02116135 0.00997577
v 0.02699878 -0.02121700 0.00972616
v 0.02703884 -0.02125705 0.00947065
v 0.02706300 -0.02128121 0.00921117
v 0.02707107 -0.02128928 0.00894971
v 0.02706300 -0.02128121 0.00868824
v 0.02703884 -0.02125705 0.00842876
v 0.02699878 -0.02121700 0.00817325
v 0.02694314 -0.02116135 0.00792365
v 0.02687232 -0.02109053 0.00768185
v 0.02678686 -0.02100508 0.00744971
v 0.02668743 -0.02090565 0.00722898
v 0.02657477 -0.02079299 0.00702134
v 0.02644975 -0.02066796 0.00682839
v 0.02631330 -0.02053152 0.00665157
v 0.02616649 -0.02038470 0.00649225
v 0.02601041 -0.02022862 0.00635163
v 0.02584626 -0.02006447 0.00623078
v 0.02567528 -0.01989350 0.00613063
v 0.02549879 -0.01971700 0.00605193
v 0.02607914 -0.02146305 0.01067044
v 0.02616952 -0.02157077 0.01044971
v 0.02624720 -0.02166334 0.01021756
v 0.02631158 -0.02174006 0.00997577
v 0.02636217 -0.02180035 0.00972616
v 0.02639858 -0.02184374 0.00947065
v 0.02642054 -0.02186991 0.00921117
v 0.02642788 -0.02187866 0.00894971
v 0.02642054 -0.02186991 0.00868824
v 0.02639858 -0.02184374 0.00842876
v 0.02636217 -0.02180035 0.00817325
v 0.02631158 -0.02174006 0.00792365
v 0.02624720 -0.02166334 0.00768185
v 0.02616952 -0.02157077 0.00744971
v 0.02607914 -0.02146305 0.00722898
v 0.02597672 -0.02134100 0.00702134
v 0.02586307 -0.02120555 0.00682839
v 0.02573904 -0.02105774 0.00665157
v 0.02560558 -0.02089868 0.00649225
v 0.02546369 -0.02072959 0.00635163
v 0.02531447 -0.02055176 0.00623078
v 0.02515905 -0.02036653 0.00613063
v 0.02499861 -0.02017533 0.00605193
v 0.02550523 -0.02208050 0.01044971
v 0.02557454 -0.02217949 0.01021756
v 0.02563199 -0.02226153 0.00997577
v 0.02567713 -0.02232600 0.00972616
v 0.02570962 -0.02237240 0.00947065
v 0.02572922 -0.02240038 0.00921117
v 0.02573576 -0.02240974 0.00894971
v 0.02572922 -0.02240038 0.00868824
v 0.02570962 -0.02237240 0.00842876
v 0.02567713 -0.02232600 0.00817325
v 0.02563199 -0.02226153 0.00792365
v 0.02557454 -0.02217949 0.00768185
v 0.02550523 -0.02208050 0.00744971
v 0.02542457 -0.02196531 0.00722898
v 0.02533319 -0.02183480 0.00702134
v 0.02523177 -0.02168996 0.00682839
v 0.02512110 -0.02153190 0.00665157
v 0.02500200 -0.02136182 0.00649225
v 0.02487540 -0.02118101 0.00635163
v 0.02474225 -0.02099084 0.00623078
v 0.02460356 -0.02079278 0.00613063
v 0.02485946 -0.02263505 0.01021756
v 0.02490954 -0.02272179 0.00997577
v 0.02494889 -0.02278994 0.00972616
v 0.02497721 -0.02283900 0.00947065
v 0.02499429 -0.02286858 0.00921117
v 0.02500000 -0.02287847 0.00894971
v 0.02499429 -0.02286858 0.00868824
v 0.02497721 -0.02283900 0.00842876
v 0.02494889 -0.02278994 0.00817325
v 0.02490954 -0.02272179 0.00792365
v 0.02485946 -0.02263505 0.00768185
v 0.02479904 -0.02253039 0.00744971
v 0.02472873 -0.02240861 0.00722898
v 0.02464907 -0.02227063 0.00702134
v 0.02456066 -0.02211751 0.00682839
v 0.02446418 -0.02195040 0.00665157
v 0.02436036 -0.02177059 0.00649225
v 0.02425000 -0.02157943 0.00635163
v 0.02413393 -0.02137839 0.00623078
v 0.02401303 -0.02116899 0.00613063
v 0.02410739 -0.02302655 0.01021756
v 0.02414972 -0.02311732 0.00997577
v 0.02418298 -0.02318865 0.00972616
v 0.02420692 -0.02323999 0.00947065
v 0.02422136 -0.02327095 0.00921117
v 0.02422618 -0.02328129 0.00894971
v 0.02422136 -0.02327095 0.00868824
v 0.02420692 -0.02323999 0.00842876
v 0.02418298 -0.02318865 0.00817325
v 0.02414972 -0.02311732 0.00792365
v 0.02410739 -0.02302655 0.00768185
v 0.02405632 -0.02291702 0.00744971
v 0.02399689 -0.02278958 0.00722898
v 0.02392956 -0.02264518 0.00702134
v 0.02385483 -0.02248494 0.00682839
v 0.02377329 -0.02231006 0.00665157
v 0.02368554 -0.02212188 0.00649225
v 0.02359225 -0.02192183 0.00635163
v 0.02349414 -0.02171144 0.00623078
v 0.02339196 -0.02149229 0.00613063
v 0.02335832 -0.02344513 0.00997577
v 0.02338524 -0.02351908 0.00972616
v 0.02340461 -0.02357231 0.00947065
v 0.02341630 -0.02360441 0.00921117
v 0.02342020 -0.02361514 0.00894971
v 0.02341630 -0.02360441 0.00868824
v 0.02340461 -0.02357231 0.00842876
v 0.02338524 -0.02351908 0.00817325
v 0.02335832 -0.02344513 0.00792365
v 0.02332407 -0.02335102 0.00768185
v 0.02328273 -0.02323746 0.00744971
v 0.02323464 -0.02310532 0.00722898
v 0.02318015 -0.02295560 0.00702134
v 0.02311967 -0.02278945 0.00682839
v 0.02305368 -0.02260813 0.00665157
v 0.02298266 -0.02241302 0.00649225
v 0.02290717 -0.02220560 0.00635163
v 0.02282777 -0.02198746 0.00623078
v 0.02274507 -0.02176024 0.00613063
v 0.02256173 -0.02377873 0.00972616
v 0.02257639 -0.02383345 0.00947065
v 0.02258524 -0.02386645 0.00921117
v 0.02258819 -0.02387747 0.00894971
v 0.02258524 -0.02386645 0.00868824
v 0.02257639 -0.02383345 0.00842876
v 0.02256173 -0.02377873 0.00817325
v 0.02254136 -0.02370271 0.00792365
v 0.02251544 -0.02360597 0.00768185
v 0.02248416 -0.02348924 0.00744971
v 0.02244777 -0.02335342 0.00722898
v 0.02240653 -0.02319952 0.00702134
v 0.02236077 -0.02302873 0.00682839
v 0.02231083 -0.02284235 0.00665157
v 0.02225709 -0.02264179 0.00649225
v 0.02219996 -0.02242858 0.00635163
v 0.02213988 -0.02220435 0.00623078
v 0.02207730 -0.02197079 0.00613063
v 0.02172857 -0.02402141 0.00947065
v 0.02173450 -0.02405505 0.00921117
v 0.02173648 -0.02406629 0.00894971
v 0.02173450 -0.02405505 0.00868824
v 0.02172857 -0.02402141 0.00842876
v 0.02171873 -0.02396562 0.00817325
v 0.02170506 -0.02388812 0.00792365
v 0.02168767 -0.02378949 0.00768185
v 0.02166669 -0.02367047 0.00744971
v 0.02164227 -0.02353199 0.00722898
v 0.02161460 -0.02337509 0.00702134
v 0.02158390 -0.02320096 0.00682839
v 0.02155039 -0.02301094 0.00665157
v 0.02151434 -0.02280646 0.00649225
v 0.02147601 -0.02258908 0.00635163
v 0.02143570 -0.02236046 0.00623078
v -0.01587451 0.01474157 0.04000000
v -0.01582860 0.01473324 0.04000000
v -0.01599658 0.01475176 0.04000000
v -0.01600000 0.01475178 0.04000000
v -0.01598361 0.01475122 0.04000000
v -0.01574793 0.01471304 0.04000000
v -0.01575315 0.01471467 0.04000000
v -0.01581081 0.01472969 0.04000000
v -0.01576545 0.01471799 0.04000000
v -0.01581506 0.01473067 0.04000000
v -0.01542391 0.01453717 0.04000000
v -0.01546298 0.01456805 0.04000000
v -0.01547844 0.01457890 0.04000000
v -0.01551896 0.01460677 0.04000000
v -0.01557703 0.01464117 0.04000000
v -0.01558246 0.01464401 0.04000000
v -0.01562526 0.01466555 0.04000000
v -0.01563296 0.01466928 0.04000000
v -0.01520041 0.01428387 0.04000000
v -0.01523040 0.01432858 0.04000000
v -0.01524201 0.01434398 0.04000000
v -0.01527416 0.01438622 0.04000000
v -0.01531698 0.01443590 0.04000000
v -0.01532222 0.01444148 0.04000000
v -0.01535797 0.01447809 0.04000000
v -0.01540925 0.01452512 0.04000000
v -0.01537177 0.01449132 0.04000000
v -0.01541326 0.01452860 0.04000000
v -0.01507353 0.01402259 0.04000000
v -0.01507743 0.01403305 0.04000000
v -0.01509782 0.01408675 0.04000000
v -0.01512818 0.01415500 0.04000000
v -0.01515852 0.01421392 0.04000000
v -0.01519012 0.01426781 0.04000000
v -0.01516242 0.01422080 0.04000000
v -0.01519354 0.01427346 0.04000000
v -0.01504957 0.01394549 0.04000000
v -0.01505427 0.01396230 0.04000000
v -0.01500000 0.01358363 0.04000000
v -0.01500002 0.01358620 0.04000000
v -0.01500334 0.01367872 0.04000000
v -0.01500992 0.01374747 0.04000000
v -0.01501087 0.01375424 0.04000000
v -0.01502245 0.01382807 0.04000000
v -0.01501979 0.01381432 0.04000000
v -0.01503443 0.01388701 0.04000000
v -0.01570326 0.01469800 0.04000000
v -0.01564221 0.01467333 0.04000000
v -0.01568602 0.01469165 0.04000000
v -0.01588945 0.01474346 0.04000000
v -0.01594121 0.01474881 0.04000000
v -0.01593571 0.01474836 0.04000000
v -0.03335148 -0.01449293 0.04000000
v -0.03328469 -0.01452558 0.04000000
v -0.03220000 -0.01476230 0.04000000
v -0.03231405 -0.01475854 0.04000000
v -0.03237637 -0.01475639 0.04000000
v -0.03239245 -0.01475514 0.04000000
v -0.03251562 -0.01474211 0.04000000
v -0.03258928 -0.01473264 0.04000000
v -0.03271177 -0.01471048 0.04000000
v -0.03275486 -0.01470205 0.04000000
v -0.03278442 -0.01469500 0.04000000
v -0.03290580 -0.01466377 0.04000000
v -0.03294058 -0.01465411 0.04000000
v -0.03297709 -0.01464235 0.04000000
v -0.03309703 -0.01460208 0.04000000
v -0.03312292 -0.01459269 0.04000000
v -0.03375774 -0.01425242 0.04000000
v -0.03364500 -0.01432974 0.04000000
v -0.03358981 -0.01436279 0.04000000
v -0.03346750 -0.01443473 0.04000000
v -0.03347463 -0.01443085 0.04000000
v -0.03381644 -0.01421092 0.04000000
v -0.03392610 -0.01412451 0.04000000
v -0.03380482 -0.01421970 0.04000000
v -0.03398092 -0.01407873 0.04000000
v -0.03408705 -0.01398335 0.04000000
v -0.03396029 -0.01409684 0.04000000
v -0.03434893 -0.01370402 0.04000000
v -0.03424906 -0.01381945 0.04000000
v -0.03413742 -0.01393394 0.04000000
v -0.03423953 -0.01382974 0.04000000
v -0.03410855 -0.01396323 0.04000000
v -0.03439418 -0.01364976 0.04000000
v -0.03448901 -0.01352561 0.04000000
v -0.03438219 -0.01366510 0.04000000
v -0.03480757 -0.01299505 0.04000000
v -0.03472731 -0.01315044 0.04000000
v -0.03470563 -0.01318791 0.04000000
v -0.03461939 -0.01333365 0.04000000
v -0.03452507 -0.01347414 0.04000000
v -0.03461442 -0.01334151 0.04000000
v -0.03450487 -0.01350407 0.04000000
v -0.03504005 -0.01239526 0.04000000
v -0.03497972 -0.01258375 0.04000000
v -0.03497259 -0.01260273 0.04000000
v -0.03490476 -0.01278042 0.04000000
v -0.03482745 -0.01295399 0.04000000
v -0.03490053 -0.01279043 0.04000000
v -0.03481968 -0.01297105 0.04000000
v -0.03516835 -0.01178842 0.04000000
v -0.03517024 -0.01177623 0.04000000
v -0.03513899 -0.01197807 0.04000000
v -0.03509670 -0.01218062 0.04000000
v -0.03504517 -0.01237811 0.04000000
v -0.03509631 -0.01218224 0.04000000
v -0.03504347 -0.01238440 0.04000000
v -0.03520000 -0.01132996 0.04000000
v -0.03519944 -0.01136929 0.04000000
v -0.03519039 -0.01157305 0.04000000
v -0.01500000 -0.01359311 0.04000000
v -0.03520000 0.01133122 0.04000000
v -0.03515481 0.01188499 0.04000000
v -0.03518178 0.01167401 0.04000000
v -0.03518299 0.01165728 0.04000000
v -0.03519602 0.01147749 0.04000000
v -0.03506569 0.01230466 0.04000000
v -0.03511599 0.01209338 0.04000000
v -0.03511601 0.01209328 0.04000000
v -0.03484787 0.01291098 0.04000000
v -0.03493104 0.01271511 0.04000000
v -0.03500122 0.01252037 0.04000000
v -0.03493557 0.01270286 0.04000000
v -0.03500380 0.01251274 0.04000000
v -0.03441152 0.01362839 0.04000000
v -0.03453928 0.01345507 0.04000000
v -0.03465043 0.01328349 0.04000000
v -0.03474580 0.01311625 0.04000000
v -0.03466143 0.01326453 0.04000000
v -0.03475394 0.01310124 0.04000000
v -0.03400670 0.01405681 0.04000000
v -0.03414796 0.01392470 0.04000000
v -0.03426699 0.01379942 0.04000000
v -0.03416557 0.01390652 0.04000000
v -0.03428588 0.01377866 0.04000000
v -0.03383978 0.01419346 0.04000000
v -0.03373072 0.01427150 0.04000000
v -0.03385098 0.01418493 0.04000000
v -0.03366597 0.01431584 0.04000000
v -0.03355436 0.01438507 0.04000000
v -0.03369321 0.01429818 0.04000000
v -0.03299810 0.01463622 0.04000000
v -0.03301469 0.01463090 0.04000000
v -0.03318683 0.01456766 0.04000000
v -0.03336203 0.01448922 0.04000000
v -0.03348642 0.01442347 0.04000000
v -0.03337272 0.01448386 0.04000000
v -0.03353000 0.01439973 0.04000000
v -0.03288159 0.01467002 0.04000000
v -0.03283661 0.01468272 0.04000000
v -0.03261507 0.01472818 0.04000000
v -0.03265649 0.01472168 0.04000000
v -0.03280738 0.01468966 0.04000000
v -0.03269010 0.01471495 0.04000000
v -0.03230429 0.01476029 0.04000000
v -0.03249734 0.01474501 0.04000000
v -0.03247502 0.01474770 0.04000000
v -0.02399855 -0.01479230 0.04000000
v -0.01600000 -0.01479230 0.04000000
v -0.01500584 -0.01370919 0.04000000
v -0.01500133 -0.01364372 0.04000000
v -0.01511315 -0.01412204 0.04000000
v -0.01509070 -0.01406900 0.04000000
v -0.01508498 -0.01405314 0.04000000
v -0.01506524 -0.01399800 0.04000000
v -0.01504483 -0.01392888 0.04000000
v -0.01504350 -0.01392360 0.04000000
v -0.01502939 -0.01386392 0.04000000
v -0.01501531 -0.01378683 0.04000000
v -0.01502625 -0.01384800 0.04000000
v -0.01501507 -0.01378529 0.04000000
v -0.01525338 -0.01435929 0.04000000
v -0.01522191 -0.01431651 0.04000000
v -0.01518201 -0.01425468 0.04000000
v -0.01514871 -0.01419571 0.04000000
v -0.01512068 -0.01413896 0.04000000
v -0.01514570 -0.01418978 0.04000000
v -0.01511748 -0.01413219 0.04000000
v -0.01549077 -0.01458760 0.04000000
v -0.01545145 -0.01455937 0.04000000
v -0.01539858 -0.01451594 0.04000000
v -0.01534802 -0.01446836 0.04000000
v -0.01530474 -0.01442230 0.04000000
v -0.01526525 -0.01437503 0.04000000
v -0.01529860 -0.01441506 0.04000000
v -0.01526145 -0.01437026 0.04000000
v -0.01550643 -0.01459858 0.04000000
v -0.01554691 -0.01462376 0.04000000
v -0.01550232 -0.01459587 0.04000000
v -0.01572983 -0.01470738 0.04000000
v -0.01566958 -0.01468520 0.04000000
v -0.01561031 -0.01465845 0.04000000
v -0.01556334 -0.01463348 0.04000000
v -0.01560483 -0.01465558 0.04000000
v -0.01555672 -0.01462977 0.04000000
f 131 9 1542
f 1940 1980 1941
f 177 178 175
f 1581 132 1537
f 186 188 240
f 198 194 197
f 198 196 194
f 1980 1940 1979
f 2004 1980 1979
f 1941 1980 1559
f 1325 1844 1524
f 11 9 131
f 131 1453 11
f 2468 1430 1358
f 758 181 180
f 180 177 758
f 178 177 180
f 133 1943 1311
f 2267 2285 2268
f 2268 2285 2286
f 2215 1569 2193
f 197 194 195
f 195 207 197
f 194 207 195
f 194 135 205
f 184 213 183
f 746 240 745
f 186 240 746
f 746 786 186
f 774 786 787
f 193 185 188
f 184 185 193
f 191 193 186
f 192 193 191
f 186 786 191
f 194 196 747
f 747 135 194
f 1560 1980 2004
f 1560 1559 1980
f 1894 1870 1325
f 1869 1844 1325
f 1325 1870 1869
f 1869 1870 1844
f 1957 1330 1329
f 1329 1328 1957
f 1957 1328 1981
f 1367 2005 1981
f 2469 1329 1330
f 1471 1514 1470
f 2078 2054 1363
f 1978 1940 1939
f 1978 1979 1940
f 13 119 120
f 1453 92 86
f 13 110 109
f 50 2418 2417
f 2127 2126 2149
f 2149 2126 1356
f 175 178 1954
f 1578 772 1579
f 758 772 759
f 759 772 1578
f 1578 1577 759
f 759 181 758
f 759 1577 181
f 131 1542 1541
f 1541 1540 131
f 121 1537 132
f 1314 1307 1312
f 1570 1569 2215
f 1563 2053 2077
f 2125 1566 1565
f 1565 2101 2125
f 2052 2053 1563
f 2052 2077 2053
f 2171 1568 1567
f 1569 1568 2194
f 2194 2193 1569
f 2171 2193 2194
f 2194 1568 2171
f 1057 815 1058
f 1331 1307 1314
f 208 207 194
f 194 205 208
f 1373 1372 2293
f 1373 1336 1332
f 2373 24 1410
f 1415 25 1416
f 1415 24 25
f 213 1321 1322
f 1322 1321 25
f 1320 213 184
f 1320 1321 213
f 184 193 1320
f 1320 193 1318
f 1320 1318 1307
f 1319 25 1320
f 25 1321 1320
f 1416 25 1417
f 25 1420 1417
f 1308 1420 25
f 745 240 242
f 240 23 242
f 26 240 188
f 26 23 240
f 188 185 26
f 26 185 184
f 184 183 26
f 26 183 213
f 213 1322 26
f 26 1322 25
f 787 786 744
f 786 746 744
f 761 774 762
f 187 188 186
f 186 193 187
f 187 193 188
f 190 193 192
f 192 191 190
f 196 191 773
f 786 774 773
f 773 191 786
f 196 198 199
f 199 198 197
f 189 191 196
f 196 201 189
f 189 190 191
f 175 1954 1953
f 2004 2028 1561
f 1561 1560 2004
f 1547 1546 1
f 1 1621 1547
f 1 1620 1621
f 1918 1330 1957
f 1918 1326 1330
f 1367 1981 1327
f 1327 1981 1328
f 2470 2469 1330
f 2470 1326 2420
f 1330 1326 2470
f 1329 2469 2480
f 2478 1328 2480
f 1328 1329 2480
f 1471 1470 2464
f 2464 1514 1471
f 2464 1470 1469
f 1504 1463 1467
f 1486 1503 19
f 1505 1463 1504
f 1469 1470 1510
f 1508 1645 1622
f 15 1536 1475
f 15 16 10
f 1365 2054 2030
f 2030 2007 2006
f 2006 2029 2030
f 2005 2029 2006
f 1986 1961 1985
f 1984 1985 1961
f 2078 2102 2103
f 2103 2079 2078
f 2103 2127 2104
f 2126 2127 2103
f 1358 2126 2103
f 1922 1961 1923
f 1922 1921 1961
f 1961 1921 1960
f 1960 1984 1961
f 1844 1870 1845
f 2027 2028 2004
f 15 10 14
f 13 112 113
f 111 113 112
f 13 113 111
f 1444 14 21
f 1453 86 93
f 102 109 110
f 433 465 467
f 468 469 467
f 433 467 435
f 435 467 469
f 87 244 94
f 94 95 87
f 87 92 1453
f 468 467 466
f 466 467 465
f 413 436 438
f 438 439 440
f 60 2423 2422
f 1430 2468 2467
f 2467 2363 1430
f 1431 1430 2364
f 1430 2363 2364
f 2078 1363 1362
f 1362 1363 2468
f 1408 1339 1390
f 1345 1425 1346
f 1423 1346 1425
f 1347 1346 1423
f 1431 1356 1357
f 1357 1430 1431
f 1358 1430 1357
f 1357 2126 1358
f 1357 1356 2126
f 2149 1356 1352
f 2149 1354 2172
f 2172 2173 2149
f 1354 2173 2172
f 2150 2127 2149
f 2149 2173 2150
f 1378 2368 1427
f 1351 1427 1349
f 2173 1351 2195
f 1351 1349 2195
f 1345 2196 2195
f 2195 1349 1345
f 1938 1978 1939
f 1526 2344 1525
f 1843 1556 1555
f 1868 1556 1843
f 179 1954 178
f 181 1577 179
f 179 180 181
f 178 180 179
f 1580 1579 785
f 785 1579 772
f 1580 799 703
f 703 799 704
f 126 127 1537
f 1453 127 126
f 1537 127 1538
f 1537 121 122
f 1316 1315 133
f 133 1317 1316
f 1316 211 1315
f 1316 207 211
f 1307 1318 1316
f 1316 1312 1307
f 133 1311 1310
f 1310 1317 133
f 1310 1316 1317
f 1311 1312 1310
f 1312 1316 1310
f 1314 1312 1313
f 1371 1372 1334
f 1371 1331 1314
f 1334 1331 1371
f 2235 2255 1571
f 1571 1570 2235
f 2235 1570 2215
f 1571 2255 1572
f 1573 1572 2274
f 2274 1572 2255
f 1563 2077 1564
f 1564 2077 2101
f 2101 1565 1564
f 2101 2077 2076
f 2077 2052 2076
f 2215 2193 2192
f 261 243 55
f 815 243 261
f 800 815 261
f 1071 1070 1015
f 868 132 1581
f 457 491 458
f 458 393 457
f 457 393 456
f 489 491 457
f 295 309 308
f 295 124 338
f 338 309 295
f 338 339 309
f 1418 1331 1334
f 1420 1331 1418
f 1418 1417 1420
f 1307 1331 1432
f 1432 1331 1420
f 1432 1308 1307
f 1420 1308 1432
f 209 208 205
f 211 207 209
f 207 208 209
f 211 209 206
f 206 209 205
f 2276 2258 2275
f 2294 2293 1372
f 1394 1339 1408
f 1340 1339 1394
f 1333 1372 1373
f 1373 1332 1333
f 1334 1372 1333
f 1333 1332 1416
f 1416 1417 1333
f 1335 1404 1336
f 1408 2373 1403
f 2373 1410 1403
f 1403 1394 1408
f 1389 1394 1403
f 1403 1410 1407
f 1407 1410 1383
f 1383 1337 1407
f 1338 1337 1383
f 1411 1410 24
f 24 1415 1411
f 1336 1404 1411
f 1411 1415 1336
f 1404 1335 1411
f 1381 1332 1336
f 1307 1308 1309
f 1309 1320 1307
f 238 29 32
f 792 779 791
f 771 772 758
f 781 769 768
f 781 793 794
f 762 774 775
f 788 774 787
f 788 775 774
f 760 747 196
f 196 773 760
f 774 761 760
f 760 773 774
f 51 2418 50
f 220 219 42
f 42 49 220
f 749 761 762
f 176 177 175
f 770 771 758
f 1562 1561 2028
f 1562 2052 1563
f 2028 2052 1562
f 1546 1545 2
f 2 1 1546
f 1547 1621 1643
f 1621 1620 1643
f 1547 1643 1548
f 1548 1643 1666
f 1691 1549 1667
f 1667 1666 1691
f 1549 1548 1667
f 1667 1548 1666
f 1552 1766 1553
f 1325 1524 2352
f 1469 1508 1468
f 1456 2459 1455
f 2461 1467 1463
f 1455 2459 1466
f 1466 1465 1503
f 1466 1486 1455
f 1503 1486 1466
f 1463 1505 1501
f 1586 1505 1504
f 1511 1508 1469
f 1469 1510 1511
f 1511 1645 1508
f 1515 1470 1514
f 1515 1510 1470
f 1515 1514 1668
f 1668 1510 1515
f 1644 1510 1668
f 1644 1511 1510
f 1645 1511 1644
f 1601 1586 1504
f 1533 1475 1452
f 1505 1586 18
f 18 1501 1505
f 17 16 1478
f 17 1486 19
f 1364 1363 2054
f 2054 1365 1364
f 2468 1363 1364
f 2030 2029 1366
f 1366 1365 2030
f 1366 2029 2005
f 1366 2005 1367
f 1982 1981 2005
f 2005 2006 1982
f 1982 2006 2007
f 2102 1360 1359
f 1359 2103 2102
f 1358 2103 1359
f 1359 2468 1358
f 1359 1360 2468
f 1877 1878 1852
f 1900 1901 1877
f 1801 1800 1827
f 1959 1921 1920
f 1959 1960 1921
f 1984 1960 1959
f 1827 1800 1826
f 1800 1825 1826
f 1872 1896 1897
f 1897 1873 1872
f 1872 1873 1848
f 1897 1898 1874
f 1874 1873 1897
f 1874 1898 1899
f 1848 1873 1874
f 2004 1979 2003
f 2003 2027 2004
f 1979 1978 2003
f 1923 1961 1962
f 1962 1961 1986
f 1986 1963 1962
f 1926 1964 1965
f 1965 1927 1926
f 1965 1966 1927
f 1928 1927 1967
f 1927 1966 1967
f 12 14 10
f 13 116 117
f 114 116 13
f 13 111 114
f 114 117 116
f 111 117 114
f 1444 111 1450
f 1454 21 14
f 109 102 101
f 101 1450 111
f 100 97 101
f 101 97 1447
f 99 103 107
f 91 86 92
f 91 101 102
f 91 93 86
f 248 83 247
f 244 87 272
f 272 271 244
f 105 87 103
f 105 101 92
f 103 101 105
f 274 286 285
f 275 286 274
f 244 271 245
f 286 300 299
f 299 285 286
f 287 300 286
f 286 275 287
f 443 475 477
f 436 435 437
f 437 438 436
f 439 438 437
f 471 439 437
f 437 469 471
f 437 435 469
f 473 439 471
f 474 475 473
f 471 472 473
f 473 472 474
f 481 449 447
f 447 479 481
f 481 480 482
f 479 480 481
f 2423 60 56
f 56 2424 2423
f 2425 2424 56
f 1447 97 84
f 97 85 84
f 1445 78 1437
f 1367 1327 2472
f 2078 1362 1361
f 1361 2102 2078
f 1361 1360 2102
f 2468 1360 1361
f 1361 1362 2468
f 1344 1421 1422
f 2370 1423 1425
f 1343 1421 1344
f 1343 1348 1421
f 1344 1369 1343
f 1347 1423 1424
f 1424 1348 1347
f 1421 1348 1424
f 1424 2370 1421
f 1423 2370 1424
f 2275 2258 2257
f 1375 1337 1338
f 2237 1368 2256
f 2256 2257 2237
f 1369 1368 2237
f 2237 2236 1369
f 2217 2197 2196
f 2236 2237 2217
f 1369 2236 1370
f 1370 1343 1369
f 1348 1343 1370
f 1353 1354 2149
f 2149 1352 1353
f 2151 2150 2173
f 2127 2150 2151
f 1355 2173 1354
f 1354 1378 1355
f 1378 1427 1355
f 1426 1425 1345
f 1345 1349 1426
f 1426 1349 1427
f 1426 1427 2368
f 1886 1885 1909
f 1674 1699 1675
f 1675 1650 1674
f 1523 2331 1526
f 2340 1525 2341
f 1557 1556 1868
f 1817 1843 1555
f 1555 1554 1817
f 1817 1554 1818
f 1868 1843 1842
f 1915 1916 1891
f 1576 1575 1956
f 798 799 1580
f 1580 785 798
f 704 799 798
f 1580 603 702
f 702 605 1580
f 603 605 702
f 1187 1081 1582
f 1166 1582 1580
f 1580 1149 1166
f 1580 696 697
f 709 710 714
f 589 588 587
f 589 661 591
f 598 597 595
f 599 703 704
f 704 597 599
f 663 592 591
f 591 661 663
f 596 595 593
f 598 595 596
f 125 87 1453
f 1453 126 125
f 1537 124 125
f 125 126 1537
f 1540 1539 130
f 1539 129 130
f 131 1540 130
f 130 1453 131
f 130 129 1453
f 1539 1538 128
f 128 129 1539
f 128 1538 127
f 128 127 1453
f 1453 129 128
f 123 124 1537
f 1537 122 123
f 123 338 124
f 312 123 122
f 207 1316 200
f 200 1316 193
f 197 207 200
f 193 190 200
f 200 199 197
f 190 189 200
f 200 189 201
f 200 201 196
f 196 199 200
f 1318 193 1324
f 1324 1316 1318
f 193 1316 1324
f 2234 2235 2215
f 2255 2235 2234
f 1573 2274 2292
f 2292 1574 1573
f 2291 1574 2292
f 2291 2292 2273
f 2273 2292 2274
f 2273 2274 2255
f 2252 2251 2270
f 2051 2076 2052
f 2051 2052 2028
f 2028 2027 2051
f 2170 2193 2171
f 800 816 817
f 1062 1061 824
f 494 698 666
f 1210 1211 1287
f 1214 1215 1289
f 1015 1070 1016
f 1044 877 1051
f 1050 877 1044
f 1074 1073 986
f 488 308 309
f 392 393 458
f 458 391 392
f 1581 977 890
f 132 868 858
f 935 936 944
f 490 491 489
f 489 488 490
f 309 339 490
f 490 488 309
f 455 457 456
f 489 457 455
f 1419 1418 1334
f 1417 1418 1419
f 202 203 135
f 211 206 210
f 210 212 211
f 204 206 205
f 204 205 135
f 135 203 204
f 1314 1313 1942
f 1942 1371 1314
f 1372 1371 1942
f 1942 2294 1372
f 1942 1313 1312
f 1942 1311 1943
f 1942 1312 1311
f 1340 1394 1395
f 1395 1394 1389
f 1400 1403 1337
f 1407 1337 1409
f 1409 1403 1407
f 1337 1403 1409
f 1385 1335 1338
f 1338 1383 1406
f 1406 1386 1338
f 1406 1383 1410
f 1336 1415 1382
f 1382 1381 1336
f 1332 1381 1413
f 1416 1414 1413
f 1413 1415 1416
f 1320 1309 1323
f 1323 1309 1308
f 1319 1320 1323
f 1323 25 1319
f 1323 1308 25
f 22 242 23
f 792 793 780
f 780 779 792
f 793 781 780
f 776 775 789
f 775 788 789
f 778 791 779
f 790 791 778
f 724 793 792
f 242 22 241
f 241 22 28
f 745 242 241
f 787 744 742
f 39 228 40
f 42 219 43
f 226 43 219
f 44 43 226
f 226 45 44
f 50 214 215
f 215 51 50
f 214 1057 215
f 53 218 46
f 53 46 2411
f 1113 1112 219
f 219 220 1113
f 229 41 40
f 40 228 229
f 224 1082 1304
f 134 135 136
f 133 134 136
f 135 747 136
f 747 138 136
f 761 749 748
f 747 760 748
f 748 760 761
f 748 138 747
f 2286 2285 2303
f 2285 2302 2303
f 2303 2287 2286
f 795 781 794
f 795 794 716
f 716 710 795
f 175 1953 174
f 1953 171 174
f 174 176 175
f 173 176 174
f 174 171 173
f 3 1545 1544
f 3 2 1545
f 1550 1549 1691
f 1552 1551 1741
f 1741 1766 1552
f 1666 1643 1665
f 1554 1553 1792
f 1818 1554 1792
f 1792 1553 1766
f 1792 1817 1818
f 1524 1525 2337
f 1514 2464 2312
f 1467 1468 1506
f 2463 2461 1463
f 2460 1468 1467
f 1467 2461 2460
f 1461 78 1460
f 1461 1460 1533
f 1475 1534 1461
f 1533 1452 1461
f 1461 1452 1475
f 100 101 98
f 98 101 103
f 1463 1501 1464
f 1464 2463 1463
f 1648 1647 1672
f 1602 1601 1623
f 1447 1445 1438
f 1438 1445 1437
f 1435 1536 15
f 15 14 1435
f 1434 1433 1447
f 1447 1438 1434
f 1434 1475 1536
f 1536 1435 1434
f 1444 1433 1434
f 1472 1475 1533
f 1533 1460 1472
f 1654 1631 1653
f 1653 1677 1654
f 1652 1677 1653
f 2 3 1593
f 1593 1594 2
f 1591 1583 19
f 19 18 1591
f 1489 17 1478
f 1486 17 1489
f 1455 1486 1489
f 1489 1456 1455
f 2468 1364 2499
f 2007 1984 1983
f 1983 1982 2007
f 1984 1959 1983
f 1986 1985 2009
f 1985 1984 2009
f 2057 2081 2058
f 1877 1901 1902
f 1902 1878 1877
f 1903 1878 1902
f 1923 1962 1924
f 1924 1962 1963
f 1924 1963 1964
f 1702 1727 1728
f 1726 1727 1702
f 1751 1726 1750
f 1827 1852 1828
f 1828 1801 1827
f 1854 1829 1828
f 1750 1776 1777
f 1777 1751 1750
f 1802 1776 1801
f 1801 1828 1802
f 1803 1777 1802
f 1802 1777 1776
f 1802 1829 1803
f 1802 1828 1829
f 1801 1776 1775
f 1778 1777 1804
f 1804 1777 1803
f 1803 1829 1804
f 1830 1829 1854
f 1830 1804 1829
f 1920 1919 1958
f 1958 1959 1920
f 1919 1918 1958
f 1958 1918 1957
f 1957 1981 1958
f 1981 1982 1958
f 1982 1983 1958
f 1958 1983 1959
f 1799 1825 1800
f 1799 1798 1825
f 1799 1800 1773
f 1773 1798 1799
f 1895 1896 1871
f 1896 1872 1871
f 1871 1894 1895
f 1870 1894 1871
f 1871 1845 1870
f 1876 1900 1877
f 1987 1963 1986
f 1964 1963 1987
f 118 119 13
f 118 120 119
f 118 111 1444
f 118 117 111
f 1447 1433 1451
f 1451 1433 1444
f 1444 1450 1451
f 109 101 108
f 108 101 111
f 108 111 112
f 108 112 13
f 13 109 108
f 1439 101 1447
f 1450 101 1439
f 1447 1451 1439
f 1439 1451 1450
f 103 87 106
f 106 107 103
f 90 91 92
f 101 91 90
f 297 466 464
f 464 466 465
f 465 463 464
f 92 87 89
f 89 105 92
f 87 105 89
f 297 271 284
f 271 272 284
f 274 87 96
f 96 275 274
f 87 279 96
f 246 245 271
f 285 299 298
f 297 284 298
f 298 284 285
f 298 466 297
f 468 466 298
f 298 299 468
f 300 287 301
f 301 472 300
f 474 472 301
f 471 469 470
f 470 472 471
f 470 469 468
f 300 472 470
f 468 299 470
f 470 299 300
f 290 303 289
f 304 290 291
f 303 290 304
f 306 484 482
f 294 124 295
f 295 308 294
f 475 443 441
f 441 473 475
f 439 473 441
f 440 439 441
f 442 440 441
f 441 443 442
f 445 479 447
f 477 479 445
f 445 443 477
f 482 484 483
f 483 481 482
f 449 481 483
f 451 449 483
f 66 2436 2435
f 65 2435 2434
f 66 2435 65
f 70 71 2441
f 64 57 2426
f 54 261 55
f 2425 56 54
f 55 2421 54
f 2421 2425 54
f 67 2436 66
f 61 2429 69
f 1447 84 1448
f 1446 1445 1447
f 2483 2482 1367
f 2487 2485 1367
f 1428 1356 1431
f 1428 1352 1356
f 1431 2364 2365
f 2365 1428 1431
f 2366 1428 2365
f 2367 2368 1378
f 1344 1422 1341
f 1341 1422 1390
f 1341 1369 1344
f 1341 1368 1369
f 1390 1422 2372
f 2372 2373 1408
f 1408 1390 2372
f 1338 1335 1374
f 1374 1375 1338
f 1374 1335 1336
f 1374 1336 1373
f 1373 2293 1374
f 2293 2276 1374
f 1374 2276 2275
f 2275 1375 1374
f 2275 2257 1376
f 1376 1375 2275
f 1340 1337 1376
f 1337 1375 1376
f 2216 2217 2196
f 2216 2196 1345
f 1345 1346 2216
f 2216 1346 1347
f 1347 1348 2216
f 1348 1370 2216
f 2236 2217 2216
f 2216 1370 2236
f 2174 2151 2173
f 2196 2197 2174
f 2174 2195 2196
f 2173 2195 2174
f 1350 1427 1351
f 1350 1355 1427
f 1350 1351 2173
f 2173 1355 1350
f 2369 1426 2368
f 2369 2370 1425
f 1425 1426 2369
f 1886 1909 1910
f 1937 1976 1938
f 1978 1938 1977
f 1938 1976 1977
f 1915 1891 1914
f 1651 1675 1652
f 1650 1675 1651
f 1652 1628 1651
f 1627 1650 1651
f 1651 1628 1627
f 1702 1677 1676
f 1652 1675 1676
f 1676 1677 1652
f 1 2 1599
f 2335 1523 1522
f 2343 2341 1525
f 1892 1891 1916
f 1887 1861 1886
f 1911 1912 1887
f 1887 1910 1911
f 1886 1910 1887
f 2306 1954 2307
f 1954 179 1955
f 1955 2307 1954
f 1956 2307 1955
f 1576 1956 1955
f 593 595 706
f 1580 605 695
f 695 696 1580
f 1582 1277 1188
f 1188 1187 1582
f 1277 1190 1188
f 1081 1187 1188
f 1150 1149 1580
f 694 697 696
f 1149 1150 1168
f 711 712 713
f 593 712 711
f 713 712 708
f 708 714 713
f 709 714 708
f 708 712 593
f 659 589 587
f 661 589 659
f 703 599 601
f 601 603 1580
f 1580 703 601
f 686 592 666
f 686 687 598
f 598 596 686
f 686 596 592
f 666 698 667
f 667 686 666
f 687 686 667
f 598 687 600
f 600 597 598
f 600 599 597
f 600 687 688
f 604 605 603
f 603 601 604
f 692 694 696
f 665 663 664
f 592 663 665
f 666 592 665
f 591 592 590
f 592 596 590
f 590 589 591
f 588 589 590
f 281 125 124
f 339 338 310
f 310 123 339
f 338 123 310
f 313 312 122
f 339 123 311
f 123 312 311
f 458 491 459
f 459 391 458
f 2215 2192 2214
f 2214 2234 2215
f 2214 2192 2191
f 2233 2234 2214
f 2253 2234 2233
f 2253 2233 2252
f 2289 2270 2288
f 2306 2307 2289
f 2269 2268 2286
f 2286 2287 2269
f 2269 2270 2251
f 2288 2270 2269
f 2269 2287 2288
f 2104 2127 2128
f 2127 2151 2128
f 2058 2081 2082
f 1932 1971 1933
f 1931 1971 1932
f 1933 1971 1972
f 2147 2170 2171
f 2231 2251 2252
f 2267 2268 2248
f 800 817 818
f 818 817 1058
f 818 815 800
f 1058 815 818
f 1022 1064 821
f 820 824 1061
f 820 1061 1060
f 1060 817 820
f 820 817 816
f 698 494 1179
f 698 1179 1173
f 1184 1178 1282
f 1209 1210 1287
f 1208 1210 1209
f 1211 1210 1195
f 1197 1199 1214
f 986 1073 995
f 1073 1072 995
f 1035 1044 1051
f 941 1017 1018
f 456 393 394
f 415 436 413
f 258 67 66
f 413 438 411
f 411 438 440
f 1213 1214 1289
f 1213 1197 1214
f 1289 1215 1230
f 1287 1211 1288
f 1288 1226 1287
f 1227 1243 1242
f 1092 1072 1073
f 1242 1243 1295
f 487 488 489
f 489 455 487
f 487 455 453
f 308 488 486
f 488 487 486
f 132 987 996
f 996 348 132
f 889 868 1581
f 1581 890 889
f 132 858 891
f 943 934 935
f 935 944 943
f 934 942 918
f 945 944 936
f 914 346 132
f 132 348 914
f 867 858 868
f 132 346 347
f 453 455 454
f 454 455 456
f 1380 1333 1417
f 1417 1419 1380
f 1334 1333 1380
f 1380 1419 1334
f 2258 2276 2277
f 2277 2276 2293
f 2293 2294 2277
f 2284 2300 2301
f 2301 2285 2284
f 2301 2302 2285
f 1948 156 1949
f 1949 2301 1948
f 1948 2301 2300
f 23 26 2376
f 2376 2362 23
f 1398 1393 1340
f 1403 1393 1391
f 1393 1398 1391
f 1391 1398 1340
f 1392 1393 1403
f 1403 1400 1392
f 1392 1337 1340
f 1392 1400 1337
f 1384 1385 1338
f 1335 1385 1387
f 1387 1385 1411
f 1412 1382 1415
f 1381 1382 1412
f 1415 1413 1412
f 1412 1413 1381
f 1332 1413 1379
f 1379 1413 1414
f 1416 1332 1379
f 1379 1414 1416
f 2380 22 2361
f 30 236 27
f 239 238 32
f 790 778 777
f 776 789 777
f 777 789 790
f 792 791 726
f 726 724 792
f 554 241 555
f 555 557 554
f 554 557 556
f 554 556 745
f 745 241 554
f 30 29 237
f 237 236 30
f 29 238 237
f 236 237 668
f 745 556 743
f 743 746 745
f 743 744 746
f 2400 2401 40
f 2397 2396 38
f 38 224 227
f 227 39 38
f 228 39 227
f 224 1304 227
f 225 1082 224
f 45 226 225
f 38 45 225
f 225 224 38
f 219 1112 1142
f 1142 226 219
f 51 215 216
f 1104 1057 1058
f 1104 215 1057
f 2412 46 47
f 1063 821 1064
f 2418 51 2419
f 2410 46 2412
f 2410 2411 46
f 42 2404 2403
f 221 49 48
f 221 220 49
f 48 47 221
f 221 47 222
f 223 46 218
f 223 47 46
f 222 47 223
f 41 229 230
f 230 231 36
f 36 41 230
f 228 227 1305
f 1305 227 1304
f 138 748 139
f 133 136 137
f 137 136 138
f 138 139 137
f 137 139 140
f 172 756 173
f 173 171 172
f 769 770 757
f 757 756 769
f 757 770 758
f 758 177 757
f 177 176 757
f 757 176 173
f 173 756 757
f 2287 2303 2304
f 1950 2303 2302
f 1950 2301 1949
f 2302 2301 1950
f 1950 1949 160
f 771 770 784
f 770 783 784
f 784 785 772
f 772 771 784
f 784 798 785
f 782 770 769
f 782 783 770
f 769 781 782
f 781 795 782
f 795 783 782
f 1544 1543 5
f 5 3 1544
f 19 1583 1584
f 1620 1 1619
f 2339 1525 2340
f 1526 2329 2328
f 1526 2331 2330
f 2330 2329 1526
f 1512 1692 1693
f 1509 1468 1508
f 1509 1506 1468
f 1508 1622 1509
f 1622 1506 1509
f 1507 1601 1504
f 1507 1506 1601
f 1504 1467 1507
f 1467 1506 1507
f 1600 1506 1622
f 1601 1506 1600
f 1622 1623 1600
f 1600 1623 1601
f 2466 2464 1469
f 1469 1468 2466
f 1460 78 1459
f 78 1458 1459
f 2459 1456 1457
f 1457 1456 1499
f 2458 1458 78
f 2459 1457 2458
f 2458 1457 1458
f 1529 1458 1528
f 1528 1476 1529
f 1528 1457 1527
f 1458 1457 1528
f 1437 78 1462
f 78 1461 1462
f 1462 1461 1534
f 1462 1534 1475
f 245 246 81
f 1502 1464 1501
f 1501 18 1502
f 1503 1465 1502
f 1465 1464 1502
f 19 1503 1502
f 1502 18 19
f 2463 1464 2462
f 2462 1464 1465
f 2462 1466 2459
f 1465 1466 2462
f 1669 1644 1668
f 1645 1644 1669
f 1669 1694 1695
f 1668 1693 1669
f 1693 1694 1669
f 1624 1623 1647
f 1602 1623 1624
f 1624 1603 1602
f 1647 1623 1646
f 1645 1669 1646
f 1646 1622 1645
f 1646 1623 1622
f 1478 16 1481
f 16 1473 1481
f 1483 1481 1473
f 1476 1481 1483
f 1483 1458 1529
f 1529 1476 1483
f 1475 1472 1474
f 15 1475 1474
f 1474 16 15
f 1474 1473 16
f 1609 1593 1608
f 1594 1593 1609
f 1596 2 1595
f 2 1594 1595
f 1594 1609 1595
f 1595 1609 1610
f 1632 1631 1654
f 1632 1609 1631
f 1610 1609 1632
f 1681 1657 1680
f 1652 1653 1630
f 1630 1653 1631
f 1630 1609 1608
f 1631 1609 1630
f 1590 1591 18
f 1456 1489 1494
f 1494 1489 1493
f 2500 1364 1365
f 2500 2499 1364
f 1365 2501 2500
f 2490 2489 1366
f 1367 2491 2490
f 2490 1366 1367
f 2081 2057 2056
f 2058 2034 2033
f 2033 2057 2058
f 2033 2056 2057
f 1925 1964 1926
f 1925 1924 1964
f 1729 1754 1755
f 1754 1781 1755
f 1755 1781 1756
f 1679 1704 1680
f 1729 1704 1703
f 1703 1728 1729
f 1702 1728 1703
f 1703 1677 1702
f 1700 1675 1699
f 1699 1724 1700
f 1700 1676 1675
f 1752 1728 1727
f 1727 1726 1752
f 1726 1751 1752
f 1752 1777 1778
f 1751 1777 1752
f 1854 1828 1853
f 1853 1828 1852
f 1853 1878 1854
f 1853 1852 1878
f 1773 1800 1774
f 1800 1801 1774
f 1801 1775 1774
f 1778 1804 1805
f 1804 1830 1805
f 1807 1781 1806
f 1780 1781 1754
f 1806 1781 1780
f 1780 1805 1806
f 1825 1798 1824
f 1824 1823 1848
f 1845 1871 1846
f 1875 1874 1899
f 1899 1900 1875
f 1900 1876 1875
f 1877 1852 1851
f 1851 1876 1877
f 1851 1875 1876
f 1851 1826 1825
f 1851 1852 1827
f 1827 1826 1851
f 1904 1880 1903
f 1879 1878 1903
f 1903 1880 1879
f 1854 1878 1879
f 1879 1880 1854
f 1986 2009 2010
f 2010 1987 1986
f 2010 2033 2034
f 2009 2033 2010
f 13 117 115
f 115 118 13
f 117 118 115
f 20 118 1444
f 120 118 20
f 1444 21 20
f 13 120 20
f 20 1454 13
f 21 1454 20
f 88 87 95
f 88 106 87
f 92 101 104
f 104 90 92
f 101 90 104
f 462 463 461
f 462 464 463
f 461 248 462
f 274 285 273
f 285 284 273
f 273 284 272
f 273 87 274
f 273 272 87
f 276 287 275
f 275 96 276
f 474 301 302
f 289 303 302
f 478 304 480
f 478 479 477
f 478 480 479
f 303 304 478
f 482 480 305
f 305 306 482
f 480 304 305
f 305 304 291
f 124 294 283
f 283 294 293
f 484 306 307
f 307 294 308
f 307 306 293
f 293 294 307
f 307 486 484
f 308 486 307
f 83 248 76
f 2434 2444 73
f 73 65 2434
f 73 255 65
f 2440 70 2441
f 57 58 2427
f 2427 2426 57
f 64 2426 2433
f 69 2429 2439
f 2429 61 2430
f 61 62 2430
f 1449 1448 84
f 2492 2491 1367
f 2495 2493 1367
f 2484 2483 1367
f 1367 2472 2471
f 2471 2487 1367
f 1327 2475 2474
f 2366 2367 1429
f 1429 2367 1378
f 1429 1428 2366
f 1352 1428 1429
f 1429 1353 1352
f 1429 1378 1354
f 1354 1353 1429
f 1339 1368 1342
f 1368 1341 1342
f 1342 1390 1339
f 1342 1341 1390
f 2371 2372 1422
f 2371 1422 1421
f 1421 2370 2371
f 1377 1376 2257
f 2256 1368 1377
f 1377 2257 2256
f 1340 1376 1377
f 1377 1339 1340
f 1377 1368 1339
f 2238 2217 2237
f 2238 2237 2257
f 2238 2257 2258
f 2217 2238 2218
f 1936 1935 1974
f 1974 1935 1934
f 1518 1522 1767
f 1719 1694 1693
f 1695 1694 1719
f 1523 2335 2333
f 2342 1525 2344
f 2342 2343 1525
f 1893 1916 1917
f 1893 1892 1916
f 1868 1892 1893
f 1893 1557 1868
f 1917 1558 1893
f 1558 1557 1893
f 1868 1842 1867
f 1867 1892 1868
f 1891 1892 1867
f 1861 1887 1862
f 1862 1887 1863
f 1888 1912 1913
f 1888 1887 1912
f 1863 1887 1888
f 1888 1864 1863
f 1913 1914 1889
f 1889 1888 1913
f 1864 1888 1889
f 2308 1575 1574
f 2308 1574 2291
f 2308 1956 1575
f 2308 2307 1956
f 1576 1955 182
f 182 1955 179
f 182 1577 1576
f 182 179 1577
f 593 706 707
f 707 708 593
f 709 708 707
f 705 595 597
f 705 706 595
f 705 597 704
f 704 798 705
f 1176 1168 1169
f 1278 1191 1190
f 1192 1191 1278
f 1278 1190 1277
f 1081 1188 1189
f 1189 1188 1190
f 1190 1191 1189
f 1582 1166 1165
f 1165 1174 1582
f 1175 1174 1165
f 1580 697 1164
f 1164 1150 1580
f 697 1150 1164
f 1175 1165 1167
f 1167 1165 1166
f 1167 1176 1175
f 1168 1176 1167
f 1167 1166 1149
f 1149 1168 1167
f 1169 1168 1151
f 1151 1150 697
f 1151 1168 1150
f 541 638 636
f 636 635 634
f 662 682 683
f 662 663 661
f 683 664 662
f 664 663 662
f 683 682 658
f 681 682 660
f 660 498 681
f 659 498 660
f 661 659 660
f 660 662 661
f 682 662 660
f 657 682 681
f 657 658 682
f 602 604 601
f 602 600 688
f 688 690 602
f 690 604 602
f 602 601 599
f 599 600 602
f 696 695 606
f 606 692 696
f 606 695 605
f 690 692 606
f 605 604 606
f 606 604 690
f 594 596 593
f 594 590 596
f 593 711 594
f 594 711 588
f 588 590 594
f 291 281 292
f 292 305 291
f 293 306 292
f 306 305 292
f 125 281 280
f 87 125 280
f 280 279 87
f 280 281 291
f 291 290 280
f 280 290 279
f 282 281 124
f 124 283 282
f 282 283 293
f 293 292 282
f 282 292 281
f 340 490 339
f 339 311 340
f 491 490 340
f 340 459 491
f 312 313 342
f 342 313 122
f 2191 2212 2213
f 2213 2214 2191
f 2213 2212 2233
f 2233 2214 2213
f 2255 2234 2254
f 2234 2253 2254
f 2254 2273 2255
f 2290 2289 2307
f 2290 2308 2291
f 2307 2308 2290
f 2104 2128 2105
f 2105 2081 2104
f 1973 1934 1933
f 1933 1972 1973
f 1973 1974 1934
f 2076 2051 2075
f 2050 2051 2027
f 2171 1567 2148
f 2148 2147 2171
f 2148 1567 1566
f 2148 1566 2125
f 2125 2147 2148
f 2169 2192 2193
f 2193 2170 2169
f 2191 2192 2169
f 2169 2168 2191
f 2170 2147 2169
f 2252 2233 2232
f 2232 2231 2252
f 2233 2212 2232
f 2212 2231 2232
f 2267 2248 2266
f 2266 2285 2267
f 2284 2285 2266
f 2251 2231 2230
f 2209 2230 2210
f 2210 2188 2209
f 801 816 800
f 800 261 801
f 59 60 2422
f 59 2427 58
f 265 58 57
f 873 976 975
f 873 875 976
f 874 875 873
f 1062 824 822
f 822 1063 1062
f 821 1063 822
f 1200 1199 1282
f 1186 1179 494
f 1171 1173 1178
f 1171 1184 1177
f 1178 1184 1171
f 699 667 698
f 698 1173 699
f 684 664 683
f 1077 1076 983
f 1225 1227 1242
f 1226 1227 1225
f 1242 1295 1097
f 1177 1184 1281
f 1208 1209 1207
f 1194 1195 1210
f 1269 1253 1255
f 542 638 541
f 1005 1071 1015
f 1005 1072 1071
f 1005 995 1072
f 1014 1005 1015
f 995 1005 1014
f 1027 958 1036
f 1036 958 1026
f 956 1035 1026
f 1025 1035 956
f 1044 1035 1025
f 963 961 962
f 962 964 963
f 314 394 322
f 393 392 323
f 323 394 393
f 322 394 323
f 456 394 395
f 395 454 456
f 395 314 396
f 394 314 395
f 966 964 1030
f 322 319 321
f 321 314 322
f 413 411 412
f 412 411 410
f 416 365 418
f 418 417 416
f 416 417 415
f 846 848 854
f 848 855 854
f 1051 877 878
f 1051 878 879
f 879 878 863
f 847 848 846
f 409 440 442
f 409 411 440
f 410 411 409
f 446 445 447
f 993 912 906
f 995 1014 1004
f 1013 1003 1004
f 1004 1003 994
f 986 995 1004
f 1004 994 986
f 1004 929 1013
f 1004 1014 929
f 1070 1161 1069
f 1069 1016 1070
f 1017 1016 1069
f 1069 1068 1018
f 1018 1017 1069
f 1268 1090 1253
f 1160 1161 1268
f 1268 1253 1269
f 1269 1160 1268
f 1253 1090 1252
f 1197 1213 1212
f 1211 1195 1212
f 1212 1288 1211
f 1213 1288 1212
f 1212 1195 1196
f 1196 1197 1212
f 1289 1230 1229
f 1215 1217 1290
f 1290 1230 1215
f 1226 1288 1228
f 1228 1227 1226
f 1228 1213 1289
f 1228 1288 1213
f 1289 1229 1228
f 1243 1227 1228
f 1228 1229 1243
f 1091 1092 1090
f 1070 1071 1091
f 1071 1072 1091
f 1072 1092 1091
f 1091 1161 1070
f 1091 1268 1161
f 1090 1268 1091
f 485 483 484
f 484 486 485
f 451 483 485
f 485 486 487
f 485 453 451
f 485 487 453
f 923 924 936
f 933 918 942
f 1000 921 1009
f 934 918 920
f 935 934 920
f 132 343 344
f 343 332 344
f 132 344 351
f 351 344 345
f 325 392 391
f 963 964 965
f 965 945 963
f 964 966 965
f 944 945 965
f 946 926 938
f 938 961 946
f 946 961 963
f 937 925 926
f 924 925 937
f 926 946 937
f 936 924 937
f 937 945 936
f 963 945 937
f 937 946 963
f 1006 915 346
f 997 915 1006
f 346 914 1006
f 1006 914 348
f 348 996 1006
f 987 997 1006
f 1006 996 987
f 918 933 917
f 330 332 343
f 330 343 132
f 132 347 330
f 330 347 346
f 904 896 898
f 998 997 988
f 988 997 987
f 895 896 894
f 894 867 895
f 895 867 887
f 887 889 890
f 868 889 887
f 887 867 868
f 907 987 132
f 907 988 987
f 908 988 907
f 2258 2277 2259
f 2259 2277 2260
f 2259 2240 2258
f 2259 2260 2241
f 2241 2240 2259
f 2295 2277 2294
f 2295 1942 1943
f 2294 1942 2295
f 2279 2295 2296
f 2282 2264 2263
f 2263 2281 2282
f 2282 2281 2298
f 2245 2264 2265
f 2263 2264 2245
f 2227 2248 2228
f 2228 2207 2227
f 154 1948 152
f 156 1948 154
f 234 33 37
f 1397 1391 1340
f 1340 1393 1399
f 1399 1392 1340
f 1393 1392 1399
f 1405 1406 1410
f 1386 1406 1405
f 1338 1386 1405
f 1405 1384 1338
f 1401 1411 1335
f 1335 1387 1401
f 1401 1387 1411
f 2381 2379 28
f 2377 27 2378
f 235 27 236
f 235 668 555
f 236 668 235
f 555 241 235
f 28 27 235
f 235 241 28
f 607 239 608
f 764 777 778
f 160 1949 158
f 1949 156 158
f 713 714 584
f 716 794 718
f 728 726 791
f 676 571 569
f 1085 1304 1082
f 522 513 515
f 522 521 513
f 558 743 556
f 669 668 643
f 669 557 555
f 555 668 669
f 643 668 504
f 504 237 238
f 504 668 237
f 238 239 504
f 239 607 504
f 2398 39 2399
f 1141 225 226
f 226 1142 1141
f 51 216 52
f 52 2419 51
f 2411 2419 52
f 53 2411 52
f 217 218 53
f 53 52 217
f 217 52 216
f 1059 1104 1058
f 1059 817 1060
f 1058 817 1059
f 1060 1061 1102
f 1061 1103 1102
f 1102 1059 1060
f 1104 1059 1102
f 2412 47 2413
f 1118 1148 1147
f 1118 1064 1065
f 1065 1148 1118
f 1147 1148 1135
f 1120 221 222
f 1140 1141 1142
f 1140 1133 1086
f 1133 1140 1139
f 1306 229 228
f 228 1305 1306
f 141 139 748
f 141 749 143
f 141 748 749
f 140 139 141
f 152 1948 1947
f 2297 1945 2298
f 2297 2279 2296
f 1944 2295 1943
f 2296 2295 1944
f 1944 2297 2296
f 1945 2297 1944
f 1944 1943 133
f 133 137 1944
f 1944 137 140
f 140 1945 1944
f 756 172 169
f 2306 2289 2305
f 2305 2289 2288
f 2288 2287 2305
f 2287 2304 2305
f 2305 1954 2306
f 2305 1953 1954
f 1952 171 1953
f 1953 2305 1952
f 1952 2305 2304
f 1952 2304 2303
f 798 784 797
f 797 705 798
f 706 705 797
f 797 707 706
f 162 1950 160
f 162 164 1950
f 7 1543 1542
f 7 5 1543
f 7 1542 9
f 19 1584 4
f 4 1584 3
f 1585 1593 3
f 3 1584 1585
f 1583 1591 1592
f 1592 1584 1583
f 1593 1585 1592
f 1592 1585 1584
f 1608 1593 1592
f 1592 1607 1608
f 1666 1665 1689
f 1689 1714 1715
f 1551 1550 1716
f 1716 1741 1551
f 1716 1715 1741
f 1716 1550 1691
f 1691 1715 1716
f 1620 1619 1642
f 1642 1643 1620
f 1642 1665 1643
f 1618 1619 1
f 2354 2352 1524
f 1524 2345 2354
f 1524 2337 2346
f 2346 2345 1524
f 2338 2337 1525
f 1525 2339 2338
f 2348 2347 1325
f 1325 2349 2348
f 2350 2349 1325
f 2327 2344 1526
f 1526 2328 2327
f 1717 1520 1742
f 1693 1692 1717
f 2322 1522 1518
f 1518 2323 2322
f 1668 1514 1513
f 1513 1693 1668
f 1513 1512 1693
f 1692 1512 1516
f 1517 1717 1516
f 1516 1717 1692
f 2309 1517 1516
f 1478 1484 1485
f 1499 1456 1498
f 1468 2460 2465
f 2465 2466 1468
f 1475 1434 1535
f 1535 1462 1475
f 1535 1434 1437
f 1437 1462 1535
f 247 83 82
f 82 246 247
f 82 81 246
f 80 2454 2453
f 81 2454 80
f 244 245 80
f 245 81 80
f 80 103 99
f 80 98 103
f 100 98 80
f 1648 1672 1649
f 1672 1673 1649
f 1674 1650 1649
f 1649 1673 1674
f 1625 1647 1648
f 1625 1624 1647
f 1603 1624 1625
f 1671 1672 1647
f 1647 1646 1671
f 1443 14 1444
f 1444 1442 1443
f 1443 1442 14
f 1440 1442 1444
f 1444 1434 1440
f 1440 1434 1435
f 1477 1528 1527
f 1527 1481 1477
f 1476 1528 1477
f 1477 1481 1476
f 1478 1481 1488
f 1457 1481 1487
f 1527 1457 1487
f 1487 1481 1527
f 1530 1459 1458
f 1530 1531 1459
f 1532 1472 1460
f 1532 1474 1472
f 1460 1459 1532
f 1479 1459 1473
f 1473 1474 1479
f 1479 1532 1459
f 1474 1532 1479
f 1491 1490 1499
f 1499 1498 1491
f 1491 1498 1484
f 1491 1484 1478
f 1478 1490 1491
f 1655 1632 1654
f 1655 1679 1680
f 1657 1681 1658
f 1659 1636 1658
f 1706 1681 1680
f 1637 1636 1659
f 1629 1628 1652
f 1652 1630 1629
f 1629 1630 1608
f 1608 1607 1629
f 1606 1592 1591
f 1607 1592 1606
f 1628 1629 1606
f 1606 1629 1607
f 2498 2496 1366
f 1365 1366 2504
f 2079 2056 2055
f 2055 2054 2078
f 2078 2079 2055
f 2030 2054 2055
f 2080 2056 2079
f 2081 2056 2080
f 2104 2081 2080
f 2080 2103 2104
f 2079 2103 2080
f 2032 2033 2009
f 2056 2033 2032
f 1750 1726 1725
f 1725 1724 1750
f 1726 1700 1725
f 1725 1700 1724
f 1698 1699 1674
f 1674 1673 1698
f 1698 1673 1672
f 1672 1697 1698
f 1729 1755 1730
f 1730 1755 1756
f 1704 1679 1678
f 1678 1703 1704
f 1677 1703 1678
f 1654 1677 1678
f 1678 1655 1654
f 1679 1655 1678
f 1701 1726 1702
f 1701 1700 1726
f 1702 1676 1701
f 1676 1700 1701
f 1728 1752 1753
f 1753 1754 1729
f 1729 1728 1753
f 1753 1780 1754
f 1753 1752 1778
f 1773 1774 1748
f 1806 1805 1831
f 1831 1805 1830
f 1783 1756 1782
f 1756 1781 1782
f 1783 1782 1808
f 1781 1807 1808
f 1808 1782 1781
f 1886 1861 1860
f 1860 1885 1886
f 1884 1907 1908
f 1885 1860 1884
f 1884 1860 1859
f 1908 1909 1884
f 1884 1909 1885
f 1833 1808 1807
f 1833 1807 1806
f 1848 1823 1822
f 1797 1824 1798
f 1823 1824 1797
f 1797 1822 1823
f 1796 1822 1797
f 1849 1824 1848
f 1848 1874 1849
f 1825 1824 1849
f 1880 1904 1881
f 297 464 296
f 464 462 296
f 296 271 297
f 296 248 247
f 296 462 248
f 247 246 296
f 296 246 271
f 277 276 96
f 477 475 476
f 476 478 477
f 476 475 474
f 303 478 476
f 474 302 476
f 476 302 303
f 252 72 71
f 269 63 62
f 1367 2493 2494
f 2494 2492 1367
f 1367 2482 2481
f 2481 2495 1367
f 1367 2485 2486
f 2486 2484 1367
f 2479 2477 1327
f 2479 1328 2478
f 2479 1327 1328
f 2476 2475 1327
f 1327 2477 2476
f 2473 2472 1327
f 1327 2474 2473
f 2258 2240 2239
f 2239 2238 2258
f 1518 1767 1768
f 1522 1523 1793
f 1793 1767 1522
f 1793 1523 1526
f 2331 1523 2332
f 1523 2333 2332
f 2319 1522 2320
f 2319 2336 1522
f 2334 2335 1522
f 1522 2336 2334
f 1766 1741 1740
f 1741 1715 1740
f 1715 1714 1740
f 1740 1714 1739
f 1764 1739 1763
f 1763 1790 1764
f 1764 1740 1739
f 1817 1792 1791
f 1791 1792 1766
f 1791 1764 1790
f 1843 1817 1816
f 1816 1842 1843
f 1817 1791 1816
f 1816 1791 1790
f 1865 1891 1866
f 1891 1867 1866
f 1865 1864 1890
f 1864 1889 1890
f 1890 1891 1865
f 1890 1914 1891
f 1890 1889 1914
f 1192 1278 1181
f 1181 1174 1175
f 1181 1278 1174
f 1180 1278 1277
f 1174 1278 1180
f 1180 1277 1582
f 1582 1174 1180
f 1170 694 1162
f 1170 1151 694
f 1169 1151 1170
f 1177 1169 1170
f 1170 1171 1177
f 697 694 1163
f 1163 1151 697
f 694 1151 1163
f 1260 1258 1300
f 541 636 539
f 539 636 634
f 634 632 539
f 658 657 637
f 637 636 638
f 635 636 637
f 637 657 635
f 391 459 460
f 312 342 341
f 459 340 341
f 341 460 459
f 342 460 341
f 341 311 312
f 341 340 311
f 2252 2270 2271
f 2270 2289 2271
f 2106 2105 2128
f 2107 2082 2106
f 2106 2082 2081
f 2081 2105 2106
f 2152 2128 2151
f 2151 2174 2152
f 2175 2174 2197
f 2175 2152 2174
f 2176 2152 2175
f 2132 2156 2133
f 2179 2156 2155
f 2155 2156 2132
f 2157 2156 2179
f 1994 1995 1971
f 1994 1969 1993
f 2019 1995 1994
f 1996 1973 1972
f 1996 1972 1971
f 1971 1995 1996
f 1996 1995 2019
f 1993 1969 1968
f 1928 1967 1968
f 1968 1929 1928
f 1930 1929 1968
f 1968 1969 1930
f 2190 2212 2191
f 2191 2168 2190
f 2211 2188 2210
f 2211 2231 2212
f 2210 2230 2211
f 2211 2230 2231
f 2187 2188 2165
f 2187 2209 2188
f 2066 2090 2091
f 2091 2090 2114
f 2089 2090 2066
f 2068 2091 2092
f 2002 2003 1978
f 2146 2169 2147
f 2168 2169 2146
f 2251 2230 2250
f 2250 2269 2251
f 2228 2248 2229
f 2229 2209 2228
f 2230 2209 2229
f 2208 2207 2228
f 2228 2209 2208
f 1147 1135 1136
f 816 801 802
f 2428 59 2422
f 2427 59 2428
f 264 59 58
f 58 265 264
f 60 59 264
f 267 57 64
f 816 802 1041
f 973 974 1041
f 1041 802 973
f 845 847 846
f 862 878 877
f 863 878 862
f 852 862 876
f 876 862 877
f 876 877 1050
f 1050 875 876
f 1185 1200 1282
f 1282 1178 1185
f 1178 1173 1185
f 1185 1173 1179
f 1202 1201 1283
f 1283 1201 1200
f 1283 1284 1202
f 1186 1284 1283
f 1200 1185 1283
f 1179 1186 1283
f 1283 1185 1179
f 667 699 689
f 688 687 689
f 687 667 689
f 495 684 683
f 496 684 495
f 683 658 495
f 493 1186 494
f 493 1284 1186
f 981 899 980
f 981 980 1078
f 1078 1077 981
f 898 896 897
f 1287 1226 1224
f 1226 1225 1224
f 977 1081 1101
f 1101 978 977
f 1078 980 1079
f 1074 1097 1096
f 1096 1097 1295
f 1073 1074 1096
f 1096 1092 1073
f 1076 1077 1098
f 1098 1225 1242
f 1242 1097 1098
f 986 994 913
f 993 906 913
f 913 1003 993
f 994 1003 913
f 983 1076 984
f 984 906 983
f 984 913 906
f 1282 1199 1198
f 1199 1197 1198
f 1198 1184 1282
f 1198 1281 1184
f 1198 1197 1196
f 1196 1281 1198
f 1206 1191 1208
f 1208 1207 1206
f 1206 1189 1191
f 1081 1189 1206
f 1206 1101 1081
f 1208 1191 1193
f 1193 1191 1192
f 1193 1210 1208
f 1193 1194 1210
f 1192 1181 1279
f 1279 1193 1192
f 1194 1193 1279
f 1279 1181 1175
f 1196 1195 1280
f 1195 1194 1280
f 1280 1281 1196
f 1066 1067 1134
f 1134 1135 1148
f 1065 1066 1134
f 1134 1148 1065
f 1159 1160 1269
f 1159 1122 1160
f 1269 1255 1159
f 1232 1245 1231
f 1231 1290 1232
f 1230 1290 1231
f 1231 1245 1297
f 1257 1258 1271
f 1254 1255 1253
f 1254 1252 1297
f 1253 1252 1254
f 1297 1245 1254
f 1215 1214 1216
f 1214 1199 1216
f 1216 1217 1215
f 1216 1201 1217
f 1199 1200 1216
f 1200 1201 1216
f 1232 1290 1291
f 1291 1290 1217
f 1218 1201 1202
f 1217 1201 1218
f 1218 1291 1217
f 1219 1291 1218
f 638 640 639
f 639 637 638
f 658 637 639
f 639 495 658
f 1222 1293 1221
f 939 928 929
f 932 941 949
f 949 940 932
f 1017 941 932
f 932 1016 1017
f 957 940 949
f 956 1026 957
f 957 1026 958
f 929 1014 930
f 930 939 929
f 930 932 940
f 1044 1025 1034
f 1019 941 1018
f 1019 950 941
f 1018 1068 1019
f 1068 1067 1019
f 952 1033 1024
f 955 1025 956
f 956 957 955
f 955 957 949
f 949 941 955
f 941 950 955
f 1012 925 1002
f 1002 993 1012
f 993 1003 1012
f 964 962 1029
f 1029 1039 1030
f 1030 964 1029
f 1029 1038 1039
f 1030 1039 1049
f 826 384 383
f 384 316 383
f 365 416 363
f 418 365 367
f 358 367 368
f 354 355 356
f 431 465 433
f 431 463 465
f 432 431 433
f 430 431 432
f 428 421 423
f 430 421 428
f 257 258 66
f 1051 879 1045
f 1045 1035 1051
f 1036 1026 1045
f 1045 1026 1035
f 960 1027 1037
f 849 855 848
f 444 446 405
f 445 446 444
f 442 443 444
f 443 445 444
f 410 409 408
f 408 379 410
f 450 449 451
f 405 446 403
f 370 379 381
f 410 379 370
f 370 412 410
f 857 827 381
f 857 856 827
f 992 993 1002
f 992 912 993
f 912 992 905
f 1095 1161 1160
f 1095 1069 1161
f 1160 1122 1095
f 1297 1252 1244
f 1243 1229 1244
f 1244 1231 1297
f 1244 1229 1230
f 1230 1231 1244
f 1251 1252 1090
f 1090 1092 1251
f 1092 1096 1251
f 1251 1096 1295
f 970 337 971
f 318 337 970
f 319 337 318
f 317 337 319
f 328 327 317
f 1011 925 924
f 924 923 1011
f 1002 925 1011
f 923 1001 1011
f 1011 992 1002
f 1001 992 1011
f 922 936 935
f 922 923 936
f 935 920 922
f 922 920 921
f 1000 991 1010
f 991 1001 1010
f 1010 921 1000
f 1010 1001 923
f 1010 922 921
f 923 922 1010
f 919 1009 921
f 921 920 919
f 919 920 918
f 918 917 919
f 335 327 334
f 334 332 333
f 334 344 332
f 334 327 345
f 345 344 334
f 350 351 345
f 350 121 132
f 132 351 350
f 324 323 392
f 392 325 324
f 333 915 916
f 916 917 933
f 998 917 1007
f 1007 997 998
f 1007 915 997
f 1007 916 915
f 917 916 1007
f 346 915 814
f 814 915 333
f 333 332 331
f 332 330 331
f 331 814 333
f 331 330 346
f 346 814 331
f 910 991 1000
f 896 904 910
f 888 890 977
f 888 887 890
f 892 891 858
f 132 891 892
f 2260 2277 2278
f 2278 2279 2260
f 2277 2295 2278
f 2295 2279 2278
f 2262 2281 2263
f 2283 2300 2284
f 2284 2266 2283
f 2283 2266 2265
f 2265 2264 2283
f 2264 2282 2283
f 2299 2282 2298
f 2298 1947 2299
f 2300 2283 2299
f 2299 2283 2282
f 2299 1948 2300
f 2299 1947 1948
f 2247 2266 2248
f 2248 2227 2247
f 2393 2394 36
f 33 2389 2388
f 34 33 233
f 33 234 233
f 233 35 34
f 608 239 233
f 239 35 233
f 2382 2383 29
f 2390 2391 34
f 2374 2375 25
f 1391 1397 1388
f 1389 1403 1388
f 1403 1391 1388
f 1410 1411 1402
f 1402 1405 1410
f 1411 1385 1402
f 1385 1384 1402
f 1384 1405 1402
f 31 239 32
f 31 35 239
f 2385 2386 31
f 643 504 609
f 609 504 607
f 153 154 152
f 153 751 752
f 765 764 778
f 752 751 765
f 765 751 764
f 762 775 763
f 763 775 776
f 763 749 762
f 776 777 763
f 777 764 763
f 764 751 763
f 768 769 755
f 769 756 755
f 755 169 167
f 756 169 755
f 634 635 633
f 502 655 501
f 681 498 501
f 713 584 586
f 586 711 713
f 587 588 586
f 588 711 586
f 715 584 714
f 715 710 716
f 715 714 710
f 720 718 794
f 794 793 720
f 649 621 623
f 651 676 650
f 649 623 650
f 625 651 650
f 650 623 625
f 629 653 652
f 648 621 649
f 615 618 617
f 742 739 740
f 740 788 787
f 787 742 740
f 510 524 517
f 525 524 510
f 525 526 618
f 1084 1085 1082
f 1084 1140 1086
f 1141 1140 1084
f 1152 1305 1304
f 1304 1085 1152
f 1152 1306 1305
f 1266 1265 1303
f 1303 547 1266
f 523 522 515
f 515 517 523
f 523 517 524
f 524 614 523
f 612 522 523
f 523 614 612
f 561 560 558
f 563 560 561
f 561 672 563
f 671 672 561
f 743 558 741
f 741 739 742
f 741 560 739
f 558 560 741
f 741 742 744
f 744 743 741
f 557 669 670
f 670 645 671
f 43 2406 2405
f 1082 225 1083
f 225 1141 1083
f 1083 1084 1082
f 1141 1084 1083
f 1088 217 216
f 48 2414 2415
f 221 1120 1119
f 1119 1113 220
f 220 221 1119
f 222 223 1121
f 1121 1120 222
f 1121 223 218
f 1272 1128 1157
f 1126 1271 1157
f 1156 1128 1272
f 1155 1154 1132
f 1086 1133 1132
f 1132 1154 1086
f 1112 1113 1143
f 1143 1139 1140
f 1143 1142 1112
f 1143 1140 1142
f 142 1945 140
f 142 144 1945
f 143 144 142
f 142 141 143
f 140 141 142
f 146 147 148
f 148 147 149
f 1946 144 146
f 1945 144 1946
f 146 148 1946
f 1946 148 1947
f 2298 1945 1946
f 1946 1947 2298
f 2279 2297 2280
f 2281 2262 2280
f 2280 2262 2279
f 2298 2281 2280
f 2280 2297 2298
f 170 172 171
f 170 169 172
f 171 1952 170
f 1951 164 166
f 1950 164 1951
f 2303 1950 1951
f 1951 1952 2303
f 796 784 783
f 796 797 784
f 796 783 795
f 796 795 710
f 707 797 796
f 796 710 709
f 709 707 796
f 161 162 160
f 8 10 16
f 1666 1689 1690
f 1690 1689 1715
f 1691 1666 1690
f 1690 1715 1691
f 1662 1686 1663
f 1617 1618 1
f 1659 1658 1683
f 1325 2352 2353
f 1521 1717 1517
f 1520 1717 1521
f 1517 2318 1521
f 1718 1717 1742
f 1718 1719 1693
f 1693 1717 1718
f 2324 2323 1518
f 1518 2325 2324
f 2320 1522 2321
f 1522 2322 2321
f 2310 1517 2309
f 2310 2318 1517
f 2314 1520 2315
f 1514 2312 2311
f 2311 1513 1514
f 1456 1494 1495
f 1495 1494 1493
f 1497 1498 1456
f 1497 1485 1484
f 1484 1498 1497
f 2451 2458 78
f 2456 82 2455
f 2453 2452 79
f 79 80 2453
f 100 80 79
f 79 97 100
f 79 85 97
f 79 84 85
f 79 1449 84
f 1448 1449 79
f 1447 1448 79
f 79 1446 1447
f 78 1445 79
f 1445 1446 79
f 1604 1603 1626
f 1603 1625 1626
f 1626 1650 1627
f 1626 1649 1650
f 1648 1649 1626
f 1626 1625 1648
f 1670 1646 1669
f 1670 1671 1646
f 1670 1669 1695
f 1695 1671 1670
f 1696 1697 1672
f 1672 1671 1696
f 1696 1671 1695
f 1722 1697 1696
f 1696 1721 1722
f 1436 1435 14
f 14 1440 1436
f 1436 1440 1435
f 14 1442 1441
f 1441 1440 14
f 1442 1440 1441
f 1500 1488 1457
f 1500 1457 1499
f 1499 1490 1500
f 1500 1490 1478
f 1478 1488 1500
f 1473 1459 1480
f 1459 1531 1480
f 1480 1530 1473
f 1531 1530 1480
f 1458 1483 1482
f 1482 1530 1458
f 1482 1483 1473
f 1473 1530 1482
f 1632 1655 1656
f 1680 1657 1656
f 1656 1655 1680
f 1614 1637 1615
f 1636 1637 1614
f 1599 1613 1614
f 1614 1615 1
f 1 1599 1614
f 1598 1599 2
f 1598 1613 1599
f 1596 1595 1611
f 1611 1595 1610
f 1610 1632 1611
f 1591 1590 1605
f 1605 1606 1591
f 1605 1626 1627
f 1604 1626 1605
f 1627 1628 1605
f 1628 1606 1605
f 1589 1590 18
f 18 1588 1589
f 1604 1605 1589
f 1589 1605 1590
f 1589 1603 1604
f 1589 1588 1603
f 1587 18 1586
f 1587 1588 18
f 1587 1601 1602
f 1586 1601 1587
f 1602 1603 1587
f 1603 1588 1587
f 1366 2489 2488
f 2488 2498 1366
f 1366 2496 2497
f 2497 2504 1366
f 1365 2504 2502
f 2007 2032 2008
f 2008 2032 2009
f 2008 1984 2007
f 2008 2009 1984
f 2031 2007 2030
f 2031 2032 2007
f 2030 2055 2031
f 2031 2055 2056
f 2056 2032 2031
f 1723 1697 1722
f 1723 1698 1697
f 1723 1724 1699
f 1699 1698 1723
f 1705 1730 1706
f 1680 1704 1705
f 1705 1706 1680
f 1705 1704 1729
f 1729 1730 1705
f 1783 1810 1784
f 1763 1737 1762
f 1763 1739 1738
f 1738 1737 1763
f 1739 1714 1738
f 1779 1753 1778
f 1780 1753 1779
f 1778 1805 1779
f 1805 1780 1779
f 1750 1724 1749
f 1724 1723 1749
f 1749 1723 1748
f 1749 1776 1750
f 1749 1775 1776
f 1749 1774 1775
f 1749 1748 1774
f 1809 1810 1783
f 1783 1808 1809
f 1834 1833 1859
f 1834 1860 1835
f 1859 1860 1834
f 1808 1833 1834
f 1835 1809 1834
f 1834 1809 1808
f 1806 1831 1832
f 1832 1833 1806
f 1848 1822 1847
f 1847 1822 1846
f 1847 1872 1848
f 1847 1871 1872
f 1847 1846 1871
f 1771 1797 1798
f 1796 1797 1771
f 1850 1851 1825
f 1825 1849 1850
f 1875 1851 1850
f 1874 1875 1850
f 1850 1849 1874
f 1906 1881 1905
f 1905 1881 1904
f 1882 1881 1906
f 1990 2014 2015
f 2015 1991 1990
f 1990 2013 2014
f 1966 1965 1990
f 1990 1967 1966
f 1990 1991 1967
f 289 277 278
f 278 290 289
f 279 290 278
f 278 96 279
f 278 277 96
f 288 277 289
f 288 301 287
f 287 276 288
f 276 277 288
f 289 302 288
f 288 302 301
f 76 2448 2449
f 77 76 248
f 75 2440 2447
f 70 2440 75
f 75 250 70
f 74 77 249
f 249 75 74
f 250 75 249
f 249 248 461
f 249 77 248
f 72 2442 2443
f 72 252 253
f 2432 63 2431
f 260 62 61
f 260 269 62
f 260 61 69
f 2220 2240 2241
f 2179 2155 2178
f 1794 1768 1767
f 1767 1793 1794
f 2355 1520 2314
f 2355 2357 1520
f 1519 2357 2356
f 2356 2326 1519
f 1520 2357 1519
f 1519 2326 2325
f 1519 2325 1518
f 1742 1520 1519
f 1518 1768 1519
f 1519 1768 1742
f 1695 1719 1720
f 1720 1696 1695
f 1721 1696 1720
f 1719 1745 1720
f 1745 1771 1746
f 1722 1721 1746
f 1721 1720 1746
f 1746 1720 1745
f 1766 1740 1765
f 1765 1791 1766
f 1740 1764 1765
f 1764 1791 1765
f 1812 1839 1813
f 1813 1787 1812
f 1836 1809 1835
f 1810 1809 1836
f 1836 1860 1861
f 1835 1860 1836
f 1861 1862 1836
f 1862 1837 1836
f 1271 1258 1259
f 1258 1260 1259
f 1259 1157 1271
f 1272 1157 1259
f 1262 1260 1301
f 1301 1249 1262
f 1303 1265 1264
f 1263 1262 1264
f 1241 1249 1240
f 1239 1249 1301
f 1240 1249 1239
f 529 622 527
f 538 536 544
f 541 539 540
f 537 539 632
f 538 540 537
f 537 540 539
f 2289 2290 2272
f 2272 2271 2289
f 2291 2273 2272
f 2272 2290 2291
f 2273 2254 2272
f 2272 2254 2253
f 2272 2253 2252
f 2252 2271 2272
f 2128 2152 2129
f 2129 2152 2130
f 2129 2106 2128
f 2129 2130 2107
f 2107 2106 2129
f 2108 2084 2107
f 2132 2109 2108
f 2061 2084 2085
f 2085 2108 2109
f 2084 2108 2085
f 2086 2062 2085
f 2085 2062 2061
f 2058 2082 2083
f 2083 2082 2107
f 2107 2084 2083
f 2087 2062 2086
f 2087 2112 2088
f 2135 2112 2134
f 2134 2157 2135
f 2134 2133 2156
f 2156 2157 2134
f 2110 2109 2132
f 2132 2133 2110
f 2133 2134 2110
f 2110 2087 2086
f 2086 2085 2110
f 2110 2085 2109
f 2130 2152 2153
f 2153 2152 2176
f 2131 2155 2132
f 2132 2108 2131
f 2107 2130 2131
f 2131 2108 2107
f 2135 2157 2158
f 2159 2136 2158
f 2158 2136 2135
f 2157 2181 2158
f 1970 1994 1971
f 1969 1994 1970
f 1970 1971 1931
f 1931 1930 1970
f 1930 1969 1970
f 1974 1973 1997
f 1973 1996 1997
f 1993 1968 1992
f 1992 1991 2015
f 1967 1991 1992
f 1992 1968 1967
f 2167 2190 2168
f 2212 2190 2189
f 2189 2211 2212
f 2188 2211 2189
f 2165 2188 2189
f 2165 2143 2142
f 2142 2141 2165
f 2119 2141 2142
f 2142 2120 2119
f 2143 2120 2142
f 2114 2138 2115
f 2115 2091 2114
f 2137 2138 2114
f 2184 2206 2207
f 2165 2141 2164
f 2164 2187 2165
f 2088 2112 2113
f 2113 2089 2088
f 2114 2090 2113
f 2090 2089 2113
f 2113 2137 2114
f 2136 2137 2113
f 2135 2136 2113
f 2113 2112 2135
f 2018 2043 2019
f 2019 1994 2018
f 1993 2017 2018
f 2018 1994 1993
f 2066 2043 2042
f 2043 2018 2042
f 2066 2091 2067
f 2091 2068 2067
f 2067 2043 2066
f 2067 2068 2043
f 2043 2068 2044
f 2019 2043 2044
f 2069 2094 2070
f 2144 2167 2168
f 2144 2120 2143
f 2095 2070 2094
f 2119 2120 2095
f 2249 2229 2248
f 2249 2248 2268
f 2249 2250 2230
f 2230 2229 2249
f 2268 2269 2249
f 2269 2250 2249
f 1093 1061 1062
f 1093 1103 1061
f 1147 1136 1146
f 1127 1136 1126
f 1126 1157 1127
f 1127 1157 1128
f 263 56 60
f 60 264 263
f 266 265 57
f 57 267 266
f 64 63 268
f 268 267 64
f 63 269 268
f 824 820 819
f 819 820 816
f 816 1041 819
f 844 845 846
f 838 847 837
f 847 845 837
f 837 806 838
f 870 264 265
f 265 859 870
f 685 493 684
f 1284 493 685
f 691 690 688
f 688 689 691
f 691 692 690
f 496 495 642
f 495 639 642
f 492 493 494
f 492 494 666
f 666 665 492
f 684 493 492
f 492 665 664
f 664 684 492
f 980 899 884
f 884 899 898
f 898 897 884
f 1286 1209 1287
f 1287 1224 1286
f 1286 1207 1209
f 979 1079 980
f 980 884 979
f 979 884 978
f 978 1101 1080
f 1080 979 978
f 1079 979 1080
f 1080 1206 1207
f 1101 1206 1080
f 1078 1079 1285
f 1207 1286 1285
f 1285 1080 1207
f 1079 1080 1285
f 1099 1224 1225
f 1225 1098 1099
f 1099 1098 1077
f 1075 984 1076
f 1076 1098 1075
f 1075 1098 1097
f 985 1074 986
f 985 1097 1074
f 986 913 985
f 913 984 985
f 985 1075 1097
f 984 1075 985
f 1183 1169 1177
f 1183 1176 1169
f 1177 1281 1183
f 1281 1280 1183
f 1194 1279 1182
f 1182 1280 1194
f 1175 1176 1182
f 1182 1279 1175
f 1176 1183 1182
f 1182 1183 1280
f 1158 1271 1126
f 1158 1257 1271
f 1125 1158 1126
f 1126 1136 1125
f 1125 1136 1135
f 1247 1235 1237
f 1232 1291 1234
f 1236 1293 1237
f 1237 1235 1236
f 1221 1293 1236
f 542 1222 543
f 638 542 543
f 543 640 638
f 1223 1222 542
f 1293 1222 1223
f 947 961 938
f 938 928 947
f 928 939 947
f 960 961 947
f 959 947 939
f 960 947 959
f 959 1027 960
f 958 1027 959
f 1016 932 931
f 932 930 931
f 1015 1016 931
f 931 1014 1015
f 931 930 1014
f 1024 1033 1043
f 1043 1034 1024
f 1043 1033 976
f 1043 875 1050
f 976 875 1043
f 1050 1044 1043
f 1044 1034 1043
f 1021 1066 1065
f 954 952 1024
f 1025 955 954
f 1024 1034 954
f 954 1034 1025
f 927 1003 1013
f 927 1012 1003
f 926 925 927
f 925 1012 927
f 1013 929 927
f 929 928 927
f 938 926 927
f 927 928 938
f 966 1031 967
f 944 965 967
f 967 965 966
f 967 943 944
f 1030 1049 1040
f 1040 966 1030
f 1040 1031 966
f 826 1031 1040
f 1039 1038 1048
f 314 321 315
f 315 383 316
f 321 382 315
f 315 382 383
f 396 314 315
f 315 316 396
f 418 367 420
f 420 367 358
f 414 363 416
f 413 412 414
f 414 415 413
f 414 416 415
f 364 363 362
f 365 363 364
f 838 806 808
f 355 354 353
f 433 435 434
f 434 432 433
f 434 435 436
f 417 432 434
f 436 415 434
f 415 417 434
f 419 421 430
f 430 432 419
f 419 432 417
f 419 420 421
f 419 417 418
f 418 420 419
f 70 250 251
f 71 70 251
f 251 252 71
f 429 431 430
f 430 428 429
f 463 431 429
f 461 463 429
f 258 257 830
f 256 255 356
f 65 255 256
f 66 65 256
f 256 257 66
f 851 849 809
f 809 364 851
f 851 364 362
f 960 1037 1028
f 1028 1037 1038
f 1028 961 960
f 1028 962 961
f 1028 1029 962
f 1038 1029 1028
f 864 880 879
f 863 854 864
f 864 879 863
f 864 854 855
f 855 865 864
f 864 865 880
f 1038 1037 1047
f 1054 1048 1047
f 1047 1048 1038
f 1036 1045 1052
f 1052 1045 879
f 879 880 1052
f 839 847 838
f 848 847 839
f 839 849 848
f 809 849 839
f 407 444 405
f 407 408 409
f 407 409 442
f 442 444 407
f 401 450 399
f 399 400 401
f 448 450 401
f 401 403 448
f 449 450 448
f 448 403 446
f 447 449 448
f 448 446 447
f 362 363 361
f 412 370 361
f 361 414 412
f 363 414 361
f 381 379 380
f 380 857 381
f 856 857 866
f 911 904 898
f 898 905 911
f 991 910 911
f 911 910 904
f 911 905 992
f 911 1001 991
f 911 992 1001
f 900 906 912
f 912 905 900
f 899 981 900
f 898 899 900
f 900 905 898
f 1094 1095 1122
f 1094 1067 1068
f 1094 1122 1067
f 1068 1069 1094
f 1069 1095 1094
f 1296 1244 1252
f 1252 1251 1296
f 1243 1244 1296
f 1296 1295 1243
f 1296 1251 1295
f 336 327 335
f 336 317 327
f 335 825 336
f 336 971 337
f 337 317 336
f 942 971 336
f 336 933 942
f 336 825 933
f 326 350 345
f 326 327 328
f 345 327 326
f 328 324 326
f 326 324 325
f 349 325 391
f 391 460 349
f 349 326 325
f 350 326 349
f 349 460 342
f 349 342 122
f 349 122 121
f 121 350 349
f 329 319 322
f 322 323 329
f 323 324 329
f 329 324 328
f 328 317 329
f 329 317 319
f 333 916 813
f 335 334 813
f 813 334 333
f 813 825 335
f 813 916 933
f 933 825 813
f 896 910 903
f 903 894 896
f 895 887 885
f 887 888 885
f 885 896 895
f 885 897 896
f 867 894 893
f 858 867 893
f 893 892 858
f 902 893 894
f 892 893 902
f 908 907 901
f 901 902 908
f 892 902 901
f 901 907 132
f 132 892 901
f 2260 2279 2261
f 2279 2262 2261
f 2241 2260 2261
f 2246 2247 2227
f 2225 2245 2246
f 2246 2245 2265
f 2265 2266 2246
f 2266 2247 2246
f 2225 2204 2224
f 2204 2223 2224
f 2179 2201 2202
f 2180 2157 2179
f 2180 2181 2157
f 2179 2202 2180
f 2205 2204 2225
f 2225 2206 2205
f 2206 2184 2205
f 1396 1395 1389
f 1389 1388 1396
f 1340 1395 1396
f 1396 1397 1340
f 1396 1388 1397
f 612 609 610
f 610 607 608
f 610 609 607
f 610 522 612
f 521 522 610
f 143 749 145
f 145 147 146
f 145 144 143
f 146 144 145
f 750 751 149
f 149 147 750
f 749 763 750
f 750 763 751
f 750 145 749
f 147 145 750
f 156 154 155
f 154 153 155
f 155 153 752
f 752 765 766
f 779 780 766
f 766 778 779
f 766 765 778
f 629 632 631
f 631 653 629
f 631 632 634
f 634 633 631
f 502 501 500
f 500 501 498
f 656 633 635
f 681 501 656
f 655 633 656
f 656 501 655
f 656 657 681
f 635 657 656
f 680 655 502
f 722 720 793
f 721 720 722
f 793 724 722
f 724 723 722
f 722 723 721
f 718 720 719
f 721 580 719
f 719 720 721
f 569 571 568
f 724 726 725
f 725 723 724
f 730 728 791
f 730 791 790
f 625 623 626
f 626 628 625
f 571 676 677
f 677 573 571
f 677 676 651
f 651 652 677
f 643 609 611
f 611 609 612
f 612 614 611
f 674 648 649
f 671 645 646
f 646 672 671
f 647 672 646
f 646 645 615
f 615 617 646
f 646 617 647
f 527 526 528
f 619 622 621
f 621 648 619
f 619 648 647
f 647 617 619
f 616 618 615
f 616 614 524
f 616 525 618
f 524 525 616
f 1155 1263 1274
f 1274 1154 1155
f 1274 1264 1265
f 1263 1264 1274
f 1086 1154 1275
f 1265 1266 1275
f 1275 1274 1265
f 1154 1274 1275
f 519 1266 508
f 508 1266 547
f 510 519 508
f 231 505 232
f 232 234 37
f 520 505 521
f 234 232 520
f 520 232 505
f 608 233 520
f 520 233 234
f 520 610 608
f 521 610 520
f 513 521 507
f 521 505 507
f 507 512 513
f 557 670 559
f 559 561 558
f 671 561 559
f 559 670 671
f 556 557 559
f 559 558 556
f 2407 2408 44
f 1104 1102 1105
f 1105 1088 216
f 1105 216 215
f 215 1104 1105
f 218 217 1087
f 217 1088 1087
f 1087 1121 218
f 1130 1156 1155
f 1155 1132 1130
f 151 153 152
f 149 751 151
f 751 153 151
f 168 170 1952
f 168 1951 166
f 1952 1951 168
f 168 166 167
f 167 169 168
f 169 170 168
f 163 161 754
f 164 162 163
f 162 161 163
f 160 158 159
f 159 161 160
f 6 8 16
f 16 17 6
f 1664 1689 1665
f 1665 1642 1664
f 1 1615 1616
f 1616 1617 1
f 1615 1637 1616
f 1639 1661 1662
f 1617 1616 1639
f 1682 1658 1681
f 1682 1683 1658
f 2351 2350 1325
f 1325 2353 2351
f 1520 1521 2317
f 2317 2315 1520
f 1744 1745 1719
f 1744 1771 1745
f 1512 1513 2313
f 1513 2311 2313
f 1492 1495 1493
f 1478 1485 1492
f 1492 1489 1478
f 1493 1489 1492
f 1456 1495 1496
f 1496 1497 1456
f 1495 1492 1496
f 1485 1497 1496
f 1496 1492 1485
f 1761 1762 1736
f 1736 1762 1737
f 1736 1737 1712
f 1684 1683 1709
f 1759 1784 1785
f 1659 1683 1660
f 1660 1683 1684
f 1660 1637 1659
f 1660 1661 1637
f 1684 1709 1685
f 1685 1660 1684
f 1661 1660 1685
f 1685 1686 1662
f 1662 1661 1685
f 1596 1611 1597
f 1597 2 1596
f 1597 1598 2
f 1613 1598 1597
f 1636 1614 1635
f 1635 1614 1613
f 1635 1658 1636
f 1657 1658 1635
f 1635 1634 1657
f 1611 1634 1612
f 1613 1597 1612
f 1612 1597 1611
f 1612 1635 1613
f 1634 1635 1612
f 1632 1656 1633
f 1633 1611 1632
f 1633 1634 1611
f 1633 1656 1657
f 1657 1634 1633
f 2503 2501 1365
f 1365 2502 2503
f 1713 1738 1714
f 1712 1737 1713
f 1737 1738 1713
f 1840 1864 1865
f 1840 1839 1864
f 1865 1866 1840
f 1813 1839 1840
f 1788 1762 1761
f 1761 1787 1788
f 1763 1762 1788
f 1788 1787 1813
f 1772 1798 1773
f 1772 1771 1798
f 1773 1746 1772
f 1772 1746 1771
f 1768 1794 1769
f 1742 1768 1769
f 1906 1907 1883
f 1883 1882 1906
f 1907 1884 1883
f 1856 1831 1830
f 1880 1881 1856
f 2015 2014 2039
f 74 2445 2446
f 254 73 72
f 72 253 254
f 255 73 254
f 253 425 254
f 356 255 254
f 254 425 356
f 68 2437 2438
f 259 260 69
f 69 68 259
f 259 68 67
f 67 258 259
f 2198 2175 2197
f 2176 2175 2198
f 2197 2217 2198
f 2217 2218 2198
f 2177 2199 2178
f 2177 2178 2155
f 2176 2198 2177
f 2177 2198 2199
f 2219 2198 2218
f 2199 2198 2219
f 2219 2218 2238
f 2238 2239 2219
f 2219 2239 2240
f 2240 2220 2219
f 2200 2220 2201
f 2178 2199 2200
f 2200 2219 2220
f 2199 2219 2200
f 2200 2201 2179
f 2179 2178 2200
f 1846 1822 1821
f 1773 1748 1747
f 1747 1746 1773
f 1722 1746 1747
f 1747 1723 1722
f 1748 1723 1747
f 1837 1812 1811
f 1810 1836 1811
f 1811 1836 1837
f 1811 1812 1785
f 1811 1784 1810
f 1785 1784 1811
f 1838 1812 1837
f 1839 1812 1838
f 1838 1862 1863
f 1838 1837 1862
f 1863 1864 1838
f 1864 1839 1838
f 1785 1812 1786
f 1786 1812 1787
f 1260 1262 1261
f 1272 1259 1261
f 1261 1259 1260
f 1250 1241 550
f 1303 1264 1250
f 1248 1239 1301
f 1248 1260 1300
f 1301 1260 1248
f 1300 1247 1248
f 1248 1247 1237
f 531 529 532
f 625 628 627
f 627 651 625
f 627 652 651
f 629 652 627
f 630 632 629
f 629 627 630
f 630 627 628
f 630 537 632
f 533 626 531
f 628 626 533
f 553 544 536
f 2060 2084 2061
f 2065 2089 2066
f 2088 2089 2065
f 2065 2064 2088
f 2063 2087 2088
f 2088 2064 2063
f 2062 2087 2063
f 2063 2039 2062
f 2111 2134 2112
f 2111 2110 2134
f 2112 2087 2111
f 2087 2110 2111
f 2155 2131 2154
f 2154 2177 2155
f 2130 2153 2154
f 2154 2131 2130
f 2154 2153 2176
f 2176 2177 2154
f 2021 1997 1996
f 2166 2143 2165
f 2165 2189 2166
f 2166 2144 2143
f 2167 2144 2166
f 2190 2167 2166
f 2166 2189 2190
f 2139 2138 2161
f 2159 2158 2182
f 2182 2158 2181
f 2182 2181 2204
f 2140 2117 2139
f 2141 2117 2140
f 2092 2117 2093
f 2093 2117 2094
f 2093 2094 2069
f 2093 2068 2092
f 2069 2068 2093
f 2118 2141 2119
f 2118 2117 2141
f 2094 2117 2118
f 2119 2095 2118
f 2118 2095 2094
f 2116 2117 2092
f 2092 2091 2116
f 2091 2115 2116
f 2139 2117 2116
f 2116 2138 2139
f 2116 2115 2138
f 2026 2050 2027
f 2027 2003 2026
f 2003 2002 2026
f 2124 2146 2147
f 2124 2123 2146
f 2124 2147 2125
f 2125 2101 2124
f 2073 2048 2072
f 2072 2048 2047
f 1110 1093 1111
f 1062 1063 1111
f 1111 1093 1062
f 1111 1063 1064
f 1064 1118 1111
f 1145 1116 1137
f 1116 1146 1137
f 1137 1127 1128
f 1137 1146 1136
f 1136 1127 1137
f 56 263 262
f 261 54 262
f 262 54 56
f 262 801 261
f 973 802 972
f 972 802 801
f 801 262 972
f 972 262 263
f 861 842 852
f 852 876 861
f 861 875 874
f 861 876 875
f 269 260 833
f 976 1033 1042
f 1042 1041 974
f 1042 1032 1041
f 975 976 1042
f 1042 974 975
f 821 822 1023
f 822 1032 1023
f 1033 952 1023
f 1023 1042 1033
f 1032 1042 1023
f 1022 821 1023
f 1023 952 1022
f 823 822 824
f 823 1032 822
f 824 819 823
f 823 819 1041
f 1041 1032 823
f 853 862 852
f 852 844 853
f 853 844 846
f 863 862 853
f 846 854 853
f 853 854 863
f 975 974 871
f 871 974 973
f 267 268 840
f 496 1284 497
f 1284 685 497
f 497 684 496
f 497 685 684
f 1078 1285 1100
f 1100 1285 1286
f 1100 1077 1078
f 1100 1099 1077
f 1100 1286 1224
f 1224 1099 1100
f 1270 1158 1159
f 1257 1158 1270
f 1270 1159 1255
f 1270 1255 1256
f 1256 1257 1270
f 1122 1159 1124
f 1159 1158 1124
f 1158 1125 1124
f 1219 1218 1203
f 1203 1220 1219
f 1203 1218 1202
f 1202 1284 1203
f 1256 1255 1298
f 1255 1254 1298
f 1298 1254 1245
f 1256 1298 1299
f 1299 1298 1246
f 1235 1247 1299
f 1299 1246 1235
f 1299 1257 1256
f 1258 1257 1299
f 1300 1258 1299
f 1299 1247 1300
f 1233 1298 1245
f 1246 1298 1233
f 1233 1245 1232
f 1232 1234 1233
f 1235 1246 1233
f 1233 1234 1235
f 1221 1236 1292
f 1235 1234 1292
f 1292 1236 1235
f 1292 1220 1221
f 1219 1220 1292
f 1292 1291 1219
f 1292 1234 1291
f 538 544 545
f 545 540 538
f 1294 553 1240
f 544 553 1294
f 1240 1239 1294
f 1294 545 544
f 1223 545 1294
f 1293 1223 1294
f 948 959 939
f 948 930 940
f 939 930 948
f 940 957 948
f 948 957 958
f 958 959 948
f 1066 1021 1020
f 1020 1067 1066
f 1020 1019 1067
f 950 1019 1020
f 1020 1021 950
f 951 1064 1022
f 1065 1064 951
f 951 1021 1065
f 1022 952 951
f 952 954 953
f 953 951 952
f 1021 951 953
f 950 1021 953
f 953 955 950
f 953 954 955
f 320 318 970
f 320 382 321
f 320 321 319
f 319 318 320
f 968 967 1031
f 943 967 968
f 422 420 358
f 421 420 422
f 423 421 422
f 365 364 366
f 366 364 809
f 366 367 365
f 366 368 367
f 360 808 807
f 807 808 806
f 807 353 360
f 806 830 807
f 355 353 807
f 358 368 369
f 270 253 252
f 270 425 253
f 426 428 423
f 423 270 426
f 252 251 426
f 426 270 252
f 355 807 829
f 829 807 830
f 829 830 257
f 257 256 829
f 850 865 855
f 856 865 850
f 855 849 850
f 849 851 850
f 827 856 850
f 850 851 827
f 880 865 881
f 1054 1047 881
f 881 866 1054
f 881 865 856
f 856 866 881
f 1046 1047 1037
f 1036 1052 1046
f 1046 1027 1036
f 1046 1037 1027
f 838 808 828
f 828 839 838
f 828 369 368
f 808 369 828
f 809 839 828
f 828 366 809
f 368 366 828
f 453 454 452
f 452 399 450
f 451 453 452
f 452 450 451
f 454 395 397
f 397 452 454
f 399 452 397
f 397 395 396
f 406 407 405
f 408 407 406
f 1055 1049 1039
f 1039 1048 1055
f 385 316 384
f 385 386 316
f 381 827 371
f 371 370 381
f 371 361 370
f 857 380 378
f 378 380 379
f 982 1077 983
f 983 906 982
f 906 900 982
f 982 981 1077
f 982 900 981
f 1008 917 998
f 998 999 1008
f 1008 919 917
f 1009 919 1008
f 1008 999 1009
f 990 903 910
f 990 910 1000
f 1000 1009 990
f 1009 999 990
f 977 978 886
f 886 888 977
f 886 885 888
f 978 884 886
f 886 884 897
f 897 885 886
f 2244 2262 2263
f 2244 2243 2262
f 2263 2245 2244
f 2244 2245 2225
f 2225 2224 2244
f 2223 2243 2244
f 2244 2224 2223
f 2242 2243 2223
f 2241 2261 2242
f 2242 2261 2262
f 2262 2243 2242
f 2225 2246 2226
f 2226 2246 2227
f 2226 2206 2225
f 2226 2227 2207
f 2207 2206 2226
f 2203 2223 2204
f 2203 2202 2223
f 2204 2181 2203
f 2181 2180 2203
f 2203 2180 2202
f 2223 2202 2222
f 2222 2242 2223
f 2222 2202 2201
f 2241 2242 2222
f 157 158 156
f 156 155 157
f 157 159 158
f 157 155 752
f 752 766 753
f 753 766 754
f 753 157 752
f 159 157 753
f 754 161 753
f 161 159 753
f 754 766 767
f 768 755 767
f 767 755 754
f 767 766 780
f 767 781 768
f 767 780 781
f 654 633 655
f 654 631 633
f 655 680 654
f 653 631 654
f 679 653 654
f 654 680 679
f 502 500 581
f 499 500 498
f 499 659 587
f 499 498 659
f 574 575 577
f 577 575 679
f 679 680 577
f 718 719 717
f 716 718 717
f 717 715 716
f 717 719 580
f 571 573 570
f 570 568 571
f 731 568 570
f 732 730 790
f 788 740 738
f 738 789 788
f 738 736 789
f 624 529 531
f 531 626 624
f 622 529 624
f 624 626 623
f 624 623 621
f 621 622 624
f 575 573 678
f 573 677 678
f 679 575 678
f 678 677 652
f 678 653 679
f 678 652 653
f 643 611 644
f 645 670 644
f 644 669 643
f 644 670 669
f 613 611 614
f 613 616 615
f 614 616 613
f 615 645 613
f 645 644 613
f 613 644 611
f 675 676 569
f 675 674 649
f 649 650 675
f 675 650 676
f 673 672 647
f 647 648 673
f 648 674 673
f 563 672 673
f 1303 1250 549
f 549 1250 550
f 530 529 527
f 527 528 530
f 530 532 529
f 550 532 530
f 530 549 550
f 528 549 530
f 509 528 526
f 509 525 510
f 526 525 509
f 510 508 509
f 509 508 547
f 620 617 618
f 620 619 617
f 622 619 620
f 618 526 620
f 620 526 527
f 527 622 620
f 1306 1152 511
f 1152 512 511
f 512 507 511
f 1086 1275 1153
f 1153 1084 1086
f 1085 1084 1153
f 518 517 515
f 518 519 510
f 510 517 518
f 1108 1110 1116
f 1108 1116 1145
f 1145 1115 1108
f 1138 1115 1145
f 1144 1115 1138
f 1120 1121 1106
f 1106 1119 1120
f 1106 1108 1115
f 150 151 152
f 152 1947 150
f 1947 148 150
f 150 148 149
f 149 151 150
f 165 755 167
f 167 166 165
f 754 755 165
f 165 163 754
f 166 164 165
f 164 163 165
f 1641 1642 1619
f 1641 1664 1642
f 1637 1661 1638
f 1661 1639 1638
f 1638 1616 1637
f 1638 1639 1616
f 1618 1617 1640
f 1617 1639 1640
f 1619 1618 1640
f 1640 1641 1619
f 1662 1663 1640
f 1640 1639 1662
f 1663 1664 1640
f 1664 1641 1640
f 2316 1521 2318
f 2316 2317 1521
f 1719 1718 1743
f 1743 1744 1719
f 1743 1718 1742
f 1742 1769 1743
f 2359 1516 1512
f 1512 2313 2359
f 1731 1730 1756
f 1756 1732 1731
f 1706 1730 1731
f 1731 1732 1706
f 1710 1685 1709
f 1708 1709 1683
f 1736 1710 1735
f 1735 1709 1734
f 1735 1710 1709
f 1784 1759 1758
f 1783 1784 1758
f 1689 1664 1688
f 1714 1689 1688
f 1688 1713 1714
f 1688 1664 1663
f 1712 1713 1688
f 1841 1840 1866
f 1841 1867 1842
f 1841 1866 1867
f 1789 1816 1790
f 1789 1790 1763
f 1763 1788 1789
f 1796 1771 1770
f 1771 1744 1770
f 1744 1743 1770
f 1770 1743 1769
f 1795 1769 1794
f 1794 1821 1795
f 1796 1770 1795
f 1795 1770 1769
f 1795 1822 1796
f 1795 1821 1822
f 1858 1884 1859
f 1858 1883 1884
f 1859 1833 1858
f 1855 1830 1854
f 1855 1856 1830
f 1854 1880 1855
f 1880 1856 1855
f 2013 1990 1989
f 1989 1990 1965
f 2035 2010 2034
f 2035 2034 2058
f 2016 1992 2015
f 2016 2017 1993
f 1993 1992 2016
f 258 830 831
f 831 259 258
f 831 830 806
f 1845 1846 1820
f 1846 1821 1820
f 1844 1845 1820
f 1820 1821 1794
f 1760 1787 1761
f 1760 1786 1787
f 1760 1759 1785
f 1785 1786 1760
f 1761 1736 1760
f 1736 1735 1760
f 1734 1759 1760
f 1760 1735 1734
f 1273 1156 1272
f 1272 1261 1273
f 1273 1263 1155
f 1155 1156 1273
f 1273 1262 1263
f 1273 1261 1262
f 1249 1241 1302
f 1241 1250 1302
f 1302 1262 1249
f 1302 1264 1262
f 1302 1250 1264
f 531 532 534
f 534 533 531
f 536 533 534
f 535 533 536
f 537 630 535
f 535 630 628
f 628 533 535
f 535 536 538
f 538 537 535
f 551 1241 1240
f 551 534 532
f 550 1241 551
f 551 532 550
f 2059 2083 2084
f 2084 2060 2059
f 2058 2083 2059
f 2059 2035 2058
f 2066 2042 2041
f 2041 2065 2066
f 2041 2018 2017
f 2041 2042 2018
f 2017 2016 2041
f 1974 1999 1975
f 1936 1974 1975
f 1975 1937 1936
f 1976 1937 1975
f 1974 1997 1998
f 1998 1999 1974
f 1997 2021 1998
f 2047 2048 2024
f 2019 2044 2020
f 2044 2021 2020
f 2020 1996 2019
f 2020 2021 1996
f 2046 2070 2047
f 2069 2070 2046
f 2160 2136 2159
f 2160 2137 2136
f 2159 2182 2160
f 2138 2137 2160
f 2160 2161 2138
f 2184 2161 2160
f 2209 2187 2186
f 2186 2208 2209
f 2163 2164 2141
f 2141 2140 2163
f 2163 2140 2139
f 2187 2164 2163
f 2163 2186 2187
f 2101 2076 2100
f 2100 2124 2101
f 2073 2098 2074
f 2074 2098 2075
f 2074 2050 2073
f 2074 2075 2051
f 2051 2050 2074
f 2097 2098 2073
f 2123 2098 2122
f 2146 2123 2122
f 2070 2095 2071
f 2095 2072 2071
f 2047 2070 2071
f 2071 2072 2047
f 1110 1111 1117
f 1147 1146 1117
f 1117 1118 1147
f 1117 1111 1118
f 1116 1110 1117
f 1117 1146 1116
f 869 972 263
f 869 263 264
f 264 870 869
f 973 972 869
f 869 871 973
f 870 871 869
f 872 870 859
f 872 871 870
f 874 873 872
f 872 860 874
f 872 873 975
f 975 871 872
f 842 861 805
f 805 840 842
f 874 860 805
f 805 861 874
f 803 872 859
f 860 872 803
f 803 859 265
f 265 266 803
f 269 833 841
f 841 268 269
f 841 840 268
f 842 840 841
f 692 691 693
f 691 701 693
f 693 701 1162
f 1162 694 693
f 694 692 693
f 1162 701 1172
f 1172 1170 1162
f 1171 1170 1172
f 1173 1171 1172
f 1123 1125 1135
f 1123 1124 1125
f 1135 1134 1123
f 1122 1124 1123
f 1067 1122 1123
f 1123 1134 1067
f 1220 1203 1205
f 640 543 1205
f 1205 543 1222
f 1205 1222 1221
f 1221 1220 1205
f 540 545 546
f 546 542 541
f 541 540 546
f 546 1223 542
f 546 545 1223
f 1237 1293 1238
f 1293 1294 1238
f 1238 1294 1239
f 1238 1248 1237
f 1239 1248 1238
f 812 1031 826
f 812 968 1031
f 826 383 812
f 383 382 812
f 382 320 812
f 320 968 812
f 969 320 970
f 969 968 320
f 943 968 969
f 970 971 969
f 969 971 942
f 934 943 969
f 969 942 934
f 352 422 358
f 360 353 352
f 352 353 354
f 423 422 424
f 424 270 423
f 425 270 424
f 424 354 356
f 356 425 424
f 424 352 354
f 422 352 424
f 359 808 360
f 359 369 808
f 358 369 359
f 360 352 359
f 359 352 358
f 427 429 428
f 428 426 427
f 461 429 427
f 427 251 250
f 427 426 251
f 427 249 461
f 250 249 427
f 356 355 357
f 355 829 357
f 357 256 356
f 357 829 256
f 1053 881 1047
f 1047 1046 1053
f 880 881 1053
f 1053 1052 880
f 1053 1046 1052
f 400 399 398
f 399 397 398
f 398 386 400
f 398 397 396
f 396 316 398
f 316 386 398
f 401 400 402
f 402 403 401
f 400 386 388
f 388 402 400
f 373 402 388
f 376 378 377
f 377 378 379
f 379 408 377
f 408 406 377
f 882 1048 1054
f 882 1055 1048
f 1054 866 882
f 882 883 1055
f 811 385 384
f 811 384 826
f 826 1040 811
f 811 1040 1049
f 362 361 372
f 361 371 372
f 372 851 362
f 827 851 372
f 372 371 827
f 989 990 999
f 989 999 998
f 998 988 989
f 989 988 908
f 908 902 989
f 2201 2220 2221
f 2221 2222 2201
f 2221 2220 2241
f 2241 2222 2221
f 582 717 580
f 584 715 582
f 715 717 582
f 587 586 585
f 585 499 587
f 585 586 584
f 584 582 585
f 579 577 680
f 579 680 502
f 502 581 579
f 574 577 576
f 576 725 574
f 723 725 576
f 577 579 576
f 572 570 573
f 572 575 574
f 572 573 575
f 789 736 734
f 790 789 734
f 734 732 790
f 731 732 734
f 737 740 739
f 737 738 740
f 565 673 674
f 563 673 565
f 548 549 528
f 548 509 547
f 528 509 548
f 548 547 1303
f 1303 549 548
f 503 230 229
f 229 1306 503
f 231 230 503
f 503 505 231
f 1276 1152 1085
f 1085 1153 1276
f 1089 1087 1088
f 1089 1105 1102
f 1088 1105 1089
f 1089 1102 1103
f 1145 1137 1129
f 1129 1138 1145
f 1129 1137 1128
f 1130 1138 1129
f 1128 1156 1129
f 1156 1130 1129
f 1139 1144 1131
f 1144 1138 1131
f 1133 1139 1131
f 1131 1132 1133
f 1131 1130 1132
f 1131 1138 1130
f 1114 1115 1144
f 1114 1106 1115
f 1114 1143 1113
f 1113 1119 1114
f 1119 1106 1114
f 1114 1144 1139
f 1139 1143 1114
f 1121 1087 1107
f 1107 1106 1121
f 1108 1106 1107
f 1087 1089 1107
f 1107 1089 1108
f 2309 1516 2358
f 1712 1686 1711
f 1711 1736 1712
f 1711 1710 1736
f 1686 1685 1711
f 1685 1710 1711
f 1706 1732 1707
f 1681 1706 1707
f 1707 1682 1681
f 1683 1682 1707
f 1707 1708 1683
f 1757 1732 1756
f 1757 1756 1783
f 1783 1758 1757
f 1733 1759 1734
f 1733 1758 1759
f 1732 1757 1733
f 1733 1757 1758
f 1734 1709 1733
f 1709 1708 1733
f 1733 1707 1732
f 1708 1707 1733
f 1687 1686 1712
f 1712 1688 1687
f 1687 1663 1686
f 1687 1688 1663
f 1842 1816 1815
f 1815 1841 1842
f 1816 1789 1815
f 1815 1789 1788
f 1840 1841 1815
f 1881 1882 1857
f 1857 1856 1881
f 1882 1883 1857
f 1883 1858 1857
f 1857 1832 1831
f 1831 1856 1857
f 1833 1832 1857
f 1857 1858 1833
f 1988 2012 2013
f 2013 1989 1988
f 1987 2012 1988
f 1964 1987 1988
f 1988 1965 1964
f 1988 1989 1965
f 2010 2035 2011
f 2011 2035 2012
f 1987 2010 2011
f 2011 2012 1987
f 2061 2062 2037
f 2014 2013 2037
f 1844 1820 1819
f 1819 1524 1844
f 1819 1525 1524
f 1526 1525 1819
f 1819 1793 1526
f 1819 1794 1793
f 1819 1820 1794
f 534 551 552
f 552 553 536
f 536 534 552
f 1240 553 552
f 552 551 1240
f 2040 2063 2064
f 2039 2063 2040
f 2064 2065 2040
f 2065 2041 2040
f 2040 2041 2016
f 2015 2039 2040
f 2040 2016 2015
f 2022 1998 2021
f 2022 2046 2047
f 2021 2046 2022
f 2025 2024 2048
f 2050 2026 2025
f 2025 2026 2002
f 2045 2021 2044
f 2045 2046 2021
f 2069 2046 2045
f 2045 2068 2069
f 2045 2044 2068
f 2184 2160 2183
f 2183 2160 2182
f 2183 2205 2184
f 2204 2205 2183
f 2183 2182 2204
f 2185 2161 2184
f 2185 2184 2207
f 2186 2163 2185
f 2207 2208 2185
f 2208 2186 2185
f 2076 2075 2099
f 2099 2100 2076
f 2075 2098 2099
f 2099 2098 2123
f 2123 2124 2099
f 2124 2100 2099
f 2073 2072 2096
f 2096 2097 2073
f 2096 2072 2095
f 2096 2095 2120
f 2120 2097 2096
f 2146 2122 2145
f 2168 2146 2145
f 2145 2144 2168
f 2098 2097 2121
f 2121 2122 2098
f 2121 2097 2120
f 2120 2144 2121
f 2144 2145 2121
f 2121 2145 2122
f 842 841 843
f 843 841 833
f 852 842 843
f 843 844 852
f 845 844 843
f 843 835 845
f 806 837 836
f 836 831 806
f 836 837 845
f 845 835 836
f 804 805 860
f 860 803 804
f 840 805 804
f 267 840 804
f 804 266 267
f 804 803 266
f 700 699 1173
f 1173 1172 700
f 700 1172 701
f 700 689 699
f 700 691 689
f 700 701 691
f 1204 1205 1203
f 496 642 1204
f 1204 1284 496
f 1204 1203 1284
f 403 402 404
f 405 403 404
f 404 406 405
f 404 402 373
f 810 378 376
f 376 883 810
f 883 882 810
f 857 378 810
f 810 866 857
f 810 882 866
f 1056 811 1049
f 1049 1055 1056
f 1055 883 1056
f 903 990 909
f 990 989 909
f 909 989 902
f 894 903 909
f 909 902 894
f 583 585 582
f 583 581 500
f 500 499 583
f 499 585 583
f 580 581 583
f 583 582 580
f 578 581 580
f 578 579 581
f 578 580 721
f 578 576 579
f 721 723 578
f 723 576 578
f 574 725 727
f 727 572 574
f 726 728 727
f 727 725 726
f 731 734 733
f 733 568 731
f 733 734 736
f 739 560 562
f 562 737 739
f 564 737 562
f 562 560 563
f 563 565 562
f 562 565 564
f 736 738 735
f 738 737 735
f 735 733 736
f 735 737 564
f 567 565 674
f 567 675 569
f 674 675 567
f 564 565 567
f 1306 511 506
f 506 503 1306
f 506 511 507
f 506 507 505
f 505 503 506
f 514 512 1152
f 1152 1276 514
f 515 513 514
f 513 512 514
f 1267 1153 1275
f 1267 1276 1153
f 1267 1275 1266
f 1267 1266 519
f 519 518 1267
f 1109 1089 1103
f 1103 1093 1109
f 1109 1093 1110
f 1110 1108 1109
f 1108 1089 1109
f 1516 2359 2360
f 2360 2358 1516
f 1813 1840 1814
f 1840 1815 1814
f 1814 1788 1813
f 1814 1815 1788
f 2036 2059 2060
f 2035 2059 2036
f 2036 2060 2061
f 2061 2037 2036
f 2012 2035 2036
f 2013 2012 2036
f 2036 2037 2013
f 2062 2039 2038
f 2038 2037 2062
f 2038 2039 2014
f 2014 2037 2038
f 1999 1998 2023
f 1998 2022 2023
f 2047 2024 2023
f 2023 2022 2047
f 2050 2025 2049
f 2049 2025 2048
f 2073 2050 2049
f 2049 2048 2073
f 2001 2025 2002
f 1978 1977 2001
f 2001 2002 1978
f 2161 2185 2162
f 2162 2185 2163
f 2139 2161 2162
f 2162 2163 2139
f 834 836 835
f 834 843 833
f 835 843 834
f 834 833 260
f 640 1205 641
f 1205 1204 641
f 641 1204 642
f 641 639 640
f 641 642 639
f 375 377 406
f 406 404 375
f 375 404 373
f 376 377 375
f 373 388 389
f 389 390 373
f 388 1056 389
f 883 390 389
f 389 1056 883
f 387 1056 388
f 386 385 387
f 387 388 386
f 385 811 387
f 811 1056 387
f 728 730 729
f 729 727 728
f 729 732 731
f 730 732 729
f 731 570 729
f 570 572 729
f 572 727 729
f 568 733 566
f 564 567 566
f 566 735 564
f 733 735 566
f 569 568 566
f 566 567 569
f 516 518 515
f 515 514 516
f 516 514 1276
f 516 1267 518
f 1276 1267 516
f 2024 2025 2000
f 2025 2001 2000
f 1999 2023 2000
f 2000 2023 2024
f 1976 1975 2000
f 2000 1975 1999
f 2000 1977 1976
f 2000 2001 1977
f 260 259 832
f 832 834 260
f 259 831 832
f 831 836 832
f 836 834 832
f 373 390 374
f 374 375 373
f 376 375 374
f 374 883 376
f 374 390 883
f 1537 1582 1581
f 1580 1582 1537
f 133 1315 135
f 135 134 133
f 1315 211 135
f 1559 1558 1917
f 1917 1941 1559
f 1581 1582 1081
f 1081 977 1581
f 1896 1919 1920
f 1895 1919 1896
f 1921 1896 1920
f 1897 1896 1921
f 243 214 50
f 243 2417 2421
f 243 2421 55
f 50 2417 243
f 214 243 1057
f 1057 243 815
f 1918 1919 1895
f 1895 1894 1918
f 1325 1326 1918
f 1918 1894 1325
f 1899 1898 1922
f 1923 1899 1922
f 1897 1921 1922
f 1922 1898 1897
f 93 13 1453
f 93 110 13
f 1916 1941 1917
f 1916 1940 1941
f 1939 1940 1916
f 1916 1915 1939
f 9 11 12
f 12 10 9
f 1454 11 1453
f 1453 13 1454
f 1454 12 11
f 14 12 1454
f 107 95 94
f 107 94 99
f 110 93 91
f 91 102 110
f 202 135 211
f 211 212 202
f 210 202 212
f 203 202 210
f 203 210 204
f 204 210 206
f 39 2401 2399
f 40 2401 39
f 1558 1559 1550
f 1576 1577 1550
f 1569 1570 1550
f 1550 1546 1547
f 1550 1579 1580
f 1566 1567 1550
f 1544 1545 1550
f 1547 1548 1550
f 1580 1537 1550
f 1552 1553 1550
f 1550 1575 1576
f 1550 1568 1569
f 1542 1543 1550
f 1550 1562 1563
f 1550 1577 1578
f 1550 1541 1542
f 1573 1574 1550
f 1537 1538 1550
f 1550 1572 1573
f 1559 1560 1550
f 1550 1543 1544
f 1563 1564 1550
f 1550 1554 1555
f 1578 1579 1550
f 1540 1541 1550
f 1550 1539 1540
f 1550 1570 1571
f 1550 1565 1566
f 1550 1567 1568
f 1560 1561 1550
f 1550 1545 1546
f 1550 1551 1552
f 1555 1556 1550
f 1574 1575 1550
f 1550 1538 1539
f 1571 1572 1550
f 1550 1564 1565
f 1561 1562 1550
f 1550 1557 1558
f 1550 1548 1549
f 1550 1553 1554
f 1556 1557 1550
f 2347 1326 1325
f 2420 1326 2347
f 1434 1438 1437
f 1926 1927 1902
f 1902 1927 1903
f 1924 1899 1923
f 1924 1900 1899
f 1930 1907 1906
f 1931 1907 1930
f 1934 1935 1910
f 1910 1935 1911
f 1933 1934 1910
f 1910 1909 1933
f 1939 1915 1914
f 1914 1938 1939
f 1914 1937 1938
f 1913 1937 1914
f 1911 1935 1912
f 1912 1935 1936
f 1912 1937 1913
f 1936 1937 1912
f 1933 1909 1932
f 1932 1909 1908
f 1932 1907 1931
f 1908 1907 1932
f 23 2362 2361
f 2361 22 23
f 27 2379 2378
f 28 2379 27
f 2400 41 2402
f 40 41 2400
f 2409 45 38
f 38 2396 2409
f 1926 1902 1925
f 1925 1902 1901
f 1900 1924 1925
f 1901 1900 1925
f 1903 1927 1904
f 1904 1927 1928
f 95 107 88
f 107 106 88
f 2402 41 2394
f 2394 41 36
f 34 2391 2389
f 2389 33 34
f 2375 26 25
f 2375 2376 26
f 2381 22 2380
f 28 22 2381
f 2377 2384 30
f 30 27 2377
f 38 39 2398
f 2398 2397 38
f 48 49 2416
f 2416 2414 48
f 2416 49 42
f 42 2403 2416
f 2457 2455 82
f 82 83 2457
f 99 94 80
f 94 244 80
f 1488 1481 1457
f 2442 73 2444
f 72 73 2442
f 2432 2430 63
f 63 2430 62
f 36 37 2393
f 37 2395 2393
f 2388 2395 37
f 37 33 2388
f 32 29 2387
f 29 2383 2387
f 30 2384 2382
f 2382 29 30
f 34 35 2390
f 2390 35 2392
f 2374 24 2373
f 25 24 2374
f 31 2386 2392
f 2392 35 31
f 31 2387 2385
f 32 2387 31
f 2408 43 44
f 2408 2406 43
f 2405 2404 42
f 42 43 2405
f 2415 47 48
f 2415 2413 47
f 9 10 8
f 8 7 9
f 2456 2454 81
f 81 82 2456
f 2452 2451 79
f 79 2451 78
f 1905 1930 1906
f 1905 1929 1930
f 1905 1904 1928
f 1928 1929 1905
f 2457 83 2449
f 83 76 2449
f 2450 2448 77
f 77 2448 76
f 2447 2445 75
f 75 2445 74
f 2441 71 2443
f 71 72 2443
f 69 2439 2437
f 2437 68 69
f 64 2433 2431
f 2431 63 64
f 232 37 36
f 36 231 232
f 45 2409 2407
f 44 45 2407
f 7 8 6
f 5 7 6
f 19 4 6
f 6 17 19
f 3 5 6
f 6 4 3
f 2450 77 2446
f 2446 77 74
f 2436 67 2438
f 67 68 2438
f 2360 2365 2364
f 2360 2500 2501
f 2391 2390 2360
f 2360 2455 2457
f 2478 2480 2360
f 2360 2417 2418
f 2356 2357 2360
f 2420 2347 2360
f 2360 2470 2420
f 2422 2423 2360
f 2360 2316 2318
f 2360 2381 2380
f 2331 2332 2360
f 2360 2339 2340
f 2360 2330 2331
f 2347 2348 2360
f 2421 2417 2360
f 2360 2425 2421
f 2459 2458 2360
f 2450 2446 2360
f 2360 2467 2468
f 2360 2364 2363
f 2396 2397 2360
f 2368 2367 2360
f 2414 2416 2360
f 2469 2470 2360
f 2360 2480 2469
f 2464 2466 2360
f 2323 2324 2360
f 2360 2452 2453
f 2423 2424 2360
f 2360 2440 2441
f 2360 2435 2436
f 2363 2467 2360
f 2485 2487 2360
f 2360 2389 2391
f 2360 2400 2402
f 2360 2409 2396
f 2360 2410 2412
f 2360 2369 2368
f 2360 2312 2464
f 2468 2499 2360
f 2360 2424 2425
f 2360 2497 2496
f 2360 2456 2455
f 2360 2430 2432
f 2360 2494 2493
f 2360 2471 2472
f 2373 2372 2360
f 2340 2341 2360
f 2360 2342 2344
f 2360 2386 2385
f 2380 2361 2360
f 2399 2401 2360
f 2418 2419 2360
f 2360 2355 2314
f 2360 2403 2404
f 2360 2415 2414
f 2360 2353 2352
f 2314 2315 2360
f 2461 2463 2360
f 2360 2460 2461
f 2320 2321 2360
f 2360 2462 2459
f 2360 2490 2491
f 2434 2435 2360
f 2457 2449 2360
f 2360 2444 2434
f 2335 2334 2360
f 2441 2443 2360
f 2491 2492 2360
f 2482 2483 2360
f 2360 2481 2482
f 2360 2486 2485
f 2366 2365 2360
f 2360 2367 2366
f 2475 2476 2360
f 2370 2369 2360
f 2360 2371 2370
f 2341 2343 2360
f 2402 2394 2360
f 2385 2387 2360
f 2362 2376 2360
f 2360 2361 2362
f 2378 2379 2360
f 2401 2400 2360
f 2384 2377 2360
f 2360 2398 2399
f 2360 2419 2411
f 2411 2410 2360
f 2412 2413 2360
f 2352 2354 2360
f 2360 2346 2337
f 2337 2338 2360
f 2360 2328 2329
f 2329 2330 2360
f 2344 2327 2360
f 2472 2473 2360
f 2360 2465 2460
f 2463 2462 2360
f 2499 2500 2360
f 2489 2490 2360
f 2458 2451 2360
f 2447 2440 2360
f 2426 2427 2360
f 2360 2433 2426
f 2360 2439 2429
f 2429 2430 2360
f 2360 2445 2447
f 2493 2495 2360
f 2483 2484 2360
f 2487 2471 2360
f 2360 2479 2478
f 2360 2474 2475
f 2372 2371 2360
f 2360 2333 2335
f 2360 2319 2320
f 2343 2342 2360
f 2360 2428 2422
f 2360 2393 2395
f 2395 2388 2360
f 2360 2382 2384
f 2376 2375 2360
f 2379 2381 2360
f 2360 2377 2378
f 2397 2398 2360
f 2360 2374 2373
f 2404 2405 2360
f 2360 2416 2403
f 2360 2354 2345
f 2345 2346 2360
f 2360 2338 2339
f 2360 2348 2349
f 2349 2350 2360
f 2360 2327 2328
f 2360 2326 2356
f 2360 2322 2323
f 2360 2310 2309
f 2466 2465 2360
f 2436 2438 2360
f 2453 2454 2360
f 2496 2498 2360
f 2360 2488 2489
f 2360 2448 2450
f 2360 2442 2444
f 2492 2494 2360
f 2495 2481 2360
f 2484 2486 2360
f 2477 2479 2360
f 2360 2476 2477
f 2360 2473 2474
f 2432 2431 2360
f 2360 2332 2333
f 2336 2319 2360
f 2360 2334 2336
f 2427 2428 2360
f 2394 2393 2360
f 2360 2388 2389
f 2360 2387 2383
f 2383 2382 2360
f 2392 2386 2360
f 2360 2390 2392
f 2375 2374 2360
f 2406 2408 2360
f 2360 2405 2406
f 2413 2415 2360
f 2360 2407 2409
f 2325 2326 2360
f 2360 2324 2325
f 2360 2321 2322
f 2318 2310 2360
f 2350 2351 2360
f 2360 2311 2312
f 2360 2451 2452
f 2454 2456 2360
f 2498 2488 2360
f 2504 2497 2360
f 2360 2502 2504
f 2360 2449 2448
f 2501 2503 2360
f 2360 2443 2442
f 2360 2437 2439
f 2360 2431 2433
f 2357 2355 2360
f 2408 2407 2360
f 2360 2351 2353
f 2315 2317 2360
f 2360 2313 2311
f 2360 2503 2502
f 2360 2446 2445
f 2360 2438 2437
f 2317 2316 2360
f 2360 2359 2313
f 2309 2358 2360
