# https://github.com/mikedh/trimesh
v -0.01260000 0.00718469 0.08537500
v -0.01072703 0.00716956 0.08537500
v -0.01090000 0.00693872 0.08791111
v -0.01090000 0.00636491 0.09256284
v -0.01078252 0.00663294 0.09052937
v -0.00990000 0.00618061 0.08537500
v -0.01090000 0.00589695 0.09537500
v -0.01090000 0.00718469 0.08537500
v -0.01084121 0.00718296 0.08537500
v -0.01081319 0.00718090 0.08537500
v -0.01077785 0.00663983 0.09046958
v -0.01077785 0.00717717 0.08537500
v -0.01047879 0.00709127 0.08537500
v -0.01053298 0.00711462 0.08537500
v -0.01055920 0.00712458 0.08537500
v -0.01064216 0.00715074 0.08537500
v -0.01065317 0.00715362 0.08537500
v -0.01032798 0.00700420 0.08537500
v -0.01036509 0.00702897 0.08537500
v -0.01040152 0.00705105 0.08537500
v -0.01041911 0.00706097 0.08537500
v -0.01013524 0.00682756 0.08537500
v -0.01017296 0.00687001 0.08537500
v -0.01019433 0.00689204 0.08537500
v -0.01025874 0.00695107 0.08537500
v -0.01026386 0.00695533 0.08537500
v -0.01003486 0.00668418 0.08537500
v -0.01005853 0.00672312 0.08537500
v -0.01008194 0.00675810 0.08537500
v -0.01009355 0.00677433 0.08537500
v -0.00993434 0.00644147 0.08537500
v -0.00995218 0.00650072 0.08537500
v -0.00996075 0.00652526 0.08537500
v -0.00999435 0.00660637 0.08537500
v -0.00999842 0.00661500 0.08537500
v -0.00990019 0.00619996 0.08537500
v -0.00990384 0.00626847 0.08537500
v -0.00990992 0.00632170 0.08537500
v -0.00991531 0.00635565 0.08537500
v -0.00992034 0.00638208 0.08537500
v -0.00874769 -0.00047875 0.10531145
v -0.00880817 -0.00048008 0.10531877
v -0.00880817 -0.00068085 0.10527585
v -0.00886886 -0.00048075 0.10532245
v -0.00886886 -0.00068175 0.10527948
v -0.00890000 -0.00470723 0.10010877
v -0.00890000 -0.00495929 0.09931941
v -0.00886886 -0.00495882 0.09931927
v -0.00890000 -0.00396260 0.10196962
v -0.00890000 -0.00418434 0.10148025
v -0.00886886 -0.00418389 0.10148005
v -0.00890000 -0.00027072 0.10535420
v -0.00890000 -0.00028019 0.10535309
v -0.00886886 -0.00028014 0.10535260
v -0.00880817 -0.00118379 0.10510793
v -0.00880817 -0.00128384 0.10506349
v -0.00874769 -0.00128071 0.10505674
v -0.00804861 -0.00000000 0.10489914
v -0.00804861 -0.00004790 0.10489668
v -0.00801739 -0.00004466 0.10484234
v -0.00886886 -0.00537093 0.09780749
v -0.00890000 -0.00533557 0.09795128
v -0.00890000 -0.00589695 0.09537500
v -0.00790132 -0.00331309 0.10110486
v -0.00790000 -0.00341505 0.10072585
v -0.00790000 -0.00298260 0.10169853
v -0.00790132 -0.00116073 0.10405897
v -0.00790000 -0.00111876 0.10402447
v -0.00790000 -0.00094266 0.10412248
v -0.00790132 -0.00493112 0.09537500
v -0.00790000 -0.00487884 0.09537500
v -0.00790000 -0.00486523 0.09544531
v -0.00791503 -0.00456831 0.09760911
v -0.00790394 -0.00496921 0.09537500
v -0.00790606 -0.00450728 0.09759402
v -0.00790132 -0.00445044 0.09757997
v -0.00798959 -0.00480223 0.09766693
v -0.00796232 -0.00523270 0.09537500
v -0.00796534 -0.00474577 0.09765297
v -0.00794477 -0.00518011 0.09537500
v -0.00794476 -0.00468781 0.09763864
v -0.00793526 -0.00514688 0.09537500
v -0.00792796 -0.00462858 0.09762400
v -0.00791574 -0.00505881 0.09537500
v -0.00791503 -0.00505476 0.09537500
v -0.00812074 -0.00500900 0.09771804
v -0.00808572 -0.00546990 0.09537500
v -0.00808311 -0.00496055 0.09770606
v -0.00804861 -0.00541295 0.09537500
v -0.00804861 -0.00490982 0.09769352
v -0.00803791 -0.00539484 0.09537500
v -0.00801739 -0.00485698 0.09768046
v -0.00799664 -0.00531557 0.09537500
v -0.00798959 -0.00530011 0.09537500
v -0.00825059 -0.00513883 0.09775013
v -0.00819923 -0.00560521 0.09537500
v -0.00820462 -0.00509826 0.09774010
v -0.00816131 -0.00556517 0.09537500
v -0.00816132 -0.00505498 0.09772940
v -0.00813965 -0.00554019 0.09537500
v -0.00812073 -0.00551695 0.09537500
v -0.00845655 -0.00527073 0.09778272
v -0.00840663 -0.00576445 0.09537500
v -0.00840216 -0.00524255 0.09777576
v -0.00834955 -0.00572888 0.09537500
v -0.00834956 -0.00521110 0.09776799
v -0.00833326 -0.00571770 0.09537500
v -0.00829897 -0.00517649 0.09775943
v -0.00826394 -0.00566451 0.09537500
v -0.00825058 -0.00565310 0.09537500
v -0.00862830 -0.00533488 0.09779859
v -0.00856327 -0.00583751 0.09537500
v -0.00856985 -0.00531696 0.09779415
v -0.00851251 -0.00581743 0.09537500
v -0.00851252 -0.00529556 0.09778886
v -0.00848349 -0.00580446 0.09537500
v -0.00845654 -0.00579140 0.09537500
v -0.00886886 -0.00589645 0.09537500
v -0.00881435 -0.00589321 0.09537500
v -0.00880817 -0.00536730 0.09780660
v -0.00874769 -0.00588507 0.09537500
v -0.00874769 -0.00536007 0.09780481
v -0.00872929 -0.00588201 0.09537500
v -0.00868766 -0.00534926 0.09780214
v -0.00864540 -0.00586341 0.09537500
v -0.00862829 -0.00585866 0.09537500
v -0.00886886 -0.00007617 0.10537082
v -0.00880817 -0.00007595 0.10536709
v -0.00884121 0.00000000 0.10537327
v -0.00881309 0.00000000 0.10537121
v -0.00877785 -0.00000000 0.10536750
v -0.00874769 -0.00007551 0.10535966
v -0.00873097 0.00000000 0.10536060
v -0.00868766 -0.00007484 0.10534854
v -0.00868766 -0.00000000 0.10535218
v -0.00862830 -0.00007396 0.10533375
v -0.00864997 0.00000000 0.10534322
v -0.00859239 0.00000000 0.10532647
v -0.00856985 -0.00007286 0.10531533
v -0.00857078 0.00000000 0.10531921
v -0.00853298 0.00000000 0.10530516
v -0.00851252 -0.00007155 0.10529332
v -0.00849373 0.00000000 0.10528868
v -0.00845655 -0.00007003 0.10526779
v -0.00845655 0.00000000 0.10527122
v -0.00840216 -0.00006830 0.10523881
v -0.00841964 0.00000000 0.10525198
v -0.00834956 -0.00006637 0.10520647
v -0.00834884 0.00000000 0.10520927
v -0.00829897 -0.00006425 0.10517088
v -0.00831328 0.00000000 0.10518464
v -0.00828169 0.00000000 0.10516076
v -0.00825059 -0.00006194 0.10513216
v -0.00825059 0.00000000 0.10513525
v -0.00820462 -0.00005945 0.10509044
v -0.00821867 0.00000000 0.10510676
v -0.00816132 -0.00005680 0.10504594
v -0.00816701 0.00000000 0.10505498
v -0.00813174 0.00000000 0.10501485
v -0.00812074 -0.00005398 0.10499866
v -0.00811334 0.00000000 0.10499207
v -0.00808311 -0.00005101 0.10494885
v -0.00809355 0.00000000 0.10496597
v -0.00806499 0.00000000 0.10492487
v -0.00796534 -0.00003784 0.10472799
v -0.00798556 0.00000000 0.10477921
v -0.00798959 -0.00004130 0.10478605
v -0.00799842 -0.00000000 0.10480714
v -0.00802229 0.00000000 0.10485376
v -0.00794476 -0.00000000 0.10467022
v -0.00795515 0.00000000 0.10470193
v -0.00797353 -0.00000000 0.10475083
v -0.00794476 -0.00003429 0.10466839
v -0.00792796 -0.00003066 0.10460749
v -0.00793133 0.00000000 0.10462265
v -0.00790606 0.00000000 0.10448403
v -0.00790992 0.00000000 0.10451471
v -0.00791503 -0.00002696 0.10454551
v -0.00791410 0.00000000 0.10454154
v -0.00792034 0.00000000 0.10457492
v -0.00790000 0.00000000 0.10437401
v -0.00790362 0.00000000 0.10445910
v -0.00790132 -0.00001973 0.10442431
v -0.00790606 -0.00002322 0.10448276
v -0.00890000 0.00000000 0.10537500
v -0.00890000 -0.00107322 0.10515714
v -0.00890000 -0.00132638 0.10504810
v -0.00886886 -0.00118525 0.10511138
v -0.00886886 -0.00128541 0.10506689
v -0.00886886 -0.00108319 0.10515279
v -0.00890000 -0.00088271 0.10522360
v -0.00886886 -0.00098374 0.10518947
v -0.00880817 -0.00108184 0.10514931
v -0.00874769 -0.00118088 0.10510109
v -0.00868766 -0.00127603 0.10504664
v -0.00868766 -0.00087586 0.10520185
v -0.00868766 -0.00067640 0.10525781
v -0.00874769 -0.00067907 0.10526862
v -0.00868766 -0.00047676 0.10530049
v -0.00874769 -0.00077976 0.10524207
v -0.00890000 -0.00081545 0.10524400
v -0.00886886 -0.00088257 0.10522313
v -0.00880817 -0.00098250 0.10518594
v -0.00874769 -0.00107916 0.10514237
v -0.00868766 -0.00117652 0.10509083
v -0.00862830 -0.00126980 0.10503320
v -0.00862830 -0.00106979 0.10511816
v -0.00862830 -0.00087141 0.10518772
v -0.00862830 -0.00067286 0.10524342
v -0.00862830 -0.00047412 0.10528591
v -0.00880817 -0.00078177 0.10524924
v -0.00874769 -0.00087921 0.10521247
v -0.00868766 -0.00097635 0.10516841
v -0.00862830 -0.00117073 0.10507720
v -0.00868766 -0.00107514 0.10513198
v -0.00874769 -0.00098003 0.10517891
v -0.00880817 -0.00088144 0.10521957
v -0.00886886 -0.00078278 0.10525284
v -0.00890000 -0.00068186 0.10527995
v -0.00856985 -0.00126204 0.10501645
v -0.00890000 -0.00054929 0.10530976
v -0.00890000 -0.00146950 0.10497543
v -0.00890000 -0.00158521 0.10491059
v -0.00886886 -0.00146924 0.10497496
v -0.00886886 -0.00165772 0.10486645
v -0.00880817 -0.00146747 0.10497166
v -0.00880817 -0.00165576 0.10486326
v -0.00874769 -0.00146396 0.10496511
v -0.00874769 -0.00165186 0.10485693
v -0.00868766 -0.00145869 0.10495529
v -0.00868766 -0.00164602 0.10484745
v -0.00862830 -0.00145169 0.10494224
v -0.00862830 -0.00163826 0.10483483
v -0.00856985 -0.00144296 0.10492598
v -0.00856985 -0.00162858 0.10481911
v -0.00851252 -0.00143254 0.10490655
v -0.00851252 -0.00161703 0.10480034
v -0.00845655 -0.00142045 0.10488401
v -0.00845655 -0.00160362 0.10477855
v -0.00840216 -0.00140672 0.10485843
v -0.00840216 -0.00158840 0.10475383
v -0.00834956 -0.00139141 0.10482989
v -0.00834956 -0.00157142 0.10472625
v -0.00829897 -0.00137455 0.10479847
v -0.00829897 -0.00155274 0.10469589
v -0.00825059 -0.00135621 0.10476429
v -0.00825059 -0.00153241 0.10466285
v -0.00820462 -0.00133645 0.10472745
v -0.00820462 -0.00151050 0.10462725
v -0.00816132 -0.00131538 0.10468818
v -0.00816132 -0.00148713 0.10458929
v -0.00812074 -0.00129299 0.10464644
v -0.00812074 -0.00146231 0.10454895
v -0.00808311 -0.00126940 0.10460246
v -0.00808311 -0.00143615 0.10450646
v -0.00804861 -0.00124469 0.10455641
v -0.00804861 -0.00140876 0.10446195
v -0.00801739 -0.00121896 0.10450845
v -0.00801739 -0.00138023 0.10441560
v -0.00798959 -0.00119229 0.10445876
v -0.00798959 -0.00135067 0.10436757
v -0.00796534 -0.00116480 0.10440750
v -0.00796534 -0.00132018 0.10431804
v -0.00794476 -0.00113657 0.10435490
v -0.00794476 -0.00128889 0.10426720
v -0.00792796 -0.00110773 0.10430114
v -0.00792796 -0.00125691 0.10421524
v -0.00791503 -0.00107838 0.10424642
v -0.00791503 -0.00122437 0.10416237
v -0.00790606 -0.00104865 0.10419103
v -0.00790606 -0.00119142 0.10410883
v -0.00790132 -0.00102097 0.10413943
v -0.00890000 -0.00359272 0.10268263
v -0.00886886 -0.00386710 0.10216447
v -0.00880817 -0.00386375 0.10216280
v -0.00880817 -0.00418046 0.10147858
v -0.00874769 -0.00385709 0.10215949
v -0.00874769 -0.00417362 0.10147563
v -0.00868766 -0.00384712 0.10215452
v -0.00868766 -0.00416340 0.10147122
v -0.00862830 -0.00383387 0.10214791
v -0.00862830 -0.00414979 0.10146536
v -0.00856985 -0.00381735 0.10213968
v -0.00856985 -0.00413284 0.10145806
v -0.00851252 -0.00379761 0.10212985
v -0.00851252 -0.00411259 0.10144933
v -0.00845655 -0.00377472 0.10211844
v -0.00845655 -0.00408910 0.10143922
v -0.00840216 -0.00374873 0.10210550
v -0.00840216 -0.00406244 0.10142773
v -0.00834956 -0.00371974 0.10209105
v -0.00834956 -0.00403269 0.10141490
v -0.00829897 -0.00368783 0.10207515
v -0.00829897 -0.00399995 0.10140080
v -0.00825059 -0.00365311 0.10205785
v -0.00825059 -0.00396433 0.10138545
v -0.00820462 -0.00361570 0.10203921
v -0.00820462 -0.00392594 0.10136891
v -0.00816132 -0.00357580 0.10201933
v -0.00816132 -0.00388500 0.10135128
v -0.00812074 -0.00353341 0.10199821
v -0.00812074 -0.00384150 0.10133253
v -0.00808311 -0.00348874 0.10197596
v -0.00808311 -0.00379567 0.10131279
v -0.00804861 -0.00344196 0.10195265
v -0.00804861 -0.00374768 0.10129210
v -0.00801739 -0.00339325 0.10192838
v -0.00801739 -0.00369769 0.10127057
v -0.00798959 -0.00334277 0.10190322
v -0.00798959 -0.00364589 0.10124825
v -0.00796534 -0.00329071 0.10187729
v -0.00796534 -0.00359248 0.10122524
v -0.00794476 -0.00323728 0.10185067
v -0.00794476 -0.00353766 0.10120162
v -0.00792796 -0.00318267 0.10182346
v -0.00792796 -0.00348162 0.10117748
v -0.00791503 -0.00312709 0.10179577
v -0.00791503 -0.00342460 0.10115290
v -0.00790606 -0.00307082 0.10176773
v -0.00790606 -0.00336686 0.10112803
v -0.00790132 -0.00301842 0.10174162
v -0.00880817 -0.00027969 0.10534889
v -0.00874769 -0.00027881 0.10534150
v -0.00868766 -0.00027749 0.10533044
v -0.00862830 -0.00027573 0.10531573
v -0.00856985 -0.00027354 0.10529741
v -0.00851252 -0.00027092 0.10527552
v -0.00845655 -0.00026788 0.10525012
v -0.00840216 -0.00026444 0.10522129
v -0.00834956 -0.00026059 0.10518913
v -0.00829897 -0.00025636 0.10515373
v -0.00825059 -0.00025176 0.10511521
v -0.00820462 -0.00024680 0.10507371
v -0.00816132 -0.00024150 0.10502945
v -0.00812074 -0.00023588 0.10498242
v -0.00808311 -0.00022996 0.10493287
v -0.00804861 -0.00022375 0.10488098
v -0.00801739 -0.00021729 0.10482693
v -0.00798959 -0.00021060 0.10477093
v -0.00796534 -0.00020369 0.10471319
v -0.00794476 -0.00019661 0.10465391
v -0.00792796 -0.00018937 0.10459333
v -0.00791503 -0.00018200 0.10453168
v -0.00790606 -0.00017453 0.10446925
v -0.00790132 -0.00016758 0.10441112
v -0.00790000 -0.00020691 0.10435428
v -0.00856985 -0.00047082 0.10526776
v -0.00856985 -0.00066844 0.10522551
v -0.00851252 -0.00046688 0.10524606
v -0.00851252 -0.00066316 0.10520410
v -0.00845655 -0.00046232 0.10522089
v -0.00845655 -0.00065703 0.10517927
v -0.00840216 -0.00045713 0.10519233
v -0.00840216 -0.00065008 0.10515108
v -0.00834956 -0.00045134 0.10516046
v -0.00834956 -0.00064232 0.10511963
v -0.00829897 -0.00044498 0.10512538
v -0.00829897 -0.00063379 0.10508502
v -0.00825059 -0.00043805 0.10508721
v -0.00825059 -0.00062450 0.10504735
v -0.00820462 -0.00043059 0.10504609
v -0.00820462 -0.00061449 0.10500678
v -0.00816132 -0.00042262 0.10500222
v -0.00816132 -0.00060381 0.10496349
v -0.00812074 -0.00041416 0.10495562
v -0.00812074 -0.00059247 0.10491750
v -0.00808311 -0.00040525 0.10490652
v -0.00808311 -0.00058052 0.10486905
v -0.00804861 -0.00039592 0.10485511
v -0.00804861 -0.00056800 0.10481831
v -0.00801739 -0.00038620 0.10480155
v -0.00801739 -0.00055497 0.10476547
v -0.00798959 -0.00037612 0.10474605
v -0.00798959 -0.00054146 0.10471071
v -0.00796534 -0.00036574 0.10468883
v -0.00796534 -0.00052754 0.10465425
v -0.00794476 -0.00035508 0.10463009
v -0.00794476 -0.00051324 0.10459628
v -0.00792796 -0.00034418 0.10457006
v -0.00792796 -0.00049863 0.10453705
v -0.00791503 -0.00033309 0.10450897
v -0.00791503 -0.00048376 0.10447676
v -0.00790606 -0.00032186 0.10444711
v -0.00790606 -0.00046871 0.10441572
v -0.00790132 -0.00031140 0.10438950
v -0.00790132 -0.00045468 0.10435887
v -0.00856985 -0.00086586 0.10517012
v -0.00851252 -0.00085924 0.10514909
v -0.00845655 -0.00085155 0.10512469
v -0.00840216 -0.00084283 0.10509700
v -0.00834956 -0.00083309 0.10506611
v -0.00829897 -0.00082238 0.10503210
v -0.00825059 -0.00081073 0.10499511
v -0.00820462 -0.00079817 0.10495524
v -0.00816132 -0.00078477 0.10491272
v -0.00812074 -0.00077054 0.10486755
v -0.00808311 -0.00075554 0.10481995
v -0.00804861 -0.00073984 0.10477010
v -0.00801739 -0.00072348 0.10471819
v -0.00798959 -0.00070653 0.10466439
v -0.00796534 -0.00068906 0.10460892
v -0.00794476 -0.00067112 0.10455199
v -0.00792796 -0.00065279 0.10449380
v -0.00791503 -0.00063413 0.10443457
v -0.00790606 -0.00061524 0.10437461
v -0.00790132 -0.00059764 0.10431877
v -0.00856985 -0.00106313 0.10510095
v -0.00851252 -0.00105518 0.10508040
v -0.00845655 -0.00104595 0.10505654
v -0.00840216 -0.00103547 0.10502946
v -0.00834956 -0.00102378 0.10499925
v -0.00829897 -0.00101091 0.10496601
v -0.00825059 -0.00099691 0.10492983
v -0.00820462 -0.00098183 0.10489085
v -0.00816132 -0.00096574 0.10484927
v -0.00812074 -0.00094865 0.10480510
v -0.00808311 -0.00093064 0.10475857
v -0.00804861 -0.00091178 0.10470983
v -0.00801739 -0.00089214 0.10465907
v -0.00798959 -0.00087179 0.10460646
v -0.00796534 -0.00085080 0.10455222
v -0.00794476 -0.00082926 0.10449655
v -0.00792796 -0.00080724 0.10443965
v -0.00791503 -0.00078483 0.10438175
v -0.00790606 -0.00076214 0.10432312
v -0.00790132 -0.00074101 0.10426851
v -0.00790132 -0.00088676 0.10420657
v -0.00790606 -0.00091138 0.10425970
v -0.00791503 -0.00093781 0.10431673
v -0.00792796 -0.00096392 0.10437308
v -0.00794476 -0.00098957 0.10442843
v -0.00796534 -0.00101467 0.10448260
v -0.00798959 -0.00103912 0.10453536
v -0.00801739 -0.00106283 0.10458654
v -0.00804861 -0.00108571 0.10463592
v -0.00808311 -0.00110769 0.10468334
v -0.00812074 -0.00112867 0.10472862
v -0.00816132 -0.00114858 0.10477159
v -0.00820462 -0.00116732 0.10481204
v -0.00825059 -0.00118489 0.10484996
v -0.00829897 -0.00120120 0.10488516
v -0.00834956 -0.00121619 0.10491750
v -0.00840216 -0.00122981 0.10494690
v -0.00845655 -0.00124202 0.10497324
v -0.00851252 -0.00125277 0.10499645
v -0.00790000 -0.00040461 0.10431803
v -0.00790000 -0.00058948 0.10426755
v -0.00790000 -0.00076774 0.10420270
v -0.00890000 -0.00183901 0.10474833
v -0.00886886 -0.00184730 0.10474200
v -0.00880817 -0.00184516 0.10473893
v -0.00874769 -0.00184089 0.10473283
v -0.00868766 -0.00183451 0.10472371
v -0.00862830 -0.00182602 0.10471156
v -0.00856985 -0.00181544 0.10469644
v -0.00851252 -0.00180281 0.10467837
v -0.00845655 -0.00178815 0.10465741
v -0.00840216 -0.00177151 0.10463362
v -0.00834956 -0.00175295 0.10460708
v -0.00829897 -0.00173252 0.10457786
v -0.00825059 -0.00171028 0.10454607
v -0.00820462 -0.00168633 0.10451182
v -0.00816132 -0.00166078 0.10447528
v -0.00812074 -0.00163364 0.10443647
v -0.00808311 -0.00160504 0.10439558
v -0.00804861 -0.00157509 0.10435274
v -0.00801739 -0.00154389 0.10430814
v -0.00798959 -0.00151157 0.10426192
v -0.00796534 -0.00147824 0.10421426
v -0.00794476 -0.00144403 0.10416534
v -0.00792796 -0.00140906 0.10411534
v -0.00791503 -0.00137348 0.10406445
v -0.00790606 -0.00133745 0.10401294
v -0.00790132 -0.00130389 0.10396495
v -0.00790000 -0.00130314 0.10390271
v -0.00890000 -0.00209805 0.10455257
v -0.00886886 -0.00203962 0.10459893
v -0.00880817 -0.00203730 0.10459600
v -0.00874769 -0.00203269 0.10459016
v -0.00868766 -0.00202579 0.10458141
v -0.00862830 -0.00201661 0.10456979
v -0.00856985 -0.00200518 0.10455529
v -0.00851252 -0.00199152 0.10453799
v -0.00845655 -0.00197567 0.10451791
v -0.00840216 -0.00195768 0.10449512
v -0.00834956 -0.00193762 0.10446969
v -0.00829897 -0.00191553 0.10444171
v -0.00825059 -0.00189150 0.10441126
v -0.00820462 -0.00186560 0.10437845
v -0.00816132 -0.00183798 0.10434346
v -0.00812074 -0.00180864 0.10430628
v -0.00808311 -0.00177772 0.10426711
v -0.00804861 -0.00174534 0.10422608
v -0.00801739 -0.00171162 0.10418335
v -0.00798959 -0.00167668 0.10413908
v -0.00796534 -0.00164065 0.10409342
v -0.00794476 -0.00160366 0.10404657
v -0.00792796 -0.00156586 0.10399868
v -0.00791503 -0.00152739 0.10394993
v -0.00790606 -0.00148845 0.10390058
v -0.00790132 -0.00145217 0.10385462
v -0.00790000 -0.00149162 0.10375667
v -0.00886886 -0.00224018 0.10443072
v -0.00886886 -0.00244770 0.10423502
v -0.00880817 -0.00223770 0.10442793
v -0.00880817 -0.00244505 0.10423237
v -0.00874769 -0.00223275 0.10442236
v -0.00874769 -0.00243980 0.10422711
v -0.00868766 -0.00222536 0.10441404
v -0.00868766 -0.00243193 0.10421923
v -0.00862830 -0.00221552 0.10440297
v -0.00862830 -0.00242146 0.10420875
v -0.00856985 -0.00220326 0.10438918
v -0.00856985 -0.00240842 0.10419568
v -0.00851252 -0.00218861 0.10437270
v -0.00851252 -0.00239284 0.10418008
v -0.00845655 -0.00217162 0.10435358
v -0.00845655 -0.00237477 0.10416199
v -0.00840216 -0.00215233 0.10433187
v -0.00840216 -0.00235425 0.10414144
v -0.00834956 -0.00213081 0.10430767
v -0.00834956 -0.00233136 0.10411852
v -0.00829897 -0.00210713 0.10428102
v -0.00829897 -0.00230617 0.10409329
v -0.00825059 -0.00208136 0.10425203
v -0.00825059 -0.00227877 0.10406584
v -0.00820462 -0.00205359 0.10422079
v -0.00820462 -0.00224923 0.10403627
v -0.00816132 -0.00202398 0.10418747
v -0.00816132 -0.00221773 0.10400473
v -0.00812074 -0.00199251 0.10415206
v -0.00812074 -0.00218427 0.10397121
v -0.00808311 -0.00195936 0.10411476
v -0.00808311 -0.00214901 0.10393590
v -0.00804861 -0.00192464 0.10407570
v -0.00804861 -0.00211208 0.10389891
v -0.00801739 -0.00188848 0.10403502
v -0.00801739 -0.00207362 0.10386040
v -0.00798959 -0.00185102 0.10399286
v -0.00798959 -0.00203377 0.10382049
v -0.00796534 -0.00181238 0.10394939
v -0.00796534 -0.00199267 0.10377934
v -0.00794476 -0.00177272 0.10390477
v -0.00794476 -0.00195049 0.10373709
v -0.00792796 -0.00173219 0.10385916
v -0.00792796 -0.00190738 0.10369392
v -0.00791503 -0.00169094 0.10381275
v -0.00791503 -0.00186350 0.10364998
v -0.00790606 -0.00164918 0.10376577
v -0.00790606 -0.00181908 0.10360549
v -0.00790132 -0.00161028 0.10372201
v -0.00790132 -0.00177771 0.10356406
v -0.00886886 -0.00266535 0.10400449
v -0.00880817 -0.00266256 0.10400201
v -0.00874769 -0.00265701 0.10399705
v -0.00868766 -0.00264869 0.10398964
v -0.00862830 -0.00263763 0.10397978
v -0.00856985 -0.00262386 0.10396750
v -0.00851252 -0.00260740 0.10395283
v -0.00845655 -0.00258830 0.10393581
v -0.00840216 -0.00256663 0.10391650
v -0.00834956 -0.00254245 0.10389493
v -0.00829897 -0.00251583 0.10387121
v -0.00825059 -0.00248688 0.10384540
v -0.00820462 -0.00245567 0.10381759
v -0.00816132 -0.00242239 0.10378792
v -0.00812074 -0.00238703 0.10375641
v -0.00808311 -0.00234978 0.10372320
v -0.00804861 -0.00231077 0.10368842
v -0.00801739 -0.00227013 0.10365219
v -0.00798959 -0.00222803 0.10361467
v -0.00796534 -0.00218461 0.10357597
v -0.00794476 -0.00214005 0.10353624
v -0.00792796 -0.00209450 0.10349564
v -0.00791503 -0.00204815 0.10345432
v -0.00790606 -0.00200121 0.10341249
v -0.00790132 -0.00195750 0.10337352
v -0.00886886 -0.00289329 0.10373307
v -0.00880817 -0.00289036 0.10373075
v -0.00874769 -0.00288453 0.10372613
v -0.00868766 -0.00287580 0.10371920
v -0.00862830 -0.00286420 0.10371000
v -0.00856985 -0.00284974 0.10369853
v -0.00851252 -0.00283246 0.10368483
v -0.00845655 -0.00281242 0.10366894
v -0.00840216 -0.00278967 0.10365090
v -0.00834956 -0.00276429 0.10363077
v -0.00829897 -0.00273635 0.10360862
v -0.00825059 -0.00270596 0.10358451
v -0.00820462 -0.00267321 0.10355855
v -0.00816132 -0.00263827 0.10353085
v -0.00812074 -0.00260116 0.10350142
v -0.00808311 -0.00256206 0.10347041
v -0.00804861 -0.00252111 0.10343793
v -0.00801739 -0.00247846 0.10340411
v -0.00798959 -0.00243427 0.10336906
v -0.00796534 -0.00238869 0.10333293
v -0.00794476 -0.00234192 0.10329583
v -0.00792796 -0.00229411 0.10325792
v -0.00791503 -0.00224546 0.10321935
v -0.00790606 -0.00219620 0.10318028
v -0.00790132 -0.00215032 0.10314390
v -0.00886886 -0.00304726 0.10353123
v -0.00880817 -0.00304424 0.10352901
v -0.00874769 -0.00303824 0.10352461
v -0.00868766 -0.00302927 0.10351802
v -0.00862830 -0.00301733 0.10350925
v -0.00856985 -0.00300245 0.10349832
v -0.00851252 -0.00298468 0.10348527
v -0.00845655 -0.00296407 0.10347013
v -0.00840216 -0.00294067 0.10345295
v -0.00834956 -0.00291456 0.10343377
v -0.00829897 -0.00288583 0.10341267
v -0.00825059 -0.00285456 0.10338971
v -0.00820462 -0.00282088 0.10336497
v -0.00816132 -0.00278495 0.10333858
v -0.00812074 -0.00274677 0.10331054
v -0.00808311 -0.00270655 0.10328101
v -0.00804861 -0.00266443 0.10325007
v -0.00801739 -0.00262056 0.10321785
v -0.00798959 -0.00257510 0.10318447
v -0.00796534 -0.00252823 0.10315004
v -0.00794476 -0.00248011 0.10311470
v -0.00792796 -0.00243094 0.10307859
v -0.00791503 -0.00238089 0.10304184
v -0.00790606 -0.00233022 0.10300462
v -0.00790132 -0.00228303 0.10296996
v -0.00886886 -0.00330254 0.10316123
v -0.00880817 -0.00329940 0.10315919
v -0.00874769 -0.00329316 0.10315514
v -0.00868766 -0.00328381 0.10314908
v -0.00862830 -0.00327139 0.10314102
v -0.00856985 -0.00325590 0.10313097
v -0.00851252 -0.00323741 0.10311897
v -0.00845655 -0.00321595 0.10310505
v -0.00840216 -0.00319160 0.10308924
v -0.00834956 -0.00316442 0.10307162
v -0.00829897 -0.00313452 0.10305221
v -0.00825059 -0.00310197 0.10303109
v -0.00820462 -0.00306691 0.10300834
v -0.00816132 -0.00302951 0.10298408
v -0.00812074 -0.00298978 0.10295829
v -0.00808311 -0.00294792 0.10293113
v -0.00804861 -0.00290408 0.10290268
v -0.00801739 -0.00285841 0.10287306
v -0.00798959 -0.00281110 0.10284235
v -0.00796534 -0.00276231 0.10281070
v -0.00794476 -0.00271223 0.10277820
v -0.00792796 -0.00266105 0.10274500
v -0.00791503 -0.00260896 0.10271119
v -0.00790606 -0.00255622 0.10267698
v -0.00790132 -0.00250710 0.10264511
v -0.00886886 -0.00357281 0.10271662
v -0.00880817 -0.00356957 0.10271477
v -0.00874769 -0.00356310 0.10271108
v -0.00868766 -0.00355343 0.10270556
v -0.00862830 -0.00354057 0.10269821
v -0.00856985 -0.00352454 0.10268906
v -0.00851252 -0.00350540 0.10267813
v -0.00845655 -0.00348319 0.10266544
v -0.00840216 -0.00345798 0.10265104
v -0.00834956 -0.00342985 0.10263498
v -0.00829897 -0.00339889 0.10261730
v -0.00825059 -0.00336520 0.10259806
v -0.00820462 -0.00332891 0.10257734
v -0.00816132 -0.00329020 0.10255523
v -0.00812074 -0.00324907 0.10253174
v -0.00808311 -0.00320574 0.10250700
v -0.00804861 -0.00316035 0.10248107
v -0.00801739 -0.00311309 0.10245408
v -0.00798959 -0.00306411 0.10242611
v -0.00796534 -0.00301361 0.10239727
v -0.00794476 -0.00296177 0.10236766
v -0.00792796 -0.00290879 0.10233741
v -0.00791503 -0.00285487 0.10230662
v -0.00790606 -0.00280028 0.10227544
v -0.00790132 -0.00274943 0.10224640
v -0.00890000 -0.00325348 0.10323666
v -0.00890000 -0.00304764 0.10353151
v -0.00890000 -0.00293906 0.10367545
v -0.00890000 -0.00264446 0.10402845
v -0.00890000 -0.00236539 0.10431604
v -0.00890000 -0.00224051 0.10443109
v -0.00790000 -0.00168966 0.10357874
v -0.00790000 -0.00190332 0.10335714
v -0.00790000 -0.00217778 0.10302497
v -0.00790000 -0.00232680 0.10282094
v -0.00790000 -0.00260743 0.10238735
v -0.00890000 -0.00445342 0.10081564
v -0.00886886 -0.00455350 0.10054546
v -0.00880817 -0.00454998 0.10054418
v -0.00874769 -0.00454299 0.10054164
v -0.00868766 -0.00453252 0.10053783
v -0.00862830 -0.00451860 0.10053277
v -0.00856985 -0.00450126 0.10052646
v -0.00851252 -0.00448054 0.10051893
v -0.00845655 -0.00445650 0.10051019
v -0.00840216 -0.00442922 0.10050026
v -0.00834956 -0.00439877 0.10048919
v -0.00829897 -0.00436527 0.10047701
v -0.00825059 -0.00432881 0.10046375
v -0.00820462 -0.00428953 0.10044947
v -0.00816132 -0.00424764 0.10043423
v -0.00812074 -0.00420313 0.10041804
v -0.00808311 -0.00415623 0.10040098
v -0.00804861 -0.00410711 0.10038313
v -0.00801739 -0.00405596 0.10036452
v -0.00798959 -0.00400296 0.10034525
v -0.00796534 -0.00394830 0.10032537
v -0.00794476 -0.00389219 0.10030497
v -0.00792796 -0.00383485 0.10028411
v -0.00791503 -0.00377650 0.10026290
v -0.00790606 -0.00371742 0.10024141
v -0.00790132 -0.00366239 0.10022140
v -0.00790000 -0.00362730 0.10016770
v -0.00880817 -0.00495524 0.09931819
v -0.00874769 -0.00494811 0.09931605
v -0.00868766 -0.00493745 0.09931283
v -0.00862830 -0.00492327 0.09930857
v -0.00856985 -0.00490560 0.09930324
v -0.00851252 -0.00488449 0.09929688
v -0.00845655 -0.00485999 0.09928951
v -0.00840216 -0.00483220 0.09928113
v -0.00834956 -0.00480118 0.09927179
v -0.00829897 -0.00476704 0.09926151
v -0.00825059 -0.00472990 0.09925032
v -0.00820462 -0.00468988 0.09923827
v -0.00816132 -0.00464720 0.09922541
v -0.00812074 -0.00460185 0.09921175
v -0.00808311 -0.00455406 0.09919736
v -0.00804861 -0.00450402 0.09918229
v -0.00801739 -0.00445191 0.09916659
v -0.00798959 -0.00439790 0.09915032
v -0.00796534 -0.00434222 0.09913355
v -0.00794476 -0.00428505 0.09911633
v -0.00792796 -0.00422664 0.09909873
v -0.00791503 -0.00416718 0.09908083
v -0.00790606 -0.00410699 0.09906270
v -0.00790132 -0.00405092 0.09904581
v -0.00790000 -0.00419142 0.09837133
v -0.00890000 0.00504440 0.09903109
v -0.00890000 0.00495929 0.09931941
v -0.00884121 0.00495763 0.09931891
v -0.00890000 0.00405765 0.10176594
v -0.00890000 0.00386753 0.10216469
v -0.00884121 0.00386599 0.10216392
v -0.00890000 0.00235218 0.10432860
v -0.00890000 0.00224051 0.10443109
v -0.00884121 0.00223936 0.10442979
v -0.00890000 0.00156874 0.10492016
v -0.00890000 0.00146950 0.10497543
v -0.00884121 0.00146865 0.10497386
v -0.00877785 0.00037919 0.10533219
v -0.00877785 0.00027931 0.10534565
v -0.00871507 0.00027815 0.10533596
v -0.00865317 0.00057511 0.10527276
v -0.00865317 0.00047531 0.10529248
v -0.00859239 0.00047218 0.10527522
v -0.00790320 0.00002144 0.10445291
v -0.00790019 0.00001782 0.10439231
v -0.00790019 0.00016378 0.10437929
v -0.00890000 0.00562992 0.09669178
v -0.00890000 0.00537139 0.09780761
v -0.00884121 0.00536972 0.09780719
v -0.00821701 0.00006015 0.10510220
v -0.00809355 0.00005187 0.10496333
v -0.00802679 0.00004569 0.10485955
v -0.00797353 0.00003908 0.10474878
v -0.00793443 0.00003216 0.10463277
v -0.00790992 0.00002504 0.10451334
v -0.00790000 0.00020534 0.10435450
v -0.00790019 0.00441932 0.09757228
v -0.00790000 0.00422707 0.09824021
v -0.00790000 0.00487884 0.09537500
v -0.00790000 0.00001668 0.10437308
v -0.00841912 0.00006887 0.10524830
v -0.00836509 0.00006697 0.10521649
v -0.00831328 0.00006488 0.10518143
v -0.00853298 0.00007205 0.10530164
v -0.00847515 0.00007056 0.10527673
v -0.00865317 0.00007436 0.10534041
v -0.00859239 0.00007331 0.10532290
v -0.00877785 0.00007575 0.10536383
v -0.00871507 0.00007517 0.10535409
v -0.00884121 0.00007610 0.10536958
v -0.00890000 0.00022795 0.10535892
v -0.00890000 0.00589695 0.09537500
v -0.00884121 0.00589519 0.09537500
v -0.00877785 0.00536413 0.09780581
v -0.00859239 0.00532433 0.09779598
v -0.00864538 0.00586340 0.09537500
v -0.00865317 0.00534136 0.09780019
v -0.00871506 0.00587939 0.09537500
v -0.00871507 0.00535465 0.09780347
v -0.00872927 0.00588200 0.09537500
v -0.00881434 0.00589320 0.09537500
v -0.00841912 0.00525178 0.09777804
v -0.00848348 0.00580446 0.09537500
v -0.00847515 0.00527943 0.09778488
v -0.00853297 0.00582592 0.09537500
v -0.00853298 0.00530365 0.09779087
v -0.00856326 0.00583751 0.09537500
v -0.00859238 0.00584760 0.09537500
v -0.00821701 0.00510970 0.09774292
v -0.00826393 0.00566450 0.09537500
v -0.00826386 0.00514964 0.09775279
v -0.00831326 0.00570334 0.09537500
v -0.00831328 0.00518674 0.09776197
v -0.00833324 0.00571769 0.09537500
v -0.00836509 0.00522084 0.09777039
v -0.00840661 0.00576444 0.09537500
v -0.00841911 0.00577153 0.09537500
v -0.00809355 0.00497464 0.09770954
v -0.00813964 0.00554018 0.09537500
v -0.00813174 0.00502205 0.09772126
v -0.00817295 0.00557793 0.09537500
v -0.00817296 0.00506715 0.09773241
v -0.00819922 0.00560520 0.09537500
v -0.00821700 0.00562255 0.09537500
v -0.00797353 0.00476599 0.09765797
v -0.00799664 0.00531556 0.09537500
v -0.00799842 0.00482059 0.09767146
v -0.00802679 0.00537508 0.09537500
v -0.00802679 0.00487371 0.09768459
v -0.00803790 0.00539483 0.09537500
v -0.00805853 0.00492513 0.09769730
v -0.00808571 0.00546989 0.09537500
v -0.00809355 0.00548093 0.09537500
v -0.00792034 0.00459540 0.09761580
v -0.00793526 0.00514687 0.09537500
v -0.00793443 0.00465317 0.09763008
v -0.00795218 0.00520349 0.09537500
v -0.00795218 0.00471010 0.09764416
v -0.00796231 0.00523269 0.09537500
v -0.00797353 0.00526210 0.09537500
v -0.00790019 0.00489847 0.09537500
v -0.00790394 0.00496920 0.09537500
v -0.00790320 0.00447825 0.09758685
v -0.00790992 0.00502195 0.09537500
v -0.00790992 0.00453702 0.09760138
v -0.00791574 0.00505880 0.09537500
v -0.00792034 0.00508318 0.09537500
v -0.00790320 0.00017098 0.10443956
v -0.00790019 0.00030568 0.10435797
v -0.00790000 0.00039387 0.10432045
v -0.00790019 0.00225719 0.10295099
v -0.00790320 0.00230613 0.10298692
v -0.00790320 0.00217277 0.10316170
v -0.00792034 0.00002862 0.10457337
v -0.00790992 0.00017817 0.10449968
v -0.00790320 0.00031652 0.10441770
v -0.00790019 0.00044701 0.10432775
v -0.00790000 0.00058104 0.10427021
v -0.00790992 0.00222020 0.10319932
v -0.00790992 0.00202409 0.10343287
v -0.00792034 0.00018531 0.10455939
v -0.00790992 0.00032733 0.10447726
v -0.00790320 0.00046155 0.10438669
v -0.00790019 0.00058801 0.10428819
v -0.00790000 0.00076933 0.10420205
v -0.00795218 0.00003565 0.10469132
v -0.00793443 0.00019237 0.10461847
v -0.00792034 0.00033807 0.10453643
v -0.00790992 0.00047604 0.10444547
v -0.00790320 0.00060625 0.10434610
v -0.00790019 0.00072945 0.10423861
v -0.00795218 0.00019933 0.10467671
v -0.00793443 0.00034870 0.10459498
v -0.00792034 0.00049044 0.10450386
v -0.00790992 0.00062444 0.10440384
v -0.00790320 0.00075135 0.10429523
v -0.00790019 0.00087329 0.10417748
v -0.00790000 0.00094096 0.10412334
v -0.00799842 0.00004243 0.10480493
v -0.00797353 0.00020617 0.10473386
v -0.00795218 0.00035918 0.10465269
v -0.00793443 0.00050469 0.10456163
v -0.00792034 0.00064251 0.10446119
v -0.00790992 0.00077320 0.10435169
v -0.00790320 0.00089881 0.10423257
v -0.00790019 0.00100582 0.10411119
v -0.00790000 0.00112222 0.10402238
v -0.00799842 0.00021284 0.10478972
v -0.00797353 0.00036946 0.10470932
v -0.00795218 0.00051874 0.10461858
v -0.00793443 0.00066040 0.10451795
v -0.00792034 0.00079490 0.10440777
v -0.00790992 0.00092426 0.10428750
v -0.00790320 0.00103452 0.10416468
v -0.00790019 0.00114393 0.10403167
v -0.00790000 0.00131069 0.10389728
v -0.00805853 0.00004884 0.10491242
v -0.00802679 0.00021934 0.10484405
v -0.00799842 0.00037950 0.10476467
v -0.00797353 0.00053252 0.10467447
v -0.00795218 0.00067802 0.10457388
v -0.00793443 0.00081638 0.10446327
v -0.00792034 0.00094955 0.10434206
v -0.00790992 0.00106314 0.10421803
v -0.00790320 0.00117575 0.10408337
v -0.00790019 0.00128552 0.10393868
v -0.00805853 0.00022563 0.10489664
v -0.00802679 0.00038928 0.10481851
v -0.00799842 0.00054599 0.10472908
v -0.00797353 0.00069532 0.10462879
v -0.00795218 0.00083754 0.10451797
v -0.00793443 0.00097456 0.10439605
v -0.00792034 0.00109157 0.10427102
v -0.00790992 0.00120748 0.10413492
v -0.00790320 0.00132031 0.10398843
v -0.00790019 0.00143231 0.10382946
v -0.00790000 0.00150835 0.10374264
v -0.00813174 0.00005478 0.10501207
v -0.00809355 0.00023168 0.10494728
v -0.00805853 0.00039873 0.10487062
v -0.00802679 0.00055910 0.10478220
v -0.00799842 0.00071222 0.10468244
v -0.00797353 0.00085831 0.10457165
v -0.00795218 0.00099922 0.10444926
v -0.00793443 0.00111970 0.10432345
v -0.00792034 0.00123900 0.10418613
v -0.00790992 0.00135501 0.10403804
v -0.00790320 0.00146992 0.10387711
v -0.00790019 0.00158898 0.10369805
v -0.00790000 0.00172198 0.10354722
v -0.00805853 0.00109234 0.10465024
v -0.00809355 0.00111379 0.10469651
v -0.00809355 0.00093588 0.10477210
v -0.00817296 0.00005755 0.10505845
v -0.00813174 0.00023748 0.10499576
v -0.00809355 0.00040784 0.10492080
v -0.00805853 0.00057178 0.10483363
v -0.00802679 0.00072866 0.10473463
v -0.00799842 0.00087861 0.10462411
v -0.00797353 0.00102342 0.10450149
v -0.00795218 0.00114743 0.10437513
v -0.00793443 0.00127019 0.10423681
v -0.00792034 0.00138947 0.10408732
v -0.00790992 0.00150743 0.10392463
v -0.00790320 0.00162932 0.10374342
v -0.00790019 0.00175506 0.10354138
v -0.00790000 0.00195608 0.10329752
v -0.00813174 0.00095350 0.10481764
v -0.00813174 0.00077458 0.10488036
v -0.00817296 0.00024299 0.10504189
v -0.00813174 0.00041656 0.10496885
v -0.00809355 0.00058399 0.10488315
v -0.00805853 0.00074458 0.10478514
v -0.00802679 0.00089836 0.10467514
v -0.00799842 0.00104707 0.10455253
v -0.00797353 0.00117464 0.10442585
v -0.00795218 0.00130093 0.10428675
v -0.00793443 0.00142358 0.10413609
v -0.00792034 0.00154469 0.10397184
v -0.00790992 0.00166953 0.10378867
v -0.00790320 0.00179796 0.10358434
v -0.00790019 0.00193357 0.10335219
v -0.00826386 0.00006260 0.10514328
v -0.00821701 0.00024819 0.10508542
v -0.00817296 0.00042486 0.10501456
v -0.00813174 0.00059569 0.10493056
v -0.00809355 0.00075990 0.10483379
v -0.00805853 0.00091747 0.10472453
v -0.00802679 0.00107008 0.10460218
v -0.00799842 0.00120124 0.10447542
v -0.00797353 0.00133110 0.10433578
v -0.00795218 0.00145719 0.10418415
v -0.00793443 0.00158155 0.10401855
v -0.00792034 0.00170948 0.10383362
v -0.00790992 0.00184073 0.10362718
v -0.00790320 0.00197889 0.10339259
v -0.00790019 0.00212520 0.10312398
v -0.00790000 0.00221586 0.10297447
v -0.00813174 0.00113432 0.10474081
v -0.00817296 0.00097027 0.10486097
v -0.00817296 0.00115385 0.10478297
v -0.00821701 0.00098608 0.10490184
v -0.00821701 0.00117228 0.10482274
v -0.00826386 0.00100093 0.10494021
v -0.00826386 0.00118958 0.10486007
v -0.00831328 0.00101472 0.10497586
v -0.00831328 0.00120564 0.10489474
v -0.00836509 0.00102740 0.10500861
v -0.00836509 0.00122041 0.10492661
v -0.00841912 0.00103890 0.10503834
v -0.00841912 0.00123381 0.10495553
v -0.00847515 0.00104918 0.10506490
v -0.00817296 0.00078854 0.10492468
v -0.00821701 0.00080171 0.10496648
v -0.00826386 0.00081407 0.10500573
v -0.00831328 0.00082556 0.10504217
v -0.00836509 0.00083611 0.10507568
v -0.00841912 0.00084569 0.10510608
v -0.00847515 0.00085424 0.10513324
v -0.00853298 0.00086174 0.10515703
v -0.00884121 0.00128489 0.10506576
v -0.00877785 0.00118251 0.10510493
v -0.00877785 0.00128247 0.10506053
v -0.00871507 0.00117870 0.10509595
v -0.00871507 0.00127836 0.10505167
v -0.00865317 0.00117334 0.10508335
v -0.00865317 0.00127260 0.10503925
v -0.00859239 0.00116648 0.10506720
v -0.00859239 0.00126523 0.10502333
v -0.00853298 0.00115815 0.10504759
v -0.00853298 0.00125627 0.10500401
v -0.00847515 0.00124578 0.10498137
v -0.00871507 0.00107714 0.10513716
v -0.00865317 0.00097365 0.10516073
v -0.00865317 0.00107220 0.10512439
v -0.00859239 0.00096784 0.10514417
v -0.00859239 0.00106587 0.10510803
v -0.00853298 0.00105818 0.10508817
v -0.00865317 0.00067445 0.10524990
v -0.00859239 0.00086814 0.10517735
v -0.00871507 0.00047775 0.10530595
v -0.00865317 0.00027652 0.10532236
v -0.00859239 0.00027444 0.10530494
v -0.00853298 0.00046837 0.10525426
v -0.00853298 0.00027191 0.10528379
v -0.00847515 0.00046392 0.10522971
v -0.00847515 0.00026895 0.10525902
v -0.00841912 0.00045883 0.10520169
v -0.00841912 0.00026557 0.10523074
v -0.00836509 0.00045314 0.10517033
v -0.00836509 0.00026178 0.10519909
v -0.00831328 0.00044686 0.10513577
v -0.00831328 0.00025762 0.10516421
v -0.00826386 0.00044004 0.10509817
v -0.00826386 0.00025308 0.10512627
v -0.00821701 0.00043269 0.10505769
v -0.00871507 0.00057797 0.10528616
v -0.00871507 0.00067773 0.10526320
v -0.00871507 0.00077825 0.10523670
v -0.00877785 0.00047950 0.10531556
v -0.00877785 0.00058001 0.10529570
v -0.00877785 0.00068007 0.10527268
v -0.00877785 0.00078089 0.10524610
v -0.00877785 0.00088046 0.10521646
v -0.00884121 0.00118477 0.10511023
v -0.00884121 0.00108274 0.10515164
v -0.00877785 0.00108067 0.10514627
v -0.00877785 0.00098142 0.10518286
v -0.00871507 0.00097819 0.10517365
v -0.00871507 0.00087753 0.10520715
v -0.00865317 0.00087341 0.10519408
v -0.00865317 0.00077455 0.10522351
v -0.00859239 0.00076981 0.10520662
v -0.00859239 0.00067025 0.10523287
v -0.00853298 0.00066515 0.10521219
v -0.00884121 0.00027999 0.10535137
v -0.00884121 0.00038004 0.10533789
v -0.00884121 0.00048053 0.10532122
v -0.00884121 0.00058122 0.10530134
v -0.00884121 0.00068145 0.10527827
v -0.00884121 0.00078245 0.10525164
v -0.00884121 0.00088219 0.10522195
v -0.00884121 0.00098332 0.10518830
v -0.00847515 0.00065918 0.10518797
v -0.00841912 0.00065236 0.10516032
v -0.00836509 0.00064473 0.10512937
v -0.00831328 0.00063631 0.10509527
v -0.00826386 0.00062716 0.10505816
v -0.00821701 0.00061731 0.10501822
v -0.00817296 0.00060681 0.10497566
v -0.00884121 0.00203884 0.10459796
v -0.00877785 0.00223553 0.10442549
v -0.00877785 0.00203528 0.10459343
v -0.00871507 0.00222905 0.10441820
v -0.00871507 0.00202923 0.10458577
v -0.00865317 0.00221995 0.10440796
v -0.00865317 0.00202075 0.10457502
v -0.00859239 0.00220830 0.10439485
v -0.00859239 0.00200988 0.10456125
v -0.00853298 0.00219414 0.10437892
v -0.00853298 0.00199668 0.10454453
v -0.00847515 0.00217757 0.10436027
v -0.00847515 0.00198122 0.10452495
v -0.00841912 0.00215865 0.10433899
v -0.00841912 0.00196358 0.10450259
v -0.00836509 0.00213748 0.10431516
v -0.00836509 0.00194383 0.10447757
v -0.00831328 0.00211414 0.10428891
v -0.00831328 0.00192207 0.10445000
v -0.00826386 0.00208876 0.10426035
v -0.00826386 0.00189839 0.10442000
v -0.00821701 0.00206142 0.10422959
v -0.00821701 0.00187290 0.10438770
v -0.00817296 0.00203230 0.10419683
v -0.00817296 0.00184575 0.10435329
v -0.00813174 0.00200144 0.10416210
v -0.00813174 0.00181697 0.10431683
v -0.00809355 0.00196900 0.10412561
v -0.00809355 0.00178671 0.10427850
v -0.00805853 0.00193512 0.10408749
v -0.00805853 0.00175511 0.10423846
v -0.00802679 0.00189993 0.10404790
v -0.00802679 0.00172230 0.10419688
v -0.00799842 0.00186358 0.10400700
v -0.00799842 0.00168840 0.10415393
v -0.00797353 0.00182621 0.10396495
v -0.00797353 0.00165355 0.10410978
v -0.00795218 0.00178797 0.10392193
v -0.00795218 0.00161789 0.10406459
v -0.00793443 0.00174901 0.10387810
v -0.00792034 0.00206898 0.10347290
v -0.00792034 0.00226733 0.10323668
v -0.00793443 0.00211340 0.10351249
v -0.00793443 0.00231395 0.10327366
v -0.00795218 0.00215719 0.10355152
v -0.00795218 0.00235991 0.10331010
v -0.00797353 0.00220016 0.10358983
v -0.00797353 0.00240501 0.10334587
v -0.00799842 0.00224215 0.10362726
v -0.00799842 0.00244909 0.10338082
v -0.00802679 0.00228300 0.10366367
v -0.00802679 0.00249196 0.10341482
v -0.00805853 0.00232254 0.10369892
v -0.00805853 0.00253347 0.10344774
v -0.00809355 0.00236062 0.10373285
v -0.00809355 0.00257343 0.10347942
v -0.00813174 0.00239707 0.10376535
v -0.00813174 0.00261169 0.10350977
v -0.00817296 0.00243175 0.10379626
v -0.00817296 0.00264810 0.10353863
v -0.00821701 0.00246447 0.10382543
v -0.00821701 0.00268244 0.10356587
v -0.00826386 0.00249519 0.10385281
v -0.00826386 0.00271468 0.10359143
v -0.00831328 0.00252372 0.10387824
v -0.00831328 0.00274463 0.10361518
v -0.00836509 0.00254994 0.10390161
v -0.00836509 0.00277215 0.10363700
v -0.00841912 0.00257373 0.10392282
v -0.00841912 0.00279712 0.10365681
v -0.00847515 0.00259499 0.10394178
v -0.00847515 0.00281944 0.10367451
v -0.00853298 0.00261362 0.10395838
v -0.00853298 0.00283899 0.10369001
v -0.00859239 0.00262952 0.10397255
v -0.00859239 0.00285568 0.10370325
v -0.00865317 0.00264262 0.10398423
v -0.00865317 0.00286943 0.10371415
v -0.00871507 0.00265284 0.10399334
v -0.00871507 0.00288016 0.10372265
v -0.00877785 0.00266013 0.10399984
v -0.00877785 0.00288780 0.10372872
v -0.00884121 0.00266443 0.10400367
v -0.00884121 0.00289232 0.10373230
v -0.00890000 0.00263940 0.10403406
v -0.00790019 0.00248021 0.10262766
v -0.00790320 0.00253114 0.10266070
v -0.00790992 0.00235492 0.10302275
v -0.00790992 0.00258193 0.10269365
v -0.00792034 0.00240339 0.10305835
v -0.00792034 0.00263237 0.10272638
v -0.00793443 0.00245135 0.10309358
v -0.00793443 0.00268229 0.10275878
v -0.00795218 0.00249862 0.10312829
v -0.00795218 0.00273149 0.10279071
v -0.00797353 0.00254501 0.10316237
v -0.00797353 0.00277978 0.10282204
v -0.00799842 0.00259035 0.10319567
v -0.00799842 0.00282697 0.10285266
v -0.00802679 0.00263445 0.10322805
v -0.00802679 0.00287287 0.10288244
v -0.00805853 0.00267714 0.10325941
v -0.00805853 0.00291731 0.10291127
v -0.00809355 0.00271825 0.10328960
v -0.00809355 0.00296009 0.10293903
v -0.00813174 0.00275760 0.10331850
v -0.00813174 0.00300106 0.10296561
v -0.00817296 0.00279505 0.10334600
v -0.00817296 0.00304003 0.10299090
v -0.00821701 0.00283038 0.10337195
v -0.00821701 0.00307680 0.10301476
v -0.00826386 0.00286354 0.10339630
v -0.00826386 0.00311132 0.10303716
v -0.00831328 0.00289434 0.10341892
v -0.00831328 0.00314338 0.10305796
v -0.00836509 0.00292265 0.10343971
v -0.00836509 0.00317284 0.10307708
v -0.00841912 0.00294834 0.10345858
v -0.00841912 0.00319958 0.10309442
v -0.00847515 0.00297129 0.10347544
v -0.00847515 0.00322347 0.10310993
v -0.00853298 0.00299140 0.10349020
v -0.00853298 0.00324440 0.10312351
v -0.00859239 0.00300857 0.10350282
v -0.00859239 0.00326227 0.10313510
v -0.00865317 0.00302271 0.10351320
v -0.00865317 0.00327699 0.10314465
v -0.00871507 0.00303375 0.10352130
v -0.00871507 0.00328847 0.10315210
v -0.00877785 0.00304161 0.10352708
v -0.00877785 0.00329666 0.10315742
v -0.00884121 0.00304625 0.10353049
v -0.00884121 0.00330149 0.10316055
v -0.00790019 0.00272160 0.10223050
v -0.00790320 0.00277431 0.10226061
v -0.00790992 0.00282688 0.10229064
v -0.00792034 0.00287910 0.10232046
v -0.00793443 0.00293078 0.10234997
v -0.00795218 0.00298171 0.10237905
v -0.00797353 0.00303169 0.10240760
v -0.00799842 0.00308054 0.10243549
v -0.00802679 0.00312805 0.10246263
v -0.00805853 0.00317405 0.10248890
v -0.00809355 0.00321834 0.10251419
v -0.00813174 0.00326074 0.10253841
v -0.00817296 0.00330108 0.10256144
v -0.00821701 0.00333914 0.10258318
v -0.00826386 0.00337487 0.10260358
v -0.00831328 0.00340806 0.10262254
v -0.00836509 0.00343856 0.10263996
v -0.00841912 0.00346624 0.10265576
v -0.00847515 0.00349097 0.10266989
v -0.00853298 0.00351263 0.10268226
v -0.00859239 0.00353113 0.10269282
v -0.00865317 0.00354637 0.10270152
v -0.00871507 0.00355826 0.10270832
v -0.00877785 0.00356673 0.10271315
v -0.00884121 0.00357173 0.10271601
v -0.00790019 0.00298972 0.10172733
v -0.00790320 0.00304406 0.10175440
v -0.00790992 0.00309825 0.10178140
v -0.00792034 0.00315207 0.10180821
v -0.00793443 0.00320534 0.10183475
v -0.00795218 0.00325783 0.10186090
v -0.00797353 0.00330935 0.10188658
v -0.00799842 0.00335970 0.10191166
v -0.00802679 0.00340867 0.10193606
v -0.00805853 0.00345608 0.10195968
v -0.00809355 0.00350173 0.10198243
v -0.00813174 0.00354544 0.10200421
v -0.00817296 0.00358702 0.10202492
v -0.00821701 0.00362625 0.10204447
v -0.00826386 0.00366308 0.10206282
v -0.00831328 0.00369728 0.10207986
v -0.00836509 0.00372872 0.10209552
v -0.00841912 0.00375725 0.10210974
v -0.00847515 0.00378274 0.10212244
v -0.00853298 0.00380507 0.10213356
v -0.00859239 0.00382414 0.10214306
v -0.00865317 0.00383984 0.10215089
v -0.00871507 0.00385210 0.10215700
v -0.00877785 0.00386083 0.10216135
v -0.00890000 0.00130552 0.10505801
v -0.00890000 0.00118543 0.10511180
v -0.00890000 0.00108336 0.10515323
v -0.00890000 0.00103630 0.10517103
v -0.00890000 0.00088271 0.10522360
v -0.00890000 0.00076950 0.10525705
v -0.00890000 0.00068186 0.10527995
v -0.00890000 0.00050137 0.10531913
v -0.00890000 0.00048084 0.10532293
v -0.00890000 0.00028019 0.10535309
v -0.00877785 0.00146593 0.10496879
v -0.00871507 0.00146132 0.10496019
v -0.00865317 0.00145484 0.10494812
v -0.00859239 0.00144655 0.10493266
v -0.00853298 0.00143648 0.10491389
v -0.00847515 0.00142468 0.10489190
v -0.00841912 0.00141122 0.10486681
v -0.00836509 0.00139615 0.10483873
v -0.00831328 0.00137955 0.10480778
v -0.00826386 0.00136148 0.10477410
v -0.00821701 0.00134203 0.10473785
v -0.00817296 0.00132131 0.10469922
v -0.00813174 0.00129934 0.10465828
v -0.00809355 0.00127626 0.10461526
v -0.00805853 0.00125214 0.10457031
v -0.00802679 0.00122710 0.10452364
v -0.00890000 0.00165800 0.10486691
v -0.00884121 0.00165707 0.10486539
v -0.00877785 0.00165405 0.10486048
v -0.00871507 0.00164893 0.10485218
v -0.00865317 0.00164176 0.10484052
v -0.00859239 0.00163256 0.10482557
v -0.00853298 0.00162139 0.10480744
v -0.00847515 0.00160832 0.10478619
v -0.00841912 0.00159339 0.10476194
v -0.00836509 0.00157668 0.10473479
v -0.00831328 0.00155827 0.10470488
v -0.00826386 0.00153824 0.10467234
v -0.00821701 0.00151668 0.10463730
v -0.00817296 0.00149370 0.10459997
v -0.00813174 0.00146935 0.10456041
v -0.00809355 0.00144376 0.10451882
v -0.00805853 0.00141703 0.10447539
v -0.00802679 0.00138926 0.10443028
v -0.00799842 0.00136058 0.10438368
v -0.00890000 0.00182067 0.10476100
v -0.00884121 0.00184659 0.10474098
v -0.00877785 0.00184329 0.10473625
v -0.00871507 0.00183769 0.10472826
v -0.00865317 0.00182985 0.10471704
v -0.00859239 0.00181979 0.10470266
v -0.00853298 0.00180758 0.10468520
v -0.00847515 0.00179328 0.10466476
v -0.00841912 0.00177696 0.10464142
v -0.00836509 0.00175870 0.10461529
v -0.00831328 0.00173857 0.10458651
v -0.00826386 0.00171667 0.10455520
v -0.00821701 0.00169309 0.10452148
v -0.00817296 0.00166797 0.10448556
v -0.00813174 0.00164134 0.10444748
v -0.00809355 0.00161336 0.10440747
v -0.00805853 0.00158413 0.10436567
v -0.00802679 0.00155377 0.10432226
v -0.00799842 0.00152241 0.10427742
v -0.00797353 0.00149018 0.10423133
v -0.00890000 0.00203990 0.10459929
v -0.00890000 0.00208063 0.10456675
v -0.00890000 0.00244804 0.10423537
v -0.00884121 0.00244682 0.10423414
v -0.00877785 0.00244275 0.10423007
v -0.00871507 0.00243585 0.10422316
v -0.00865317 0.00242618 0.10421347
v -0.00859239 0.00241378 0.10420106
v -0.00853298 0.00239873 0.10418598
v -0.00847515 0.00238110 0.10416833
v -0.00841912 0.00236098 0.10414817
v -0.00836509 0.00233845 0.10412562
v -0.00831328 0.00231364 0.10410076
v -0.00826386 0.00228663 0.10407373
v -0.00821701 0.00225756 0.10404461
v -0.00817296 0.00222659 0.10401359
v -0.00813174 0.00219376 0.10398072
v -0.00809355 0.00215926 0.10394616
v -0.00805853 0.00212322 0.10391007
v -0.00802679 0.00208580 0.10387260
v -0.00799842 0.00204713 0.10383388
v -0.00797353 0.00200739 0.10379408
v -0.00795218 0.00196671 0.10375334
v -0.00793443 0.00192527 0.10371184
v -0.00792034 0.00188323 0.10366973
v -0.00890000 0.00304764 0.10353151
v -0.00890000 0.00294711 0.10366504
v -0.00890000 0.00289366 0.10373336
v -0.00890000 0.00328111 0.10319481
v -0.00890000 0.00357325 0.10271688
v -0.00890000 0.00364846 0.10258286
v -0.00890000 0.00418434 0.10148025
v -0.00884121 0.00418275 0.10147956
v -0.00877785 0.00417746 0.10147728
v -0.00871507 0.00416850 0.10147342
v -0.00865317 0.00415592 0.10146800
v -0.00859239 0.00413981 0.10146106
v -0.00853298 0.00412025 0.10145263
v -0.00847515 0.00409733 0.10144276
v -0.00841912 0.00407118 0.10143149
v -0.00836509 0.00404191 0.10141888
v -0.00831328 0.00400965 0.10140498
v -0.00826386 0.00397455 0.10138986
v -0.00821701 0.00393677 0.10137358
v -0.00817296 0.00389651 0.10135623
v -0.00813174 0.00385385 0.10133785
v -0.00809355 0.00380900 0.10131853
v -0.00805853 0.00376216 0.10129835
v -0.00802679 0.00371352 0.10127739
v -0.00799842 0.00366327 0.10125574
v -0.00797353 0.00361161 0.10123348
v -0.00795218 0.00355874 0.10121071
v -0.00793443 0.00350488 0.10118750
v -0.00792034 0.00345023 0.10116395
v -0.00790992 0.00339500 0.10114016
v -0.00790320 0.00333941 0.10111620
v -0.00790019 0.00328365 0.10109217
v -0.00790000 0.00252502 0.10252163
v -0.00790000 0.00284971 0.10195767
v -0.00790000 0.00320988 0.10121327
v -0.00790019 0.00363227 0.10021044
v -0.00790320 0.00368932 0.10023119
v -0.00790992 0.00374621 0.10025188
v -0.00792034 0.00380273 0.10027243
v -0.00793443 0.00385866 0.10029277
v -0.00795218 0.00391377 0.10031281
v -0.00797353 0.00396787 0.10033248
v -0.00799842 0.00402073 0.10035171
v -0.00802679 0.00407216 0.10037041
v -0.00805853 0.00412194 0.10038851
v -0.00809355 0.00416987 0.10040595
v -0.00813174 0.00421576 0.10042264
v -0.00817296 0.00425942 0.10043851
v -0.00821701 0.00430061 0.10045350
v -0.00826386 0.00433928 0.10046756
v -0.00831328 0.00437519 0.10048062
v -0.00836509 0.00440820 0.10049262
v -0.00841912 0.00443816 0.10050351
v -0.00847515 0.00446492 0.10051325
v -0.00853298 0.00448837 0.10052177
v -0.00859239 0.00450839 0.10052905
v -0.00865317 0.00452488 0.10053505
v -0.00871507 0.00453775 0.10053973
v -0.00877785 0.00454692 0.10054307
v -0.00884121 0.00455233 0.10054503
v -0.00890000 0.00451820 0.10064300
v -0.00790000 0.00370446 0.09995016
v -0.00790019 0.00402023 0.09903657
v -0.00790320 0.00407836 0.09905408
v -0.00790992 0.00413633 0.09907153
v -0.00792034 0.00419391 0.09908888
v -0.00793443 0.00425088 0.09910604
v -0.00795218 0.00430704 0.09912296
v -0.00797353 0.00436216 0.09913956
v -0.00799842 0.00441602 0.09915578
v -0.00802679 0.00446841 0.09917156
v -0.00805853 0.00451913 0.09918684
v -0.00809355 0.00456796 0.09920155
v -0.00813174 0.00461472 0.09921563
v -0.00817296 0.00465920 0.09922902
v -0.00821701 0.00470117 0.09924167
v -0.00826386 0.00474056 0.09925354
v -0.00831328 0.00477716 0.09926455
v -0.00836509 0.00481079 0.09927469
v -0.00841912 0.00484131 0.09928387
v -0.00847515 0.00486857 0.09929209
v -0.00853298 0.00489246 0.09929929
v -0.00859239 0.00491286 0.09930543
v -0.00865317 0.00492966 0.09931049
v -0.00871507 0.00494277 0.09931444
v -0.00877785 0.00495212 0.09931725
v -0.01090000 -0.00589695 0.09537500
v -0.01090000 -0.00609289 0.09428430
v -0.00990133 -0.00623232 0.08537500
v -0.00990000 -0.00618061 0.08537500
v -0.00990384 -0.00626848 0.08537500
v -0.00996076 -0.00652527 0.08537500
v -0.00994482 -0.00647784 0.08537500
v -0.00993434 -0.00644148 0.08537500
v -0.00991531 -0.00635566 0.08537500
v -0.00991506 -0.00635423 0.08537500
v -0.01008195 -0.00675811 0.08537500
v -0.01004870 -0.00670744 0.08537500
v -0.01003486 -0.00668419 0.08537500
v -0.00999436 -0.00660638 0.08537500
v -0.00998966 -0.00659617 0.08537500
v -0.01019434 -0.00689205 0.08537500
v -0.01016144 -0.00685755 0.08537500
v -0.01013525 -0.00682757 0.08537500
v -0.01012084 -0.00681000 0.08537500
v -0.01040153 -0.00705106 0.08537500
v -0.01034971 -0.00701899 0.08537500
v -0.01032799 -0.00700421 0.08537500
v -0.01025875 -0.00695108 0.08537500
v -0.01025072 -0.00694427 0.08537500
v -0.01055921 -0.00712459 0.08537500
v -0.01051268 -0.00710632 0.08537500
v -0.01047880 -0.00709128 0.08537500
v -0.01045671 -0.00708065 0.08537500
v -0.01080834 -0.00664308 0.09046999
v -0.01074786 -0.00717300 0.08537500
v -0.01072704 -0.00716956 0.08537500
v -0.01064217 -0.00715074 0.08537500
v -0.01062846 -0.00714697 0.08537500
v -0.01086901 -0.00664678 0.09047045
v -0.01086903 -0.00718421 0.08537500
v -0.01081320 -0.00718090 0.08537500
v -0.01090000 -0.00664726 0.09047051
v -0.01090000 -0.00705513 0.08675696
v -0.01090000 -0.00718469 0.08537500
v -0.01260000 -0.00718469 0.08537500
v -0.01257883 -0.00167976 0.10419609
v -0.01261909 -0.00184647 0.10404491
v -0.01256758 -0.00188344 0.10406075
v -0.01227602 -0.00163264 0.10444772
v -0.01222173 -0.00166172 0.10446288
v -0.01218244 -0.00136412 0.10466126
v -0.01212806 -0.00138886 0.10467847
v -0.01228828 -0.00268563 0.10354174
v -0.01234551 -0.00265188 0.10353884
v -0.01250447 -0.00303174 0.10298665
v -0.01256178 -0.00299523 0.10298619
v -0.01266437 -0.00333637 0.10246107
v -0.01171408 -0.00319289 0.10321493
v -0.01178994 -0.00337529 0.10292717
v -0.01166937 -0.00341513 0.10290655
v -0.01132901 -0.00280805 0.10380592
v -0.01144677 -0.00277354 0.10382132
v -0.01151987 -0.00302310 0.10349940
v -0.01103000 -0.00119523 0.10509878
v -0.01103282 -0.00130178 0.10505069
v -0.01092150 -0.00132041 0.10504870
v -0.01412974 -0.00595746 0.09490433
v -0.01479184 -0.00627113 0.09301158
v -0.01466530 -0.00629268 0.09296877
v -0.01326411 -0.00063628 0.10396621
v -0.01322322 -0.00034351 0.10409954
v -0.01328949 -0.00029967 0.10401234
v -0.01334845 -0.00113305 0.10364282
v -0.01331438 -0.00117803 0.10367251
v -0.01323526 -0.00089698 0.10391352
v -0.01324265 -0.00126733 0.10372996
v -0.01289858 -0.00195381 0.10369744
v -0.01298075 -0.00217122 0.10343201
v -0.01288306 -0.00226006 0.10345893
v -0.01436668 -0.00421078 0.09907831
v -0.01370161 -0.00357460 0.10098760
v -0.01380039 -0.00347091 0.10098519
v -0.01095891 -0.00279017 0.10386051
v -0.01094807 -0.00274056 0.10391911
v -0.01106207 -0.00271829 0.10394151
v -0.01081918 -0.00158526 0.10491064
v -0.01081495 -0.00146596 0.10497732
v -0.01092711 -0.00149740 0.10495796
v -0.01080636 -0.00107322 0.10515714
v -0.01080492 -0.00096378 0.10519691
v -0.01091427 -0.00094208 0.10520217
v -0.01080228 -0.00069207 0.10527740
v -0.01080169 -0.00061448 0.10529582
v -0.01091072 -0.00060556 0.10529578
v -0.01079959 -0.00027072 0.10535420
v -0.01079924 -0.00019406 0.10536227
v -0.01090855 -0.00029775 0.10534895
v -0.01090789 -0.00016997 0.10536247
v -0.01079860 0.00000000 0.10537500
v -0.01080123 -0.00054930 0.10530976
v -0.01080053 -0.00044130 0.10532986
v -0.01090948 -0.00044311 0.10532755
v -0.01080310 -0.00078814 0.10525184
v -0.01080878 -0.00121789 0.10509787
v -0.01080679 -0.00110202 0.10514595
v -0.01091890 -0.00121270 0.10509793
v -0.01091648 -0.00108766 0.10514941
v -0.01102734 -0.00107162 0.10514904
v -0.01082502 -0.00171537 0.10483100
v -0.01082232 -0.00165928 0.10486628
v -0.01093318 -0.00164015 0.10487556
v -0.01084131 -0.00197171 0.10465200
v -0.01083200 -0.00183904 0.10474829
v -0.01093959 -0.00175922 0.10479990
v -0.01082843 -0.00177910 0.10478918
v -0.01099738 -0.00235451 0.10432339
v -0.01088451 -0.00237660 0.10430532
v -0.01086618 -0.00223191 0.10443871
v -0.01102907 -0.00255149 0.10412589
v -0.01090366 -0.00250356 0.10417911
v -0.01092866 -0.00264463 0.10402827
v -0.01116665 -0.00311441 0.10343506
v -0.01103896 -0.00309565 0.10346536
v -0.01098169 -0.00288671 0.10374210
v -0.01109017 -0.00325384 0.10323615
v -0.01123878 -0.00332354 0.10312504
v -0.01112288 -0.00334471 0.10309631
v -0.01115631 -0.00343115 0.10295760
v -0.01131215 -0.00350533 0.10282920
v -0.01119568 -0.00352593 0.10279883
v -0.01141734 -0.00396323 0.10196830
v -0.01133007 -0.00380674 0.10228500
v -0.01146178 -0.00381410 0.10226514
v -0.01161446 -0.00407361 0.10172472
v -0.01149632 -0.00409204 0.10169001
v -0.01176954 -0.00429939 0.10119927
v -0.01159367 -0.00423740 0.10135562
v -0.01192658 -0.00450021 0.10068397
v -0.01180729 -0.00451683 0.10064670
v -0.01224542 -0.00484721 0.09967309
v -0.01200727 -0.00474205 0.10000518
v -0.01244815 -0.00515485 0.09863916
v -0.01256901 -0.00514098 0.09867934
v -0.01322178 -0.00561805 0.09673327
v -0.01269031 -0.00534646 0.09790787
v -0.01309989 -0.00562998 0.09669150
v -0.01703033 -0.00717087 0.08552752
v -0.01659366 -0.00705619 0.08674607
v -0.01586897 -0.00679882 0.08916966
v -0.01868771 -0.00386387 0.08947341
v -0.01854595 -0.00406446 0.08983476
v -0.01809705 -0.00367394 0.09109621
v -0.01721579 -0.00358697 0.09348971
v -0.01637579 -0.00295267 0.09582534
v -0.01589414 -0.00292922 0.09712159
v -0.01591896 -0.00269841 0.09708047
v -0.01529668 -0.00228394 0.09879019
v -0.01459233 -0.00191994 0.10069966
v -0.01487759 -0.00194241 0.09994162
v -0.01398110 -0.00088023 0.10240471
v -0.01414185 -0.00112652 0.10196306
v -0.01397047 -0.00112997 0.10240982
v -0.01437078 -0.00142280 0.10133407
v -0.01470183 -0.00177837 0.10042452
v -0.01369481 -0.00027358 0.10319127
v -0.01373246 -0.00037754 0.10308784
v -0.01367929 -0.00054358 0.10321166
v -0.01378795 -0.00051085 0.10293538
v -0.01386819 -0.00067781 0.10271493
v -0.01357044 -0.00000000 0.10352288
v -0.01362549 -0.00000000 0.10338173
v -0.01355608 -0.00008043 0.10355271
v -0.01362747 -0.00001335 0.10337630
v -0.01363260 -0.00004317 0.10336219
v -0.01364025 -0.00008062 0.10334118
v -0.01365147 -0.00012777 0.10331035
v -0.01366876 -0.00019085 0.10326286
v -0.01351145 -0.00012394 0.10364695
v -0.01346622 -0.00000003 0.10374685
v -0.01354848 -0.00000001 0.10357419
v -0.01298116 -0.00015776 0.10442073
v -0.01292075 -0.00000012 0.10449485
v -0.01307228 -0.00000015 0.10433139
v -0.01222714 -0.00009664 0.10500744
v -0.01217568 -0.00000016 0.10504003
v -0.01237707 -0.00000010 0.10492584
v -0.01179670 -0.00012701 0.10519668
v -0.01174095 -0.00000000 0.10522305
v -0.01196195 -0.00000008 0.10514009
v -0.01146246 -0.00000004 0.10530058
v -0.01151675 -0.00000004 0.10528772
v -0.01157483 -0.00014006 0.10526456
v -0.01146318 -0.00014602 0.10529178
v -0.01146238 -0.00000004 0.10530059
v -0.01135140 -0.00015159 0.10531455
v -0.01129022 -0.00000000 0.10533442
v -0.01123910 -0.00000001 0.10534246
v -0.01123974 -0.00015677 0.10533292
v -0.01112845 -0.00016156 0.10534697
v -0.01103445 0.00000000 0.10536571
v -0.01090730 0.00000006 0.10537303
v -0.01101776 -0.00016596 0.10535678
v -0.01337272 -0.00315838 0.10195333
v -0.01342250 -0.00310869 0.10194910
v -0.01262346 -0.00093211 0.10455763
v -0.01269325 -0.00108732 0.10443312
v -0.01259673 -0.00114656 0.10448661
v -0.01269525 -0.00061752 0.10460312
v -0.01264836 -0.00063730 0.10463627
v -0.01263736 -0.00044148 0.10469196
v -0.01260069 -0.00065683 0.10466851
v -0.01280111 -0.00203850 0.10372935
v -0.01271972 -0.00177042 0.10401038
v -0.01276876 -0.00173140 0.10399172
v -0.01263846 -0.00141101 0.10431352
v -0.01268728 -0.00137700 0.10429046
v -0.01304617 -0.00261825 0.10294238
v -0.01309569 -0.00257152 0.10293312
v -0.01347119 -0.00305804 0.10194407
v -0.01314420 -0.00252394 0.10292300
v -0.01323803 -0.00242642 0.10290021
v -0.01302812 -0.00212569 0.10341723
v -0.01294588 -0.00191044 0.10368015
v -0.01286413 -0.00165149 0.10395166
v -0.01281691 -0.00169175 0.10397214
v -0.01273526 -0.00134248 0.10426646
v -0.01278237 -0.00130746 0.10424156
v -0.01278643 -0.00102643 0.10437596
v -0.01273027 -0.00041204 0.10462155
v -0.01274133 -0.00059751 0.10456907
v -0.01272246 -0.00021488 0.10465904
v -0.01281213 -0.00019618 0.10458282
v -0.01274652 -0.00000003 0.10465606
v -0.01289408 -0.00000011 0.10452123
v -0.01356520 -0.00295407 0.10193156
v -0.01332739 -0.00232599 0.10287410
v -0.01281994 -0.00038195 0.10454764
v -0.01289842 -0.00017712 0.10450331
v -0.01291816 -0.00119969 0.10416158
v -0.01299991 -0.00152744 0.10388500
v -0.01295566 -0.00156931 0.10390807
v -0.01316388 -0.00198511 0.10336778
v -0.01311971 -0.00203260 0.10338509
v -0.01513376 -0.00458056 0.09720370
v -0.01456013 -0.00399189 0.09908863
v -0.01522811 -0.00446689 0.09721334
v -0.01464917 -0.00387653 0.09908937
v -0.01531706 -0.00434922 0.09722015
v -0.01473272 -0.00375779 0.09908719
v -0.01540034 -0.00422801 0.09722412
v -0.01481055 -0.00363614 0.09908213
v -0.01547771 -0.00410376 0.09722528
v -0.01414616 -0.00302119 0.10094467
v -0.01410759 -0.00307993 0.10095236
v -0.01406763 -0.00313805 0.10095932
v -0.01398368 -0.00325224 0.10097101
v -0.01267124 -0.00090613 0.10452824
v -0.01271821 -0.00087980 0.10449792
v -0.01276433 -0.00085314 0.10446671
v -0.01285397 -0.00079889 0.10440169
v -0.01283099 -0.00055681 0.10449836
v -0.01291713 -0.00051531 0.10442434
v -0.01290617 -0.00035128 0.10447044
v -0.01298878 -0.00032012 0.10439015
v -0.01306018 -0.00013814 0.10433530
v -0.01340444 -0.00168946 0.10324740
v -0.01352976 -0.00206450 0.10279507
v -0.01332907 -0.00178979 0.10329053
v -0.01349179 -0.00211782 0.10281238
v -0.01345254 -0.00217067 0.10282896
v -0.01291039 -0.00161067 0.10393029
v -0.01282858 -0.00127198 0.10421577
v -0.01287605 -0.00096407 0.10431530
v -0.01293994 -0.00074355 0.10433333
v -0.01299957 -0.00047312 0.10434722
v -0.01306762 -0.00028853 0.10430700
v -0.01313536 -0.00011832 0.10424726
v -0.01320815 -0.00000007 0.10416136
v -0.01320693 -0.00193705 0.10334964
v -0.01304312 -0.00148509 0.10386110
v -0.01300380 -0.00112584 0.10410407
v -0.01296189 -0.00090040 0.10425131
v -0.01304377 -0.00083561 0.10418419
v -0.01302207 -0.00068725 0.10426186
v -0.01310018 -0.00063015 0.10418749
v -0.01307815 -0.00043035 0.10426723
v -0.01315274 -0.00038711 0.10418459
v -0.01373870 -0.00273672 0.10189702
v -0.01377888 -0.00268070 0.10188646
v -0.01381773 -0.00262411 0.10187516
v -0.01418333 -0.00296189 0.10093626
v -0.01554901 -0.00397694 0.09722366
v -0.01317415 -0.00057240 0.10411043
v -0.01319501 -0.00070337 0.10404142
v -0.01312152 -0.00076987 0.10411415
v -0.01316250 -0.00097426 0.10397983
v -0.01308530 -0.00105062 0.10404342
v -0.01316623 -0.00135550 0.10378465
v -0.01308526 -0.00144229 0.10383639
v -0.01324883 -0.00188845 0.10333071
v -0.01503431 -0.00468978 0.09719125
v -0.01446586 -0.00410345 0.09908494
v -0.01389451 -0.00336333 0.10097965
v -0.01365445 -0.00284684 0.10191584
v -0.01341205 -0.00222301 0.10284478
v -0.01363584 -0.00190222 0.10273893
v -0.01428624 -0.00278117 0.10090686
v -0.01360180 -0.00195666 0.10275833
v -0.01425338 -0.00284182 0.10091734
v -0.01356643 -0.00201077 0.10277705
v -0.01421907 -0.00290208 0.10092714
v -0.01347480 -0.00158778 0.10320149
v -0.01366854 -0.00184750 0.10271888
v -0.01434756 -0.00265889 0.10088394
v -0.01850387 -0.00433456 0.08984999
v -0.01847346 -0.00447109 0.08985436
v -0.01843660 -0.00460799 0.08985642
v -0.01839316 -0.00474479 0.08985608
v -0.01834307 -0.00488097 0.08985326
v -0.01828630 -0.00501601 0.08984787
v -0.01822289 -0.00514937 0.08983987
v -0.01815290 -0.00528049 0.08982922
v -0.01807645 -0.00540884 0.08981591
v -0.01799374 -0.00553387 0.08979995
v -0.01790498 -0.00565505 0.08978135
v -0.01781046 -0.00577188 0.08976016
v -0.01717106 -0.00385400 0.09351364
v -0.01713946 -0.00398894 0.09352245
v -0.01710149 -0.00412426 0.09352901
v -0.01705706 -0.00425946 0.09353319
v -0.01700610 -0.00439407 0.09353491
v -0.01694859 -0.00452756 0.09353407
v -0.01688455 -0.00465942 0.09353062
v -0.01681408 -0.00478911 0.09352449
v -0.01673728 -0.00491610 0.09351566
v -0.01665436 -0.00503987 0.09350411
v -0.01656553 -0.00515990 0.09348985
v -0.01647107 -0.00527571 0.09347291
v -0.01338130 -0.00108789 0.10361252
v -0.01330345 -0.00081900 0.10384470
v -0.01336701 -0.00074054 0.10377362
v -0.01340917 -0.00021167 0.10383246
v -0.01335149 -0.00025568 0.10392322
v -0.01333676 -0.00005807 0.10396993
v -0.01327373 -0.00007823 0.10406432
v -0.01320657 -0.00009833 0.10415684
v -0.01332874 -0.00056878 0.10388879
v -0.01338884 -0.00050107 0.10380936
v -0.01342585 -0.00066180 0.10370050
v -0.01347995 -0.00058300 0.10362557
v -0.01344334 -0.00099716 0.10355021
v -0.01350044 -0.00090611 0.10348579
v -0.01355257 -0.00081498 0.10341950
v -0.01352930 -0.00050435 0.10354909
v -0.01359973 -0.00072403 0.10335156
v -0.01346249 -0.00016772 0.10374028
v -0.01369990 -0.00179254 0.10269821
v -0.01375855 -0.00168208 0.10265506
v -0.01381175 -0.00157119 0.10260968
v -0.01385950 -0.00146022 0.10256226
v -0.01390183 -0.00134949 0.10251302
v -0.01440298 -0.00253568 0.10085853
v -0.01445248 -0.00241196 0.10083078
v -0.01449609 -0.00228814 0.10080084
v -0.01453387 -0.00216462 0.10076890
v -0.01584489 -0.00319014 0.09716037
v -0.01581125 -0.00332195 0.09717677
v -0.01577142 -0.00345411 0.09719099
v -0.01572531 -0.00358616 0.09720291
v -0.01567286 -0.00371765 0.09721240
v -0.01561408 -0.00384807 0.09721935
v -0.01852797 -0.00419888 0.08984341
v -0.01719645 -0.00371987 0.09350269
v -0.01587247 -0.00305910 0.09714193
v -0.01456591 -0.00204177 0.10073511
v -0.01393879 -0.00123930 0.10246214
v -0.01364195 -0.00063349 0.10328221
v -0.01173424 -0.00405009 0.10175775
v -0.01188997 -0.00427669 0.10123390
v -0.01204758 -0.00447827 0.10071990
v -0.01096733 -0.00210774 0.10454188
v -0.01108077 -0.00208312 0.10455360
v -0.01098212 -0.00223932 0.10442925
v -0.01111159 -0.00232897 0.10433835
v -0.01081137 -0.00133702 0.10504297
v -0.01113907 -0.00105390 0.10514471
v -0.01158077 -0.00378972 0.10229611
v -0.01185525 -0.00402136 0.10178888
v -0.01201167 -0.00424863 0.10126682
v -0.01109615 -0.00286457 0.10376614
v -0.01128338 -0.00308839 0.10345925
v -0.01135620 -0.00329786 0.10315144
v -0.01143016 -0.00348006 0.10285740
v -0.01170096 -0.00376031 0.10232497
v -0.01197718 -0.00398729 0.10181794
v -0.01102488 -0.00092781 0.10520051
v -0.01113636 -0.00091206 0.10519484
v -0.01125143 -0.00103448 0.10513630
v -0.01124845 -0.00089484 0.10518506
v -0.01136418 -0.00101336 0.10512371
v -0.01101848 -0.00029202 0.10534360
v -0.01101950 -0.00043540 0.10532274
v -0.01112923 -0.00028573 0.10533413
v -0.01113036 -0.00042694 0.10531382
v -0.01124059 -0.00027887 0.10532044
v -0.01124182 -0.00041771 0.10530069
v -0.01114392 -0.00252551 0.10414338
v -0.01117747 -0.00269213 0.10396108
v -0.01121204 -0.00283837 0.10378747
v -0.01140121 -0.00305798 0.10348075
v -0.01147476 -0.00326759 0.10317533
v -0.01154933 -0.00345003 0.10288323
v -0.01182204 -0.00372577 0.10235156
v -0.01425675 -0.00592867 0.09494542
v -0.01359682 -0.00554678 0.09685429
v -0.01372367 -0.00551058 0.09689260
v -0.01294068 -0.00506496 0.09879375
v -0.01306634 -0.00502758 0.09882922
v -0.01273968 -0.00473015 0.09981608
v -0.01286477 -0.00468603 0.09984770
v -0.01574459 -0.00680677 0.08912529
v -0.01391476 -0.00608654 0.09432147
v -0.01460129 -0.00628058 0.09306418
v -0.01387930 -0.00599633 0.09482012
v -0.01400380 -0.00597995 0.09486251
v -0.01334550 -0.00560034 0.09677445
v -0.01347064 -0.00557665 0.09681485
v -0.01269165 -0.00512150 0.09871864
v -0.01281566 -0.00509621 0.09875683
v -0.01249058 -0.00480033 0.09974755
v -0.01261482 -0.00476822 0.09978264
v -0.01229311 -0.00441779 0.10078689
v -0.01235498 -0.00439911 0.10080250
v -0.01236734 -0.00482660 0.09971097
v -0.01216986 -0.00445085 0.10075426
v -0.01213431 -0.00421507 0.10129785
v -0.01203838 -0.00396822 0.10183165
v -0.01194369 -0.00368599 0.10237571
v -0.01152888 -0.00258969 0.10400116
v -0.01141117 -0.00262788 0.10399105
v -0.01129393 -0.00266201 0.10397765
v -0.01161084 -0.00238362 0.10418055
v -0.01149356 -0.00242486 0.10417645
v -0.01137645 -0.00246224 0.10416881
v -0.01125980 -0.00249578 0.10415774
v -0.01157573 -0.00219141 0.10436399
v -0.01145916 -0.00223117 0.10436298
v -0.01134275 -0.00226734 0.10435829
v -0.01122680 -0.00229993 0.10435003
v -0.01152485 -0.00180361 0.10467553
v -0.01154156 -0.00195266 0.10456466
v -0.01140966 -0.00183937 0.10468081
v -0.01142585 -0.00199012 0.10456752
v -0.01129461 -0.00187211 0.10468216
v -0.01131029 -0.00202434 0.10456656
v -0.01118000 -0.00190186 0.10467970
v -0.01119517 -0.00205534 0.10456187
v -0.01106608 -0.00192862 0.10467357
v -0.01095311 -0.00195242 0.10466388
v -0.01150841 -0.00161956 0.10479803
v -0.01139382 -0.00165291 0.10480621
v -0.01127938 -0.00168355 0.10481038
v -0.01116535 -0.00171146 0.10481063
v -0.01105201 -0.00173668 0.10480710
v -0.01085521 -0.00212922 0.10452686
v -0.01114504 -0.00128112 0.10504880
v -0.01125790 -0.00125842 0.10504292
v -0.01137115 -0.00123366 0.10503294
v -0.01148455 -0.00120686 0.10501876
v -0.01218721 -0.00359055 0.10241604
v -0.01222240 -0.00390275 0.10186920
v -0.01206553 -0.00364093 0.10239725
v -0.01216104 -0.00392596 0.10185730
v -0.01209969 -0.00394778 0.10184477
v -0.01180172 -0.00264448 0.10384782
v -0.01187757 -0.00289114 0.10353679
v -0.01174263 -0.00266866 0.10384554
v -0.01181802 -0.00291599 0.10353260
v -0.01183419 -0.00314837 0.10323033
v -0.01175839 -0.00293970 0.10352756
v -0.01168345 -0.00269177 0.10384240
v -0.01203130 -0.00328061 0.10295974
v -0.01197105 -0.00330616 0.10295273
v -0.01191070 -0.00333045 0.10294495
v -0.01169215 -0.00214807 0.10436121
v -0.01172796 -0.00233852 0.10418098
v -0.01166944 -0.00236155 0.10418123
v -0.01103884 -0.00147703 0.10496195
v -0.01115148 -0.00145437 0.10496215
v -0.01126478 -0.00142939 0.10495842
v -0.01137848 -0.00140210 0.10495066
v -0.01149232 -0.00137248 0.10493878
v -0.01154921 -0.00135681 0.10493126
v -0.01159780 -0.00117802 0.10500033
v -0.01104527 -0.00161853 0.10488128
v -0.01115828 -0.00159441 0.10488325
v -0.01127197 -0.00156776 0.10488138
v -0.01138606 -0.00153858 0.10487553
v -0.01150030 -0.00150686 0.10486563
v -0.01156567 -0.00160187 0.10479240
v -0.01163990 -0.00176486 0.10466626
v -0.01146561 -0.00039698 0.10526147
v -0.01135365 -0.00040773 0.10528327
v -0.01164677 -0.00254741 0.10400783
v -0.01156502 -0.00273479 0.10383353
v -0.01163904 -0.00298368 0.10351505
v -0.01159416 -0.00323262 0.10319655
v -0.01165712 -0.00191197 0.10455786
v -0.01175451 -0.00172314 0.10465290
v -0.01102090 -0.00059566 0.10529177
v -0.01113191 -0.00058478 0.10528369
v -0.01124353 -0.00057290 0.10527141
v -0.01135552 -0.00056004 0.10525485
v -0.01146764 -0.00054619 0.10523394
v -0.01157744 -0.00038548 0.10523523
v -0.01168609 -0.00013372 0.10523286
v -0.01168529 -0.00000001 0.10524088
v -0.01241696 -0.00437898 0.10081761
v -0.01247899 -0.00435739 0.10083219
v -0.01254103 -0.00433434 0.10084625
v -0.01266492 -0.00428381 0.10087265
v -0.01234495 -0.00385218 0.10189108
v -0.01246693 -0.00379604 0.10191024
v -0.01230833 -0.00353485 0.10243194
v -0.01242850 -0.00347387 0.10244481
v -0.01184460 -0.00228958 0.10417765
v -0.01190264 -0.00226369 0.10417455
v -0.01197808 -0.00256560 0.10384923
v -0.01191949 -0.00259294 0.10384967
v -0.01205528 -0.00280977 0.10354424
v -0.01199625 -0.00283802 0.10354263
v -0.01221108 -0.00319647 0.10297604
v -0.01215137 -0.00322576 0.10297141
v -0.01182277 -0.00111434 0.10495050
v -0.01171930 -0.00130636 0.10490234
v -0.01171063 -0.00114717 0.10497759
v -0.01166273 -0.00132375 0.10491305
v -0.01160602 -0.00134056 0.10492269
v -0.01080335 -0.00081545 0.10524400
v -0.01091233 -0.00077720 0.10525285
v -0.01102270 -0.00076503 0.10524993
v -0.01113392 -0.00075163 0.10524296
v -0.01124576 -0.00073699 0.10523183
v -0.01135798 -0.00072111 0.10521646
v -0.01147032 -0.00070400 0.10519676
v -0.01157963 -0.00053135 0.10520862
v -0.01168887 -0.00037324 0.10520454
v -0.01192445 -0.00088271 0.10499591
v -0.01181378 -0.00091210 0.10503025
v -0.01170213 -0.00093989 0.10506018
v -0.01158980 -0.00096605 0.10508572
v -0.01147706 -0.00099055 0.10510688
v -0.01136093 -0.00087614 0.10517107
v -0.01203641 -0.00253720 0.10384787
v -0.01211404 -0.00278039 0.10354497
v -0.01227051 -0.00316594 0.10297985
v -0.01217249 -0.00274990 0.10354480
v -0.01215212 -0.00247733 0.10384234
v -0.01147353 -0.00085596 0.10515279
v -0.01158600 -0.00083431 0.10513014
v -0.01169807 -0.00081121 0.10510310
v -0.01180946 -0.00078669 0.10507163
v -0.01191988 -0.00076079 0.10503574
v -0.01158253 -0.00068566 0.10517267
v -0.01169434 -0.00066612 0.10514416
v -0.01180547 -0.00064539 0.10511120
v -0.01191566 -0.00062350 0.10507379
v -0.01232961 -0.00313420 0.10298283
v -0.01254732 -0.00340768 0.10245455
v -0.01238834 -0.00310124 0.10298496
v -0.01244665 -0.00306708 0.10298623
v -0.01223059 -0.00271831 0.10354373
v -0.01177223 -0.00186808 0.10454707
v -0.01186835 -0.00167850 0.10463540
v -0.01185013 -0.00150340 0.10474865
v -0.01196236 -0.00145946 0.10472376
v -0.01194340 -0.00123129 0.10484874
v -0.01205364 -0.00119052 0.10481547
v -0.01197031 -0.00061213 0.10505342
v -0.01191213 -0.00048114 0.10510593
v -0.01202090 -0.00046257 0.10506279
v -0.01169122 -0.00051556 0.10517886
v -0.01180215 -0.00049881 0.10514462
v -0.01197933 -0.00086744 0.10497710
v -0.01193390 -0.00107958 0.10491905
v -0.01183186 -0.00126992 0.10487770
v -0.01173687 -0.00154477 0.10476930
v -0.01167993 -0.00156447 0.10477805
v -0.01162286 -0.00158351 0.10478575
v -0.01240225 -0.00261708 0.10353502
v -0.01226626 -0.00241342 0.10383303
v -0.01237848 -0.00234559 0.10381990
v -0.01188656 -0.00182104 0.10453220
v -0.01198113 -0.00163099 0.10461373
v -0.01199981 -0.00177091 0.10451322
v -0.01209252 -0.00158070 0.10458788
v -0.01211164 -0.00171777 0.10449012
v -0.01216692 -0.00169010 0.10447701
v -0.01180810 -0.00210117 0.10435456
v -0.01192325 -0.00205076 0.10434396
v -0.01203727 -0.00199691 0.10432936
v -0.01214983 -0.00193970 0.10431073
v -0.01226059 -0.00187924 0.10428806
v -0.01179964 -0.00036027 0.10516937
v -0.01190637 -0.00011993 0.10515600
v -0.01190947 -0.00034659 0.10512972
v -0.01201485 -0.00011250 0.10511087
v -0.01201810 -0.00033222 0.10508563
v -0.01212186 -0.00010473 0.10506132
v -0.01212525 -0.00031719 0.10503712
v -0.01217819 -0.00030943 0.10501125
v -0.01212817 -0.00044314 0.10501526
v -0.01215203 -0.00100450 0.10484314
v -0.01204376 -0.00104295 0.10488325
v -0.01208801 -0.00083575 0.10493619
v -0.01203387 -0.00085178 0.10495719
v -0.01202462 -0.00060048 0.10503196
v -0.01240870 -0.00198984 0.10410249
v -0.01229957 -0.00205679 0.10412542
v -0.01218826 -0.00212036 0.10414439
v -0.01207510 -0.00218042 0.10415940
v -0.01196043 -0.00223686 0.10417047
v -0.01415497 -0.00441121 0.09905627
v -0.01426292 -0.00431348 0.09906873
v -0.01493014 -0.00479416 0.09717602
v -0.01338075 -0.00385884 0.10097598
v -0.01305380 -0.00343438 0.10196130
v -0.01310914 -0.00339120 0.10196203
v -0.01326690 -0.00394365 0.10096591
v -0.01294089 -0.00351710 0.10195738
v -0.01299770 -0.00347636 0.10195974
v -0.01283575 -0.00322015 0.10246463
v -0.01289156 -0.00317903 0.10246413
v -0.01273007 -0.00287894 0.10297955
v -0.01278480 -0.00283800 0.10297556
v -0.01228969 -0.00131292 0.10462370
v -0.01223633 -0.00133880 0.10464299
v -0.01226899 -0.00110291 0.10473611
v -0.01216226 -0.00114770 0.10477791
v -0.01207323 -0.00141300 0.10469462
v -0.01236923 -0.00181566 0.10426137
v -0.01207855 -0.00058857 0.10500940
v -0.01213207 -0.00057639 0.10498574
v -0.01214174 -0.00081935 0.10491411
v -0.01218514 -0.00056395 0.10496102
v -0.01224779 -0.00078549 0.10486675
v -0.01209142 -0.00325381 0.10296597
v -0.01193700 -0.00286515 0.10354014
v -0.01186069 -0.00261924 0.10384919
v -0.01178636 -0.00231453 0.10417979
v -0.01247541 -0.00174911 0.10423069
v -0.01234249 -0.00128648 0.10460337
v -0.01237352 -0.00105624 0.10469014
v -0.01239468 -0.00125950 0.10458201
v -0.01243543 -0.00154138 0.10439616
v -0.01238291 -0.00157245 0.10441436
v -0.01232976 -0.00160288 0.10443155
v -0.01223065 -0.00030152 0.10498429
v -0.01233042 -0.00008823 0.10494932
v -0.01243145 -0.00007953 0.10488705
v -0.01256631 -0.00000001 0.10479847
v -0.01252998 -0.00007057 0.10482080
v -0.01262497 -0.00000000 0.10475455
v -0.01262577 -0.00006135 0.10475069
v -0.01349142 -0.00376889 0.10098297
v -0.01316367 -0.00334685 0.10196194
v -0.01321733 -0.00330136 0.10196103
v -0.01283877 -0.00279602 0.10297069
v -0.01289194 -0.00275302 0.10296494
v -0.01294426 -0.00270904 0.10295830
v -0.01327010 -0.00325475 0.10195929
v -0.01332191 -0.00320708 0.10195672
v -0.01359850 -0.00367404 0.10098686
v -0.01256902 -0.00250654 0.10351797
v -0.01259571 -0.00219882 0.10378218
v -0.01267688 -0.00242797 0.10350197
v -0.01270005 -0.00212025 0.10375763
v -0.01278167 -0.00234573 0.10348228
v -0.01225844 -0.00096432 0.10479876
v -0.01236270 -0.00092249 0.10475018
v -0.01246454 -0.00087910 0.10469751
v -0.01255227 -0.00067609 0.10469980
v -0.01245332 -0.00071378 0.10475948
v -0.01235174 -0.00075028 0.10481517
v -0.01299568 -0.00266410 0.10295077
v -0.01223774 -0.00055125 0.10493521
v -0.01234136 -0.00052514 0.10488045
v -0.01244267 -0.00049809 0.10482157
v -0.01254142 -0.00047018 0.10475869
v -0.01233404 -0.00028525 0.10492722
v -0.01243515 -0.00026841 0.10486602
v -0.01253375 -0.00025104 0.10480082
v -0.01262959 -0.00023319 0.10473177
v -0.01256369 -0.00083427 0.10464086
v -0.01247558 -0.00100781 0.10464010
v -0.01244624 -0.00123201 0.10455965
v -0.01248728 -0.00150967 0.10437696
v -0.01266981 -0.00180879 0.10402811
v -0.01258883 -0.00144447 0.10433563
v -0.01307445 -0.00207947 0.10340158
v -0.01599438 -0.00678491 0.08921374
v -0.01612176 -0.00676468 0.08925781
v -0.01438445 -0.00589341 0.09498560
v -0.01504782 -0.00620866 0.09309535
v -0.01491948 -0.00624318 0.09305383
v -0.01637947 -0.00670450 0.08934480
v -0.01625026 -0.00673794 0.08930155
v -0.01270754 -0.00366726 0.10193993
v -0.01258793 -0.00373438 0.10192657
v -0.01291051 -0.00416505 0.10091811
v -0.01278823 -0.00422737 0.10089665
v -0.01311399 -0.00457937 0.09990479
v -0.01298968 -0.00463577 0.09987733
v -0.01331795 -0.00493407 0.09889514
v -0.01319224 -0.00498398 0.09886308
v -0.01397769 -0.00541873 0.09696508
v -0.01385077 -0.00546793 0.09692958
v -0.01530483 -0.00611936 0.09317545
v -0.01517642 -0.00616742 0.09313595
v -0.01663825 -0.00661693 0.08942908
v -0.01650895 -0.00666420 0.08938737
v -0.01771052 -0.00588389 0.08973645
v -0.01637131 -0.00538683 0.09345333
v -0.01676687 -0.00656263 0.08946975
v -0.01689431 -0.00650126 0.08950920
v -0.01543259 -0.00606442 0.09321368
v -0.01555919 -0.00600259 0.09325045
v -0.01410397 -0.00536294 0.09699892
v -0.01422914 -0.00530056 0.09703092
v -0.01344305 -0.00487784 0.09892524
v -0.01356708 -0.00481528 0.09895321
v -0.01323725 -0.00451684 0.09992994
v -0.01335901 -0.00444823 0.09995263
v -0.01303135 -0.00409692 0.10093687
v -0.01315029 -0.00402307 0.10095285
v -0.01282533 -0.00359479 0.10195024
v -0.01288341 -0.00355658 0.10195421
v -0.01272210 -0.00329885 0.10246309
v -0.01277925 -0.00326010 0.10246428
v -0.01261851 -0.00295758 0.10298486
v -0.01267463 -0.00291881 0.10298264
v -0.01245845 -0.00258124 0.10353027
v -0.01248841 -0.00227400 0.10380294
v -0.01251532 -0.00191967 0.10407564
v -0.01252749 -0.00171477 0.10421387
v -0.01253842 -0.00147737 0.10435678
v -0.01249712 -0.00120400 0.10453628
v -0.01257491 -0.00095773 0.10458609
v -0.01359623 -0.00429324 0.09999012
v -0.01347882 -0.00437365 0.09997273
v -0.01381007 -0.00467146 0.09900218
v -0.01368958 -0.00474645 0.09897890
v -0.01447424 -0.00515629 0.09708878
v -0.01435273 -0.00523165 0.09706093
v -0.01580693 -0.00585847 0.09331892
v -0.01568414 -0.00593391 0.09328558
v -0.01714361 -0.00635755 0.08958368
v -0.01702006 -0.00643287 0.08954723
v -0.01382205 -0.00411577 0.10001637
v -0.01371078 -0.00420720 0.10000470
v -0.01404322 -0.00450362 0.09904096
v -0.01392811 -0.00459046 0.09902290
v -0.01470916 -0.00498691 0.09713747
v -0.01459321 -0.00507465 0.09711434
v -0.01604403 -0.00568795 0.09337954
v -0.01592706 -0.00577642 0.09335028
v -0.01738201 -0.00618673 0.08965113
v -0.01726442 -0.00627543 0.08961837
v -0.01482161 -0.00489331 0.09715806
v -0.01626660 -0.00549283 0.09343117
v -0.01615737 -0.00559332 0.09340654
v -0.01760551 -0.00599063 0.08971030
v -0.01749586 -0.00609169 0.08968183
v -0.01333844 -0.00000001 0.10397077
v -0.01339412 -0.00000004 0.10387859
v -0.01347481 0.00158776 0.10320149
v -0.01363585 0.00190220 0.10273892
v -0.01366855 0.00184748 0.10271887
v -0.01481057 0.00363611 0.09908213
v -0.01488251 0.00351203 0.09907424
v -0.01421909 0.00290205 0.10092714
v -0.01618053 0.00693968 0.08790195
v -0.01080132 0.00056302 0.10530695
v -0.01080169 0.00061448 0.10529582
v -0.01091081 0.00060556 0.10529578
v -0.01080294 0.00076950 0.10525705
v -0.01080335 0.00081458 0.10524426
v -0.01091241 0.00077719 0.10525285
v -0.01112931 0.00028572 0.10533413
v -0.01113044 0.00042693 0.10531382
v -0.01124190 0.00041771 0.10530069
v -0.01255269 0.00478499 0.09976532
v -0.01287816 0.00508132 0.09877548
v -0.01294077 0.00506493 0.09879377
v -0.01412983 0.00595744 0.09490436
v -0.01479194 0.00627111 0.09301162
v -0.01491958 0.00624316 0.09305386
v -0.01132168 0.00141602 0.10495505
v -0.01137856 0.00140208 0.10495065
v -0.01137123 0.00123365 0.10503293
v -0.01213440 0.00421504 0.10129786
v -0.01229320 0.00441776 0.10078691
v -0.01235507 0.00439908 0.10080252
v -0.01145119 0.00163655 0.10480262
v -0.01150849 0.00161954 0.10479802
v -0.01149240 0.00137246 0.10493877
v -0.01154928 0.00135679 0.10493125
v -0.01156574 0.00160185 0.10479239
v -0.01162293 0.00158348 0.10478574
v -0.01160609 0.00134054 0.10492267
v -0.01166280 0.00132372 0.10491304
v -0.01218729 0.00359052 0.10241605
v -0.01234503 0.00385214 0.10189109
v -0.01246700 0.00379601 0.10191026
v -0.01168000 0.00156445 0.10477804
v -0.01173693 0.00154475 0.10476929
v -0.01171936 0.00130634 0.10490233
v -0.01185020 0.00150338 0.10474864
v -0.01197815 0.00256556 0.10384923
v -0.01191956 0.00259291 0.10384967
v -0.01199632 0.00283799 0.10354263
v -0.01309115 0.00406066 0.10094523
v -0.01303141 0.00409688 0.10093689
v -0.01368964 0.00474641 0.09897891
v -0.01202095 0.00046256 0.10506277
v -0.01201816 0.00033221 0.10508560
v -0.01190953 0.00034658 0.10512970
v -0.01315035 0.00402303 0.10095286
v -0.01282539 0.00359475 0.10195024
v -0.01208807 0.00083573 0.10493618
v -0.01214179 0.00081933 0.10491409
v -0.01213212 0.00057637 0.10498572
v -0.01283580 0.00322011 0.10246463
v -0.01267468 0.00291878 0.10298264
v -0.01261857 0.00295755 0.10298485
v -0.01218519 0.00056393 0.10496099
v -0.01237853 0.00234556 0.10381989
v -0.01245850 0.00258121 0.10353026
v -0.01256907 0.00250651 0.10351797
v -0.01259576 0.00219879 0.10378216
v -0.01251536 0.00191964 0.10407563
v -0.01240875 0.00198981 0.10410248
v -0.01223779 0.00055124 0.10493519
v -0.01224784 0.00078548 0.10486672
v -0.01235178 0.00075026 0.10481514
v -0.01398611 0.00454771 0.09903228
v -0.01404327 0.00450358 0.09904097
v -0.01338081 0.00385880 0.10097598
v -0.01289198 0.00275298 0.10296493
v -0.01283882 0.00279598 0.10297069
v -0.01316371 0.00334681 0.10196194
v -0.01252753 0.00171474 0.10421386
v -0.01248732 0.00150965 0.10437695
v -0.01243547 0.00154135 0.10439614
v -0.01321738 0.00330132 0.10196103
v -0.01327014 0.00325472 0.10195929
v -0.01294430 0.00270900 0.10295829
v -0.01299572 0.00266407 0.10295077
v -0.01381160 0.00056267 0.10287041
v -0.01374148 0.00040057 0.10306305
v -0.01367929 0.00054358 0.10321166
v -0.01355608 0.00008043 0.10355271
v -0.01079873 0.00005231 0.10537264
v -0.01090798 0.00016997 0.10536247
v -0.01135148 0.00015159 0.10531453
v -0.01123982 0.00015677 0.10533290
v -0.01146325 0.00014602 0.10529176
v -0.01157490 0.00014006 0.10526454
v -0.01179676 0.00012701 0.10519665
v -0.01190643 0.00011993 0.10515598
v -0.01201491 0.00011250 0.10511085
v -0.01212191 0.00010473 0.10506130
v -0.01222719 0.00009663 0.10500742
v -0.01233047 0.00008823 0.10494929
v -0.01243149 0.00007953 0.10488702
v -0.01253001 0.00007056 0.10482077
v -0.01262581 0.00006135 0.10475066
v -0.01313537 0.00011831 0.10424724
v -0.01320658 0.00009833 0.10415683
v -0.01327374 0.00007823 0.10406431
v -0.01333676 0.00005807 0.10396992
v -0.01369626 0.00027787 0.10318729
v -0.01366692 0.00018451 0.10326792
v -0.01364812 0.00011439 0.10331955
v -0.01363686 0.00006476 0.10335049
v -0.01362972 0.00002708 0.10337012
v -0.01391817 0.00077123 0.10257761
v -0.01397047 0.00112997 0.10240982
v -0.01408006 0.00103647 0.10213282
v -0.01433071 0.00137452 0.10144416
v -0.01459233 0.00191994 0.10069966
v -0.01472763 0.00180337 0.10035363
v -0.01538408 0.00234800 0.09855004
v -0.01589414 0.00292922 0.09712159
v -0.01653624 0.00303410 0.09538452
v -0.01721579 0.00358697 0.09348971
v -0.01809579 0.00367351 0.09109969
v -0.01854595 0.00406446 0.08983476
v -0.01856367 0.00382578 0.08981421
v -0.01940330 0.00406779 0.08750733
v -0.01503435 0.00468974 0.09719125
v -0.01436672 0.00421074 0.09907831
v -0.01426297 0.00431344 0.09906874
v -0.01493018 0.00479412 0.09717602
v -0.01415502 0.00441117 0.09905627
v -0.01482166 0.00489327 0.09715807
v -0.01359854 0.00367400 0.10098686
v -0.01370165 0.00357456 0.10098760
v -0.01332195 0.00320705 0.10195672
v -0.01337276 0.00315834 0.10195332
v -0.01304621 0.00261821 0.10294238
v -0.01259677 0.00114654 0.10448659
v -0.01257495 0.00095771 0.10458606
v -0.01247563 0.00100779 0.10464007
v -0.01257887 0.00167973 0.10419607
v -0.01253847 0.00147734 0.10435677
v -0.01266985 0.00180876 0.10402810
v -0.01276879 0.00173137 0.10399170
v -0.01271975 0.00177039 0.10401037
v -0.01280114 0.00203847 0.10372934
v -0.01349147 0.00376885 0.10098298
v -0.01288310 0.00226003 0.10345892
v -0.01270009 0.00212022 0.10375762
v -0.01278171 0.00234570 0.10348227
v -0.01267692 0.00242793 0.10350196
v -0.01237357 0.00105622 0.10469013
v -0.01244628 0.00123198 0.10455963
v -0.01249716 0.00120398 0.10453627
v -0.01256762 0.00188341 0.10406074
v -0.01261913 0.00184644 0.10404490
v -0.01470921 0.00498686 0.09713748
v -0.01409959 0.00445806 0.09904897
v -0.01343656 0.00381445 0.10097986
v -0.01310919 0.00339116 0.10196203
v -0.01305385 0.00343434 0.10196130
v -0.01226903 0.00110289 0.10473609
v -0.01234253 0.00128645 0.10460335
v -0.01239473 0.00125948 0.10458200
v -0.01247546 0.00174908 0.10423068
v -0.01238296 0.00157242 0.10441434
v -0.01236927 0.00181563 0.10426135
v -0.01273012 0.00287891 0.10297954
v -0.01289161 0.00317899 0.10246413
v -0.01278485 0.00283797 0.10297556
v -0.01226064 0.00187921 0.10428805
v -0.01216231 0.00114768 0.10477789
v -0.01223638 0.00133878 0.10464298
v -0.01228974 0.00131289 0.10462368
v -0.01217824 0.00030942 0.10501122
v -0.01212530 0.00031718 0.10503710
v -0.01212823 0.00044313 0.10501524
v -0.01435279 0.00523161 0.09706095
v -0.01447431 0.00515625 0.09708880
v -0.01375017 0.00470968 0.09899086
v -0.01381013 0.00467142 0.09900218
v -0.01226632 0.00241338 0.10383302
v -0.01234557 0.00265185 0.10353883
v -0.01240231 0.00261704 0.10353501
v -0.01250453 0.00303170 0.10298665
v -0.01256184 0.00299519 0.10298619
v -0.01272216 0.00329881 0.10246310
v -0.01277930 0.00326006 0.10246428
v -0.01294094 0.00351706 0.10195738
v -0.01299776 0.00347632 0.10195974
v -0.01326696 0.00394361 0.10096592
v -0.01332425 0.00390186 0.10097133
v -0.01392816 0.00459042 0.09902291
v -0.01205369 0.00119050 0.10481545
v -0.01212812 0.00138883 0.10467844
v -0.01218250 0.00136409 0.10466123
v -0.01232981 0.00160285 0.10443153
v -0.01227607 0.00163261 0.10444771
v -0.01222178 0.00166169 0.10446287
v -0.01216697 0.00169008 0.10447700
v -0.01248846 0.00227397 0.10380293
v -0.01229963 0.00205675 0.10412540
v -0.01214989 0.00193967 0.10431071
v -0.01207860 0.00058855 0.10500938
v -0.01202467 0.00060047 0.10503194
v -0.01203392 0.00085176 0.10495717
v -0.01270760 0.00366722 0.10193994
v -0.01218832 0.00212033 0.10414438
v -0.01203733 0.00199688 0.10432935
v -0.01193396 0.00107956 0.10491903
v -0.01204381 0.00104293 0.10488323
v -0.01215208 0.00100448 0.10484312
v -0.01225849 0.00096430 0.10479873
v -0.01236275 0.00092247 0.10475016
v -0.01246458 0.00087908 0.10469749
v -0.01256373 0.00083425 0.10464084
v -0.01254738 0.00340764 0.10245456
v -0.01242857 0.00347384 0.10244482
v -0.01258800 0.00373434 0.10192658
v -0.01291058 0.00416502 0.10091811
v -0.01297121 0.00413167 0.10092784
v -0.01356715 0.00481524 0.09895322
v -0.01362862 0.00478161 0.09896636
v -0.01211411 0.00278035 0.10354497
v -0.01227058 0.00316591 0.10297985
v -0.01217256 0.00274986 0.10354480
v -0.01232968 0.00313416 0.10298283
v -0.01223065 0.00271827 0.10354373
v -0.01238841 0.00310120 0.10298496
v -0.01207516 0.00218039 0.10415939
v -0.01192331 0.00205073 0.10434395
v -0.01196050 0.00223683 0.10417047
v -0.01203648 0.00253717 0.10384787
v -0.01215218 0.00247729 0.10384233
v -0.01205535 0.00280973 0.10354424
v -0.01215144 0.00322572 0.10297142
v -0.01209150 0.00325377 0.10296598
v -0.01190271 0.00226366 0.10417454
v -0.01221115 0.00319643 0.10297605
v -0.01230840 0.00353482 0.10243195
v -0.01517650 0.00616740 0.09313597
v -0.01650904 0.00666418 0.08938739
v -0.01530491 0.00611933 0.09317547
v -0.01663833 0.00661690 0.08942911
v -0.01543266 0.00606439 0.09321370
v -0.01676694 0.00656259 0.08946978
v -0.01555926 0.00600256 0.09325046
v -0.01689438 0.00650122 0.08950922
v -0.01568420 0.00593387 0.09328560
v -0.01702013 0.00643283 0.08954725
v -0.01580699 0.00585843 0.09331893
v -0.01714367 0.00635751 0.08958370
v -0.01592712 0.00577637 0.09335030
v -0.01726448 0.00627539 0.08961838
v -0.01604409 0.00568791 0.09337956
v -0.01738206 0.00618669 0.08965115
v -0.01615742 0.00559328 0.09340656
v -0.01749591 0.00609165 0.08968183
v -0.01626665 0.00549279 0.09343118
v -0.01760555 0.00599059 0.08971032
v -0.01637134 0.00538679 0.09345333
v -0.01771056 0.00588385 0.08973646
v -0.01397777 0.00541869 0.09696510
v -0.01410404 0.00536290 0.09699894
v -0.01338069 0.00490671 0.09891047
v -0.01344313 0.00487780 0.09892526
v -0.01305201 0.00460831 0.09989136
v -0.01278830 0.00422734 0.10089666
v -0.01272675 0.00425629 0.10088497
v -0.01266500 0.00428377 0.10087267
v -0.01298976 0.00463574 0.09987734
v -0.01331803 0.00493404 0.09889516
v -0.01422921 0.00530052 0.09703095
v -0.01350530 0.00484731 0.09893952
v -0.01284960 0.00419691 0.10090771
v -0.01385086 0.00546790 0.09692960
v -0.01325523 0.00495978 0.09887937
v -0.01292735 0.00466164 0.09986279
v -0.01260310 0.00430978 0.10085975
v -0.01184467 0.00228955 0.10417765
v -0.01186076 0.00261921 0.10384919
v -0.01193707 0.00286512 0.10354014
v -0.01203138 0.00328058 0.10295974
v -0.01180817 0.00210114 0.10435455
v -0.01169222 0.00214804 0.10436121
v -0.01178643 0.00231450 0.10417978
v -0.01172803 0.00233849 0.10418098
v -0.01180180 0.00264445 0.10384782
v -0.01198119 0.00163097 0.10461371
v -0.01186842 0.00167847 0.10463539
v -0.01175457 0.00172312 0.10465288
v -0.01163998 0.00176484 0.10466625
v -0.01197939 0.00086742 0.10497708
v -0.01197037 0.00061211 0.10505340
v -0.01191572 0.00062348 0.10507377
v -0.01191219 0.00048113 0.10510591
v -0.01180221 0.00049880 0.10514461
v -0.01179970 0.00036026 0.10516935
v -0.01168893 0.00037323 0.10520452
v -0.01168616 0.00013372 0.10523284
v -0.01158987 0.00096604 0.10508570
v -0.01159787 0.00117800 0.10500032
v -0.01171070 0.00114715 0.10497757
v -0.01228834 0.00268559 0.10354174
v -0.01244671 0.00306704 0.10298623
v -0.01266443 0.00333633 0.10246107
v -0.01288347 0.00355654 0.10195421
v -0.01320897 0.00398400 0.10095976
v -0.01386949 0.00463166 0.09901287
v -0.01459327 0.00507461 0.09711435
v -0.01187765 0.00289111 0.10353680
v -0.01174270 0.00266863 0.10384555
v -0.01166951 0.00236152 0.10418123
v -0.01157581 0.00219138 0.10436399
v -0.01152493 0.00180359 0.10467553
v -0.01157751 0.00038547 0.10523522
v -0.01169129 0.00051555 0.10517884
v -0.01180554 0.00064537 0.10511117
v -0.01191994 0.00076077 0.10503572
v -0.01148462 0.00120684 0.10501875
v -0.01147713 0.00099053 0.10510686
v -0.01147361 0.00085594 0.10515277
v -0.01267728 0.00474991 0.09979960
v -0.01306642 0.00502755 0.09882925
v -0.01273976 0.00473013 0.09981611
v -0.01312937 0.00500653 0.09884639
v -0.01280230 0.00470882 0.09983215
v -0.01319232 0.00498394 0.09886310
v -0.01286485 0.00468599 0.09984773
v -0.01241704 0.00437895 0.10081763
v -0.01247907 0.00435736 0.10083222
v -0.01254111 0.00433431 0.10084627
v -0.01203847 0.00396820 0.10183167
v -0.01209977 0.00394775 0.10184480
v -0.01194377 0.00368597 0.10237572
v -0.01216113 0.00392593 0.10185732
v -0.01211169 0.00171774 0.10449010
v -0.01199987 0.00177089 0.10451321
v -0.01188663 0.00182102 0.10453219
v -0.01177230 0.00186806 0.10454706
v -0.01165719 0.00191194 0.10455786
v -0.01154163 0.00195263 0.10456465
v -0.01140974 0.00183934 0.10468080
v -0.01142593 0.00199009 0.10456752
v -0.01139390 0.00165289 0.10480620
v -0.01143548 0.00138756 0.10494523
v -0.01183192 0.00126990 0.10487769
v -0.01196242 0.00145943 0.10472374
v -0.01209257 0.00158067 0.10458787
v -0.01147039 0.00070399 0.10519674
v -0.01158607 0.00083429 0.10513012
v -0.01170220 0.00093988 0.10506016
v -0.01182283 0.00111432 0.10495048
v -0.01194346 0.00123126 0.10484873
v -0.01207329 0.00141297 0.10469460
v -0.01145924 0.00223114 0.10436298
v -0.01146568 0.00039697 0.10526145
v -0.01157970 0.00053134 0.10520861
v -0.01169440 0.00066611 0.10514414
v -0.01180952 0.00078668 0.10507161
v -0.01192451 0.00088270 0.10499589
v -0.01168353 0.00269174 0.10384240
v -0.01161091 0.00238359 0.10418055
v -0.01162432 0.00271378 0.10383839
v -0.01155228 0.00240469 0.10417896
v -0.01156511 0.00273476 0.10383353
v -0.01149364 0.00242483 0.10417646
v -0.01150594 0.00275467 0.10382784
v -0.01197112 0.00330613 0.10295273
v -0.01191078 0.00333042 0.10294496
v -0.01206561 0.00364090 0.10239726
v -0.01185040 0.00335347 0.10293643
v -0.01182213 0.00372574 0.10235158
v -0.01197727 0.00398727 0.10181797
v -0.01181810 0.00291596 0.10353260
v -0.01175846 0.00293967 0.10352757
v -0.01169879 0.00296223 0.10352172
v -0.01163912 0.00298365 0.10351507
v -0.01171416 0.00319287 0.10321494
v -0.01157949 0.00300393 0.10350762
v -0.01144686 0.00277351 0.10382133
v -0.01115156 0.00145435 0.10496215
v -0.01127205 0.00156774 0.10488138
v -0.01126486 0.00142938 0.10495842
v -0.01133665 0.00166855 0.10480879
v -0.01181384 0.00091208 0.10503023
v -0.01169814 0.00081120 0.10510308
v -0.01158260 0.00068565 0.10517266
v -0.01146772 0.00054618 0.10523393
v -0.01135373 0.00040772 0.10528325
v -0.01124067 0.00027886 0.10532042
v -0.01112853 0.00016156 0.10534696
v -0.01125798 0.00125840 0.10504291
v -0.01125151 0.00103447 0.10513629
v -0.01114512 0.00128111 0.10504880
v -0.01179002 0.00337526 0.10292718
v -0.01172969 0.00339580 0.10291722
v -0.01165416 0.00321333 0.10320611
v -0.01159424 0.00323259 0.10319656
v -0.01151996 0.00302307 0.10349941
v -0.01140130 0.00305796 0.10348076
v -0.01625035 0.00673792 0.08930158
v -0.01612186 0.00676466 0.08925784
v -0.01599448 0.00678490 0.08921377
v -0.01583974 0.00683674 0.08885792
v -0.01454032 0.00630804 0.09292559
v -0.01441681 0.00631737 0.09288285
v -0.01387940 0.00599632 0.09482016
v -0.01333019 0.00577154 0.09601607
v -0.01322187 0.00561804 0.09673330
v -0.01586861 0.00679885 0.08916953
v -0.01466540 0.00629266 0.09296880
v -0.01400389 0.00597993 0.09486254
v -0.01334560 0.00560032 0.09677449
v -0.01359691 0.00554676 0.09685431
v -0.01347073 0.00557663 0.09681488
v -0.01425684 0.00592865 0.09494545
v -0.01438454 0.00589338 0.09498563
v -0.01504791 0.00620864 0.09309538
v -0.01637956 0.00670448 0.08934483
v -0.01216995 0.00445082 0.10075428
v -0.01210867 0.00446523 0.10073731
v -0.01249067 0.00480031 0.09974757
v -0.01242891 0.00481417 0.09972946
v -0.01281575 0.00509619 0.09875686
v -0.01275360 0.00510957 0.09873791
v -0.01372376 0.00551056 0.09689262
v -0.01300354 0.00504701 0.09881171
v -0.01261491 0.00476820 0.09978266
v -0.01223148 0.00443501 0.10077082
v -0.01201176 0.00424861 0.10126684
v -0.01166945 0.00341510 0.10290656
v -0.01147485 0.00326756 0.10317535
v -0.01128347 0.00308837 0.10345926
v -0.01121213 0.00283835 0.10378749
v -0.01132910 0.00280803 0.10380593
v -0.01222248 0.00390272 0.10186922
v -0.01125989 0.00249575 0.10415775
v -0.01122689 0.00229990 0.10435004
v -0.01114401 0.00252549 0.10414339
v -0.01111167 0.00232895 0.10433836
v -0.01102916 0.00255147 0.10412590
v -0.01104536 0.00161851 0.10488128
v -0.01105210 0.00173666 0.10480710
v -0.01116544 0.00171144 0.10481063
v -0.01106616 0.00192860 0.10467357
v -0.01118008 0.00190184 0.10467971
v -0.01108085 0.00208310 0.10455361
v -0.01119526 0.00205531 0.10456188
v -0.01101959 0.00043540 0.10532273
v -0.01101856 0.00029201 0.10534360
v -0.01101784 0.00016596 0.10535678
v -0.01091657 0.00108765 0.10514941
v -0.01103009 0.00119522 0.10509878
v -0.01102743 0.00107161 0.10514904
v -0.01113915 0.00105388 0.10514470
v -0.01269175 0.00512148 0.09871867
v -0.01236743 0.00482659 0.09971099
v -0.01204767 0.00447825 0.10071992
v -0.01189006 0.00427667 0.10123393
v -0.01173433 0.00405007 0.10175777
v -0.01224552 0.00484720 0.09967312
v -0.01232087 0.00504523 0.09902821
v -0.01256911 0.00514096 0.09867937
v -0.01250053 0.00519808 0.09848003
v -0.01309989 0.00562998 0.09669150
v -0.01149632 0.00409204 0.10169001
v -0.01161456 0.00407359 0.10172475
v -0.01146188 0.00381409 0.10226517
v -0.01176963 0.00429937 0.10119930
v -0.01159809 0.00424370 0.10134062
v -0.01192668 0.00450020 0.10068400
v -0.01143504 0.00244400 0.10417307
v -0.01141125 0.00262785 0.10399106
v -0.01129402 0.00266199 0.10397766
v -0.01117756 0.00269211 0.10396110
v -0.01106216 0.00271827 0.10394152
v -0.01185534 0.00402134 0.10178890
v -0.01170105 0.00376029 0.10232499
v -0.01154942 0.00345000 0.10288325
v -0.01135629 0.00329784 0.10315146
v -0.01116674 0.00311439 0.10343508
v -0.01109624 0.00286455 0.10376616
v -0.01093210 0.00266241 0.10400845
v -0.01105140 0.00313612 0.10340838
v -0.01108323 0.00323364 0.10326642
v -0.01123888 0.00332352 0.10312506
v -0.01131224 0.00350531 0.10282922
v -0.01143025 0.00348004 0.10285741
v -0.01158086 0.00378970 0.10229614
v -0.01085954 0.00217162 0.10449111
v -0.01088118 0.00235224 0.10432854
v -0.01099746 0.00235449 0.10432340
v -0.01096742 0.00210772 0.10454188
v -0.01098221 0.00223930 0.10442927
v -0.01088940 0.00241101 0.10427199
v -0.01091560 0.00257377 0.10410544
v -0.01095320 0.00195241 0.10466389
v -0.01085056 0.00208068 0.10456672
v -0.01083891 0.00194023 0.10467559
v -0.01092720 0.00149739 0.10495797
v -0.01093327 0.00164013 0.10487557
v -0.01129469 0.00187209 0.10468216
v -0.01127946 0.00168353 0.10481037
v -0.01115837 0.00159439 0.10488325
v -0.01103893 0.00147702 0.10496195
v -0.01103291 0.00130177 0.10505069
v -0.01091899 0.00121269 0.10509793
v -0.01080611 0.00105561 0.10516383
v -0.01080585 0.00103630 0.10517103
v -0.01092158 0.00132040 0.10504870
v -0.01081008 0.00128116 0.10506941
v -0.01081062 0.00130553 0.10505802
v -0.01081615 0.00150249 0.10495751
v -0.01081854 0.00156878 0.10492019
v -0.01082526 0.00172014 0.10482793
v -0.01093968 0.00175920 0.10479990
v -0.01082843 0.00177910 0.10478918
v -0.01083087 0.00182068 0.10476097
v -0.01080482 0.00095489 0.10519995
v -0.01091436 0.00094207 0.10520217
v -0.01102497 0.00092780 0.10520051
v -0.01113644 0.00091205 0.10519484
v -0.01124853 0.00089483 0.10518505
v -0.01136426 0.00101335 0.10512371
v -0.01102098 0.00059566 0.10529177
v -0.01102279 0.00076502 0.10524993
v -0.01113199 0.00058477 0.10528368
v -0.01113401 0.00075162 0.10524295
v -0.01124361 0.00057290 0.10527140
v -0.01124584 0.00073698 0.10523182
v -0.01135805 0.00072110 0.10521644
v -0.01136100 0.00087613 0.10517106
v -0.01090956 0.00044310 0.10532755
v -0.01090864 0.00029775 0.10534894
v -0.01079915 0.00017360 0.10536413
v -0.01079939 0.00022795 0.10535892
v -0.01079987 0.00032626 0.10534726
v -0.01080058 0.00045006 0.10532837
v -0.01080091 0.00050137 0.10531913
v -0.01135560 0.00056003 0.10525484
v -0.01131037 0.00202432 0.10456656
v -0.01134284 0.00226731 0.10435829
v -0.01137653 0.00246221 0.10416882
v -0.01120333 0.00354358 0.10276848
v -0.01125108 0.00364872 0.10258239
v -0.01133964 0.00382473 0.10224975
v -0.01180884 0.00451870 0.10064163
v -0.01192034 0.00464776 0.10028189
v -0.01212525 0.00486233 0.09963412
v -0.01347996 0.00058300 0.10362557
v -0.01352931 0.00050434 0.10354909
v -0.01346249 0.00016772 0.10374027
v -0.01364195 0.00063349 0.10328221
v -0.01351146 0.00012394 0.10364695
v -0.01359973 0.00072403 0.10335156
v -0.01355257 0.00081497 0.10341949
v -0.01385950 0.00146021 0.10256226
v -0.01338885 0.00050106 0.10380936
v -0.01342586 0.00066179 0.10370049
v -0.01332875 0.00056878 0.10388877
v -0.01322323 0.00034350 0.10409953
v -0.01328950 0.00029966 0.10401233
v -0.01335150 0.00025568 0.10392322
v -0.01340917 0.00021166 0.10383245
v -0.01381176 0.00157118 0.10260968
v -0.01350044 0.00090610 0.10348579
v -0.01344335 0.00099715 0.10355020
v -0.01336701 0.00074053 0.10377361
v -0.01330346 0.00081899 0.10384469
v -0.01554902 0.00397691 0.09722366
v -0.01547773 0.00410373 0.09722528
v -0.01681409 0.00478908 0.09352449
v -0.01561410 0.00384805 0.09721935
v -0.01428625 0.00278115 0.10090686
v -0.01395946 0.00239300 0.10182288
v -0.01434757 0.00265887 0.10088394
v -0.01369991 0.00179252 0.10269820
v -0.01389137 0.00250939 0.10185041
v -0.01381775 0.00262408 0.10187516
v -0.01349181 0.00211779 0.10281237
v -0.01341207 0.00222298 0.10284477
v -0.01326412 0.00063627 0.10396621
v -0.01319502 0.00070335 0.10404141
v -0.01323527 0.00089697 0.10391351
v -0.01312154 0.00076986 0.10411414
v -0.01316252 0.00097425 0.10397982
v -0.01304379 0.00083559 0.10418417
v -0.01317417 0.00057239 0.10411042
v -0.01310020 0.00063014 0.10418747
v -0.01302209 0.00068724 0.10426185
v -0.01293996 0.00074353 0.10433331
v -0.01340446 0.00168944 0.10324739
v -0.01324266 0.00126731 0.10372995
v -0.01316625 0.00135548 0.10378464
v -0.01308532 0.00105060 0.10404340
v -0.01300382 0.00112582 0.10410406
v -0.01283102 0.00055679 0.10449833
v -0.01291715 0.00051530 0.10442432
v -0.01299959 0.00047311 0.10434721
v -0.01307817 0.00043034 0.10426721
v -0.01315275 0.00038710 0.10418458
v -0.01414618 0.00302116 0.10094467
v -0.01373872 0.00273669 0.10189701
v -0.01332742 0.00232596 0.10287409
v -0.01356645 0.00201074 0.10277704
v -0.01332909 0.00178977 0.10329052
v -0.01308528 0.00144227 0.10383638
v -0.01304315 0.00148506 0.10386109
v -0.01291818 0.00119967 0.10416157
v -0.01299994 0.00152741 0.10388499
v -0.01295569 0.00156928 0.10390805
v -0.01324885 0.00188842 0.10333069
v -0.01320695 0.00193702 0.10334963
v -0.01316391 0.00198509 0.10336776
v -0.01311974 0.00203257 0.10338508
v -0.01296191 0.00090039 0.10425129
v -0.01287607 0.00096405 0.10431528
v -0.01278646 0.00102641 0.10437594
v -0.01306764 0.00028852 0.10430698
v -0.01298880 0.00032011 0.10439013
v -0.01290619 0.00035128 0.10447042
v -0.01281997 0.00038194 0.10454762
v -0.01273030 0.00041203 0.10462153
v -0.01380042 0.00347087 0.10098519
v -0.01347123 0.00305801 0.10194407
v -0.01342253 0.00310865 0.10194910
v -0.01307448 0.00207944 0.10340157
v -0.01291042 0.00161064 0.10393029
v -0.01294591 0.00191041 0.10368013
v -0.01286416 0.00165147 0.10395165
v -0.01281694 0.00169172 0.10397212
v -0.01282861 0.00127195 0.10421576
v -0.01278240 0.00130744 0.10424155
v -0.01269328 0.00108729 0.10443310
v -0.01273530 0.00134246 0.10426645
v -0.01264839 0.00063729 0.10463625
v -0.01267127 0.00090611 0.10452822
v -0.01269528 0.00061751 0.10460310
v -0.01271824 0.00087978 0.10449791
v -0.01274136 0.00059749 0.10456905
v -0.01276436 0.00085312 0.10446669
v -0.01285399 0.00079888 0.10440166
v -0.01298079 0.00217119 0.10343199
v -0.01309573 0.00257148 0.10293312
v -0.01314423 0.00252391 0.10292299
v -0.01262350 0.00093209 0.10455761
v -0.01258887 0.00144444 0.10433561
v -0.01263850 0.00141098 0.10431350
v -0.01268732 0.00137698 0.10429044
v -0.01234141 0.00052512 0.10488043
v -0.01245336 0.00071377 0.10475945
v -0.01244271 0.00049808 0.10482154
v -0.01255231 0.00067608 0.10469978
v -0.01254146 0.00047017 0.10475866
v -0.01260072 0.00065682 0.10466848
v -0.01263740 0.00044147 0.10469194
v -0.01306020 0.00013814 0.10433528
v -0.01298118 0.00015776 0.10442071
v -0.01289844 0.00017712 0.10450329
v -0.01281216 0.00019618 0.10458280
v -0.01272248 0.00021488 0.10465901
v -0.01262963 0.00023318 0.10473175
v -0.01253379 0.00025103 0.10480079
v -0.01243520 0.00026840 0.10486599
v -0.01233408 0.00028524 0.10492720
v -0.01223070 0.00030151 0.10498427
v -0.01323806 0.00242638 0.10290020
v -0.01302815 0.00212566 0.10341721
v -0.01289861 0.00195378 0.10369743
v -0.01393879 0.00123930 0.10246214
v -0.01456591 0.00204177 0.10073511
v -0.01587247 0.00305910 0.09714193
v -0.01719645 0.00371987 0.09350269
v -0.01852797 0.00419888 0.08984341
v -0.01390183 0.00134948 0.10251302
v -0.01449610 0.00228813 0.10080084
v -0.01453387 0.00216461 0.10076889
v -0.01581125 0.00332194 0.09717677
v -0.01584489 0.00319014 0.09716037
v -0.01713946 0.00398893 0.09352245
v -0.01717106 0.00385399 0.09351364
v -0.01847347 0.00447108 0.08985436
v -0.01850387 0.00433456 0.08984999
v -0.01331439 0.00117802 0.10367250
v -0.01334846 0.00113303 0.10364281
v -0.01338131 0.00108787 0.10361251
v -0.01375856 0.00168207 0.10265505
v -0.01440299 0.00253566 0.10085852
v -0.01445249 0.00241195 0.10083078
v -0.01572531 0.00358615 0.09720290
v -0.01577142 0.00345410 0.09719099
v -0.01705707 0.00425945 0.09353319
v -0.01710150 0.00412424 0.09352901
v -0.01839316 0.00474477 0.08985608
v -0.01843660 0.00460798 0.08985642
v -0.01567287 0.00371763 0.09721240
v -0.01694860 0.00452754 0.09353407
v -0.01700611 0.00439405 0.09353491
v -0.01828632 0.00501599 0.08984787
v -0.01834308 0.00488095 0.08985326
v -0.01688457 0.00465939 0.09353062
v -0.01815291 0.00528046 0.08982923
v -0.01822290 0.00514934 0.08983987
v -0.01356523 0.00295404 0.10193155
v -0.01365448 0.00284681 0.10191584
v -0.01398370 0.00325220 0.10097101
v -0.01406765 0.00313802 0.10095932
v -0.01464919 0.00387649 0.09908937
v -0.01473274 0.00375776 0.09908719
v -0.01531709 0.00434918 0.09722015
v -0.01540036 0.00422798 0.09722412
v -0.01665438 0.00503983 0.09350412
v -0.01673730 0.00491607 0.09351566
v -0.01799376 0.00553383 0.08979996
v -0.01807647 0.00540881 0.08981592
v -0.01389454 0.00336329 0.10097965
v -0.01446590 0.00410341 0.09908494
v -0.01456016 0.00399186 0.09908863
v -0.01513379 0.00458052 0.09720371
v -0.01522814 0.00446685 0.09721335
v -0.01647110 0.00527567 0.09347291
v -0.01656556 0.00515986 0.09348986
v -0.01781050 0.00577185 0.08976017
v -0.01790501 0.00565501 0.08978136
v -0.01099180 0.00292676 0.10369126
v -0.01325829 -0.00683587 0.08886572
v -0.01325829 0.00683587 0.08886572
v -0.01271109 -0.00689438 0.08832987
v -0.01271109 0.00689438 0.08832987
v -0.01325829 0.00695090 0.08779401
v -0.01325829 -0.00695090 0.08779401
v -0.01313892 0.00693874 0.08791091
v -0.01330676 -0.00683103 0.08890923
v -0.01335648 0.00682684 0.08894675
v -0.01335883 0.00682666 0.08894837
v -0.01330689 -0.00683102 0.08890934
v -0.01330689 0.00683102 0.08890934
v -0.01330676 0.00683103 0.08890923
v -0.01335648 -0.00682684 0.08894675
v -0.01335883 -0.00682666 0.08894837
v -0.01340901 0.00682313 0.08897995
v -0.01341409 0.00682280 0.08898284
v -0.01340901 -0.00682313 0.08897995
v -0.01341409 -0.00682280 0.08898284
v -0.01346399 0.00681991 0.08900862
v -0.01347214 0.00681949 0.08901239
v -0.01346399 -0.00681991 0.08900862
v -0.01347214 -0.00681949 0.08901239
v -0.01352110 0.00681722 0.08903264
v -0.01353254 0.00681675 0.08903680
v -0.01352110 -0.00681722 0.08903264
v -0.01353254 -0.00681675 0.08903680
v -0.01357997 0.00681506 0.08905185
v -0.01359482 0.00681460 0.08905587
v -0.01357997 -0.00681506 0.08905185
v -0.01359482 -0.00681460 0.08905587
v -0.01363999 0.00681345 0.08906610
v -0.01363999 -0.00681345 0.08906610
v -0.01365853 0.00681307 0.08906946
v -0.01365281 0.00681318 0.08906847
v -0.01365281 -0.00681318 0.08906847
v -0.01365853 -0.00681307 0.08906946
v -0.01371397 0.00681226 0.08907668
v -0.01372317 0.00681217 0.08907747
v -0.01371397 -0.00681226 0.08907668
v -0.01372317 -0.00681217 0.08907747
v -0.01377573 0.00681190 0.08907983
v -0.01378827 0.00681190 0.08907984
v -0.01377573 -0.00681190 0.08907983
v -0.01383764 0.00681212 0.08907788
v -0.01385333 0.00681227 0.08907656
v -0.01383764 -0.00681212 0.08907788
v -0.01389896 0.00681292 0.08907085
v -0.01391785 0.00681328 0.08906765
v -0.01389896 -0.00681292 0.08907085
v -0.01395941 0.00681427 0.08905883
v -0.01398136 0.00681491 0.08905317
v -0.01395941 -0.00681427 0.08905883
v -0.01398136 -0.00681491 0.08905317
v -0.01404337 0.00681715 0.08903323
v -0.01401879 -0.00681618 0.08904184
v -0.01404337 -0.00681715 0.08903323
v -0.01407466 0.00681854 0.08902084
v -0.01410342 0.00681998 0.08900799
v -0.01407466 -0.00681854 0.08902084
v -0.01410342 -0.00681998 0.08900799
v -0.01413071 0.00682151 0.08899441
v -0.01416105 0.00682339 0.08897763
v -0.01413071 -0.00682151 0.08899441
v -0.01416105 -0.00682339 0.08897763
v -0.01418420 0.00682496 0.08896355
v -0.01421584 0.00682733 0.08894239
v -0.01418420 -0.00682496 0.08896355
v -0.01421584 -0.00682733 0.08894239
v -0.01423508 0.00682890 0.08892833
v -0.01426735 0.00683178 0.08890252
v -0.01423508 -0.00682890 0.08892833
v -0.01426735 -0.00683178 0.08890252
v -0.01428300 0.00683329 0.08888891
v -0.01428300 -0.00683329 0.08888891
v -0.01431521 -0.00683669 0.08885834
v -0.01432760 0.00683811 0.08884557
v -0.01435906 0.00684203 0.08881017
v -0.01432760 -0.00683811 0.08884557
v -0.01435906 -0.00684203 0.08881017
v -0.01436834 0.00684329 0.08879881
v -0.01439856 0.00684776 0.08875837
v -0.01441705 0.00685083 0.08873051
v -0.01439856 -0.00684776 0.08875837
v -0.01443342 0.00685382 0.08870335
v -0.01440512 -0.00684881 0.08874881
v -0.01436834 -0.00684329 0.08879881
v -0.01440512 0.00684881 0.08874881
v -0.01441705 -0.00685083 0.08873051
v -0.01443342 -0.00685382 0.08870335
v -0.01444811 0.00685677 0.08867653
v -0.01446338 0.00686017 0.08864551
v -0.01444811 -0.00685677 0.08867653
v -0.01446338 -0.00686017 0.08864551
v -0.01447465 0.00686296 0.08861998
v -0.01448820 0.00686675 0.08858529
v -0.01447465 -0.00686296 0.08861998
v -0.01448820 -0.00686675 0.08858529
v -0.01449639 0.00686935 0.08856142
v -0.01450770 0.00687352 0.08852313
v -0.01449639 -0.00686935 0.08856142
v -0.01450770 -0.00687352 0.08852313
v -0.01451317 0.00687588 0.08850133
v -0.01452174 0.00688041 0.08845953
v -0.01451317 -0.00687588 0.08850133
v -0.01452174 -0.00688041 0.08845953
v -0.01452491 0.00688253 0.08843993
v -0.01453020 0.00688739 0.08839494
v -0.01453020 -0.00688739 0.08839494
v -0.01453150 -0.00688923 0.08837780
v -0.01453303 0.00689438 0.08832987
v -0.01452491 -0.00688253 0.08843993
v -0.01453150 0.00688923 0.08837780
v -0.01453303 -0.00689438 0.08832987
v -0.01453289 -0.00689594 0.08831533
v -0.01453289 0.00689594 0.08831533
v -0.01453020 -0.00690135 0.08826479
v -0.01453020 0.00690135 0.08826479
v -0.01452908 0.00690261 0.08825295
v -0.01452908 -0.00690261 0.08825295
v -0.01452174 0.00690824 0.08820020
v -0.01448820 -0.00692156 0.08807445
v -0.01450598 0.00691566 0.08813024
v -0.01450598 -0.00691566 0.08813024
v -0.01450770 0.00691499 0.08813659
v -0.01450770 -0.00691499 0.08813659
v -0.01452008 0.00690921 0.08819108
v -0.01452008 -0.00690921 0.08819108
v -0.01452174 -0.00690824 0.08820020
v -0.01446338 -0.00692791 0.08801422
v -0.01446338 0.00692791 0.08801422
v -0.01448686 -0.00692195 0.08807077
v -0.01448686 0.00692195 0.08807077
v -0.01448820 0.00692156 0.08807445
v -0.01443425 -0.00693383 0.08795782
v -0.01443425 0.00693383 0.08795782
v -0.01439856 -0.00693973 0.08790135
v -0.01440114 -0.00693935 0.08790508
v -0.01436373 0.00694455 0.08785521
v -0.01436373 -0.00694455 0.08785521
v -0.01435906 -0.00694513 0.08784956
v -0.01432226 0.00694939 0.08780859
v -0.01432226 -0.00694939 0.08780859
v -0.01431521 0.00695014 0.08780139
v -0.01431521 -0.00695014 0.08780139
v -0.01427717 0.00695384 0.08776566
v -0.01427717 -0.00695384 0.08776566
v -0.01426735 0.00695472 0.08775721
v -0.01426735 -0.00695472 0.08775721
v -0.01422886 -0.00695786 0.08772676
v -0.01422886 0.00695786 0.08772676
v -0.01421583 -0.00695884 0.08771734
v -0.01421583 0.00695884 0.08771734
v -0.01417746 0.00696145 0.08769196
v -0.01417746 -0.00696146 0.08769196
v -0.01416105 0.00696247 0.08768210
v -0.01416105 -0.00696247 0.08768210
v -0.01412330 0.00696459 0.08766150
v -0.01412330 -0.00696459 0.08766150
v -0.01410342 0.00696559 0.08765174
v -0.01410342 -0.00696559 0.08765174
v -0.01407478 -0.00696691 0.08763894
v -0.01407478 0.00696691 0.08763894
v -0.01404337 -0.00696819 0.08762650
v -0.01404337 0.00696819 0.08762650
v -0.01401690 -0.00696913 0.08761726
v -0.01401690 0.00696913 0.08761726
v -0.01398136 -0.00697023 0.08760656
v -0.01398136 0.00697023 0.08760656
v -0.01395740 0.00697086 0.08760042
v -0.01395740 -0.00697086 0.08760042
v -0.01391785 0.00697172 0.08759208
v -0.01391785 -0.00697172 0.08759208
v -0.01389663 0.00697208 0.08758852
v -0.01389663 -0.00697208 0.08758852
v -0.01385333 0.00697263 0.08758317
v -0.01385333 -0.00697263 0.08758317
v -0.01383501 -0.00697278 0.08758166
v -0.01383501 0.00697278 0.08758166
v -0.01378827 -0.00697296 0.08757988
v -0.01378827 0.00697296 0.08757988
v -0.01377323 0.00697296 0.08757993
v -0.01377323 -0.00697296 0.08757993
v -0.01372317 0.00697272 0.08758226
v -0.01372317 -0.00697272 0.08758226
v -0.01371163 -0.00697262 0.08758327
v -0.01371163 0.00697262 0.08758327
v -0.01365853 -0.00697190 0.08759027
v -0.01365853 0.00697190 0.08759027
v -0.01365041 -0.00697176 0.08759169
v -0.01365041 0.00697176 0.08759169
v -0.01362204 -0.00697118 0.08759735
v -0.01362204 0.00697118 0.08759735
v -0.01359482 -0.00697051 0.08760386
v -0.01359482 0.00697051 0.08760386
v -0.01356219 0.00696956 0.08761311
v -0.01356219 -0.00696956 0.08761311
v -0.01353254 0.00696855 0.08762293
v -0.01353254 -0.00696855 0.08762293
v -0.01350378 0.00696744 0.08763379
v -0.01350378 -0.00696744 0.08763379
v -0.01347214 0.00696605 0.08764733
v -0.01347214 -0.00696605 0.08764733
v -0.01344739 0.00696483 0.08765917
v -0.01344739 -0.00696483 0.08765917
v -0.01341409 0.00696301 0.08767688
v -0.01341409 -0.00696301 0.08767688
v -0.01339317 -0.00696174 0.08768915
v -0.01339317 0.00696174 0.08768915
v -0.01335883 -0.00695945 0.08771136
v -0.01335883 0.00695945 0.08771136
v -0.01334166 -0.00695820 0.08772349
v -0.01334166 0.00695820 0.08772349
v -0.01330676 -0.00695541 0.08775050
v -0.01329311 -0.00695422 0.08776200
v -0.01329311 0.00695422 0.08776200
v -0.01330676 0.00695541 0.08775050
v -0.01962771 0.00053033 0.08689077
v -0.02004158 0.00031696 0.08575369
v -0.02004158 -0.00031696 0.08575369
v -0.01962771 -0.00053033 0.08689077
v -0.01622401 0.00057453 0.09624237
v -0.01658539 0.00048209 0.09524947
v -0.01658539 -0.00048209 0.09524947
v -0.01622401 -0.00057453 0.09624237
v -0.01259519 0.00721269 0.08500000
v -0.01195806 0.00697882 0.08500000
v -0.01195999 0.00698041 0.08500000
v -0.01160000 0.00621100 0.08500000
v -0.01160198 0.00627185 0.08500000
v -0.01160214 0.00627465 0.08500000
v -0.01160377 0.00629600 0.08500000
v -0.01163433 0.00646980 0.08500000
v -0.01173483 0.00671248 0.08500000
v -0.01178144 0.00678571 0.08500000
v -0.01178289 0.00678774 0.08500000
v -0.01180664 0.00682020 0.08500000
v -0.01183574 0.00685649 0.08500000
v -0.01189289 0.00691895 0.08500000
v -0.01189428 0.00692034 0.08500000
v -0.01202659 0.00703151 0.08500000
v -0.01199124 0.00700554 0.08500000
v -0.01215771 0.00710948 0.08500000
v -0.01210368 0.00708054 0.08500000
v -0.01204655 0.00704513 0.08500000
v -0.01210147 0.00707936 0.08500000
v -0.01204443 0.00704381 0.08500000
v -0.01225761 0.00715229 0.08500000
v -0.01218027 0.00712026 0.08500000
v -0.01240491 0.00719373 0.08500000
v -0.01234457 0.00717963 0.08500000
v -0.01228096 0.00716047 0.08500000
v -0.01234213 0.00717906 0.08500000
v -0.01227856 0.00715974 0.08500000
v -0.01253210 0.00721062 0.08500000
v -0.01251153 0.00720905 0.08500000
v -0.01242867 0.00719814 0.08500000
v -0.01166134 0.00655513 0.08500000
v -0.01166047 0.00655279 0.08500000
v -0.01173397 0.00671100 0.08500000
v -0.01169469 0.00663543 0.08500000
v -0.01167612 0.00659321 0.08500000
v -0.01160855 0.00634004 0.08500000
v -0.01161546 0.00638482 0.08500000
v -0.01163407 0.00646885 0.08500000
v -0.01251152 -0.00720905 0.08500000
v -0.01253210 -0.00721062 0.08500000
v -0.01242866 -0.00719814 0.08500000
v -0.01242618 -0.00719773 0.08500000
v -0.01240491 -0.00719373 0.08500000
v -0.01234212 -0.00717906 0.08500000
v -0.01227856 -0.00715974 0.08500000
v -0.01225994 -0.00715318 0.08500000
v -0.01225760 -0.00715229 0.08500000
v -0.01218026 -0.00712026 0.08500000
v -0.01217798 -0.00711922 0.08500000
v -0.01215771 -0.00710948 0.08500000
v -0.01210146 -0.00707935 0.08500000
v -0.01204443 -0.00704381 0.08500000
v -0.01202861 -0.00703297 0.08500000
v -0.01202658 -0.00703151 0.08500000
v -0.01195999 -0.00698041 0.08500000
v -0.01195805 -0.00697882 0.08500000
v -0.01194065 -0.00696386 0.08500000
v -0.01189427 -0.00692033 0.08500000
v -0.01184816 -0.00687099 0.08500000
v -0.01183574 -0.00685648 0.08500000
v -0.01183415 -0.00685454 0.08500000
v -0.01178289 -0.00678773 0.08500000
v -0.01178143 -0.00678570 0.08500000
v -0.01176853 -0.00676680 0.08500000
v -0.01173482 -0.00671248 0.08500000
v -0.01170313 -0.00665306 0.08500000
v -0.01169469 -0.00663542 0.08500000
v -0.01169366 -0.00663315 0.08500000
v -0.01166134 -0.00655512 0.08500000
v -0.01166046 -0.00655278 0.08500000
v -0.01165307 -0.00653172 0.08500000
v -0.01163433 -0.00646979 0.08500000
v -0.01161921 -0.00640486 0.08500000
v -0.01160214 -0.00627465 0.08500000
v -0.01160401 -0.00629848 0.08500000
v -0.01160855 -0.00634004 0.08500000
v -0.01161546 -0.00638481 0.08500000
v -0.01160206 -0.00627217 0.08500000
v -0.01160000 -0.00620900 0.08500000
v -0.01259513 -0.00721268 0.08500000
v -0.01723986 -0.00721441 0.08500000
v -0.01722022 -0.00721478 0.08500000
v -0.02031589 -0.00426371 0.08500000
v -0.02030923 -0.00442618 0.08500000
v -0.02030557 -0.00450985 0.08500000
v -0.02026870 -0.00478262 0.08500000
v -0.02025894 -0.00482898 0.08500000
v -0.02023961 -0.00492020 0.08500000
v -0.02022739 -0.00496660 0.08500000
v -0.02020315 -0.00505795 0.08500000
v -0.02018839 -0.00510428 0.08500000
v -0.02015916 -0.00519537 0.08500000
v -0.02014181 -0.00524149 0.08500000
v -0.02010753 -0.00533193 0.08500000
v -0.02008755 -0.00537770 0.08500000
v -0.02004822 -0.00546709 0.08500000
v -0.02002557 -0.00551237 0.08500000
v -0.01998123 -0.00560029 0.08500000
v -0.01995589 -0.00564494 0.08500000
v -0.01990662 -0.00573097 0.08500000
v -0.01987857 -0.00577483 0.08500000
v -0.01982452 -0.00585858 0.08500000
v -0.01979377 -0.00590149 0.08500000
v -0.01973511 -0.00598256 0.08500000
v -0.01970168 -0.00602437 0.08500000
v -0.01963865 -0.00610238 0.08500000
v -0.01960256 -0.00614293 0.08500000
v -0.01953543 -0.00621753 0.08500000
v -0.02028324 -0.00469189 0.08500000
v -0.02030053 -0.00455578 0.08500000
v -0.02029060 -0.00464569 0.08500000
v -0.01765099 -0.00715880 0.08500000
v -0.01794158 -0.00710823 0.08500000
v -0.01788123 -0.00712050 0.08500000
v -0.01773499 -0.00714650 0.08500000
v -0.01779598 -0.00713691 0.08500000
v -0.01823257 -0.00702984 0.08500000
v -0.01817411 -0.00704741 0.08500000
v -0.01802778 -0.00708752 0.08500000
v -0.01808729 -0.00707259 0.08500000
v -0.01949674 -0.00625667 0.08500000
v -0.01942583 -0.00632754 0.08500000
v -0.01831965 -0.00700006 0.08500000
v -0.01837686 -0.00697988 0.08500000
v -0.01846382 -0.00694540 0.08500000
v -0.01851959 -0.00692269 0.08500000
v -0.01879799 -0.00678666 0.08500000
v -0.01874564 -0.00681420 0.08500000
v -0.01860601 -0.00688343 0.08500000
v -0.01866016 -0.00685826 0.08500000
v -0.01906306 -0.00662253 0.08500000
v -0.01901478 -0.00665447 0.08500000
v -0.01888209 -0.00673783 0.08500000
v -0.01893248 -0.00670803 0.08500000
v -0.01938460 -0.00636510 0.08500000
v -0.01931025 -0.00643196 0.08500000
v -0.01926656 -0.00646780 0.08500000
v -0.01914312 -0.00656437 0.08500000
v -0.01918916 -0.00653041 0.08500000
v -0.01722282 0.00719695 0.08500000
v -0.01728923 0.00719581 0.08500000
v -0.02030557 0.00450985 0.08500000
v -0.02031069 0.00440464 0.08500000
v -0.02031589 0.00427972 0.08500000
v -0.01808739 0.00707256 0.08500000
v -0.01823266 0.00702981 0.08500000
v -0.01837695 0.00697985 0.08500000
v -0.01851967 0.00692265 0.08500000
v -0.01866024 0.00685822 0.08500000
v -0.01879806 0.00678663 0.08500000
v -0.01893255 0.00670799 0.08500000
v -0.01906312 0.00662249 0.08500000
v -0.01918921 0.00653037 0.08500000
v -0.01931030 0.00643192 0.08500000
v -0.01942587 0.00632750 0.08500000
v -0.01779608 0.00713689 0.08500000
v -0.01765109 0.00715879 0.08500000
v -0.01750719 0.00717411 0.08500000
v -0.01794168 0.00710821 0.08500000
v -0.02029060 0.00464569 0.08500000
v -0.02023961 0.00492019 0.08500000
v -0.02026870 0.00478261 0.08500000
v -0.02015916 0.00519535 0.08500000
v -0.02020315 0.00505793 0.08500000
v -0.02004823 0.00546706 0.08500000
v -0.02010754 0.00533191 0.08500000
v -0.01990664 0.00573094 0.08500000
v -0.01998124 0.00560026 0.08500000
v -0.01973514 0.00598252 0.08500000
v -0.01982454 0.00585855 0.08500000
v -0.01953547 0.00621749 0.08500000
v -0.01963868 0.00610234 0.08500000
v -0.01285896 -0.00721455 0.08500000
v -0.01280556 -0.00721429 0.08500000
v -0.01280556 0.00721429 0.08500000
v -0.01286399 -0.00721457 0.08500000
v -0.01286888 -0.00721459 0.08500000
v -0.01286911 -0.00721459 0.08500000
v -0.01287382 -0.00721461 0.08500000
v -0.01287429 -0.00721461 0.08500000
v -0.01287877 -0.00721462 0.08500000
v -0.01287947 -0.00721462 0.08500000
v -0.01288367 -0.00721463 0.08500000
v -0.01288461 -0.00721463 0.08500000
v -0.02031589 0.00110517 0.08500000
v -0.02031589 -0.00110540 0.08500000
f 70 1427 71
f 71 72 70
f 1452 1461 119
f 3227 3329 1462
f 1462 1463 3227
f 2921 1461 1460
f 119 1461 121
f 1430 3216 3217
f 2887 2885 2891
f 3331 3228 3139
f 3228 1568 3139
f 3142 3139 1568
f 2318 3288 3289
f 1449 114 112
f 115 112 114
f 1431 80 1430
f 1430 3217 1431
f 1460 1461 1457
f 1461 1452 1457
f 1457 1452 119
f 1457 1425 1460
f 1459 1461 1458
f 1461 1462 1458
f 3225 1458 1462
f 2919 2921 1460
f 1429 3216 1430
f 1454 1455 123
f 123 121 1454
f 123 1455 125
f 3317 2916 3316
f 2907 3315 2908
f 3312 2908 3315
f 2892 2896 3310
f 3311 2892 3310
f 3229 1568 3228
f 1578 1568 1575
f 1568 1574 1575
f 3137 3330 3331
f 3136 2318 3137
f 3287 2316 2867
f 2888 2887 3309
f 2885 2887 2888
f 1584 2310 1578
f 3143 1568 1578
f 1578 3142 3143
f 3143 3142 1568
f 1578 2310 2311
f 3140 2311 2318
f 1578 2311 3140
f 2873 2876 2874
f 2876 2867 2874
f 882 881 873
f 2200 3285 3286
f 2599 4 5
f 5 2603 2599
f 2442 2439 2440
f 2440 3294 2442
f 5 4 788
f 4 787 788
f 788 787 762
f 715 739 740
f 740 739 76
f 76 72 740
f 70 72 76
f 713 712 737
f 713 320 712
f 737 712 736
f 1426 1427 70
f 3224 1427 1426
f 3218 1431 3217
f 74 1426 70
f 1428 1426 74
f 70 76 74
f 1433 84 1432
f 1431 3218 1432
f 1432 3218 3222
f 3222 1433 1432
f 80 1431 82
f 1431 1432 82
f 82 1432 84
f 118 1457 119
f 1425 1457 118
f 119 61 118
f 3319 3225 1462
f 1458 3225 3185
f 3185 3184 1459
f 1459 1458 3185
f 1461 2921 2924
f 2975 2974 1839
f 78 94 1429
f 1430 80 78
f 78 1429 1430
f 1436 3211 1437
f 1437 91 1436
f 1436 91 89
f 1459 3184 1453
f 1453 1461 1459
f 1453 121 1461
f 1453 1454 121
f 1446 109 107
f 1560 62 47
f 3316 2916 2454
f 2450 2452 2449
f 3298 2450 2448
f 3314 3315 2907
f 3310 2896 3313
f 2437 2440 2439
f 2610 2437 2456
f 2456 2437 2439
f 2609 2610 2607
f 2449 2349 2447
f 2447 2445 2448
f 2447 2450 2449
f 2448 2450 2447
f 2445 2447 2502
f 2502 2447 2349
f 2899 2901 2902
f 2319 2322 2453
f 2453 2454 2916
f 2907 2915 2917
f 2916 3317 2917
f 3317 3314 2917
f 2917 3314 2907
f 2896 2892 2894
f 2893 2887 2891
f 2892 3311 2893
f 3309 2887 3308
f 2887 2893 3308
f 3308 2893 3311
f 3331 3139 3138
f 3138 3137 3331
f 3287 2867 3305
f 2876 3307 3305
f 3305 2867 2876
f 3306 2888 3309
f 2310 1584 2303
f 2315 2311 2313
f 2318 2311 2315
f 2315 2313 2314
f 2314 2316 2315
f 2314 2313 2312
f 2313 2311 2312
f 3141 2318 3136
f 3141 3140 2318
f 3141 3142 1578
f 1578 3140 3141
f 2866 2874 2867
f 2866 2316 2314
f 2866 2867 2316
f 2872 2874 2866
f 2873 2884 2886
f 2885 2888 2886
f 2871 2884 2873
f 2873 2874 2871
f 2871 2874 2872
f 2885 2886 2883
f 2883 2886 2884
f 2306 2746 2863
f 2042 2043 2041
f 676 317 319
f 319 677 676
f 881 882 890
f 828 815 813
f 808 807 809
f 805 807 808
f 814 815 828
f 3147 3148 36
f 18 809 807
f 8 3 9
f 8 9 3144
f 1 3285 2200
f 3302 2200 3303
f 2200 3286 3303
f 2215 2609 2213
f 3294 2440 3293
f 5 788 796
f 796 788 762
f 798 812 21
f 1195 1198 1197
f 742 2655 2742
f 2175 3278 3272
f 2191 2185 2183
f 2188 2043 2141
f 1756 1662 1755
f 1755 1743 1756
f 2123 2122 2124
f 2124 2125 2123
f 1832 2122 2123
f 2123 1485 1832
f 2138 2136 2142
f 2121 2122 1832
f 1832 1833 2121
f 3280 3281 2190
f 2190 2188 2140
f 2140 2188 2141
f 3251 1743 3250
f 1788 1748 1749
f 1749 1748 1736
f 116 115 114
f 116 1451 117
f 2135 2121 1834
f 1834 2121 1833
f 75 76 739
f 75 74 76
f 321 677 319
f 319 320 321
f 319 317 318
f 318 320 319
f 712 320 318
f 738 713 737
f 738 75 739
f 739 715 714
f 714 738 739
f 713 738 714
f 714 715 65
f 3219 1426 1428
f 1428 3220 3219
f 3221 1433 3222
f 3221 1428 1433
f 3221 3220 1428
f 1840 1425 63
f 1425 118 63
f 63 118 61
f 3318 3319 1462
f 1845 1833 1832
f 1832 1485 1845
f 2945 2974 2975
f 2945 2944 1460
f 93 91 1437
f 93 94 77
f 3216 1429 3215
f 1429 3214 3215
f 1438 3214 1429
f 1429 94 1438
f 1438 93 1437
f 94 93 1438
f 3211 1436 3210
f 1435 1436 89
f 1435 3210 1436
f 89 87 1435
f 1435 87 1434
f 3186 1453 3184
f 1454 1453 3186
f 3186 3187 1454
f 1455 1454 3188
f 1454 3187 3188
f 3188 3189 1455
f 1449 112 1448
f 1448 112 126
f 3189 3190 1456
f 1455 3189 1456
f 3190 1448 1456
f 1456 1448 126
f 126 125 1456
f 1456 125 1455
f 3192 3193 1449
f 1449 1448 3192
f 1444 3197 1445
f 1446 107 1445
f 1449 3193 1450
f 1451 116 1450
f 1450 114 1449
f 1450 116 114
f 3196 3197 1444
f 103 1444 105
f 1444 1445 105
f 105 1445 107
f 694 282 280
f 682 1535 504
f 281 280 282
f 692 280 278
f 1560 47 1558
f 1558 47 1559
f 1559 1852 1558
f 1852 1846 1558
f 1559 47 46
f 1557 1559 46
f 46 690 1557
f 2129 1941 2128
f 2860 2898 2797
f 2797 2898 2796
f 2656 2655 2657
f 3316 2454 3300
f 3300 2454 2452
f 2441 2439 2442
f 2441 2443 2370
f 2448 2445 2446
f 2445 2443 2446
f 2465 2456 2439
f 2465 2441 2370
f 2439 2441 2465
f 2324 2349 2449
f 2370 2443 2371
f 2502 2501 2371
f 2371 2443 2445
f 2445 2502 2371
f 2909 2901 2899
f 2319 2453 2914
f 2914 2453 2916
f 2916 2917 2914
f 2914 2917 2915
f 2451 2453 2322
f 2451 2324 2449
f 2322 2324 2451
f 2449 2452 2451
f 2452 2454 2451
f 2454 2453 2451
f 2891 2766 2890
f 2890 2894 2892
f 2890 2893 2891
f 2892 2893 2890
f 2908 3312 2895
f 3312 3313 2895
f 2895 3313 2896
f 2319 2914 2912
f 2912 2914 2915
f 2896 2894 2765
f 2765 2895 2896
f 1793 1783 1779
f 1777 1769 1770
f 2875 3306 3307
f 2875 3307 2876
f 2888 3306 2875
f 2875 2876 2873
f 2873 2886 2875
f 2875 2886 2888
f 2279 2746 2306
f 2310 2307 2308
f 2308 2307 2306
f 2316 2318 2317
f 2317 2315 2316
f 2318 2315 2317
f 2868 2870 2864
f 2864 2863 2868
f 2872 2866 2865
f 2312 2864 2865
f 2314 2312 2865
f 2865 2866 2314
f 2865 2870 2872
f 2865 2864 2870
f 2884 2871 2882
f 2198 2766 2889
f 2889 2883 2198
f 2889 2766 2891
f 2891 2885 2889
f 2885 2883 2889
f 1719 2043 2042
f 2141 2043 1719
f 1662 1756 1719
f 1719 1756 2141
f 2042 2041 2177
f 1755 1662 1664
f 1662 1720 1664
f 1720 1663 1664
f 2181 2180 2179
f 2126 2153 2152
f 944 943 988
f 844 852 858
f 844 845 852
f 845 844 771
f 771 844 761
f 873 881 872
f 852 845 853
f 1372 1399 1373
f 988 989 1064
f 988 943 975
f 975 989 988
f 1093 1092 1094
f 1150 2689 1315
f 747 1315 2688
f 2688 1315 2689
f 825 823 27
f 806 805 808
f 806 804 819
f 819 805 806
f 837 840 838
f 3147 36 6
f 774 772 773
f 1402 840 829
f 3145 24 3158
f 22 816 814
f 8 1 3099
f 3285 1 3320
f 3320 8 3144
f 3320 1 8
f 5 3 2927
f 2596 2603 2200
f 2434 3290 3291
f 11 3 5
f 5 796 11
f 11 796 3
f 3 796 795
f 795 796 762
f 2676 2689 1150
f 1150 1340 2676
f 1338 2677 2918
f 797 811 812
f 2740 1398 2741
f 2741 1398 1397
f 2741 1397 742
f 742 2742 2741
f 1410 815 1411
f 1410 813 815
f 1411 1383 1410
f 1382 1383 1360
f 1382 1410 1383
f 1360 1383 1359
f 1231 1232 1206
f 3269 2142 3270
f 3275 2176 3273
f 2175 2176 2174
f 2190 2191 2189
f 2189 2188 2190
f 2189 2191 2183
f 2189 2183 2181
f 3261 2125 3259
f 3227 1463 1565
f 1463 1462 1565
f 1565 1462 1461
f 1486 2123 2125
f 1843 1485 1486
f 1485 2123 1486
f 3264 3258 2124
f 2124 2122 2139
f 2181 2183 2182
f 2182 2180 2181
f 2132 2148 2146
f 2994 1839 2997
f 2994 2993 1839
f 2997 2919 2994
f 2919 2993 2994
f 3267 2140 3266
f 1744 1756 1743
f 2141 1756 1744
f 1744 2140 2141
f 1752 1753 1668
f 1742 1743 1755
f 3236 3237 1736
f 3256 1790 3255
f 1835 1834 1833
f 73 738 737
f 75 738 73
f 74 75 85
f 85 84 1433
f 85 73 84
f 75 73 85
f 1433 1428 85
f 1428 74 85
f 66 688 677
f 677 321 66
f 320 713 64
f 713 714 64
f 64 321 320
f 64 714 65
f 65 66 64
f 64 66 321
f 709 312 708
f 316 318 317
f 3224 1426 3223
f 1426 3219 3223
f 731 706 730
f 708 732 733
f 734 709 733
f 733 709 708
f 733 77 734
f 730 706 705
f 707 732 708
f 707 731 732
f 706 731 707
f 97 110 96
f 96 99 97
f 99 728 97
f 1562 1843 1842
f 3048 2924 2921
f 2921 3050 3048
f 2921 3020 3023
f 3020 1839 3023
f 2986 1839 2987
f 2987 2932 2986
f 1839 2982 2979
f 1563 62 1560
f 1563 61 62
f 1844 1485 1843
f 1844 1845 1485
f 1844 1843 1562
f 1562 1563 1844
f 1846 1845 1844
f 1844 1563 1846
f 2926 2993 2919
f 2926 2919 1460
f 3214 1438 3213
f 3210 1435 3209
f 1434 3208 3209
f 3209 1435 1434
f 1446 3200 3201
f 1439 1440 96
f 96 110 1439
f 3207 3208 1434
f 1434 1442 3207
f 1441 3205 1442
f 1442 100 1441
f 3204 1441 1440
f 3205 1441 3204
f 3191 1448 3190
f 3191 3192 1448
f 3199 3200 1446
f 1446 1445 3199
f 3195 3196 1451
f 1451 1450 3195
f 1443 3196 1444
f 1451 3196 1443
f 1443 1444 103
f 103 117 1443
f 117 1451 1443
f 273 1548 1550
f 1547 1548 1546
f 1547 1811 1805
f 1536 1535 682
f 1538 504 1535
f 1501 1502 1503
f 1555 1554 689
f 1557 690 689
f 689 1554 1557
f 1502 1501 553
f 699 292 698
f 698 697 722
f 694 280 693
f 280 692 693
f 1560 1558 1561
f 1561 1558 1846
f 1561 1563 1560
f 1846 1563 1561
f 692 46 717
f 717 693 692
f 115 722 721
f 722 697 721
f 1850 1837 1849
f 1938 1854 1891
f 2128 1941 2127
f 2127 2152 2128
f 2126 2152 2127
f 1888 1941 1940
f 1940 2129 1939
f 1941 2129 1940
f 1807 1854 1850
f 2126 2127 1943
f 2096 1497 1635
f 1731 1775 1732
f 1732 1724 1731
f 1770 1769 1759
f 2768 2798 2771
f 2198 2199 2795
f 2795 2197 2198
f 2806 2807 2797
f 2774 2806 2797
f 2805 2806 2774
f 2797 2796 2774
f 2351 2352 2353
f 2352 2361 2353
f 2274 2267 2361
f 3297 3298 2448
f 2448 2446 3297
f 3297 2446 3296
f 2442 3294 3295
f 3299 3300 2452
f 2452 2450 3299
f 2450 3298 3299
f 2444 2446 2443
f 2444 2441 2442
f 2443 2441 2444
f 2442 3295 2444
f 2444 3295 3296
f 3296 2446 2444
f 2619 2607 2610
f 2610 2468 2619
f 2456 2464 2455
f 2610 2456 2455
f 2455 2468 2610
f 2455 2520 2468
f 2658 763 762
f 2657 763 2658
f 2911 2903 2901
f 2901 2909 2911
f 2817 2910 2911
f 2911 2909 2817
f 2339 2352 2351
f 2323 2324 2322
f 2323 2339 2351
f 2764 2197 2902
f 2764 2765 2894
f 2817 2909 2818
f 2838 2837 2818
f 2913 2912 2915
f 2903 2911 2913
f 2910 2912 2913
f 2913 2911 2910
f 2905 2913 2915
f 2903 2913 2905
f 2907 2908 2905
f 2905 2915 2907
f 1587 1584 1578
f 1578 1580 1587
f 1788 1732 1787
f 1787 1748 1788
f 1794 1793 1779
f 1779 1783 1778
f 1778 1777 1770
f 2301 2279 2300
f 2306 2307 2305
f 2305 2279 2306
f 2301 2300 2302
f 2302 2300 2303
f 2748 2749 2868
f 2868 2863 2748
f 2748 2863 2746
f 2868 2749 2750
f 2750 2870 2868
f 2760 2758 2759
f 2759 2761 2760
f 2758 2750 2759
f 2759 2750 2749
f 2309 2312 2311
f 2309 2864 2312
f 2309 2311 2310
f 2310 2308 2309
f 2309 2308 2306
f 2306 2863 2309
f 2863 2864 2309
f 2869 2882 2871
f 2872 2870 2869
f 2869 2871 2872
f 2870 2750 2869
f 2758 2882 2869
f 2869 2750 2758
f 2881 2883 2884
f 2884 2882 2881
f 2878 2194 2879
f 2879 2194 2760
f 2880 2758 2760
f 2760 2194 2880
f 2768 2881 2880
f 2880 2882 2758
f 2880 2881 2882
f 2799 2800 2805
f 2877 2194 2878
f 1709 1671 1708
f 1725 1727 1708
f 1708 1724 1725
f 1725 1724 1732
f 2042 2177 1498
f 1498 1719 2042
f 1498 1499 1720
f 2177 1499 1498
f 1498 1720 1662
f 1662 1719 1498
f 2047 2048 2044
f 1668 1753 1666
f 1665 1668 1666
f 1666 1663 1665
f 1666 1664 1663
f 1788 1749 1789
f 1671 1709 1669
f 1669 1789 1710
f 1727 1725 1669
f 1788 1789 1669
f 1669 1732 1788
f 1669 1725 1732
f 2167 2179 2180
f 2153 2047 2167
f 2178 2177 2041
f 2041 2179 2178
f 2179 2167 2178
f 2044 2177 2178
f 2178 2047 2044
f 2178 2167 2047
f 1025 1028 1027
f 1027 1062 1025
f 1030 1027 1028
f 961 944 988
f 393 392 412
f 944 961 947
f 443 410 444
f 775 771 761
f 866 853 860
f 873 872 860
f 860 872 866
f 852 853 859
f 859 853 866
f 866 872 880
f 880 871 866
f 880 881 889
f 880 872 881
f 847 854 848
f 854 971 848
f 847 848 846
f 1101 1333 1099
f 1170 1172 1169
f 897 878 887
f 858 852 865
f 852 859 865
f 866 871 865
f 865 859 866
f 948 963 962
f 962 947 948
f 944 947 962
f 1308 1309 1094
f 1308 1092 1307
f 1094 1092 1308
f 1307 1288 1308
f 934 917 918
f 1306 1092 1090
f 1307 1092 1306
f 1306 1288 1307
f 2276 2328 2329
f 2329 2342 2276
f 2417 2410 2409
f 2409 2419 2417
f 1195 1197 1149
f 1150 1315 1316
f 1316 1315 747
f 2684 2685 2687
f 2688 2685 2684
f 2684 748 747
f 747 2688 2684
f 2634 2688 2689
f 2634 2685 2688
f 2689 2676 2634
f 1369 1372 1373
f 1225 1368 1367
f 1153 1155 854
f 1153 854 847
f 847 1154 1153
f 854 1155 1107
f 1072 1071 1069
f 1141 1138 1139
f 1140 1138 1141
f 826 825 827
f 828 813 827
f 827 813 826
f 829 842 831
f 823 822 821
f 821 820 835
f 821 822 820
f 824 822 823
f 824 825 826
f 823 825 824
f 826 1408 824
f 1407 824 1408
f 822 824 1407
f 1407 1408 1380
f 1380 1379 1407
f 819 804 818
f 818 24 819
f 815 814 817
f 814 816 817
f 1411 815 817
f 817 818 804
f 816 818 817
f 36 837 836
f 774 6 836
f 836 6 36
f 836 772 774
f 838 772 836
f 836 837 838
f 840 837 839
f 1399 773 1400
f 1373 1399 1400
f 1400 772 838
f 1400 773 772
f 1374 1369 1373
f 1368 1369 1374
f 1403 1402 829
f 829 831 1403
f 809 18 19
f 19 811 809
f 24 3145 25
f 819 24 25
f 25 805 819
f 3144 9 3173
f 3 795 12
f 3178 3152 27
f 828 827 29
f 3 8 3107
f 3092 1 2200
f 2594 3301 3304
f 2438 3292 3293
f 2438 3293 2440
f 2440 2437 2438
f 803 16 791
f 791 790 803
f 792 790 791
f 2680 2681 2679
f 2679 2681 2673
f 2625 2626 2673
f 2663 2659 1344
f 1344 1398 2663
f 2682 2680 2738
f 2681 2680 2682
f 1338 2918 1339
f 1339 2918 1340
f 1340 1149 1339
f 1339 1197 1338
f 1339 1149 1197
f 1341 1197 1198
f 1338 1197 1341
f 2679 2678 1341
f 1341 2677 1338
f 1341 2678 2677
f 1246 1220 1245
f 1245 1348 1246
f 741 763 2657
f 741 2655 742
f 2657 2655 741
f 789 741 1423
f 1420 790 792
f 1417 797 799
f 799 798 801
f 812 798 799
f 799 797 812
f 808 809 810
f 810 1415 808
f 809 811 810
f 811 797 810
f 2650 2741 2654
f 2654 2741 2742
f 2654 2742 2655
f 2655 2656 2654
f 1409 1408 826
f 826 813 1409
f 813 1410 1409
f 1410 1382 1409
f 1380 1408 1381
f 1408 1409 1381
f 1381 1409 1382
f 1384 1385 1358
f 1358 1359 1384
f 1384 1359 1383
f 1384 1383 1411
f 1159 1157 1160
f 1206 1162 1205
f 1205 1231 1206
f 1205 1160 1204
f 1162 1160 1205
f 1164 1162 1206
f 1226 1225 1367
f 1201 1226 1227
f 1366 1367 1376
f 1376 1377 1366
f 1366 1226 1367
f 1366 1227 1226
f 1216 1215 1241
f 1182 1215 1216
f 1230 1205 1204
f 1231 1205 1230
f 1360 1232 1361
f 1232 1231 1361
f 1361 1382 1360
f 1361 1381 1382
f 1355 1354 1238
f 1172 1170 1210
f 1234 1359 1358
f 1358 1235 1234
f 3271 2143 3274
f 2173 2186 2175
f 2175 2174 2173
f 2173 2174 2172
f 3282 3284 2191
f 3283 3276 2185
f 3277 3279 2186
f 2043 2188 2187
f 2188 2189 2187
f 2187 2189 2181
f 2187 2041 2043
f 2181 2179 2187
f 2187 2179 2041
f 3227 1565 3226
f 3226 1565 3257
f 1567 2119 1566
f 1566 1839 1567
f 1566 3048 3050
f 1566 3047 1839
f 1566 1565 1461
f 3257 1565 2120
f 2120 3260 3257
f 1565 1566 2120
f 2120 1566 2119
f 2120 1486 2125
f 1487 2119 1567
f 1487 2120 2119
f 1486 2120 1487
f 3268 3262 2138
f 3265 2139 3263
f 2137 2139 2122
f 2122 2121 2137
f 2137 2121 2136
f 2138 2139 2137
f 2136 2138 2137
f 2171 2173 2172
f 2131 1938 1939
f 2131 2148 2132
f 2136 2121 2144
f 2121 2146 2144
f 2144 2143 2142
f 2142 2136 2144
f 2172 2174 2147
f 2149 2172 2147
f 2147 2148 2149
f 2147 2146 2148
f 2134 2121 2135
f 2134 2146 2121
f 2132 2146 2134
f 3253 1744 3252
f 1670 1752 1668
f 1670 1669 1710
f 1670 1710 1751
f 1751 1752 1670
f 3241 1738 3240
f 1737 3238 3239
f 1737 1749 1736
f 1739 1752 1751
f 1751 1738 1739
f 1736 1748 1735
f 1733 3254 3231
f 1745 1790 1733
f 1733 1746 1745
f 1733 1734 1746
f 1568 1569 1570
f 1569 1571 1570
f 2044 2048 2049
f 2049 2045 2044
f 1833 1845 1847
f 1847 1835 1833
f 1847 1845 1846
f 1847 1846 1852
f 2132 2134 2133
f 2133 2134 2135
f 737 736 83
f 83 73 737
f 83 82 84
f 84 73 83
f 734 735 710
f 710 709 734
f 712 318 711
f 318 316 711
f 316 710 711
f 711 736 712
f 711 735 736
f 711 710 735
f 88 731 730
f 88 87 89
f 727 728 703
f 727 97 728
f 730 705 729
f 729 728 99
f 294 292 699
f 103 105 104
f 96 1440 98
f 98 99 96
f 98 100 99
f 1440 1441 98
f 98 1441 100
f 109 110 95
f 110 97 95
f 95 727 726
f 97 727 95
f 1840 63 1424
f 1424 1842 1840
f 3321 3318 1462
f 3038 3047 2921
f 1839 3047 3038
f 3130 3132 3068
f 3130 3128 1461
f 1461 3132 3130
f 1461 2924 3133
f 3133 3132 1461
f 1461 3123 3121
f 3073 1566 3075
f 3128 3073 3126
f 1461 3128 3126
f 3024 3030 2921
f 2921 3023 3024
f 1839 3030 3024
f 3024 3023 1839
f 3027 3030 1839
f 1839 3028 3027
f 2921 3030 3027
f 3027 3028 2921
f 3032 3033 2921
f 2921 3028 3032
f 3032 1839 3033
f 3032 3028 1839
f 3008 3011 2919
f 1839 3011 3008
f 3012 3011 1839
f 2921 2919 3012
f 2919 3011 3012
f 3019 3020 2921
f 2921 3016 3019
f 3019 1839 3020
f 3019 3016 1839
f 2983 2982 1839
f 1839 2986 2983
f 2978 2945 2975
f 2975 1839 2978
f 1839 2979 2978
f 2974 2945 2972
f 2972 1839 2974
f 1460 1839 2962
f 2962 2959 1460
f 1839 2959 2962
f 1460 2959 2958
f 1460 2932 2929
f 2929 2926 1460
f 2932 2926 2929
f 2993 2926 2991
f 1839 2993 2991
f 2990 2932 2987
f 2990 2926 2932
f 2990 2991 2926
f 2987 1839 2990
f 1839 2991 2990
f 1460 2937 2936
f 2936 2986 2932
f 2936 2983 2986
f 2982 2983 2936
f 1437 3211 3212
f 3212 1438 1437
f 3212 3213 1438
f 1447 3201 3202
f 1446 3201 1447
f 3202 1439 1447
f 1447 1439 110
f 1447 109 1446
f 1447 110 109
f 3203 1439 3202
f 1440 1439 3203
f 3203 3204 1440
f 1442 3205 3206
f 3206 3207 1442
f 3198 1445 3197
f 3198 3199 1445
f 3194 1450 3193
f 3194 3195 1450
f 1546 1548 653
f 1548 273 653
f 653 628 1546
f 654 628 653
f 1551 1547 1805
f 1805 1796 1551
f 1550 1548 1551
f 1548 1547 1551
f 1503 1502 1539
f 1888 1940 1890
f 1831 1830 1478
f 1478 1856 1831
f 1555 689 50
f 1557 1554 1556
f 1556 1554 1798
f 1556 1559 1557
f 1556 1852 1559
f 1556 1798 1852
f 691 689 690
f 690 46 691
f 691 46 692
f 691 692 278
f 1550 1551 1549
f 454 453 481
f 558 559 516
f 558 583 559
f 629 678 628
f 629 628 654
f 578 553 1501
f 243 241 458
f 280 281 279
f 290 698 292
f 290 289 288
f 290 288 697
f 697 698 290
f 723 724 699
f 699 698 723
f 723 698 722
f 723 104 724
f 716 717 46
f 694 693 718
f 693 717 718
f 696 721 697
f 720 721 696
f 697 288 696
f 288 286 696
f 1852 1798 1848
f 1848 1847 1852
f 1848 1849 1835
f 1835 1847 1848
f 1854 1938 1937
f 1889 1940 1939
f 1889 1938 1891
f 1939 1938 1889
f 1889 1890 1940
f 1891 1856 1889
f 1856 1890 1889
f 1853 1807 1850
f 1853 1848 1798
f 1850 1849 1853
f 1849 1848 1853
f 1798 1554 1797
f 1797 1853 1798
f 1807 1853 1797
f 1796 1807 1797
f 1603 2077 1602
f 1602 2077 2108
f 43 218 211
f 1653 1637 1638
f 2091 1499 2177
f 1499 2091 2090
f 1500 1663 1720
f 1720 1499 1500
f 2036 2161 2037
f 2036 2059 2162
f 1630 1497 2095
f 2095 1497 2096
f 1638 1637 1636
f 1636 1497 1638
f 1636 1635 1497
f 1765 1759 1488
f 1488 1489 1765
f 1758 1769 1757
f 1758 1759 1769
f 1757 1491 1758
f 1488 1759 1758
f 2340 2837 2838
f 2340 2342 2329
f 2329 2837 2340
f 2342 2340 2341
f 2341 2340 2338
f 2902 2197 2900
f 2197 2795 2900
f 2899 2902 2900
f 2900 2795 2796
f 2900 2898 2899
f 2900 2796 2898
f 2803 2802 2825
f 2807 2806 2803
f 2803 2822 2807
f 2772 2774 2796
f 2796 2795 2772
f 2199 2771 2772
f 2772 2795 2199
f 2273 2274 2361
f 2251 2361 2252
f 2382 2353 2251
f 2251 2353 2361
f 2409 2247 2498
f 2377 2498 2379
f 2351 2353 2266
f 2266 2353 2382
f 2240 2372 2373
f 2373 2371 2501
f 2373 2372 2371
f 2242 2415 2370
f 2370 2371 2242
f 2371 2372 2242
f 2242 2459 2415
f 2232 2432 2230
f 2459 2242 2413
f 2650 2654 2649
f 2649 2654 2656
f 2211 2617 2607
f 2468 2520 2518
f 2469 2455 2464
f 2520 2455 2469
f 2606 2605 2213
f 2606 2649 2656
f 2606 2656 2657
f 2600 7 787
f 2600 2604 2605
f 2600 787 4
f 4 2599 2600
f 2326 2910 2817
f 2904 2764 2902
f 2904 2902 2901
f 2901 2903 2904
f 2765 2764 2904
f 2763 2766 2198
f 2198 2197 2763
f 2197 2764 2763
f 2763 2764 2894
f 2763 2890 2766
f 2894 2890 2763
f 2897 2818 2909
f 2899 2898 2897
f 2897 2909 2899
f 2898 2860 2897
f 2897 2860 2838
f 2838 2818 2897
f 2329 2328 2819
f 2819 2837 2329
f 2819 2818 2837
f 2817 2818 2819
f 2328 2326 2819
f 2819 2326 2817
f 1584 1587 1586
f 1579 1580 1578
f 1579 1581 1580
f 1579 1582 1581
f 1578 1575 1579
f 1780 1787 1732
f 1732 1775 1780
f 1786 1787 1780
f 1780 1781 1786
f 1573 1575 1574
f 1745 1784 1791
f 1791 1790 1745
f 1791 1569 1790
f 1791 1571 1569
f 1745 1746 1785
f 1785 1784 1745
f 1746 1786 1785
f 1786 1781 1785
f 1696 1763 1764
f 1580 1794 1795
f 2746 2279 2747
f 2277 2305 2307
f 2277 2307 2310
f 2279 2305 2277
f 2310 2303 2277
f 2303 2300 2277
f 2752 2759 2749
f 2761 2759 2752
f 2198 2883 2769
f 2883 2881 2769
f 2769 2881 2768
f 2760 2761 2762
f 2762 2879 2760
f 2878 2879 2762
f 2785 2799 2798
f 2798 2799 2773
f 2774 2772 2773
f 2805 2774 2773
f 2773 2799 2805
f 2773 2771 2798
f 2773 2772 2771
f 1708 1727 1729
f 1729 1709 1708
f 1727 1669 1729
f 1729 1669 1709
f 1754 1666 1753
f 1754 1742 1755
f 1755 1664 1754
f 1664 1666 1754
f 1753 1741 1754
f 1741 1742 1754
f 1751 1710 1750
f 1710 1789 1750
f 1750 1789 1749
f 1750 1738 1751
f 1750 1737 1738
f 1749 1737 1750
f 1667 1668 1665
f 1667 1670 1668
f 1669 1670 1667
f 2168 2152 2153
f 2153 2167 2168
f 2168 2167 2180
f 1511 219 221
f 1062 1027 1063
f 958 1030 1028
f 1031 1030 959
f 1030 958 959
f 1029 1030 1031
f 1027 1030 1029
f 1029 1063 1027
f 1031 1064 1029
f 1064 1063 1029
f 499 473 472
f 500 473 499
f 500 474 473
f 988 1064 1065
f 1065 961 988
f 411 410 443
f 148 151 149
f 360 393 362
f 433 420 434
f 464 255 253
f 363 361 362
f 363 333 361
f 418 398 397
f 246 441 244
f 573 544 572
f 572 544 542
f 761 843 183
f 1151 973 1370
f 846 973 1151
f 1169 1121 1119
f 1114 1333 1334
f 1333 1101 1334
f 1111 1157 1159
f 1336 1337 1108
f 1336 1110 1335
f 1108 1110 1336
f 1103 1336 1335
f 1105 1336 1103
f 1335 1334 1103
f 1103 1334 1101
f 1103 968 1105
f 1090 1092 1089
f 1088 1306 1090
f 1305 1306 1088
f 1090 1089 1088
f 1088 1089 1087
f 1125 1124 1122
f 1127 1124 1125
f 1125 1173 1127
f 1169 1172 1171
f 1172 1174 1171
f 1171 1174 1173
f 1168 1165 1166
f 858 857 851
f 851 857 843
f 851 844 858
f 761 844 851
f 851 843 761
f 843 857 850
f 864 857 858
f 933 917 934
f 934 949 933
f 933 963 948
f 933 949 963
f 963 949 964
f 964 1273 1272
f 964 949 934
f 928 927 943
f 963 927 928
f 928 962 963
f 943 944 928
f 944 962 928
f 943 927 974
f 976 975 974
f 974 975 943
f 974 927 1270
f 1270 927 1271
f 1271 1288 1270
f 1022 1024 1021
f 1021 1060 1059
f 1096 1093 1094
f 1096 1095 1093
f 1094 1309 1096
f 906 918 905
f 905 918 917
f 906 897 919
f 934 918 950
f 950 964 934
f 967 952 937
f 1312 952 967
f 1309 1308 1290
f 1290 1271 1272
f 1270 1288 1269
f 976 974 1269
f 1269 974 1270
f 1288 1306 1287
f 1287 1269 1288
f 1287 1306 1305
f 2708 2694 2707
f 2225 2494 2512
f 2361 2267 2268
f 2268 2362 2361
f 2252 2361 2360
f 2361 2362 2360
f 2275 2276 2342
f 2267 2274 2275
f 2230 2432 2475
f 1139 1138 1137
f 1136 1137 1138
f 1148 1340 1150
f 1148 1149 1340
f 1150 1316 1148
f 2685 2634 2632
f 2632 2668 2667
f 2634 2668 2632
f 1108 1337 1106
f 1337 970 1106
f 854 1107 1106
f 1108 1106 1109
f 1109 1106 1107
f 1157 1111 1109
f 1109 1107 1155
f 1155 1157 1109
f 1109 1110 1108
f 1109 1111 1110
f 1072 1069 1070
f 1070 1297 1072
f 1067 1066 1068
f 1068 1070 1067
f 1067 1070 1069
f 1320 1319 1071
f 1318 1069 1071
f 1071 1319 1318
f 1220 1190 1219
f 1188 1190 1189
f 835 820 834
f 834 33 835
f 820 833 834
f 833 832 834
f 830 831 842
f 31 832 830
f 830 832 833
f 833 831 830
f 835 33 34
f 34 821 835
f 1405 833 820
f 1414 806 808
f 808 1415 1414
f 1386 1414 1387
f 1387 1414 1415
f 1387 1356 1386
f 1355 1356 1387
f 1417 1390 1389
f 1389 1390 1353
f 1353 1354 1389
f 841 842 829
f 829 840 841
f 840 839 841
f 37 837 36
f 37 839 837
f 37 3148 3149
f 37 36 3148
f 3179 34 3180
f 3180 34 33
f 32 3177 33
f 32 832 31
f 33 834 32
f 32 834 832
f 1402 1374 1401
f 1401 1400 838
f 1373 1400 1401
f 1401 1374 1373
f 838 840 1401
f 840 1402 1401
f 1367 1368 1375
f 1368 1374 1375
f 1376 1367 1375
f 1375 1374 1402
f 1375 1403 1376
f 1402 1403 1375
f 1404 1377 1376
f 1376 1403 1404
f 1404 1405 1377
f 1404 1403 831
f 1404 831 833
f 833 1405 1404
f 21 3164 3162
f 3162 3161 21
f 20 3164 21
f 20 19 3164
f 811 19 20
f 21 812 20
f 812 811 20
f 3165 18 3159
f 3165 19 18
f 3159 18 3160
f 3174 12 3175
f 10 12 3174
f 3174 3173 10
f 10 3173 9
f 9 3 10
f 3 12 10
f 3168 3175 2
f 2 3175 12
f 2 12 795
f 3167 14 13
f 13 3161 3167
f 21 3161 13
f 13 798 21
f 3166 14 3167
f 15 3172 16
f 15 16 803
f 15 3166 3172
f 14 3166 15
f 801 798 800
f 798 13 800
f 800 13 14
f 22 3156 23
f 816 22 23
f 24 818 23
f 23 818 816
f 3153 29 28
f 28 3152 3153
f 27 3152 28
f 28 29 827
f 28 825 27
f 28 827 825
f 3155 3156 22
f 1 3092 3094
f 3094 3102 3099
f 3092 3102 3094
f 2942 2943 5
f 2200 2603 2597
f 2963 2603 5
f 3 2922 2920
f 2434 2433 2611
f 2611 2433 2610
f 2611 2610 2609
f 2609 2215 2611
f 2435 2437 2610
f 2610 2433 2435
f 2435 2438 2437
f 2595 2604 2596
f 2595 2200 3302
f 2595 2596 2200
f 3302 3301 2595
f 3301 2594 2595
f 3291 3292 2436
f 3292 2438 2436
f 2436 2434 3291
f 2438 2435 2436
f 2436 2433 2434
f 2436 2435 2433
f 793 2 795
f 792 791 793
f 793 795 762
f 2625 2624 2591
f 2571 2570 2572
f 2572 2590 2571
f 2571 2590 2588
f 2674 2678 2679
f 2679 2673 2674
f 2674 2673 2626
f 2677 2678 2674
f 2674 2918 2677
f 2675 2626 2627
f 2918 2674 2675
f 2675 2674 2626
f 1340 2918 2675
f 2627 2626 2593
f 2593 2626 2625
f 2625 2591 2593
f 2738 2680 2737
f 2737 2680 2679
f 2679 1341 2737
f 2565 2624 2672
f 2672 2624 2625
f 2625 2673 2672
f 2672 2673 2681
f 2588 2590 2589
f 2590 2591 2589
f 2589 2591 2624
f 2527 2624 2565
f 2527 2589 2624
f 2527 2563 2588
f 2588 2589 2527
f 2219 2525 2566
f 2566 2525 2565
f 2652 2651 2614
f 1246 1346 1247
f 1222 1247 1223
f 1221 1220 1246
f 1246 1247 1221
f 1221 1247 1222
f 2739 745 2659
f 2738 1343 2739
f 1343 745 2739
f 1344 2659 744
f 2659 745 744
f 744 1247 1346
f 1246 1348 1347
f 1347 1346 1246
f 1349 1350 1393
f 1393 1394 1349
f 1349 1394 1348
f 1393 1350 1392
f 1392 1420 1393
f 1350 1351 1392
f 1241 1351 1242
f 1242 1351 1350
f 1217 1216 1242
f 1242 1216 1241
f 743 741 742
f 1423 741 743
f 742 1397 743
f 794 1423 1422
f 794 789 1423
f 762 789 794
f 794 793 762
f 792 793 794
f 762 763 764
f 764 789 762
f 763 741 764
f 741 789 764
f 1421 1420 792
f 792 794 1421
f 1421 794 1422
f 1422 1394 1421
f 1421 1394 1393
f 1393 1420 1421
f 801 790 1419
f 790 1420 1419
f 1420 1392 1419
f 1416 797 1417
f 1416 810 797
f 1415 810 1416
f 1417 1389 1416
f 2740 2741 2664
f 2664 2741 2650
f 2650 2651 2664
f 2622 2220 2219
f 2522 2219 2221
f 2219 2220 2221
f 2221 2220 2515
f 1357 1385 1386
f 1386 1356 1357
f 1358 1385 1357
f 1357 1235 1358
f 1158 1157 1155
f 1158 1160 1157
f 1204 1160 1158
f 1178 1214 1180
f 1180 1215 1182
f 1180 1214 1215
f 1173 1174 1176
f 1212 1178 1176
f 1176 1174 1212
f 1229 1230 1204
f 1380 1381 1362
f 1381 1361 1362
f 1231 1230 1362
f 1362 1361 1231
f 1237 1238 1212
f 1237 1356 1355
f 1355 1238 1237
f 1212 1238 1213
f 1213 1238 1214
f 1213 1178 1212
f 1213 1214 1178
f 1241 1215 1240
f 1215 1214 1240
f 1360 1359 1233
f 1359 1234 1233
f 1233 1232 1360
f 1235 1210 1209
f 1209 1234 1235
f 1209 1210 1170
f 1170 1168 1209
f 2186 2173 2184
f 2185 2186 2184
f 2183 2185 2184
f 2184 2182 2183
f 2184 2171 2182
f 2173 2171 2184
f 3063 1566 3065
f 2924 3063 3065
f 3065 3133 2924
f 3068 1566 3070
f 3070 1566 3073
f 3070 3130 3068
f 3070 3073 3128
f 3128 3130 3070
f 3079 1566 3080
f 3080 1566 3082
f 3080 3123 3079
f 3080 3121 3123
f 3086 1566 3089
f 1841 1842 1843
f 1843 1486 1841
f 1486 1487 1841
f 1840 1842 1841
f 1841 1425 1840
f 1460 1425 1841
f 1841 1839 1460
f 1567 1839 1841
f 1841 1487 1567
f 2145 2147 2174
f 2143 2144 2145
f 2145 2144 2146
f 2146 2147 2145
f 2176 2143 2145
f 2145 2174 2176
f 3246 3247 1741
f 3248 3249 1742
f 3243 1739 3242
f 1752 1739 1740
f 1740 1741 1753
f 1753 1752 1740
f 3232 3233 1734
f 3235 1735 3234
f 1747 1735 1748
f 1747 1786 1746
f 1734 1735 1747
f 1746 1734 1747
f 1748 1787 1747
f 1747 1787 1786
f 1572 1574 1568
f 1568 1570 1572
f 1572 1570 1571
f 1572 1573 1574
f 1571 1573 1572
f 1837 2133 1836
f 1836 1849 1837
f 1835 1849 1836
f 1834 1835 1836
f 2135 1834 1836
f 1836 2133 2135
f 736 735 81
f 81 83 736
f 81 78 80
f 80 82 81
f 82 83 81
f 314 313 312
f 314 710 316
f 312 709 314
f 709 710 314
f 312 313 311
f 315 316 317
f 315 314 316
f 313 314 315
f 77 733 92
f 92 733 732
f 92 93 77
f 91 93 92
f 87 88 86
f 99 100 86
f 86 729 99
f 86 88 730
f 730 729 86
f 702 298 701
f 702 727 703
f 702 701 726
f 726 727 702
f 300 702 703
f 298 702 300
f 701 298 296
f 102 117 103
f 103 104 102
f 115 116 102
f 102 116 117
f 102 722 115
f 102 723 722
f 104 723 102
f 726 701 700
f 700 725 726
f 700 294 699
f 699 724 700
f 724 725 700
f 701 296 700
f 700 296 294
f 724 104 106
f 106 725 724
f 106 105 107
f 106 104 105
f 1562 1842 1564
f 1842 1424 1564
f 1564 1424 63
f 1564 63 61
f 1564 1563 1562
f 61 1563 1564
f 3328 1462 3329
f 3325 3324 1462
f 1462 3326 3325
f 3322 3321 1462
f 2924 3048 3053
f 3048 1566 3053
f 3058 3055 1566
f 2924 3055 3058
f 3033 1839 3035
f 1839 3038 3035
f 2921 3033 3035
f 3035 3038 2921
f 3077 1566 3079
f 3077 3075 1566
f 3079 3123 3077
f 3123 3075 3077
f 3125 3123 1461
f 1461 3126 3125
f 3125 3075 3123
f 3073 3075 3125
f 3125 3126 3073
f 2919 3004 3007
f 3007 3008 2919
f 3007 3004 1839
f 1839 3008 3007
f 1839 3004 3002
f 3002 3005 1839
f 3002 3004 2919
f 2919 3005 3002
f 2998 2919 2997
f 2998 3005 2919
f 2997 1839 2998
f 1839 3005 2998
f 1839 3016 3015
f 3015 3012 1839
f 3015 3016 2921
f 2921 3012 3015
f 2965 2959 1839
f 2949 2972 2945
f 2933 2932 1460
f 1460 2936 2933
f 2933 2936 2932
f 2940 2936 2937
f 2940 2937 1460
f 2940 2979 2982
f 2982 2936 2940
f 274 653 273
f 274 273 1550
f 274 275 654
f 654 653 274
f 49 275 274
f 1550 1549 274
f 274 1549 49
f 1538 1539 681
f 504 1538 681
f 681 553 504
f 1502 553 681
f 681 1539 1502
f 1544 1547 1546
f 1811 1547 1544
f 1541 678 679
f 1809 1827 1828
f 1892 1856 1891
f 1892 1831 1856
f 1891 1854 1892
f 276 691 278
f 689 691 276
f 276 275 49
f 1552 1554 1555
f 1552 1551 1796
f 1552 1549 1551
f 1552 1797 1554
f 1796 1797 1552
f 1854 1807 1806
f 1806 1813 1854
f 1806 1807 1796
f 1806 1796 1805
f 481 453 480
f 453 479 480
f 477 476 478
f 452 479 453
f 451 478 452
f 452 478 479
f 503 476 683
f 683 1536 682
f 682 503 683
f 514 558 516
f 512 558 514
f 586 561 585
f 583 558 582
f 678 629 604
f 553 578 554
f 555 508 554
f 504 553 554
f 238 239 241
f 237 239 238
f 487 460 486
f 587 561 586
f 277 276 278
f 275 276 277
f 278 280 277
f 280 279 277
f 284 282 694
f 284 281 282
f 285 286 288
f 285 284 286
f 291 290 292
f 289 290 291
f 48 47 62
f 62 716 48
f 48 46 47
f 48 716 46
f 717 716 120
f 62 61 120
f 120 716 62
f 119 121 120
f 120 61 119
f 111 125 126
f 1854 1937 1936
f 1938 2131 1838
f 1838 1937 1938
f 1838 2133 1837
f 1837 1936 1838
f 1838 1936 1937
f 1838 2131 2132
f 2132 2133 1838
f 453 454 233
f 134 323 324
f 132 323 134
f 322 323 128
f 128 323 132
f 387 408 388
f 221 43 42
f 42 323 322
f 209 210 197
f 219 218 45
f 218 43 45
f 221 219 45
f 45 43 221
f 1707 1688 1708
f 1708 1671 1707
f 2083 2046 2084
f 2084 2091 2083
f 2044 2045 2083
f 2045 2046 2083
f 2083 2177 2044
f 2083 2091 2177
f 1499 2090 1621
f 2085 2091 2084
f 1674 1667 1665
f 1674 1653 1722
f 1637 1653 1721
f 1721 1500 1637
f 1653 1674 1721
f 1663 1500 1721
f 1665 1663 1721
f 1721 1674 1665
f 2094 2092 2161
f 2154 2153 2126
f 2154 2047 2153
f 2126 1943 1987
f 1987 2154 2126
f 1475 2154 1987
f 2157 2049 2048
f 1471 1989 1990
f 1893 2067 2066
f 1888 1900 1942
f 1942 1941 1888
f 1942 2127 1941
f 1942 1943 2127
f 1974 1987 1943
f 1708 1688 1687
f 1687 1685 1708
f 1708 1685 1728
f 1654 1706 1722
f 1496 1497 1630
f 1638 1497 1496
f 1730 1731 1724
f 1775 1731 1730
f 1730 1491 1757
f 1757 1769 1730
f 1493 1758 1491
f 2836 2340 2838
f 2338 2340 2836
f 2257 2360 2362
f 2362 2268 2257
f 1606 2287 2288
f 2782 2792 2783
f 1696 2296 2297
f 2793 2792 2782
f 2789 2802 2800
f 2808 2822 2820
f 2807 2822 2808
f 2797 2807 2808
f 2820 2860 2808
f 2808 2860 2797
f 2805 2800 2801
f 2801 2806 2805
f 2801 2803 2806
f 2800 2802 2801
f 2802 2803 2801
f 2821 2822 2804
f 2822 2803 2804
f 2825 2821 2804
f 2804 2803 2825
f 2352 2339 2269
f 2269 2361 2352
f 2269 2273 2361
f 2253 2251 2252
f 2499 2381 2379
f 2499 2498 2247
f 2379 2498 2499
f 2383 2381 2499
f 2247 2500 2499
f 2499 2500 2383
f 2501 2500 2246
f 2246 2373 2501
f 2240 2373 2246
f 2246 2500 2247
f 2458 2466 2459
f 2456 2465 2458
f 2465 2466 2458
f 2414 2466 2465
f 2370 2415 2414
f 2414 2465 2370
f 2415 2459 2414
f 2459 2466 2414
f 2230 2563 2231
f 2231 2232 2230
f 2399 2247 2409
f 2409 2410 2399
f 2399 2246 2247
f 2240 2246 2399
f 2412 2467 2459
f 2459 2413 2412
f 2412 2232 2467
f 2241 2372 2240
f 2240 2399 2241
f 2241 2242 2372
f 2241 2413 2242
f 2616 2651 2650
f 2614 2651 2616
f 2620 2515 2621
f 2515 2220 2621
f 2220 2622 2621
f 2519 2518 2520
f 2620 2619 2516
f 2516 2515 2620
f 2516 2619 2468
f 2468 2518 2516
f 2608 2606 2213
f 2213 2609 2608
f 2609 2607 2608
f 2607 2617 2608
f 2649 2606 2608
f 7 2600 2601
f 2605 2606 2601
f 2601 2600 2605
f 2601 2658 762
f 762 787 2601
f 787 7 2601
f 2598 2600 2599
f 2604 2600 2598
f 2598 2599 2603
f 2603 2596 2598
f 2596 2604 2598
f 2274 2273 2325
f 2325 2269 2339
f 2273 2269 2325
f 2264 2502 2349
f 2349 2265 2264
f 2349 2324 2350
f 2350 2265 2349
f 2324 2323 2350
f 2266 2265 2350
f 2350 2323 2351
f 2351 2266 2350
f 2384 2265 2266
f 2384 2381 2383
f 2383 2264 2384
f 2384 2264 2265
f 2382 2381 2384
f 2384 2266 2382
f 2765 2904 2906
f 2906 2905 2908
f 2903 2905 2906
f 2906 2904 2903
f 2908 2895 2906
f 2895 2765 2906
f 1577 1579 1575
f 1582 1579 1577
f 1777 1781 1776
f 1781 1780 1776
f 1776 1780 1775
f 1775 1730 1776
f 1769 1777 1776
f 1776 1730 1769
f 1792 1573 1571
f 1571 1791 1792
f 1792 1791 1784
f 1793 1573 1792
f 1783 1793 1792
f 1792 1784 1783
f 1782 1785 1781
f 1782 1778 1783
f 1783 1784 1782
f 1784 1785 1782
f 1782 1781 1777
f 1777 1778 1782
f 1713 1493 1714
f 1595 2303 1584
f 1584 1586 1585
f 1580 1795 1585
f 1585 1587 1580
f 1585 1586 1587
f 2280 2747 2279
f 1596 1772 1774
f 1795 1772 1596
f 1590 1585 1596
f 1596 1585 1795
f 2278 2300 2279
f 2279 2277 2278
f 2278 2277 2300
f 2744 2748 2746
f 2746 2747 2744
f 2767 2199 2198
f 2198 2769 2767
f 2767 2769 2768
f 2768 2771 2767
f 2767 2771 2199
f 2775 2762 2761
f 2770 2880 2194
f 2194 2196 2770
f 2768 2880 2770
f 2770 2196 2768
f 2195 2798 2768
f 2768 2196 2195
f 2195 2196 2194
f 2195 2785 2798
f 2194 2785 2195
f 2194 2877 2786
f 2786 2785 2194
f 2786 2779 2788
f 2877 2779 2786
f 2128 2152 2151
f 2152 2168 2151
f 2493 2514 2513
f 2717 2512 2513
f 2513 2494 2493
f 2512 2494 2513
f 2724 2514 2542
f 2492 2286 2491
f 2492 2287 1606
f 2491 2286 2508
f 2283 2549 2285
f 2549 2508 2285
f 2285 2508 2286
f 185 2728 2281
f 219 1511 1510
f 1510 1511 1512
f 1031 959 960
f 960 1064 1031
f 960 1065 1064
f 946 961 960
f 961 1065 960
f 776 777 1024
f 684 502 551
f 428 429 268
f 67 271 473
f 473 474 67
f 474 500 501
f 551 502 501
f 502 475 501
f 501 475 474
f 264 430 431
f 417 418 397
f 413 393 412
f 413 414 393
f 442 411 443
f 442 441 412
f 412 411 442
f 154 958 152
f 778 958 1028
f 1028 777 778
f 778 152 958
f 151 152 778
f 149 151 778
f 778 777 149
f 331 148 330
f 329 355 330
f 330 355 331
f 146 148 149
f 329 330 146
f 146 330 148
f 150 148 331
f 151 148 150
f 150 152 151
f 392 356 391
f 356 390 391
f 412 392 391
f 391 411 412
f 410 411 391
f 391 390 410
f 356 355 354
f 354 390 356
f 331 355 357
f 357 355 356
f 153 150 331
f 154 152 153
f 152 150 153
f 765 958 154
f 765 959 958
f 253 255 254
f 254 252 253
f 436 252 254
f 466 493 467
f 468 261 467
f 250 249 251
f 253 252 251
f 251 252 250
f 251 249 462
f 251 464 253
f 462 489 490
f 491 464 490
f 488 460 487
f 488 461 460
f 488 489 462
f 462 461 488
f 525 523 524
f 487 523 525
f 525 488 487
f 255 464 465
f 465 493 466
f 465 464 491
f 364 363 362
f 366 363 364
f 362 395 364
f 333 363 334
f 373 371 374
f 339 371 373
f 434 418 435
f 256 434 435
f 435 417 436
f 418 417 435
f 436 254 435
f 435 254 256
f 409 444 410
f 409 408 444
f 410 390 409
f 388 408 409
f 544 545 543
f 543 542 544
f 498 545 499
f 498 543 545
f 888 908 898
f 937 908 921
f 882 891 901
f 901 890 882
f 923 910 901
f 971 941 957
f 957 848 971
f 957 925 942
f 941 925 957
f 1200 1226 1201
f 1225 1226 1200
f 1372 1369 1224
f 1224 1369 1368
f 1368 1225 1224
f 1165 1119 1117
f 1335 1110 1112
f 1112 1334 1335
f 1114 1334 1112
f 956 941 971
f 955 956 970
f 955 970 1337
f 1092 1093 1091
f 1091 1089 1092
f 1085 1088 1087
f 1085 1326 1083
f 1087 1326 1085
f 1305 1088 1304
f 1072 1297 1074
f 1074 1071 1072
f 1184 1181 1182
f 1182 1216 1184
f 1217 1186 1184
f 1184 1216 1217
f 1325 1326 1130
f 1325 1324 1083
f 1083 1326 1325
f 1327 1326 1087
f 1327 1089 1328
f 1087 1089 1327
f 1125 1122 1123
f 1123 1173 1125
f 1123 1171 1173
f 1123 1121 1169
f 1169 1171 1123
f 1329 1124 1328
f 1329 1122 1124
f 1329 1091 1093
f 1328 1089 1329
f 1089 1091 1329
f 1124 1127 1126
f 1328 1124 1126
f 1126 1327 1328
f 1175 1127 1173
f 1173 1176 1175
f 1177 1129 1175
f 1129 1127 1175
f 1175 1178 1177
f 1175 1176 1178
f 1165 1168 1167
f 1169 1119 1167
f 1167 1119 1165
f 1167 1170 1169
f 1167 1168 1170
f 770 179 177
f 770 850 179
f 849 179 856
f 179 850 856
f 856 850 857
f 858 865 870
f 870 864 858
f 870 865 871
f 926 927 963
f 963 964 926
f 926 964 1272
f 1272 1271 926
f 926 1271 927
f 1281 1300 1280
f 1280 1300 1299
f 1280 1263 1281
f 1062 992 1061
f 992 1060 1061
f 1025 1062 1061
f 1061 1060 1025
f 1023 1024 1025
f 1023 1021 1024
f 1025 1060 1023
f 1060 1021 1023
f 986 1265 1264
f 1264 1263 986
f 1281 1263 1264
f 991 981 992
f 991 992 1062
f 986 987 985
f 1095 1096 1097
f 1097 1333 1332
f 1099 1333 1097
f 338 371 339
f 170 769 862
f 862 856 868
f 906 905 896
f 869 870 878
f 864 870 869
f 857 864 869
f 951 919 936
f 937 952 936
f 935 919 951
f 935 950 918
f 935 918 906
f 906 919 935
f 1273 964 965
f 964 950 965
f 965 935 951
f 950 935 965
f 968 1103 1104
f 1312 967 1104
f 1288 1271 1289
f 1271 1290 1289
f 1289 1308 1288
f 1289 1290 1308
f 966 952 1312
f 951 936 966
f 966 936 952
f 966 965 951
f 1292 965 966
f 1272 1273 1291
f 1291 1290 1272
f 1273 965 1291
f 1291 965 1292
f 1309 1290 1291
f 1309 1291 1310
f 1267 1268 1285
f 1285 1266 1267
f 1266 980 1267
f 1284 1283 1265
f 1265 1266 1284
f 1284 1266 1285
f 1285 1304 1284
f 1284 1304 1303
f 1284 1303 1302
f 1302 1283 1284
f 984 1265 986
f 1285 1268 1286
f 1286 1287 1305
f 1268 1269 1286
f 1269 1287 1286
f 1286 1304 1285
f 1305 1304 1286
f 2687 2686 2683
f 2683 2684 2687
f 748 2684 2683
f 2709 2636 2694
f 2694 2708 2709
f 2709 2711 2690
f 2690 2638 2709
f 2709 2638 2636
f 1313 1066 1314
f 748 2683 1314
f 2537 2535 2507
f 2327 2275 2274
f 2327 2326 2328
f 2328 2276 2327
f 2276 2275 2327
f 2274 2325 2327
f 2327 2325 2326
f 2230 2475 2561
f 2475 2571 2561
f 2428 2432 2410
f 1130 1131 1132
f 1132 1131 1133
f 1132 1325 1130
f 1324 1325 1132
f 1323 1136 1322
f 2569 2558 2570
f 2569 2571 2568
f 2570 2571 2569
f 2572 2570 2560
f 2570 2558 2560
f 2558 2666 2560
f 2685 2632 2633
f 2687 2685 2633
f 854 1106 855
f 855 1106 970
f 855 971 854
f 855 956 971
f 970 956 855
f 1066 1067 749
f 748 1314 749
f 749 1314 1066
f 747 748 749
f 749 1316 747
f 1322 1136 1321
f 1321 1136 1138
f 1321 1138 1140
f 1140 1320 1321
f 1317 1067 1069
f 1069 1318 1317
f 1316 749 1317
f 1317 749 1067
f 1317 1148 1316
f 1195 1149 1147
f 1187 1188 1189
f 1139 1137 1187
f 1187 1141 1139
f 1189 1141 1187
f 27 823 35
f 35 3178 27
f 823 821 35
f 821 34 35
f 3179 3178 35
f 35 34 3179
f 1406 1407 1379
f 1406 1405 820
f 820 822 1406
f 822 1407 1406
f 1386 1385 1413
f 1413 1414 1386
f 804 806 1413
f 806 1414 1413
f 1388 1387 1415
f 1415 1416 1388
f 1388 1416 1389
f 1388 1389 1354
f 1388 1354 1355
f 1355 1387 1388
f 842 841 39
f 33 3177 3176
f 3176 3180 33
f 3177 32 3151
f 31 3183 3151
f 3151 32 31
f 3164 19 3163
f 19 3165 3163
f 26 25 3145
f 26 3160 18
f 26 18 807
f 807 805 26
f 805 25 26
f 3168 2 17
f 16 3171 17
f 2 793 17
f 17 791 16
f 17 793 791
f 16 3172 3170
f 3170 3171 16
f 802 15 803
f 803 790 802
f 14 15 802
f 802 800 14
f 802 790 801
f 801 800 802
f 3157 23 3156
f 3158 24 3157
f 24 23 3157
f 30 3155 22
f 828 29 30
f 30 814 828
f 30 22 814
f 2200 3 3057
f 3057 3060 2200
f 2923 3057 3
f 3060 3057 2923
f 8 3099 3100
f 3100 3102 8
f 3099 3102 3100
f 3105 3107 8
f 8 3102 3105
f 3105 3102 3107
f 3097 3099 1
f 1 3094 3097
f 3097 3094 3099
f 2943 2942 2939
f 2939 2976 2943
f 5 2938 2939
f 2939 2942 5
f 5 2927 2928
f 2928 2934 5
f 2927 2934 2928
f 2935 2938 5
f 5 2934 2935
f 2935 2934 2938
f 2984 2934 2927
f 3000 2597 2999
f 2999 2920 3000
f 3010 2920 2922
f 2434 2611 2612
f 2612 2594 3304
f 2215 2594 2612
f 2612 2611 2215
f 3304 3290 2612
f 3290 2434 2612
f 2604 2595 2214
f 2214 2215 2213
f 2214 2594 2215
f 2214 2595 2594
f 2213 2605 2214
f 2605 2604 2214
f 2669 2634 2676
f 2669 2668 2634
f 2669 2676 1340
f 1340 2675 2669
f 2627 2668 2669
f 2669 2675 2627
f 2681 2682 2671
f 2671 2672 2681
f 2565 2672 2671
f 2671 2566 2565
f 2659 2663 2660
f 2660 2739 2659
f 1342 2737 1341
f 1342 1341 1198
f 1198 1223 1342
f 1342 1223 1343
f 1342 1343 2738
f 2738 2737 1342
f 1196 1221 1222
f 1196 1198 1195
f 1196 1223 1198
f 1222 1223 1196
f 1221 1196 1194
f 1195 1193 1194
f 1194 1196 1195
f 2661 2682 2738
f 2738 2739 2661
f 2739 2660 2661
f 746 744 745
f 1247 744 746
f 746 745 1343
f 1343 1223 746
f 746 1223 1247
f 1344 744 1345
f 1345 744 1346
f 1345 1398 1344
f 1397 1398 1345
f 1346 1347 1396
f 1397 1345 1396
f 1396 1345 1346
f 1396 743 1397
f 1423 743 1396
f 1352 1351 1241
f 1352 1240 1353
f 1241 1240 1352
f 1353 1390 1352
f 1391 1392 1351
f 1391 1352 1390
f 1351 1352 1391
f 1391 1419 1392
f 1350 1349 1244
f 1348 1245 1244
f 1244 1349 1348
f 1244 1245 1220
f 1220 1219 1244
f 1418 799 801
f 801 1419 1418
f 1417 799 1418
f 1419 1391 1418
f 1418 1390 1417
f 1418 1391 1390
f 2662 2660 2663
f 2652 2660 2662
f 2740 2664 2662
f 2651 2652 2662
f 2662 2664 2651
f 2662 1398 2740
f 2662 2663 1398
f 1156 1158 1155
f 1156 1153 1154
f 1155 1153 1156
f 1182 1181 1179
f 1179 1180 1182
f 1177 1178 1179
f 1178 1180 1179
f 1179 1129 1177
f 1179 1131 1129
f 1179 1181 1133
f 1133 1131 1179
f 1364 1229 1228
f 1236 1210 1235
f 1235 1357 1236
f 1236 1357 1356
f 1356 1237 1236
f 1214 1238 1239
f 1239 1240 1214
f 1239 1238 1354
f 1239 1354 1353
f 1353 1240 1239
f 1208 1233 1234
f 1234 1209 1208
f 1232 1233 1208
f 1208 1168 1166
f 1208 1209 1168
f 3047 1566 3046
f 2921 3047 3046
f 3040 3050 2921
f 2921 3042 3040
f 3040 1566 3050
f 3040 3042 1566
f 3068 3132 3067
f 3067 1566 3068
f 3067 3065 1566
f 3132 3133 3067
f 3133 3065 3067
f 3245 1740 3244
f 734 77 79
f 79 735 734
f 79 81 735
f 78 81 79
f 77 94 79
f 94 78 79
f 732 731 90
f 90 92 732
f 731 88 90
f 90 88 89
f 89 91 90
f 91 92 90
f 87 86 101
f 101 86 100
f 101 100 1442
f 1434 87 101
f 101 1442 1434
f 704 729 705
f 703 728 704
f 728 729 704
f 298 300 299
f 306 705 706
f 109 95 108
f 108 107 109
f 108 106 107
f 725 106 108
f 726 725 108
f 108 95 726
f 3327 3326 1462
f 1462 3328 3327
f 1462 3324 3323
f 3323 3322 1462
f 3056 3055 2924
f 2924 3053 3056
f 1566 3055 3056
f 3056 3053 1566
f 3061 3063 2924
f 3061 1566 3063
f 3098 1566 1461
f 2959 2965 2968
f 2968 2965 1839
f 2948 2945 1460
f 1460 2949 2948
f 2948 2949 2945
f 1460 2944 2941
f 2941 2940 1460
f 2944 2945 2941
f 2945 2978 2941
f 2941 2978 2979
f 2979 2940 2941
f 223 222 1504
f 1504 222 1505
f 1505 222 1803
f 1536 683 1883
f 1883 683 476
f 1810 1830 1811
f 1811 1544 1810
f 1546 628 1545
f 1545 1544 1546
f 680 1541 679
f 1479 1828 1827
f 1808 1827 1809
f 1808 1501 1503
f 1503 1827 1808
f 1854 1813 1855
f 1855 1892 1854
f 1855 1813 1831
f 1831 1892 1855
f 51 50 689
f 689 276 51
f 49 50 51
f 51 276 49
f 1555 50 1553
f 1553 1552 1555
f 1553 50 49
f 49 1549 1553
f 1549 1552 1553
f 1831 1813 1812
f 1813 1806 1812
f 1812 1806 1805
f 1830 1831 1812
f 1805 1811 1812
f 1811 1830 1812
f 455 454 481
f 455 233 454
f 481 511 513
f 513 514 516
f 513 511 512
f 512 514 513
f 505 476 503
f 505 478 476
f 505 508 507
f 479 478 505
f 505 507 479
f 505 503 682
f 509 511 481
f 481 480 509
f 507 508 509
f 509 480 479
f 479 507 509
f 559 583 584
f 584 585 559
f 559 585 560
f 560 585 561
f 656 279 281
f 656 277 279
f 557 582 558
f 557 558 512
f 581 582 557
f 679 678 603
f 678 604 603
f 603 680 679
f 603 604 578
f 578 680 603
f 510 508 555
f 510 509 508
f 512 511 510
f 511 509 510
f 579 554 578
f 578 604 579
f 504 554 506
f 506 554 508
f 508 505 506
f 682 504 506
f 506 505 682
f 485 458 484
f 459 486 460
f 243 458 459
f 459 460 243
f 458 485 459
f 459 485 486
f 524 522 562
f 562 563 524
f 562 522 561
f 561 587 562
f 587 563 562
f 695 696 286
f 286 284 695
f 695 284 694
f 720 696 695
f 288 289 287
f 287 285 288
f 287 289 661
f 281 284 283
f 284 285 283
f 292 294 293
f 293 291 292
f 599 573 598
f 719 111 720
f 694 718 719
f 719 695 694
f 720 695 719
f 124 718 717
f 124 719 718
f 111 719 124
f 123 125 124
f 125 111 124
f 126 112 113
f 113 111 126
f 112 115 113
f 720 111 113
f 115 721 113
f 113 721 720
f 1850 1854 1851
f 1854 1936 1851
f 1851 1837 1850
f 1851 1936 1837
f 2013 2011 1992
f 1603 1602 2027
f 2101 2102 2105
f 2080 2078 2079
f 2098 2097 2064
f 2064 2102 2098
f 211 218 202
f 193 203 192
f 192 202 191
f 191 1508 192
f 192 1508 186
f 188 186 1523
f 207 214 407
f 408 387 407
f 451 452 229
f 135 134 137
f 131 128 132
f 207 407 208
f 208 407 387
f 209 197 208
f 208 197 196
f 348 387 388
f 388 350 348
f 209 208 348
f 348 208 387
f 348 210 209
f 348 350 349
f 217 212 211
f 203 212 217
f 211 202 217
f 217 192 203
f 202 192 217
f 216 212 203
f 200 212 196
f 196 197 200
f 211 212 200
f 198 42 43
f 198 200 197
f 198 43 211
f 211 200 198
f 199 197 210
f 199 210 324
f 324 323 199
f 1637 1500 1622
f 1622 1621 1635
f 1622 1500 1499
f 1499 1621 1622
f 1622 1636 1637
f 1635 1636 1622
f 1667 1674 1673
f 1722 1706 1673
f 1673 1674 1722
f 2013 2020 2019
f 2019 2011 2013
f 2018 2011 2019
f 2056 2097 2071
f 2071 2097 2098
f 1972 2040 1976
f 1471 1990 1976
f 1976 1990 1972
f 1535 1536 1534
f 1534 1538 1535
f 1825 1534 1802
f 2093 2094 2161
f 2162 2095 2093
f 2093 2095 2096
f 2096 2094 2093
f 2093 2036 2162
f 2161 2036 2093
f 2161 2092 2010
f 2092 2160 2010
f 2037 2161 2010
f 2010 2008 2009
f 2160 2008 2010
f 2088 2094 2096
f 2155 2154 1475
f 2048 2047 2155
f 2047 2154 2155
f 2045 2049 2050
f 2049 2157 2050
f 1975 1973 1972
f 1972 1990 1975
f 2067 1893 1922
f 1857 1861 1922
f 1899 1857 1922
f 1989 1475 1988
f 1475 1987 1988
f 1988 1990 1989
f 1988 1975 1990
f 1943 1942 1951
f 1973 1974 1948
f 1691 1699 1657
f 1726 1724 1708
f 1708 1728 1726
f 1726 1730 1724
f 1706 1654 1723
f 1688 1707 1723
f 1723 1707 1706
f 1639 1653 1638
f 1661 1654 1639
f 1722 1653 1639
f 1639 1654 1722
f 1488 1758 1712
f 1758 1493 1712
f 1493 1713 1712
f 2861 2860 2820
f 2820 2822 2861
f 2838 2860 2861
f 2861 2836 2838
f 2826 2821 2825
f 2342 2341 2258
f 2421 2419 2409
f 2409 2498 2421
f 2337 2333 2335
f 2335 2338 2337
f 2335 2341 2338
f 2270 2347 2348
f 2348 2333 2270
f 2348 2335 2333
f 2348 2347 2341
f 2341 2335 2348
f 2334 2333 2840
f 2840 2333 2841
f 2271 2272 2270
f 2271 2333 2334
f 2270 2333 2271
f 2356 2272 2271
f 2541 2540 2481
f 2547 2540 2541
f 2386 2546 2547
f 2547 2546 2540
f 2405 2406 2262
f 2405 2344 2406
f 2249 2405 2262
f 2404 2405 2249
f 2408 2844 2407
f 2262 2406 2263
f 2406 2407 2263
f 2263 2407 2844
f 1603 2027 1607
f 1607 2027 2025
f 1607 2290 1603
f 1606 2288 1607
f 2245 2288 2287
f 1597 1596 1774
f 2845 2844 2846
f 2846 2847 2845
f 2846 2844 2408
f 2792 2814 2791
f 2791 2790 2784
f 2791 2783 2792
f 2784 2783 2791
f 2816 2855 2849
f 2856 2847 2849
f 2849 2855 2856
f 1601 2296 1696
f 1601 2850 2296
f 2850 1601 2851
f 2298 2297 2755
f 1696 2297 2298
f 2780 2783 2784
f 2788 2779 2780
f 2802 2789 2810
f 2822 2824 2862
f 2338 2836 2862
f 2862 2861 2822
f 2836 2861 2862
f 2823 2822 2821
f 2823 2824 2822
f 2828 2824 2823
f 2821 2826 2823
f 2823 2826 2828
f 2251 2253 2380
f 2379 2381 2380
f 2382 2251 2380
f 2380 2381 2382
f 2457 2464 2456
f 2456 2458 2457
f 2457 2458 2459
f 2457 2463 2464
f 2459 2463 2457
f 2563 2527 2629
f 2629 2231 2563
f 2629 2524 2471
f 2411 2399 2410
f 2410 2432 2411
f 2432 2232 2411
f 2232 2412 2411
f 2411 2412 2413
f 2413 2241 2411
f 2411 2241 2399
f 2620 2621 2212
f 2212 2211 2607
f 2212 2619 2620
f 2607 2619 2212
f 2211 2212 2210
f 2210 2212 2621
f 2210 2621 2622
f 2622 2613 2210
f 2464 2463 2470
f 2470 2469 2464
f 2463 2471 2470
f 2471 2524 2470
f 2522 2221 2517
f 2517 2519 2522
f 2517 2221 2515
f 2515 2516 2517
f 2518 2519 2517
f 2517 2516 2518
f 2618 2608 2617
f 2649 2608 2618
f 2650 2649 2618
f 2618 2616 2650
f 2617 2616 2618
f 2658 2601 2602
f 2602 2601 2606
f 2657 2658 2602
f 2602 2606 2657
f 2339 2323 2321
f 2321 2325 2339
f 2321 2322 2319
f 2321 2323 2322
f 2385 2501 2502
f 2502 2264 2385
f 2385 2500 2501
f 2383 2500 2385
f 2385 2264 2383
f 1576 1573 1793
f 1582 1577 1576
f 1575 1573 1576
f 1576 1577 1575
f 1581 1582 1576
f 1580 1581 1576
f 1576 1794 1580
f 1793 1794 1576
f 1701 1713 1714
f 1593 1595 1594
f 1583 1595 1584
f 1584 1585 1583
f 1583 1585 1595
f 1588 2302 2303
f 2301 2302 1588
f 1588 2279 2301
f 1588 2280 2279
f 1588 1592 1593
f 1593 1594 1588
f 1588 1594 1595
f 1588 1585 1590
f 1595 1585 1588
f 2749 2748 2743
f 2748 2744 2743
f 2743 2752 2749
f 2744 2757 2743
f 2777 2779 2877
f 2777 2877 2878
f 2878 2762 2777
f 2296 2850 2812
f 2812 2794 2296
f 2793 2794 2812
f 2850 2851 2812
f 2761 2752 2753
f 2753 2775 2761
f 2755 2297 2754
f 2754 2753 2755
f 2775 2753 2754
f 2754 2297 2296
f 2296 2794 2754
f 2799 2785 2787
f 2785 2786 2787
f 2800 2799 2787
f 2787 2786 2788
f 2787 2789 2800
f 2788 2789 2787
f 2150 2129 2128
f 2128 2151 2150
f 2169 2168 2180
f 2169 2151 2168
f 2180 2182 2169
f 2182 2171 2169
f 2721 2723 2720
f 2721 2716 2723
f 2715 2716 2721
f 2720 2723 2722
f 2723 2724 2722
f 1935 2492 1606
f 2286 2492 1935
f 1609 1935 1610
f 1609 2285 2286
f 2286 1935 1609
f 54 42 322
f 322 128 54
f 191 202 201
f 201 202 218
f 1521 201 218
f 1521 218 219
f 219 1510 1521
f 53 1513 1519
f 185 2281 1517
f 1517 2281 1619
f 52 1513 53
f 53 54 52
f 1816 1804 1815
f 1920 1921 1613
f 1932 1921 1920
f 1823 1616 1613
f 1613 1921 1823
f 945 960 959
f 1026 777 1028
f 1024 777 1026
f 1026 1028 1025
f 1025 1024 1026
f 143 779 141
f 141 142 143
f 780 779 143
f 1022 779 780
f 780 1024 1022
f 780 776 1024
f 386 447 446
f 272 428 270
f 270 67 272
f 271 67 270
f 270 428 268
f 427 428 272
f 426 428 427
f 272 69 427
f 425 428 426
f 68 69 272
f 272 67 68
f 68 67 474
f 474 475 68
f 433 434 260
f 432 431 422
f 422 421 432
f 433 260 432
f 432 420 433
f 432 421 420
f 432 264 431
f 420 421 401
f 401 376 374
f 401 402 376
f 401 421 422
f 422 402 401
f 398 418 419
f 419 399 398
f 419 434 420
f 419 418 434
f 469 261 468
f 430 264 266
f 268 429 266
f 429 430 266
f 438 439 250
f 414 439 438
f 248 439 246
f 250 439 248
f 246 249 248
f 248 249 250
f 362 393 394
f 394 395 362
f 393 414 394
f 414 395 394
f 412 441 440
f 440 413 412
f 440 441 246
f 246 439 440
f 440 439 414
f 414 413 440
f 242 244 441
f 441 442 242
f 242 442 443
f 147 146 149
f 149 777 147
f 777 776 147
f 146 147 144
f 143 142 144
f 353 354 355
f 353 355 329
f 349 350 352
f 352 350 388
f 390 354 352
f 361 333 359
f 359 357 360
f 331 357 359
f 362 361 359
f 359 360 362
f 358 357 356
f 360 357 358
f 358 356 392
f 392 393 358
f 393 360 358
f 155 153 333
f 155 334 157
f 333 334 155
f 766 914 913
f 164 892 766
f 892 914 766
f 158 159 913
f 157 159 158
f 158 155 157
f 466 467 257
f 257 465 466
f 255 465 257
f 256 254 257
f 257 254 255
f 572 542 571
f 243 460 245
f 246 244 245
f 245 242 243
f 244 242 245
f 462 490 463
f 463 490 464
f 463 251 462
f 464 251 463
f 526 525 524
f 524 563 526
f 526 563 564
f 492 465 491
f 493 465 492
f 160 159 157
f 157 334 160
f 368 366 397
f 371 369 370
f 369 368 370
f 397 398 370
f 370 368 397
f 388 409 389
f 389 409 390
f 389 352 388
f 390 352 389
f 685 602 686
f 577 602 685
f 688 687 652
f 677 688 652
f 652 676 677
f 652 651 676
f 625 651 626
f 549 550 551
f 551 501 549
f 549 501 500
f 549 500 499
f 542 543 541
f 543 498 497
f 496 541 497
f 497 541 543
f 497 469 496
f 494 467 493
f 493 537 494
f 759 183 843
f 843 182 759
f 759 182 183
f 760 346 181
f 761 183 760
f 181 775 760
f 760 775 761
f 920 898 908
f 920 908 937
f 937 936 920
f 937 921 953
f 953 967 937
f 968 1104 953
f 953 1104 967
f 899 880 889
f 888 880 899
f 899 908 888
f 899 921 908
f 911 891 912
f 911 901 891
f 923 901 911
f 972 846 848
f 848 957 972
f 972 957 942
f 942 973 972
f 972 973 846
f 1151 1200 1152
f 847 846 1152
f 846 1151 1152
f 1152 1154 847
f 1201 1154 1152
f 1152 1200 1201
f 1372 1224 1371
f 1114 1112 1115
f 922 910 923
f 940 955 923
f 956 955 940
f 923 911 940
f 969 955 1337
f 969 1336 1105
f 1337 1336 969
f 1105 968 969
f 1303 1304 1084
f 1302 1303 1084
f 1084 1082 1302
f 1084 1085 1083
f 1302 1082 1301
f 1298 1074 1297
f 1299 1074 1298
f 1298 1280 1299
f 1279 1280 1298
f 1322 1321 1077
f 1116 1118 1332
f 1332 1333 1116
f 1116 1333 1114
f 1114 1115 1116
f 1116 1115 1117
f 1116 1117 1119
f 1119 1118 1116
f 1121 1123 1120
f 1120 1123 1122
f 1120 1119 1121
f 1120 1118 1119
f 1330 1329 1093
f 1122 1329 1330
f 1330 1120 1122
f 1326 1327 1128
f 1327 1126 1128
f 1130 1326 1128
f 1128 1131 1130
f 1129 1131 1128
f 1128 1127 1129
f 1128 1126 1127
f 850 770 176
f 843 850 176
f 176 182 843
f 176 184 182
f 176 770 177
f 177 184 176
f 879 870 871
f 871 880 879
f 879 880 888
f 879 898 887
f 888 898 879
f 887 878 879
f 878 870 879
f 1008 1010 1001
f 1044 1009 1008
f 1008 1009 1010
f 1012 1009 1011
f 1010 1009 1012
f 1278 1298 1297
f 1279 1298 1278
f 1261 1280 1279
f 1261 1278 1260
f 1279 1278 1261
f 1022 1021 1019
f 1019 1021 1059
f 1019 1049 758
f 986 1263 1007
f 1007 987 986
f 979 980 981
f 990 1064 989
f 990 1063 1064
f 1062 1063 990
f 990 991 1062
f 981 991 990
f 990 979 981
f 995 994 987
f 1059 994 995
f 992 981 983
f 983 985 992
f 981 984 983
f 986 985 983
f 983 984 986
f 987 994 993
f 993 985 987
f 992 985 993
f 993 1060 992
f 1059 1060 993
f 993 994 1059
f 59 338 60
f 170 862 867
f 867 862 868
f 886 897 906
f 906 896 886
f 878 897 886
f 886 869 878
f 868 856 863
f 863 869 868
f 863 856 857
f 857 869 863
f 948 947 932
f 932 933 948
f 917 933 904
f 768 166 172
f 167 338 339
f 60 338 167
f 167 172 166
f 165 172 167
f 1102 1103 1101
f 1102 1104 1103
f 1312 1104 1102
f 1102 1101 1099
f 1311 966 1312
f 1292 966 1311
f 1312 1102 1311
f 1311 1291 1292
f 1311 1310 1291
f 1098 1097 1096
f 1098 1096 1309
f 1309 1310 1098
f 1310 1311 1098
f 981 980 982
f 982 984 981
f 982 980 1266
f 982 1266 1265
f 1265 984 982
f 2695 2696 2637
f 2535 2696 2695
f 2641 2735 2734
f 2631 2735 2641
f 2691 2683 2686
f 2691 2686 2690
f 1313 1314 2691
f 2691 1314 2683
f 2690 2711 2692
f 2692 2691 2690
f 1313 2691 2692
f 2635 2636 2637
f 2694 2636 2635
f 2707 2694 2693
f 2694 2635 2693
f 756 1049 1014
f 758 1049 756
f 1051 785 783
f 2577 2535 2537
f 2577 2696 2535
f 2534 2507 2535
f 2562 2563 2230
f 2230 2561 2562
f 2562 2561 2571
f 2429 2475 2432
f 2432 2428 2429
f 2429 2503 2475
f 2410 2417 2431
f 2431 2428 2410
f 2239 2428 2431
f 1137 1136 1135
f 1135 1132 1133
f 1133 1181 1135
f 1324 1132 1134
f 1134 1323 1324
f 1136 1323 1134
f 1134 1135 1136
f 1132 1135 1134
f 2627 2593 2628
f 2628 2668 2627
f 2667 2668 2628
f 1140 1141 1142
f 1142 1320 1140
f 1319 1320 1142
f 1142 1318 1319
f 1142 1144 1318
f 1148 1317 1146
f 1146 1317 1318
f 1318 1144 1146
f 1149 1148 1146
f 1146 1147 1149
f 1145 1191 1193
f 1145 1193 1195
f 1195 1147 1145
f 1144 1142 1145
f 1145 1146 1144
f 1147 1146 1145
f 1186 1188 1185
f 1188 1187 1185
f 1185 1187 1137
f 1137 1135 1185
f 1412 1413 1385
f 1412 1384 1411
f 1385 1384 1412
f 1411 817 1412
f 1412 817 804
f 804 1413 1412
f 40 3182 3183
f 40 39 3182
f 40 3183 31
f 842 39 40
f 40 830 842
f 31 830 40
f 3150 37 3149
f 3150 3181 37
f 38 3181 3182
f 3182 39 38
f 37 3181 38
f 839 37 38
f 38 841 839
f 38 39 841
f 3146 26 3145
f 3160 26 3146
f 3168 17 3169
f 3169 17 3171
f 3155 30 3154
f 3154 29 3153
f 3154 30 29
f 3 3135 3134
f 3134 2923 3
f 3120 3122 3
f 3066 3134 3135
f 2938 2934 2980
f 2952 2950 2947
f 2947 2950 5
f 2200 3049 3054
f 3054 3049 3
f 3052 3041 3
f 2200 3041 3052
f 2200 3037 3039
f 3039 3037 2922
f 3029 2922 3034
f 2200 3029 3034
f 3 2920 2931
f 2992 2920 2597
f 2597 2989 2992
f 2992 2931 2920
f 2989 2931 2992
f 2597 2984 2985
f 2985 2984 2927
f 2597 2920 2995
f 3031 3029 2200
f 3031 2922 3029
f 3014 3017 2597
f 2922 3017 3014
f 2670 2671 2682
f 2566 2671 2670
f 2219 2566 2670
f 2523 2219 2522
f 2523 2524 2219
f 2522 2519 2523
f 1220 1221 1192
f 1221 1194 1192
f 1192 1190 1220
f 1189 1190 1192
f 1192 1191 1189
f 1193 1191 1192
f 1192 1194 1193
f 1422 1423 1395
f 1423 1396 1395
f 1395 1394 1422
f 1395 1396 1347
f 1348 1394 1395
f 1395 1347 1348
f 1243 1242 1350
f 1350 1244 1243
f 2623 2652 2614
f 2614 2613 2623
f 2219 2670 2623
f 2623 2622 2219
f 2623 2613 2622
f 1202 1154 1201
f 1202 1156 1154
f 1201 1227 1202
f 1202 1227 1228
f 1365 1366 1377
f 1365 1364 1228
f 1228 1227 1365
f 1227 1366 1365
f 1230 1229 1363
f 1229 1364 1363
f 1363 1362 1230
f 1363 1364 1379
f 1363 1379 1380
f 1380 1362 1363
f 1379 1364 1378
f 1377 1405 1378
f 1378 1365 1377
f 1364 1365 1378
f 1378 1406 1379
f 1405 1406 1378
f 1210 1236 1211
f 1212 1174 1211
f 1211 1237 1212
f 1211 1236 1237
f 1211 1174 1172
f 1172 1210 1211
f 1206 1232 1207
f 1232 1208 1207
f 1207 1208 1166
f 1207 1164 1206
f 1166 1164 1207
f 1566 3042 3044
f 3044 3046 1566
f 3044 3042 2921
f 2921 3046 3044
f 3084 3117 3082
f 3082 1566 3084
f 1566 3086 3084
f 3084 3086 3089
f 3119 3080 3082
f 3082 3117 3119
f 3121 3080 3119
f 1461 3121 3119
f 3119 3117 1461
f 3110 3084 3089
f 673 311 313
f 673 672 311
f 673 648 672
f 646 670 671
f 312 311 310
f 708 312 310
f 310 707 708
f 2924 3058 3059
f 3059 3061 2924
f 3059 3058 1566
f 1566 3061 3059
f 1461 3104 3103
f 3098 3103 3095
f 2972 2949 2971
f 2949 2954 2971
f 1839 2972 2971
f 2971 2968 1839
f 2959 2968 2971
f 2971 2954 2959
f 2955 2958 2959
f 2959 2954 2955
f 1460 2958 2955
f 2955 2954 1460
f 2951 2949 1460
f 1460 2954 2951
f 2951 2954 2949
f 223 226 224
f 224 222 223
f 1482 1526 1804
f 187 1803 222
f 187 224 189
f 222 224 187
f 628 678 1543
f 1543 1545 628
f 678 1541 1543
f 1544 1545 1543
f 1540 1808 1809
f 1541 1808 1540
f 1540 1543 1541
f 1544 1543 1540
f 1809 1810 1540
f 1540 1810 1544
f 1501 1808 1542
f 1542 578 1501
f 1542 680 578
f 1541 680 1542
f 1542 1808 1541
f 1888 1890 1902
f 1897 1902 1476
f 482 455 481
f 483 455 482
f 481 513 482
f 482 513 483
f 235 455 237
f 233 455 235
f 235 234 233
f 237 455 456
f 456 455 483
f 517 485 484
f 484 483 517
f 450 225 449
f 450 449 477
f 477 478 450
f 450 478 451
f 1528 1504 1529
f 223 1504 1528
f 1528 225 223
f 607 582 581
f 581 606 607
f 606 632 607
f 277 656 655
f 654 275 655
f 275 277 655
f 660 287 661
f 556 510 555
f 556 555 581
f 581 557 556
f 556 557 512
f 512 510 556
f 555 554 580
f 554 579 580
f 581 555 580
f 580 606 581
f 605 606 580
f 580 604 605
f 580 579 604
f 294 296 295
f 295 293 294
f 637 636 661
f 585 584 610
f 613 587 612
f 638 614 613
f 612 637 613
f 613 637 638
f 640 615 639
f 615 614 639
f 639 614 638
f 624 625 599
f 599 598 624
f 672 648 647
f 646 671 647
f 647 671 672
f 717 120 122
f 122 124 717
f 122 120 121
f 122 121 123
f 123 124 122
f 2037 2020 2021
f 2021 2036 2037
f 2059 2036 2021
f 1993 1992 2005
f 2005 1953 1993
f 1953 2004 1993
f 1954 2004 1953
f 1912 1969 1954
f 1955 1953 2005
f 1955 1956 1912
f 1912 1954 1955
f 1955 1954 1953
f 1970 1969 1912
f 1977 1969 1970
f 2032 2057 1996
f 1995 2003 1996
f 1996 2003 2032
f 1996 2058 1995
f 2856 2293 2857
f 2857 2858 2845
f 2857 2847 2856
f 2845 2847 2857
f 2262 2263 2261
f 2292 2857 2293
f 2858 2857 2292
f 2294 2293 2856
f 2294 2079 2293
f 2856 2855 2294
f 2293 2079 1604
f 1604 2079 2078
f 1604 2292 2293
f 1604 2078 2077
f 1604 2077 1603
f 1603 2292 1604
f 2062 2064 2097
f 1523 186 1507
f 186 1508 1507
f 193 192 190
f 190 192 186
f 190 188 193
f 186 188 190
f 189 188 1522
f 1522 187 189
f 1803 187 1522
f 1522 188 1523
f 1523 1524 1522
f 237 238 236
f 236 235 237
f 234 235 236
f 206 195 230
f 453 233 231
f 231 452 453
f 231 229 452
f 231 233 230
f 230 229 231
f 227 229 226
f 227 226 223
f 223 225 227
f 451 229 227
f 227 450 451
f 225 450 227
f 783 131 133
f 133 131 132
f 132 134 133
f 134 135 133
f 783 785 130
f 130 131 783
f 128 131 130
f 325 134 324
f 324 210 325
f 210 326 325
f 329 146 328
f 146 144 328
f 347 348 349
f 210 348 347
f 347 326 210
f 196 212 213
f 212 216 213
f 207 208 213
f 213 208 196
f 42 198 41
f 323 42 41
f 41 199 323
f 41 198 197
f 197 199 41
f 1671 1669 1672
f 1672 1707 1671
f 1669 1667 1672
f 1667 1673 1672
f 1706 1707 1672
f 1672 1673 1706
f 2039 2040 2018
f 2018 2019 2039
f 2009 1976 2039
f 2039 1976 2040
f 2055 2057 2056
f 2056 2054 2055
f 2056 2071 2070
f 2070 2054 2056
f 1698 1658 1657
f 1631 1632 1630
f 1466 2095 2162
f 1466 1465 2095
f 2163 1465 1466
f 1865 1861 1866
f 1867 1875 1866
f 1972 1973 1946
f 1973 1948 1946
f 1945 2040 1972
f 1972 1946 1945
f 1945 1946 1944
f 2018 2040 1945
f 1903 1944 2068
f 1503 1539 1537
f 1537 1539 1538
f 1538 1534 1537
f 1534 1825 1537
f 1826 1827 1503
f 1826 1479 1827
f 1503 1537 1826
f 1826 1537 1825
f 1863 1802 1867
f 1863 1825 1802
f 1903 1864 1869
f 2009 2008 1472
f 1471 1976 1472
f 1472 1976 2009
f 2094 2088 2087
f 2096 1635 2103
f 2103 2088 2096
f 1635 1621 2103
f 2103 1621 2090
f 2090 2088 2103
f 2156 2155 1475
f 2156 2157 2048
f 2048 2155 2156
f 2051 2046 2045
f 2045 2050 2051
f 2084 2046 2051
f 2051 2085 2084
f 2158 2050 2157
f 2158 2008 2160
f 1905 1922 1860
f 1860 1922 1861
f 1860 1861 1865
f 1860 1864 1905
f 1865 1864 1860
f 1899 1922 1895
f 1895 1922 1893
f 1987 1974 1986
f 1986 1988 1987
f 1986 1974 1973
f 1973 1975 1986
f 1975 1988 1986
f 2065 1942 1900
f 2065 1951 1942
f 1900 1897 2065
f 2066 1951 2065
f 2065 1897 2066
f 2066 2067 1949
f 1949 1951 2066
f 1638 1496 1640
f 1640 1639 1638
f 1630 1632 1495
f 1495 1496 1630
f 1495 1640 1496
f 1641 1640 1495
f 1766 1761 1760
f 1760 1768 1766
f 1774 1772 1760
f 1772 1768 1760
f 1763 1761 1490
f 1490 1764 1763
f 1489 1764 1490
f 1490 1765 1489
f 1490 1766 1765
f 1490 1761 1766
f 2356 2344 2355
f 2355 2272 2356
f 2842 2330 2841
f 2828 2330 2842
f 2842 2824 2828
f 2828 2826 2827
f 2827 2330 2828
f 2342 2258 2343
f 2343 2275 2342
f 2267 2275 2343
f 2343 2268 2267
f 2343 2257 2268
f 2341 2347 2259
f 2259 2258 2341
f 2260 2258 2259
f 2259 2359 2260
f 2374 2255 2400
f 2475 2503 2567
f 2568 2571 2567
f 2567 2571 2475
f 2423 2532 2476
f 2556 2666 2558
f 2556 2569 2568
f 2558 2569 2556
f 2375 2374 2426
f 2425 2420 2426
f 2426 2424 2425
f 2416 2425 2237
f 2416 2417 2419
f 2497 2420 2421
f 2498 2377 2497
f 2497 2421 2498
f 2841 2330 2346
f 2346 2840 2841
f 2334 2840 2346
f 2270 2272 2357
f 2359 2259 2357
f 2357 2347 2270
f 2357 2259 2347
f 2541 2390 2388
f 2358 2357 2272
f 2359 2357 2358
f 2358 2355 2366
f 2272 2355 2358
f 2391 2390 2541
f 2541 2392 2391
f 2540 2546 2539
f 2545 2539 2546
f 2542 2514 2543
f 2543 2514 2493
f 2551 2579 2552
f 2490 2245 2287
f 2490 2492 2491
f 2287 2492 2490
f 2491 2489 2490
f 2288 2245 2244
f 2747 1597 2745
f 2745 2744 2747
f 2745 2757 2744
f 2299 2757 2193
f 2757 2745 2193
f 2193 2745 1597
f 2193 1597 1774
f 1774 1760 2193
f 2747 2280 1598
f 1598 1597 2747
f 2280 1588 1598
f 1598 1588 1590
f 1590 1596 1598
f 1596 1597 1598
f 2814 2853 2815
f 2816 2790 2815
f 2815 2791 2814
f 2790 2791 2815
f 2854 2855 2816
f 2816 2815 2854
f 2854 2815 2853
f 1651 2853 1652
f 1651 2854 2853
f 2784 2790 2835
f 2834 2810 2835
f 2847 2846 2848
f 2848 2849 2847
f 2848 2846 2408
f 2852 2853 2814
f 1652 2853 2852
f 1600 2851 1601
f 1652 2852 1600
f 1600 2852 2851
f 2782 2783 2778
f 2783 2780 2778
f 2778 2780 2779
f 2779 2777 2778
f 2809 2780 2784
f 2784 2835 2809
f 2809 2835 2810
f 2809 2810 2789
f 2809 2789 2788
f 2788 2780 2809
f 2336 2862 2824
f 2337 2338 2336
f 2338 2862 2336
f 2336 2333 2337
f 2841 2333 2336
f 2336 2842 2841
f 2824 2842 2336
f 2528 2629 2527
f 2219 2524 2528
f 2524 2629 2528
f 2462 2461 2231
f 2462 2629 2471
f 2231 2629 2462
f 2459 2461 2462
f 2462 2463 2459
f 2462 2471 2463
f 2459 2467 2460
f 2460 2461 2459
f 2467 2232 2460
f 2232 2231 2460
f 2231 2461 2460
f 2211 2210 2615
f 2617 2211 2615
f 2615 2616 2617
f 2614 2616 2615
f 2615 2613 2614
f 2615 2210 2613
f 2320 2321 2319
f 2319 2912 2320
f 2320 2912 2910
f 2910 2326 2320
f 2326 2325 2320
f 2325 2321 2320
f 1695 1764 1489
f 1696 1764 1695
f 1695 1601 1696
f 1599 1694 1682
f 1599 1600 1601
f 1682 1694 1704
f 1692 1701 1700
f 1699 1691 1700
f 1593 1592 1591
f 1591 1588 1589
f 1592 1588 1591
f 1770 1759 1767
f 1766 1768 1767
f 1759 1765 1767
f 1765 1766 1767
f 1773 1772 1795
f 1773 1768 1772
f 1773 1794 1779
f 1773 1795 1794
f 2304 1588 2303
f 1589 1588 2304
f 2304 1591 1589
f 1593 1591 2304
f 2303 1595 2304
f 2304 1595 1593
f 2762 2775 2776
f 2776 2777 2762
f 2776 2778 2777
f 2782 2778 2776
f 2813 2812 2851
f 2813 2852 2814
f 2851 2852 2813
f 2813 2814 2792
f 2792 2793 2813
f 2793 2812 2813
f 2755 2753 2751
f 2751 2743 2757
f 2752 2743 2751
f 2751 2753 2752
f 2781 2754 2794
f 2775 2754 2781
f 2781 2776 2775
f 2782 2776 2781
f 2781 2793 2782
f 2781 2794 2793
f 2129 2150 2130
f 1939 2129 2130
f 2130 2131 1939
f 2148 2131 2130
f 2149 2148 2130
f 2130 2150 2149
f 2151 2169 2170
f 2149 2150 2170
f 2170 2150 2151
f 2170 2172 2149
f 2170 2171 2172
f 2170 2169 2171
f 2717 2716 2586
f 2586 2716 2715
f 2725 2724 2723
f 2723 2716 2725
f 2514 2724 2725
f 2725 2716 2717
f 2717 2513 2725
f 2725 2513 2514
f 2733 2722 2724
f 2733 2724 2542
f 2542 2581 2733
f 2283 2284 2583
f 1960 1815 1959
f 1509 1508 1957
f 1957 1508 191
f 191 201 1957
f 201 1521 1957
f 1512 1511 1518
f 1518 1511 221
f 221 1519 1518
f 1512 1518 1520
f 1520 1518 1519
f 44 1519 221
f 53 1519 44
f 44 54 53
f 221 42 44
f 42 54 44
f 1513 52 1514
f 1618 1620 1619
f 1619 2644 1618
f 127 54 128
f 127 52 54
f 127 1514 52
f 185 1517 127
f 1517 1514 127
f 1977 1970 1971
f 1611 1610 1933
f 1933 1920 1611
f 1611 1920 1613
f 1611 1609 1610
f 1931 1921 1932
f 1824 1823 1921
f 1921 1931 1824
f 1824 1931 1930
f 1821 1823 1824
f 959 765 929
f 929 945 959
f 929 158 913
f 946 960 930
f 960 945 930
f 930 914 946
f 913 914 930
f 930 929 913
f 945 929 930
f 136 325 326
f 137 134 136
f 134 325 136
f 448 447 426
f 448 427 69
f 426 427 448
f 405 425 406
f 406 425 426
f 426 447 406
f 447 386 406
f 263 260 261
f 261 469 263
f 403 402 422
f 380 402 403
f 378 402 380
f 380 377 378
f 376 402 378
f 378 377 376
f 376 377 375
f 374 376 375
f 375 373 374
f 377 341 375
f 420 401 400
f 400 419 420
f 399 419 400
f 374 399 400
f 400 401 374
f 268 266 269
f 269 270 268
f 271 270 269
f 473 271 269
f 269 472 473
f 396 417 397
f 396 416 417
f 395 416 396
f 397 366 396
f 366 364 396
f 396 364 395
f 415 395 414
f 415 416 395
f 414 438 415
f 438 416 415
f 436 417 437
f 417 416 437
f 437 416 438
f 437 252 436
f 250 252 437
f 437 438 250
f 240 241 243
f 243 242 240
f 240 238 241
f 240 242 443
f 443 444 240
f 444 238 240
f 776 780 145
f 145 147 776
f 145 780 143
f 143 144 145
f 145 144 147
f 331 359 332
f 332 359 333
f 332 153 331
f 333 153 332
f 154 153 156
f 153 155 156
f 155 158 156
f 156 765 154
f 156 929 765
f 158 929 156
f 261 260 258
f 256 257 258
f 258 434 256
f 258 260 434
f 572 571 596
f 460 461 247
f 247 245 460
f 462 249 247
f 247 461 462
f 247 249 246
f 246 245 247
f 527 490 489
f 489 488 527
f 488 525 527
f 164 766 163
f 367 368 369
f 366 368 367
f 398 399 372
f 372 370 398
f 372 399 374
f 374 371 372
f 371 370 372
f 685 684 552
f 552 577 685
f 552 684 551
f 551 550 552
f 601 602 576
f 602 577 576
f 550 575 576
f 576 552 550
f 577 552 576
f 627 652 687
f 687 686 627
f 627 686 602
f 627 602 601
f 601 626 627
f 651 652 627
f 627 626 651
f 499 545 547
f 547 549 499
f 599 625 600
f 600 575 599
f 625 626 600
f 600 626 601
f 601 576 600
f 600 576 575
f 574 573 599
f 599 575 574
f 495 494 537
f 496 469 495
f 495 469 468
f 468 467 495
f 467 494 495
f 499 472 471
f 471 498 499
f 472 269 471
f 345 760 183
f 346 760 345
f 183 182 345
f 907 919 897
f 898 920 907
f 907 936 919
f 907 920 936
f 907 897 887
f 887 898 907
f 924 911 912
f 912 925 924
f 924 925 941
f 924 940 911
f 941 956 924
f 956 940 924
f 1370 1371 1199
f 1199 1151 1370
f 1199 1371 1224
f 1199 1200 1151
f 1225 1200 1199
f 1199 1224 1225
f 1113 1115 1112
f 1110 1111 1113
f 1113 1112 1110
f 1113 1111 1159
f 1165 1117 1163
f 1117 1115 1163
f 1166 1165 1163
f 1163 1164 1166
f 938 953 921
f 921 922 938
f 923 955 939
f 939 922 923
f 955 969 939
f 921 899 909
f 909 922 921
f 1086 1304 1088
f 1086 1084 1304
f 1088 1085 1086
f 1085 1084 1086
f 1282 1283 1302
f 1302 1301 1282
f 1281 1264 1282
f 1282 1300 1281
f 1282 1301 1300
f 1265 1283 1282
f 1282 1264 1265
f 1079 1323 1322
f 1322 1077 1079
f 1324 1323 1079
f 1300 1301 1078
f 1078 1079 1077
f 1299 1300 1078
f 1071 1074 1073
f 1073 1320 1071
f 1073 1321 1320
f 1332 1118 1331
f 1118 1120 1331
f 1120 1330 1331
f 1331 1097 1332
f 1095 1097 1331
f 1093 1095 1331
f 1331 1330 1093
f 1011 1009 1046
f 1001 1010 1003
f 1010 1012 1003
f 1013 1012 1011
f 1011 995 1013
f 1013 995 987
f 1013 1003 1012
f 1002 1261 1260
f 1004 1261 1002
f 1001 1003 1002
f 1002 1003 1004
f 999 1008 1001
f 1001 1002 999
f 1048 1049 1050
f 1059 995 1050
f 1050 995 1048
f 1050 1019 1059
f 1049 1019 1050
f 1262 1261 1004
f 1262 1007 1263
f 1263 1280 1262
f 1280 1261 1262
f 980 979 978
f 978 975 976
f 976 1269 978
f 978 1269 1268
f 1268 1267 978
f 978 1267 980
f 989 975 977
f 977 990 989
f 979 990 977
f 975 978 977
f 977 978 979
f 164 59 58
f 58 892 164
f 170 867 861
f 861 867 768
f 885 896 905
f 885 886 896
f 915 932 947
f 895 905 917
f 917 904 895
f 895 885 905
f 903 904 916
f 916 915 903
f 932 915 916
f 933 932 916
f 916 904 933
f 903 893 883
f 1099 1097 1100
f 1097 1098 1100
f 1100 1102 1099
f 1100 1311 1102
f 1100 1098 1311
f 2640 2641 2638
f 2690 2686 2640
f 2640 2638 2690
f 2640 2686 2687
f 2687 2633 2640
f 2640 2633 2631
f 2631 2641 2640
f 2638 2641 2639
f 2639 2695 2637
f 2734 2695 2639
f 2639 2641 2734
f 2637 2636 2639
f 2636 2638 2639
f 2701 2704 2700
f 2218 2538 2512
f 2218 2512 2717
f 2717 2586 2218
f 2218 2586 2585
f 2697 2635 2637
f 2637 2696 2697
f 2707 2693 2706
f 2706 750 2707
f 751 750 2706
f 2730 2729 1257
f 1039 1034 1045
f 1034 1046 1045
f 1045 1009 1044
f 1045 1046 1009
f 1032 756 1014
f 2216 2218 2585
f 2228 2233 2229
f 2494 2225 2228
f 2228 2229 2494
f 2235 2229 2234
f 2229 2233 2234
f 2531 2532 2423
f 2484 2226 2507
f 2588 2563 2564
f 2563 2562 2564
f 2564 2571 2588
f 2564 2562 2571
f 2736 2735 2631
f 2736 2665 2735
f 2666 2665 2736
f 2572 2560 2573
f 2573 2560 2666
f 2573 2666 2667
f 2667 2628 2573
f 1143 1142 1141
f 1143 1145 1142
f 1191 1145 1143
f 1143 1141 1189
f 1189 1191 1143
f 1181 1184 1183
f 1183 1135 1181
f 1183 1185 1135
f 1183 1184 1186
f 1186 1185 1183
f 3 3116 3118
f 3118 3120 3
f 3116 3120 3118
f 3114 3116 3
f 3107 3102 3109
f 3 3107 3109
f 3109 3111 3
f 3131 3135 3
f 3 3129 3131
f 3131 3129 3071
f 3069 3071 2200
f 2200 3066 3069
f 3069 3131 3071
f 3069 3066 3135
f 3135 3131 3069
f 3064 3066 2200
f 2923 3134 3064
f 3134 3066 3064
f 3087 3114 3111
f 3122 3120 3078
f 3122 3074 3124
f 3 3122 3124
f 3071 3129 3072
f 2200 3071 3072
f 3072 3074 2200
f 2934 2984 2981
f 2981 2980 2934
f 2981 2984 2597
f 2597 2980 2981
f 2938 2980 2977
f 2977 2939 2938
f 2976 2939 2977
f 2977 2597 2976
f 2977 2980 2597
f 2953 2952 5
f 5 2950 2953
f 2953 2950 2952
f 5 2957 2960
f 2960 2957 2963
f 5 2952 2956
f 2956 2957 5
f 2952 2957 2956
f 2952 2947 2970
f 2970 2947 2943
f 5 2943 2946
f 2946 2947 5
f 2943 2947 2946
f 2925 3 2200
f 2200 3054 2925
f 2925 3054 3
f 3 3049 3051
f 3051 3052 3
f 3051 3049 2200
f 2200 3052 3051
f 3045 3039 2922
f 2200 3039 3045
f 2922 3037 3036
f 3036 3034 2922
f 3036 3037 2200
f 2200 3034 3036
f 2930 2927 3
f 3 2931 2930
f 2930 2931 2927
f 2988 2989 2597
f 2597 2985 2988
f 2988 2931 2989
f 2927 2931 2988
f 2988 2985 2927
f 2920 2999 2996
f 2996 2995 2920
f 2996 2999 2597
f 2597 2995 2996
f 2922 3025 3022
f 3022 3021 2922
f 3022 3025 2597
f 2597 3021 3022
f 2597 3017 3018
f 3018 3021 2597
f 3018 3017 2922
f 2922 3021 3018
f 2200 2597 3026
f 3026 3031 2200
f 2597 3025 3026
f 3026 3025 2922
f 2922 3031 3026
f 2597 3010 3013
f 3013 3014 2597
f 3013 3010 2922
f 2922 3014 3013
f 2920 3010 3009
f 3009 3003 2920
f 3009 3010 2597
f 2597 3003 3009
f 3001 3003 2597
f 2920 3003 3001
f 2653 2660 2652
f 2652 2623 2653
f 2653 2623 2670
f 2653 2670 2682
f 2682 2661 2653
f 2653 2661 2660
f 2521 2470 2524
f 2524 2523 2521
f 2521 2523 2519
f 2521 2519 2520
f 2520 2469 2521
f 2469 2470 2521
f 1218 1244 1219
f 1218 1243 1244
f 1217 1242 1218
f 1242 1243 1218
f 1218 1186 1217
f 1218 1188 1186
f 1218 1219 1190
f 1190 1188 1218
f 1158 1156 1203
f 1156 1202 1203
f 1204 1158 1203
f 1203 1202 1228
f 1203 1229 1204
f 1228 1229 1203
f 3106 3104 1461
f 3112 3110 1461
f 3117 3084 3115
f 3084 3110 3115
f 3110 3112 3115
f 1461 3117 3115
f 3115 3112 1461
f 313 315 674
f 674 673 313
f 667 666 299
f 705 306 304
f 304 704 705
f 668 303 669
f 669 644 668
f 307 671 670
f 3101 3098 1461
f 1461 3103 3101
f 3101 3103 3098
f 1566 3095 3093
f 3093 3103 3089
f 3093 3095 3103
f 1566 3098 3096
f 3096 3095 1566
f 3098 3095 3096
f 1885 1804 1816
f 1816 1886 1885
f 1536 1883 1801
f 1883 1799 1801
f 1801 1534 1536
f 1802 1534 1801
f 1530 1799 1883
f 1530 476 477
f 1530 1883 476
f 477 449 1530
f 449 1531 1530
f 1828 1479 1481
f 1479 1480 1481
f 1481 1925 1828
f 1476 1925 1481
f 1477 1856 1478
f 1476 1902 1477
f 1477 1890 1856
f 1477 1902 1890
f 1478 1925 1477
f 1477 1925 1476
f 1478 1830 1829
f 1829 1925 1478
f 1830 1810 1829
f 1828 1925 1829
f 1809 1828 1829
f 1829 1810 1809
f 1901 1897 1900
f 1902 1897 1901
f 1901 1900 1888
f 1888 1902 1901
f 457 239 237
f 237 456 457
f 457 458 241
f 241 239 457
f 484 458 457
f 457 483 484
f 457 456 483
f 483 513 515
f 515 517 483
f 515 513 516
f 561 522 520
f 485 517 519
f 517 520 519
f 1533 1532 1531
f 1533 1531 449
f 631 632 606
f 656 632 631
f 583 582 608
f 582 607 608
f 608 632 633
f 608 607 632
f 297 296 298
f 297 295 296
f 298 299 297
f 299 666 297
f 293 295 664
f 640 639 664
f 611 637 612
f 636 637 611
f 611 587 586
f 612 587 611
f 586 585 611
f 585 610 611
f 636 611 635
f 635 611 610
f 661 636 635
f 635 660 661
f 590 614 615
f 590 589 614
f 564 589 590
f 588 613 614
f 614 589 588
f 587 613 588
f 588 563 587
f 564 563 588
f 588 589 564
f 641 615 640
f 645 670 646
f 645 669 670
f 644 669 645
f 644 645 619
f 619 645 620
f 618 592 617
f 648 624 623
f 622 647 623
f 623 647 648
f 623 624 598
f 1876 1532 1882
f 1882 1532 1529
f 1529 1913 1882
f 1529 1504 1506
f 1506 1504 1505
f 1506 1913 1529
f 1506 1906 1913
f 1907 1906 1483
f 1483 1524 1482
f 2015 2020 2013
f 2015 2021 2020
f 2013 1992 2012
f 2012 2015 2013
f 2014 2015 2012
f 1992 1993 2012
f 2163 2073 2115
f 2069 2073 2163
f 2162 2059 2069
f 2069 1466 2162
f 2163 1466 2069
f 2004 1954 1952
f 1995 2004 1952
f 1952 2003 1995
f 1967 2003 1952
f 1968 1954 1969
f 1967 1952 1968
f 1968 1952 1954
f 2006 1955 2005
f 1956 1955 2006
f 1956 1917 1911
f 1912 1956 1911
f 1932 1982 1963
f 1963 1931 1932
f 1983 1982 1964
f 1964 1982 1932
f 1932 1920 1964
f 1964 1920 1933
f 1978 1969 1977
f 1977 1963 1978
f 1978 1963 1982
f 1978 1968 1969
f 1887 1970 1912
f 1912 1911 1887
f 1818 1886 1816
f 1818 1971 1970
f 1818 1887 1886
f 1970 1887 1818
f 2024 1605 2023
f 2025 2026 2023
f 2023 2026 2024
f 2023 1607 2025
f 1606 1607 2023
f 2023 1605 1606
f 1934 1935 1606
f 1606 1605 1934
f 1610 1935 1934
f 2022 1605 2024
f 2022 1934 1605
f 2029 2027 1602
f 2845 2858 2843
f 2843 2261 2263
f 2843 2844 2845
f 2843 2263 2844
f 2254 2249 2262
f 2262 2261 2254
f 1603 2290 2291
f 2291 2292 1603
f 2858 2292 2291
f 2081 2079 2295
f 2079 2294 2295
f 2295 2294 2855
f 2855 2854 2295
f 2295 1651 2081
f 2854 1651 2295
f 1984 1980 1983
f 2031 2062 2097
f 2031 2057 2032
f 2031 2097 2056
f 2056 2057 2031
f 1525 1524 1523
f 1523 1507 1525
f 1526 1482 1525
f 1482 1524 1525
f 1509 1526 1525
f 1525 1508 1509
f 1525 1507 1508
f 226 57 56
f 189 224 56
f 56 224 226
f 228 57 226
f 228 229 230
f 226 229 228
f 230 195 228
f 195 57 228
f 232 206 230
f 234 206 232
f 230 233 232
f 233 234 232
f 220 407 214
f 214 206 220
f 220 206 234
f 2728 2729 2282
f 2282 2644 1619
f 1619 2281 2282
f 2282 2281 2728
f 754 1051 783
f 758 756 757
f 757 1032 1016
f 756 1032 757
f 781 135 137
f 137 782 781
f 782 1017 781
f 1018 1019 758
f 758 757 1018
f 1018 757 1017
f 1018 782 779
f 1018 1017 782
f 129 785 185
f 129 130 785
f 185 127 129
f 128 130 129
f 129 127 128
f 327 347 349
f 326 347 327
f 327 144 142
f 327 328 144
f 349 352 351
f 351 327 349
f 328 327 351
f 351 353 329
f 329 328 351
f 354 353 351
f 351 352 354
f 205 206 214
f 195 206 205
f 2038 2019 2020
f 2038 2039 2019
f 2038 2020 2037
f 2009 2039 2038
f 2037 2010 2038
f 2038 2010 2009
f 2057 2055 1469
f 2075 2055 2054
f 1657 1658 1690
f 2117 2165 1633
f 2165 1625 1633
f 2113 1625 2165
f 2165 2114 2113
f 2113 2114 2071
f 2113 2071 2098
f 1658 1698 1697
f 1697 1723 1654
f 2116 1631 1630
f 1630 2095 2116
f 2095 1465 2116
f 2018 1945 2017
f 2017 1944 1903
f 2017 1945 1944
f 1904 1922 1905
f 1903 2068 1904
f 2067 1922 1904
f 1904 2068 2067
f 1904 1864 1903
f 1905 1864 1904
f 1944 1946 1947
f 1947 2068 1944
f 2067 2068 1947
f 1947 1946 1948
f 1947 1949 2067
f 1948 1949 1947
f 1479 1826 1859
f 1858 1480 1859
f 1859 1480 1479
f 1859 1863 1858
f 1859 1826 1825
f 1825 1863 1859
f 1862 1866 1861
f 1858 1863 1862
f 1867 1866 1862
f 1862 1863 1867
f 1862 1857 1858
f 1862 1861 1857
f 2089 2088 2090
f 2089 2087 2088
f 2089 2051 2087
f 2085 2051 2089
f 2089 2090 2091
f 2091 2085 2089
f 2086 2051 2053
f 2087 2051 2086
f 2094 2087 2086
f 2092 2094 2086
f 2086 2053 2092
f 1473 1475 1989
f 1473 2156 1475
f 1473 1989 1471
f 1471 1472 1473
f 2053 2051 2052
f 2052 2160 2092
f 2092 2053 2052
f 1950 1948 1974
f 1950 1949 1948
f 1951 1949 1950
f 1950 1974 1943
f 1943 1951 1950
f 1661 1639 2118
f 1639 1640 2118
f 2118 1641 1661
f 2118 1640 1641
f 1641 1642 1689
f 1689 1642 1645
f 1645 1690 1689
f 2344 2405 2354
f 2354 2405 2404
f 2404 2364 2354
f 2366 2355 2354
f 2354 2355 2344
f 2811 2826 2825
f 2811 2827 2826
f 2825 2802 2811
f 2802 2810 2811
f 2811 2810 2834
f 2393 2255 2257
f 2257 2343 2393
f 2393 2343 2258
f 2393 2258 2260
f 2260 2359 2363
f 2359 2390 2363
f 2390 2391 2363
f 2363 2391 2392
f 2401 2400 2395
f 2401 2531 2423
f 2394 2400 2255
f 2394 2393 2260
f 2255 2393 2394
f 2260 2363 2394
f 2395 2400 2394
f 2394 2363 2395
f 2533 2476 2532
f 2532 2484 2533
f 2507 2534 2533
f 2533 2484 2507
f 2422 2424 2426
f 2426 2374 2422
f 2374 2400 2422
f 2400 2401 2422
f 2423 2424 2422
f 2422 2401 2423
f 2423 2476 2430
f 2430 2424 2423
f 2237 2425 2430
f 2430 2425 2424
f 2474 2480 2503
f 2474 2428 2239
f 2474 2429 2428
f 2503 2429 2474
f 2504 2567 2503
f 2503 2480 2504
f 2426 2420 2496
f 2496 2375 2426
f 2377 2375 2496
f 2496 2497 2377
f 2420 2497 2496
f 2257 2255 2256
f 2252 2360 2256
f 2360 2257 2256
f 2256 2253 2252
f 2378 2375 2377
f 2378 2380 2253
f 2378 2377 2379
f 2379 2380 2378
f 2420 2425 2418
f 2425 2416 2418
f 2421 2420 2418
f 2419 2421 2418
f 2418 2416 2419
f 2345 2344 2356
f 2334 2346 2345
f 2345 2271 2334
f 2356 2271 2345
f 2332 2346 2330
f 2406 2344 2332
f 2332 2407 2406
f 2344 2345 2332
f 2332 2345 2346
f 2364 2388 2365
f 2366 2354 2365
f 2365 2354 2364
f 2365 2388 2390
f 2387 2364 2386
f 2387 2388 2364
f 2386 2547 2387
f 2387 2547 2541
f 2541 2388 2387
f 2389 2390 2359
f 2359 2358 2389
f 2389 2365 2390
f 2389 2358 2366
f 2366 2365 2389
f 2552 2579 2578
f 2493 2494 2495
f 2495 2229 2235
f 2494 2229 2495
f 2235 2539 2495
f 2539 2545 2495
f 2489 2487 2488
f 2488 2490 2489
f 2245 2490 2488
f 2510 2551 2552
f 2510 2552 2511
f 2511 2487 2510
f 2510 2487 2489
f 2580 2543 2579
f 2579 2551 2580
f 2542 2543 2580
f 2580 2581 2542
f 2288 2244 2289
f 2289 1607 2288
f 2290 1607 2289
f 2299 2193 2192
f 2192 2298 2299
f 2192 1763 1696
f 1696 2298 2192
f 2849 2848 2829
f 2829 2848 2408
f 2408 2830 2829
f 2526 2525 2219
f 2219 2528 2526
f 2526 2528 2527
f 2565 2525 2526
f 2526 2527 2565
f 1705 1695 1489
f 1694 1695 1705
f 1705 1704 1694
f 1683 1695 1694
f 1694 1599 1683
f 1601 1695 1683
f 1683 1599 1601
f 1656 1599 1682
f 1652 1600 1656
f 1600 1599 1656
f 1704 1705 1711
f 1488 1712 1711
f 1711 1489 1488
f 1711 1705 1489
f 1702 1701 1692
f 1713 1701 1702
f 1649 2111 2082
f 2081 1651 2082
f 2082 1651 1649
f 2082 2111 2080
f 2082 2079 2081
f 2080 2079 2082
f 2110 2078 2080
f 2080 2111 2110
f 1647 2111 1649
f 1647 1679 1648
f 1768 1773 1771
f 1770 1767 1771
f 1771 1767 1768
f 1771 1778 1770
f 1779 1778 1771
f 1771 1773 1779
f 2755 2751 2756
f 2756 2751 2757
f 2756 2757 2299
f 2756 2298 2755
f 2299 2298 2756
f 2202 2206 2203
f 2648 2586 2715
f 2648 2647 2646
f 2648 2646 2587
f 2587 2585 2648
f 2585 2586 2648
f 2715 2721 2719
f 2203 2206 2719
f 2714 2648 2715
f 2647 2648 2714
f 2715 2719 2714
f 2714 2719 2206
f 2582 2581 2549
f 2582 2733 2581
f 2582 2549 2283
f 2283 2583 2582
f 1614 1612 1613
f 1613 1616 1614
f 1614 1616 1615
f 2283 1612 1614
f 1614 2284 2283
f 1615 2284 1614
f 1814 1959 1815
f 1814 1526 1509
f 1804 1526 1814
f 1814 1815 1804
f 1958 1957 1521
f 1958 1521 1510
f 1509 1957 1958
f 1958 1510 1512
f 1512 1959 1958
f 1958 1814 1509
f 1959 1814 1958
f 1515 1519 1513
f 1515 1520 1519
f 1620 1618 1617
f 1821 1620 1617
f 1615 1616 1617
f 1617 1618 1615
f 1617 1823 1821
f 1616 1823 1617
f 2584 1618 2644
f 2584 2644 2207
f 2584 2284 1615
f 1615 1618 2584
f 2207 2583 2584
f 2584 2583 2284
f 1817 1815 1960
f 1816 1815 1817
f 1817 1818 1816
f 1971 1818 1817
f 1930 1931 1962
f 1931 1963 1962
f 1977 1971 1962
f 1962 1963 1977
f 1613 1612 1608
f 1608 1611 1613
f 1609 1611 1608
f 2285 1609 1608
f 2283 2285 1608
f 1608 1612 2283
f 1822 1824 1930
f 1821 1824 1822
f 137 136 138
f 138 782 137
f 139 136 326
f 139 327 142
f 326 327 139
f 139 138 136
f 142 141 139
f 182 184 344
f 344 345 182
f 344 343 383
f 344 184 177
f 177 343 344
f 405 406 384
f 384 406 386
f 264 432 262
f 262 263 264
f 262 432 260
f 260 263 262
f 404 382 380
f 380 403 404
f 404 425 405
f 405 384 404
f 404 384 382
f 379 377 380
f 379 341 377
f 177 179 178
f 178 343 177
f 339 373 340
f 373 375 340
f 340 167 339
f 165 167 340
f 340 375 341
f 261 258 259
f 259 258 257
f 259 467 261
f 259 257 467
f 572 596 597
f 597 573 572
f 597 598 573
f 622 623 597
f 597 623 598
f 622 597 621
f 621 597 596
f 646 647 621
f 621 647 622
f 621 645 646
f 620 645 621
f 595 596 571
f 595 619 620
f 620 621 595
f 595 621 596
f 537 538 539
f 539 495 537
f 542 541 539
f 539 541 496
f 496 495 539
f 570 538 569
f 569 595 570
f 570 595 571
f 568 567 592
f 568 534 567
f 536 538 537
f 569 538 536
f 536 568 569
f 534 568 536
f 159 160 161
f 160 163 161
f 913 159 161
f 161 766 913
f 161 163 766
f 162 59 164
f 164 163 162
f 162 163 160
f 365 363 366
f 366 367 365
f 550 549 548
f 549 547 548
f 548 575 550
f 548 574 575
f 267 269 266
f 267 471 269
f 470 497 498
f 498 471 470
f 469 497 470
f 471 267 470
f 346 345 385
f 446 346 385
f 385 386 446
f 385 384 386
f 383 384 385
f 385 344 383
f 345 344 385
f 1161 1113 1159
f 1115 1113 1161
f 1161 1163 1115
f 1159 1160 1161
f 1161 1160 1162
f 1162 1164 1161
f 1164 1163 1161
f 954 938 922
f 922 939 954
f 954 939 969
f 954 969 968
f 968 953 954
f 953 938 954
f 900 899 889
f 900 909 899
f 910 922 900
f 922 909 900
f 889 881 900
f 881 890 900
f 890 901 900
f 900 901 910
f 1083 1324 1081
f 1324 1079 1081
f 1081 1079 1082
f 1081 1084 1083
f 1082 1084 1081
f 1080 1301 1082
f 1080 1078 1301
f 1082 1079 1080
f 1079 1078 1080
f 1075 1077 1321
f 1321 1073 1075
f 1075 1078 1077
f 1075 1073 1074
f 1011 1046 1015
f 1015 1046 1048
f 1015 995 1011
f 1048 995 1015
f 1047 1046 1034
f 1048 1046 1047
f 1014 1049 1047
f 1047 1049 1048
f 987 1007 1005
f 1005 1013 987
f 1003 1013 1005
f 1259 1258 998
f 1259 1002 1260
f 1277 1258 1259
f 1260 1278 1259
f 1259 1278 1277
f 998 1258 752
f 752 750 751
f 752 1275 750
f 1258 1275 752
f 998 999 1000
f 1000 999 1002
f 1000 1259 998
f 1002 1259 1000
f 1043 1045 1044
f 1039 1045 1043
f 1044 1008 1043
f 1008 1042 1043
f 997 999 998
f 1008 999 997
f 997 1042 1008
f 1294 1066 1313
f 1068 1066 1294
f 1006 1262 1004
f 1007 1262 1006
f 1006 1005 1007
f 1004 1003 1006
f 1003 1005 1006
f 767 883 893
f 767 893 892
f 892 58 767
f 768 172 171
f 171 861 768
f 171 172 165
f 170 861 171
f 171 173 170
f 171 341 173
f 165 340 171
f 171 340 341
f 877 885 868
f 886 885 877
f 868 869 877
f 869 886 877
f 931 915 947
f 931 961 946
f 931 947 961
f 946 914 931
f 914 915 931
f 902 893 903
f 903 915 902
f 902 915 914
f 902 914 892
f 892 893 902
f 2701 2700 2645
f 2645 2702 2701
f 2646 2647 2645
f 2645 2700 2646
f 2699 2574 2587
f 2587 2646 2699
f 2646 2700 2699
f 1249 2704 2701
f 2696 2577 2575
f 2575 2697 2696
f 2575 2577 2537
f 2574 2697 2575
f 751 2706 2705
f 786 2729 2728
f 786 1257 2729
f 786 2728 185
f 185 785 786
f 785 1051 786
f 1051 1257 786
f 2216 2575 2217
f 2538 2218 2217
f 2218 2216 2217
f 2507 2226 2223
f 2224 2226 2225
f 2224 2225 2512
f 2512 2538 2224
f 2538 2223 2224
f 2224 2223 2226
f 2236 2539 2235
f 2235 2234 2236
f 2540 2539 2236
f 2236 2234 2482
f 2482 2481 2236
f 2236 2481 2540
f 2529 2392 2541
f 2541 2481 2529
f 2529 2363 2392
f 2395 2363 2529
f 2227 2484 2233
f 2226 2484 2227
f 2225 2226 2227
f 2227 2228 2225
f 2233 2228 2227
f 2483 2484 2532
f 2483 2531 2482
f 2532 2531 2483
f 2482 2234 2483
f 2483 2234 2233
f 2233 2484 2483
f 2476 2533 2477
f 2534 2506 2477
f 2477 2533 2534
f 2536 2506 2534
f 2536 2534 2535
f 2536 2695 2734
f 2535 2695 2536
f 2735 2665 2559
f 2559 2665 2666
f 2666 2556 2559
f 2556 2557 2559
f 2506 2536 2548
f 2735 2559 2548
f 2548 2559 2557
f 2555 2506 2548
f 2548 2557 2555
f 2734 2735 2548
f 2548 2536 2734
f 2630 2736 2631
f 2631 2633 2630
f 2630 2633 2632
f 2630 2632 2667
f 2667 2666 2630
f 2666 2736 2630
f 2572 2573 2592
f 2592 2573 2628
f 2592 2628 2593
f 2592 2593 2591
f 2592 2590 2572
f 2592 2591 2590
f 3 3111 3113
f 3113 3114 3
f 3111 3114 3113
f 3060 2923 3062
f 2923 3064 3062
f 2200 3060 3062
f 3062 3064 2200
f 2200 3087 3088
f 3088 3102 3092
f 3088 3109 3102
f 3111 3109 3088
f 3088 3087 3111
f 3076 3074 3122
f 3122 3078 3076
f 2200 3074 3076
f 3076 3078 2200
f 3083 3120 3116
f 3127 3072 3129
f 3127 3129 3
f 3 3124 3127
f 3127 3124 3074
f 3074 3072 3127
f 2961 2963 5
f 5 2960 2961
f 2961 2960 2963
f 2963 2957 2966
f 2966 2957 2952
f 2976 2597 2973
f 2597 2970 2973
f 2943 2976 2973
f 2973 2970 2943
f 3043 3041 2200
f 2200 3045 3043
f 3043 3045 2922
f 3043 2922 3
f 3 3041 3043
f 3000 2920 3006
f 2920 3001 3006
f 3006 2597 3000
f 3006 3001 2597
f 3108 3110 3089
f 3089 3103 3108
f 1461 3110 3108
f 3108 3106 1461
f 3108 3103 3104
f 3104 3106 3108
f 317 676 675
f 675 315 317
f 675 674 315
f 676 651 675
f 649 624 648
f 648 673 649
f 673 674 649
f 625 624 649
f 674 675 649
f 301 667 299
f 301 299 300
f 301 303 668
f 668 667 301
f 704 304 302
f 302 300 703
f 703 704 302
f 302 301 300
f 302 304 303
f 303 301 302
f 308 307 306
f 707 310 308
f 706 707 308
f 308 306 706
f 309 310 311
f 671 307 309
f 309 308 310
f 307 308 309
f 311 672 309
f 672 671 309
f 305 669 303
f 306 307 305
f 670 669 305
f 305 307 670
f 305 304 306
f 303 304 305
f 3089 1566 3091
f 3091 3093 3089
f 1566 3093 3091
f 1909 1885 1886
f 1800 1801 1799
f 1876 1875 1800
f 1802 1801 1800
f 1867 1802 1800
f 1800 1875 1867
f 1877 1530 1531
f 1877 1532 1876
f 1531 1532 1877
f 1799 1530 1877
f 1876 1800 1877
f 1877 1800 1799
f 1924 1897 1476
f 1476 1481 1924
f 1924 1481 1480
f 516 559 518
f 559 560 518
f 518 520 517
f 518 560 561
f 561 520 518
f 518 515 516
f 517 515 518
f 521 523 487
f 487 486 521
f 486 485 521
f 485 519 521
f 524 523 521
f 521 522 524
f 521 520 522
f 521 519 520
f 1532 1533 1527
f 1527 1528 1529
f 1529 1532 1527
f 225 1528 1527
f 449 225 1527
f 1527 1533 449
f 605 604 630
f 630 604 629
f 630 606 605
f 630 631 606
f 630 629 654
f 654 655 630
f 630 655 656
f 656 631 630
f 609 584 583
f 583 608 609
f 609 610 584
f 609 608 633
f 657 656 281
f 281 283 657
f 283 658 657
f 657 632 656
f 633 632 657
f 657 658 633
f 633 658 659
f 660 635 659
f 285 287 659
f 287 660 659
f 659 283 285
f 659 658 283
f 293 664 663
f 291 293 663
f 663 639 638
f 663 664 639
f 295 297 665
f 665 664 295
f 665 297 666
f 640 664 665
f 665 641 640
f 666 641 665
f 643 619 618
f 644 619 643
f 668 644 643
f 643 667 668
f 618 619 593
f 569 568 593
f 593 592 618
f 593 568 592
f 615 641 616
f 641 617 616
f 616 590 615
f 1907 1483 1884
f 1884 1483 1482
f 1884 1482 1804
f 1804 1885 1884
f 1524 1483 1484
f 1803 1522 1484
f 1484 1522 1524
f 1505 1803 1484
f 1484 1506 1505
f 1906 1506 1484
f 1484 1483 1906
f 2016 2014 1468
f 2016 2015 2014
f 1468 2021 2016
f 2021 2015 2016
f 2058 2014 1994
f 2014 2012 1994
f 1994 2012 1993
f 1995 2058 1994
f 1994 2004 1995
f 1994 1993 2004
f 2007 1917 1956
f 1956 2006 2007
f 2005 1992 1927
f 1927 2006 2005
f 1927 1992 2011
f 2000 1964 1933
f 1983 1964 2000
f 2000 1984 1983
f 2001 1984 2000
f 1979 1982 1983
f 1979 1978 1982
f 1983 1980 1979
f 1968 1978 1979
f 1979 1980 1967
f 1967 1968 1979
f 1934 2022 1965
f 1933 1610 1965
f 1610 1934 1965
f 1965 2000 1933
f 1965 2022 2001
f 2001 2000 1965
f 2076 1602 2108
f 2076 2029 1602
f 2108 2105 2076
f 2367 2291 2290
f 1966 2003 1967
f 1967 1980 1966
f 2033 2031 2032
f 2032 2034 2033
f 2062 2031 2033
f 1980 1984 1981
f 1981 1966 1980
f 55 188 189
f 189 56 55
f 193 188 55
f 408 407 445
f 407 220 445
f 444 408 445
f 445 238 444
f 445 236 238
f 234 236 445
f 445 220 234
f 755 757 1016
f 1017 757 755
f 755 754 783
f 1022 1019 1020
f 1019 1018 1020
f 1020 779 1022
f 1020 1018 779
f 204 213 216
f 204 203 193
f 204 216 203
f 193 55 204
f 2058 1996 1470
f 1470 2014 2058
f 1470 1469 2014
f 1470 1996 2057
f 2057 1469 1470
f 1467 2075 2059
f 2059 2021 1467
f 1467 2021 1468
f 1468 2014 1467
f 2014 1469 1467
f 1467 1469 2055
f 2055 2075 1467
f 2074 2069 2059
f 2059 2075 2074
f 2073 2069 2074
f 2074 2075 2054
f 2054 2070 2074
f 2074 2070 2073
f 2072 2070 2071
f 2071 2114 2072
f 2072 2114 2115
f 2073 2070 2072
f 2072 2115 2073
f 2115 2114 2164
f 2164 2165 2117
f 2164 2114 2165
f 1634 1633 1625
f 1632 1633 1634
f 1646 1677 1691
f 1646 1645 1624
f 1646 1690 1645
f 1646 1691 1657
f 1657 1690 1646
f 1624 1625 1623
f 1691 1677 1678
f 1692 1700 1678
f 1678 1700 1691
f 1678 1679 1692
f 1678 1677 1648
f 1648 1679 1678
f 1692 1679 1680
f 1680 1702 1692
f 1715 1716 1699
f 1715 1701 1714
f 1699 1700 1715
f 1715 1700 1701
f 1699 1716 1717
f 1657 1699 1717
f 1717 1698 1657
f 1494 1715 1714
f 1716 1715 1494
f 1661 1641 1660
f 1660 1654 1661
f 1660 1697 1654
f 1660 1641 1658
f 1658 1697 1660
f 1686 1717 1716
f 1685 1687 1686
f 1686 1687 1688
f 1631 2116 1464
f 1464 1465 2163
f 1464 2116 1465
f 1464 2164 2117
f 2117 1633 1464
f 2163 2115 1464
f 2115 2164 1464
f 1632 1631 1464
f 1464 1633 1632
f 1991 1927 2011
f 1991 2011 2018
f 2018 2017 1991
f 1474 1473 1472
f 1474 1472 2008
f 2008 2158 1474
f 1474 2158 2157
f 2157 2156 1474
f 2156 1473 1474
f 2159 2158 2160
f 2160 2052 2159
f 2050 2158 2159
f 2159 2051 2050
f 2159 2052 2051
f 1659 1690 1658
f 1659 1689 1690
f 1658 1641 1659
f 1641 1689 1659
f 2239 2238 2473
f 2473 2474 2239
f 2480 2474 2473
f 2427 2416 2237
f 2237 2238 2427
f 2427 2238 2239
f 2417 2416 2427
f 2427 2431 2417
f 2239 2431 2427
f 2567 2504 2554
f 2568 2567 2554
f 2554 2556 2568
f 2554 2557 2556
f 2555 2557 2554
f 2554 2504 2555
f 2376 2255 2374
f 2376 2256 2255
f 2374 2375 2376
f 2253 2256 2376
f 2376 2378 2253
f 2375 2378 2376
f 2408 2407 2331
f 2407 2332 2331
f 2331 2332 2330
f 2404 2249 2248
f 2402 2546 2386
f 2402 2545 2546
f 2402 2578 2545
f 2544 2578 2579
f 2544 2543 2493
f 2579 2543 2544
f 2493 2495 2544
f 2545 2578 2544
f 2544 2495 2545
f 2553 2485 2511
f 2511 2552 2553
f 2552 2578 2553
f 2553 2402 2485
f 2578 2402 2553
f 2243 2244 2245
f 2245 2488 2243
f 2581 2580 2550
f 2550 2508 2549
f 2549 2581 2550
f 2550 2580 2551
f 1762 1761 1763
f 1763 2192 1762
f 1762 1760 1761
f 1762 2193 1760
f 1762 2192 2193
f 2833 2835 2790
f 2834 2835 2833
f 2833 2790 2816
f 2832 2829 2830
f 2832 2811 2834
f 2827 2811 2832
f 2832 2830 2827
f 1713 1702 1703
f 1703 1712 1713
f 1703 1711 1712
f 1704 1711 1703
f 2078 2110 2109
f 2108 2077 2109
f 2077 2078 2109
f 1628 2110 2111
f 2111 1647 1628
f 2208 2642 2720
f 2720 2722 2208
f 2718 2726 2203
f 2718 2642 2726
f 2720 2642 2718
f 2203 2719 2718
f 2718 2721 2720
f 2718 2719 2721
f 2207 2644 2643
f 2643 2208 2207
f 2642 2208 2643
f 2644 2282 2643
f 2204 2202 1254
f 1253 2205 2204
f 2204 1254 1253
f 2205 2206 2204
f 2206 2202 2204
f 2201 2202 2203
f 1016 1032 1035
f 2730 1257 1256
f 1038 1034 1039
f 1038 1037 1034
f 1034 1037 1033
f 1033 1037 1032
f 1033 1032 1014
f 1014 1047 1033
f 1033 1047 1034
f 2722 2733 2209
f 2733 2582 2209
f 2209 2208 2722
f 2209 2582 2583
f 2209 2583 2207
f 2207 2208 2209
f 1513 1514 1516
f 1516 1515 1513
f 1619 1620 1516
f 1516 1517 1619
f 1516 1514 1517
f 1819 1620 1821
f 1821 1822 1819
f 1819 1516 1620
f 1515 1516 1819
f 1930 1962 1961
f 1961 1817 1960
f 1971 1817 1961
f 1961 1962 1971
f 1512 1520 1928
f 1928 1959 1512
f 1960 1959 1928
f 782 138 140
f 140 141 779
f 779 782 140
f 140 139 141
f 138 139 140
f 423 403 422
f 422 431 423
f 431 430 423
f 343 379 381
f 383 343 381
f 380 382 381
f 381 379 380
f 382 384 381
f 381 384 383
f 173 341 175
f 170 173 175
f 175 769 170
f 849 856 175
f 175 862 769
f 856 862 175
f 342 379 343
f 341 379 342
f 342 175 341
f 174 175 342
f 542 539 540
f 540 539 538
f 540 571 542
f 540 570 571
f 538 570 540
f 528 526 564
f 525 526 528
f 528 527 525
f 564 590 565
f 565 528 564
f 592 567 591
f 567 566 591
f 590 616 591
f 591 565 590
f 566 565 591
f 591 617 592
f 591 616 617
f 533 492 491
f 491 531 533
f 493 492 533
f 491 490 529
f 529 531 491
f 490 527 529
f 527 528 529
f 546 547 545
f 546 548 547
f 574 548 546
f 546 545 544
f 544 573 546
f 573 574 546
f 265 263 469
f 469 470 265
f 264 263 265
f 265 470 267
f 265 266 264
f 265 267 266
f 1076 1075 1074
f 1078 1075 1076
f 1076 1074 1299
f 1299 1078 1076
f 998 752 996
f 996 997 998
f 1040 997 996
f 996 1249 1040
f 1313 2692 1293
f 1293 1294 1313
f 1293 2692 2711
f 1275 1294 1293
f 1295 1294 1275
f 1068 1294 1295
f 60 167 168
f 168 167 166
f 885 895 876
f 895 884 876
f 876 867 868
f 868 885 876
f 875 883 768
f 875 884 883
f 768 867 875
f 867 876 875
f 875 876 884
f 894 895 904
f 894 884 895
f 894 904 903
f 903 883 894
f 883 884 894
f 2647 2714 2713
f 2713 2645 2647
f 2713 2714 2206
f 2712 2702 2713
f 2702 2645 2713
f 2205 2712 2713
f 2713 2206 2205
f 2574 2699 2698
f 2698 2693 2635
f 2698 2697 2574
f 2635 2697 2698
f 2701 2702 1251
f 1251 2702 2712
f 2574 2575 2576
f 2576 2575 2216
f 2576 2216 2585
f 2576 2585 2587
f 2587 2574 2576
f 2693 2698 2703
f 2703 2698 2699
f 2703 2706 2693
f 2703 2705 2706
f 2703 2699 2700
f 2703 2700 2704
f 2704 2705 2703
f 2222 2575 2537
f 2222 2217 2575
f 2537 2507 2222
f 2507 2223 2222
f 2538 2217 2222
f 2222 2223 2538
f 2530 2529 2481
f 2530 2481 2482
f 2482 2531 2530
f 2531 2401 2530
f 2530 2401 2395
f 2395 2529 2530
f 2478 2473 2238
f 3090 3092 2200
f 2200 3088 3090
f 3090 3088 3092
f 3081 3078 3120
f 3120 3083 3081
f 2200 3078 3081
f 3081 3083 2200
f 3116 3114 3085
f 3085 3083 3116
f 3114 3087 3085
f 3085 3087 2200
f 2200 3083 3085
f 2597 2966 2967
f 2952 2970 2967
f 2967 2966 2952
f 2964 2597 2603
f 2964 2966 2597
f 2603 2963 2964
f 2963 2966 2964
f 650 675 651
f 650 649 675
f 650 651 625
f 625 649 650
f 1885 1909 1908
f 1907 1884 1908
f 1908 1884 1885
f 1916 1909 1917
f 1916 1908 1909
f 1910 1911 1917
f 1917 1909 1910
f 1910 1887 1911
f 1886 1887 1910
f 1910 1909 1886
f 1899 1895 1896
f 1923 1924 1480
f 1923 1857 1899
f 1858 1857 1923
f 1923 1480 1858
f 634 635 610
f 610 609 634
f 634 609 633
f 633 659 634
f 634 659 635
f 291 663 662
f 661 289 662
f 289 291 662
f 662 637 661
f 638 637 662
f 662 663 638
f 618 617 642
f 642 643 618
f 642 617 641
f 667 643 642
f 666 667 642
f 642 641 666
f 619 595 594
f 594 593 619
f 594 595 569
f 569 593 594
f 1878 1916 1917
f 1879 1916 1878
f 1881 1882 1913
f 1871 1864 1865
f 1871 1869 1864
f 2064 2062 2063
f 2062 2061 2063
f 2030 2063 2061
f 2029 2076 2030
f 1998 2022 2024
f 2001 2022 1998
f 2859 2843 2858
f 2261 2843 2859
f 2858 2291 2859
f 2291 2367 2859
f 2002 1981 2034
f 1966 1981 2002
f 2002 2034 2032
f 2032 2003 2002
f 2003 1966 2002
f 2035 2033 2034
f 2034 1981 2035
f 194 56 57
f 194 55 56
f 194 204 55
f 194 57 195
f 195 205 194
f 753 755 1016
f 754 755 753
f 1016 1035 753
f 784 781 1017
f 1017 755 784
f 784 755 783
f 783 133 784
f 784 133 135
f 135 781 784
f 213 204 215
f 207 213 215
f 215 194 205
f 204 194 215
f 215 214 207
f 215 205 214
f 1624 1645 1644
f 1644 1625 1624
f 1644 1634 1625
f 1645 1642 1644
f 1632 1634 1643
f 1643 1495 1632
f 1643 1644 1642
f 1634 1644 1643
f 1641 1495 1643
f 1643 1642 1641
f 1624 1623 1675
f 1625 2113 2166
f 2166 1623 1625
f 1682 1704 1693
f 1702 1680 1693
f 1704 1703 1693
f 1693 1703 1702
f 1681 1656 1682
f 1682 1693 1681
f 1681 1693 1680
f 1714 1493 1492
f 1492 1494 1714
f 1492 1493 1491
f 1491 1730 1492
f 1730 1494 1492
f 1716 1494 1684
f 1684 1686 1716
f 1684 1494 1730
f 1684 1726 1728
f 1730 1726 1684
f 1684 1728 1685
f 1685 1686 1684
f 1717 1686 1718
f 1718 1697 1698
f 1698 1717 1718
f 1718 1686 1688
f 1688 1723 1718
f 1723 1697 1718
f 1903 1869 1926
f 1926 2017 1903
f 1926 1991 2017
f 2839 2830 2408
f 2408 2331 2839
f 2827 2830 2839
f 2330 2827 2839
f 2839 2331 2330
f 2511 2485 2398
f 2369 2254 2261
f 2244 2243 2369
f 2261 2859 2369
f 2369 2859 2367
f 2396 2369 2243
f 2396 2248 2249
f 2491 2508 2509
f 2508 2550 2509
f 2509 2489 2491
f 2509 2550 2551
f 2509 2510 2489
f 2551 2510 2509
f 2829 2832 2831
f 2849 2829 2831
f 2834 2833 2831
f 2831 2832 2834
f 2816 2849 2831
f 2831 2833 2816
f 2107 2109 2110
f 2110 1628 2107
f 1626 1647 1648
f 1626 1628 1647
f 1648 1677 1626
f 2726 2642 2727
f 2642 2643 2727
f 2730 2726 2727
f 2727 2643 2282
f 2727 2729 2730
f 2727 2282 2729
f 1032 1037 1036
f 1036 1035 1032
f 2731 2726 2730
f 2730 1256 2731
f 1255 1256 1053
f 1254 2202 1255
f 2202 2201 1255
f 1037 1038 1056
f 1056 1038 1039
f 1820 1819 1822
f 1820 1928 1520
f 1520 1515 1820
f 1515 1819 1820
f 1960 1928 1929
f 1929 1961 1960
f 1930 1961 1929
f 1929 1822 1930
f 1929 1820 1822
f 1928 1820 1929
f 424 404 403
f 403 423 424
f 425 404 424
f 424 430 429
f 424 423 430
f 429 428 424
f 428 425 424
f 849 175 180
f 180 175 174
f 180 179 849
f 180 178 179
f 174 342 180
f 343 178 180
f 180 342 343
f 534 533 532
f 532 533 531
f 567 534 532
f 535 536 537
f 535 537 493
f 493 533 535
f 534 536 535
f 535 533 534
f 337 367 369
f 337 336 367
f 337 369 371
f 371 338 337
f 338 59 337
f 59 162 337
f 162 336 337
f 335 162 160
f 335 336 162
f 335 160 334
f 335 334 363
f 363 365 335
f 335 365 367
f 367 336 335
f 1248 752 751
f 1248 996 752
f 751 2705 1248
f 1248 2705 2704
f 2704 1249 1248
f 1249 996 1248
f 2708 1293 2710
f 2710 1293 2711
f 2710 2709 2708
f 2711 2709 2710
f 1274 1293 2708
f 1275 1293 1274
f 750 1275 1274
f 1274 2708 2707
f 2707 750 1274
f 1277 1295 1276
f 1276 1295 1275
f 1276 1258 1277
f 1276 1275 1258
f 1296 1295 1277
f 1296 1278 1297
f 1277 1278 1296
f 1297 1070 1296
f 1296 1070 1068
f 1068 1295 1296
f 60 168 169
f 169 767 58
f 169 59 60
f 169 58 59
f 874 168 166
f 874 166 768
f 768 883 874
f 883 767 874
f 767 169 874
f 874 169 168
f 1250 1249 2701
f 2701 1251 1250
f 1040 1249 1250
f 2476 2477 2472
f 2477 2478 2472
f 2472 2430 2476
f 2237 2430 2472
f 2472 2238 2237
f 2472 2478 2238
f 2479 2477 2506
f 2479 2478 2477
f 2480 2473 2479
f 2473 2478 2479
f 2969 2970 2597
f 2597 2967 2969
f 2969 2967 2970
f 1897 1924 1898
f 1898 1896 1897
f 1924 1923 1898
f 1899 1896 1898
f 1898 1923 1899
f 1894 1896 1895
f 1894 1893 2066
f 1894 1895 1893
f 2066 1897 1894
f 1897 1896 1894
f 1917 2007 1918
f 1918 1878 1917
f 1927 1991 1919
f 1991 1926 1919
f 1919 1918 2007
f 1919 2007 2006
f 2006 1927 1919
f 1914 1881 1913
f 1914 1906 1907
f 1913 1906 1914
f 1880 1881 1914
f 1876 1882 1874
f 1882 1881 1874
f 1874 1875 1876
f 1870 1880 1879
f 1869 1871 1870
f 2064 2063 2104
f 2104 2105 2102
f 2102 2064 2104
f 2104 2076 2105
f 2104 2030 2076
f 2063 2030 2104
f 2028 2030 2026
f 2029 2030 2028
f 2027 2029 2028
f 2025 2027 2028
f 2028 2026 2025
f 2026 2030 1999
f 2024 2026 1999
f 1999 1998 2024
f 2033 2035 2060
f 2060 2061 2062
f 2062 2033 2060
f 2035 1999 2060
f 2060 2030 2061
f 2060 1999 2030
f 1985 1981 1984
f 1985 1984 2001
f 2001 1998 1985
f 1051 754 1052
f 754 753 1052
f 1053 1256 1052
f 1052 1035 1053
f 1052 753 1035
f 1052 1257 1051
f 1052 1256 1257
f 1676 1646 1624
f 1624 1675 1676
f 1677 1646 1676
f 1676 1626 1677
f 1623 2166 2112
f 2112 1675 1623
f 2101 2100 2112
f 1656 1681 1650
f 1649 1651 1650
f 1650 1651 1652
f 1652 1656 1650
f 2404 2248 2403
f 2248 2398 2403
f 2403 2402 2386
f 2485 2402 2403
f 2403 2398 2485
f 2386 2364 2403
f 2403 2364 2404
f 2244 2369 2368
f 2368 2369 2367
f 2368 2367 2290
f 2290 2289 2368
f 2368 2289 2244
f 2397 2396 2243
f 2511 2398 2397
f 2397 2398 2248
f 2248 2396 2397
f 2249 2254 2250
f 2250 2396 2249
f 2254 2369 2250
f 2369 2396 2250
f 2101 2105 2106
f 2106 2100 2101
f 2106 2107 2100
f 2109 2107 2106
f 2106 2105 2108
f 2108 2109 2106
f 1628 1626 1627
f 1675 2112 1627
f 1627 1676 1675
f 1626 1676 1627
f 1053 1035 1054
f 1035 1036 1054
f 1254 1255 1054
f 1054 1255 1053
f 1054 1036 1037
f 2732 2731 1256
f 1256 1255 2732
f 2732 1255 2201
f 2726 2731 2732
f 2203 2726 2732
f 2732 2201 2203
f 1253 1254 1055
f 1055 1056 1253
f 1254 1054 1055
f 1037 1056 1055
f 1055 1054 1037
f 530 529 528
f 531 529 530
f 530 532 531
f 530 565 566
f 528 565 530
f 530 566 567
f 567 532 530
f 1252 2205 1253
f 1252 2712 2205
f 1253 1056 1252
f 1252 1251 2712
f 1252 1058 1251
f 1057 1056 1039
f 1039 1043 1057
f 1043 1058 1057
f 1057 1252 1056
f 1058 1252 1057
f 1040 1250 1041
f 1041 1250 1251
f 1251 1058 1041
f 1042 997 1041
f 1041 997 1040
f 1041 1043 1042
f 1041 1058 1043
f 2505 2506 2555
f 2505 2479 2506
f 2480 2479 2505
f 2555 2504 2505
f 2505 2504 2480
f 1907 1908 1915
f 1915 1914 1907
f 1908 1916 1915
f 1880 1914 1915
f 1879 1880 1915
f 1915 1916 1879
f 1872 1881 1880
f 1872 1874 1881
f 1880 1870 1872
f 1872 1870 1871
f 1869 1870 1868
f 1868 1926 1869
f 1868 1919 1926
f 1878 1918 1868
f 1918 1919 1868
f 1879 1878 1868
f 1868 1870 1879
f 1997 2035 1981
f 1981 1985 1997
f 1997 1985 1998
f 1998 1999 1997
f 1997 1999 2035
f 2099 2166 2113
f 2099 2112 2166
f 2099 2113 2098
f 2101 2112 2099
f 2098 2102 2099
f 2099 2102 2101
f 1655 1647 1649
f 1649 1650 1655
f 1655 1650 1681
f 1679 1647 1655
f 1655 1680 1679
f 1655 1681 1680
f 2486 2488 2487
f 2486 2487 2511
f 2511 2397 2486
f 2486 2243 2488
f 2486 2397 2243
f 2100 2107 1629
f 1629 2112 2100
f 1629 1627 2112
f 1629 2107 1628
f 1628 1627 1629
f 1875 1874 1873
f 1874 1872 1873
f 1873 1872 1871
f 1873 1866 1875
f 1865 1866 1873
f 1873 1871 1865
f 3287 3288 2318
f 2318 2316 3287
f 3289 3330 3137
f 3137 2318 3289
f 3136 3137 3138
f 3138 3139 3136
f 3136 3139 3141
f 3139 3142 3141
f 3258 2125 2124
f 3259 2125 3258
f 3267 3280 2140
f 2140 3280 2190
f 1569 3229 3230
f 1568 3229 1569
f 1569 3230 3255
f 3255 1790 1569
f 774 71 6
f 6 71 1427
f 3224 3147 6
f 6 1427 3224
f 2175 3272 3273
f 3273 2176 2175
f 3271 3270 2143
f 2143 3270 2142
f 3279 3278 2175
f 2175 2186 3279
f 3265 3264 2139
f 2139 3264 2124
f 3253 3266 1744
f 1744 3266 2140
f 3274 2176 3275
f 3274 2143 2176
f 2190 3281 3282
f 3282 2191 2190
f 2185 2191 3283
f 2191 3284 3283
f 2185 3276 3277
f 3277 2186 2185
f 3261 3260 2120
f 2125 3261 2120
f 3268 2142 3269
f 3268 2138 2142
f 2138 3262 3263
f 3263 2139 2138
f 1743 3251 3252
f 3252 1744 1743
f 3250 1743 3249
f 1743 1742 3249
f 3239 3240 1737
f 1737 3240 1738
f 3237 3238 1737
f 1736 3237 1737
f 3235 3236 1735
f 1735 3236 1736
f 3256 3254 1733
f 1790 3256 1733
f 1741 3247 3248
f 3248 1742 1741
f 3242 1738 3241
f 3242 1739 1738
f 3245 3246 1740
f 1740 3246 1741
f 3232 1733 3231
f 1734 1733 3232
f 1734 3233 3234
f 3234 1735 1734
f 3244 1739 3243
f 3244 1740 1739
f 3154 3217 3216
f 3154 3288 3287
f 3154 3228 3331
f 3309 3308 3154
f 3255 3230 3154
f 3154 3194 3193
f 3154 3329 3227
f 3318 3321 3154
f 3154 3292 3291
f 3154 3264 3265
f 3275 3273 3154
f 3184 3185 3154
f 3154 3191 3190
f 3331 3330 3154
f 3154 3146 3145
f 3154 3229 3228
f 3154 3221 3222
f 3154 3251 3250
f 3310 3313 3154
f 3154 3266 3253
f 3154 3147 3224
f 3253 3252 3154
f 3224 3223 3154
f 3189 3188 3154
f 3239 3238 3154
f 3154 3317 3316
f 3315 3314 3154
f 3154 3311 3310
f 3154 3330 3289
f 3289 3288 3154
f 3149 3148 3154
f 3291 3290 3154
f 3154 3178 3179
f 3154 3272 3278
f 3281 3280 3154
f 3259 3258 3154
f 3222 3218 3154
f 3216 3215 3154
f 3154 3201 3200
f 3298 3297 3154
f 3154 3312 3315
f 3302 3303 3154
f 3316 3300 3154
f 3230 3229 3154
f 3287 3305 3154
f 3154 3306 3309
f 3154 3148 3147
f 3154 3145 3158
f 3154 3286 3285
f 3294 3293 3154
f 3257 3260 3154
f 3227 3226 3154
f 3154 3248 3247
f 3154 3256 3255
f 3154 3218 3217
f 3225 3319 3154
f 3154 3185 3225
f 3154 3232 3231
f 3154 3209 3208
f 3154 3186 3184
f 3154 3190 3189
f 3193 3192 3154
f 3200 3199 3154
f 3154 3314 3317
f 3154 3313 3312
f 3154 3301 3302
f 3154 3308 3311
f 3154 3305 3307
f 3307 3306 3154
f 3154 3299 3298
f 3144 3173 3154
f 3167 3161 3154
f 3154 3303 3286
f 3154 3320 3144
f 3269 3270 3154
f 3154 3170 3172
f 3154 3274 3275
f 3278 3279 3154
f 3154 3261 3259
f 3154 3280 3267
f 3265 3263 3154
f 3250 3249 3154
f 3154 3236 3235
f 3231 3254 3154
f 3154 3219 3220
f 3220 3221 3154
f 3319 3318 3154
f 3154 3215 3214
f 3211 3210 3154
f 3154 3212 3211
f 3208 3207 3154
f 3187 3186 3154
f 3154 3188 3187
f 3204 3203 3154
f 3197 3196 3154
f 3154 3198 3197
f 3154 3295 3294
f 3304 3301 3154
f 3154 3290 3304
f 3326 3327 3154
f 3154 3162 3164
f 3154 3165 3159
f 3159 3160 3154
f 3153 3152 3154
f 3285 3320 3154
f 3293 3292 3154
f 3154 3270 3271
f 3154 3273 3272
f 3154 3282 3281
f 3276 3283 3154
f 3154 3277 3276
f 3258 3264 3154
f 3154 3268 3269
f 3267 3266 3154
f 3158 3157 3154
f 3237 3236 3154
f 3154 3238 3237
f 3154 3240 3239
f 3154 3223 3219
f 3235 3234 3154
f 3214 3213 3154
f 3210 3209 3154
f 3202 3201 3154
f 3154 3203 3202
f 3205 3204 3154
f 3192 3191 3154
f 3154 3206 3205
f 3196 3195 3154
f 3154 3297 3296
f 3296 3295 3154
f 3300 3299 3154
f 3183 3182 3154
f 3154 3176 3177
f 3179 3180 3154
f 3154 3173 3174
f 3154 3175 3168
f 3152 3178 3154
f 3154 3166 3167
f 3271 3274 3154
f 3284 3282 3154
f 3154 3283 3284
f 3279 3277 3154
f 3154 3260 3261
f 3154 3226 3257
f 3262 3268 3154
f 3154 3263 3262
f 3154 3252 3251
f 3168 3169 3154
f 3247 3246 3154
f 3241 3240 3154
f 3154 3254 3256
f 3243 3242 3154
f 3154 3328 3329
f 3324 3325 3154
f 3213 3212 3154
f 3207 3206 3154
f 3199 3198 3154
f 3195 3194 3154
f 3154 3323 3324
f 3161 3162 3154
f 3154 3151 3183
f 3154 3150 3149
f 3174 3175 3154
f 3164 3163 3154
f 3172 3166 3154
f 3156 3155 3154
f 3154 3246 3245
f 3249 3248 3154
f 3154 3242 3241
f 3233 3232 3154
f 3154 3234 3233
f 3154 3244 3243
f 3154 3325 3326
f 3321 3322 3154
f 3182 3181 3154
f 3180 3176 3154
f 3177 3151 3154
f 3154 3163 3165
f 3171 3170 3154
f 3154 3157 3156
f 3245 3244 3154
f 3154 3327 3328
f 3322 3323 3154
f 3181 3150 3154
f 3160 3146 3154
f 3154 3169 3171
f 448 71 774
f 448 882 873
f 65 715 448
f 740 72 448
f 774 773 448
f 72 71 448
f 448 66 65
f 873 860 448
f 1370 973 448
f 448 715 740
f 448 775 181
f 69 68 448
f 1399 1372 448
f 448 687 688
f 845 771 448
f 448 853 845
f 685 686 448
f 448 891 882
f 448 773 1399
f 688 66 448
f 448 1371 1370
f 771 775 448
f 448 860 853
f 181 346 448
f 942 925 448
f 448 684 685
f 912 891 448
f 448 973 942
f 502 684 448
f 448 475 502
f 448 346 446
f 448 925 912
f 446 447 448
f 448 68 475
f 448 686 687
f 1372 1371 448
