# T-shirt cloth mesh for OmniSim `Cloth { url ... }` -- SUBDIVIDED.
# GENERATED by scripts/dev/subdivide_garment.py -- do not hand-edit.
# source: tshirt_hi.obj (2394 v / 4674 tri), 0 level(s) of Loop subdivision
# 2394 verts, 4678 tris, surface 0.6920 m^2 (source 0.6918, --0.03% -- Loop is an
#   approximating scheme, so the surface pulls in slightly; `density` is kg/m^2
#   so the garment's MASS drops by the same -0.03%)
# edge length m: min 0.00605  p05 0.01194  mean 0.01962  p95 0.02817  max 0.04346
# min tri area 7.598e-06 m^2, degenerate 0, duplicate tris 0, orphan verts 0, zero-length edges 0, aspect p95 4.21 max 44.20
# welded: 2394 positions, 2394 unique at the written 1e-6 precision (0 duplicates)
# non-manifold edges 0 (must be 0), boundary edges 114 in 4 loops [52, 27, 18, 17]
#   -- a t-shirt is a surface with four holes: hem, neck, two cuffs
# local frame: bbox centred on XY, lowest vertex at z = 0, re-applied after subdivision (offset -0.000000 -0.000000 -0.000000 m)
# max local z 0.6448 (source 0.6448); `pinTopBand 0.06` selects 134 verts (source 134)
# uv: inherited from the source unchanged and subdivided LINEARLY (new uv = edge
#   midpoint, old uvs untouched), so this is the SAME piecewise-linear map the
#   source carries, merely sampled more finely. One uv per position, vt index ==
#   v index -- OmCloth welds by position and keeps the first uv, so a seam here
#   would not survive the load. 35.42 uv-area/m^2 = 5.95 tiles/m.
#
# repaired BEFORE subdividing (defects inherited from the source asset):
#   winding: 1 face(s) flipped to agree with their neighbours, 1 shell(s), 0 residual
#   filled tear: 4-vertex loop, perimeter 0.0487 m, z 0.563..0.573, x -0.208..-0.188
#   filled tear: 4-vertex loop, perimeter 0.0577 m, z 0.506..0.523, x -0.023..-0.007
#   kept opening: 18-vertex loop, perimeter 0.3587 m, z 0.329..0.380
#   kept opening: 52-vertex loop, perimeter 0.9910 m, z 0.000..0.012
#   kept opening: 27-vertex loop, perimeter 0.4539 m, z 0.587..0.645
#   kept opening: 17-vertex loop, perimeter 0.3497 m, z 0.334..0.381
v 0.075264 0.280039 0.009529
v 0.095512 0.290386 0.018295
v 0.073246 0.296941 0.021230
v -0.021276 0.317322 0.011332
v 0.004190 0.325300 0.007574
v 0.002138 0.318241 0.009707
v 0.036673 0.305679 0.007667
v 0.022239 0.316933 0.008714
v 0.040772 0.319247 0.008849
v -0.043566 0.317676 0.009979
v -0.058453 0.299157 0.018252
v -0.055561 0.315280 0.011842
v -0.070592 0.293009 0.015279
v -0.077742 0.295227 0.018857
v 0.059668 0.314957 0.009238
v 0.056425 0.302293 0.013856
v -0.076493 0.272785 0.010245
v -0.049575 0.217891 0.010778
v -0.041492 0.225318 0.009911
v -0.054793 0.228872 0.012506
v -0.041259 0.223845 0.021301
v -0.052232 0.240710 0.014594
v -0.005297 0.217634 0.007714
v -0.013826 0.223274 0.014607
v -0.022220 0.207447 0.024285
v -0.089983 0.252200 0.011463
v -0.074200 0.253475 0.010612
v -0.073684 0.265536 0.018659
v 0.005449 0.214413 0.018618
v 0.008665 0.216077 0.010355
v -0.012333 0.207737 0.008240
v 0.009537 0.202803 0.008202
v 0.000592 0.222581 0.009479
v -0.061002 0.254873 0.010919
v -0.068265 0.240275 0.008014
v -0.071509 0.229442 0.010403
v 0.022654 0.215982 0.010923
v 0.039002 0.219074 0.010780
v 0.028308 0.231259 0.012682
v 0.164182 -0.323353 0.008095
v 0.167364 -0.305672 0.007762
v 0.193019 -0.327346 0.009233
v 0.189817 -0.320739 0.017892
v 0.179486 -0.323858 0.025740
v 0.094012 -0.331196 0.010459
v 0.075256 -0.331290 0.010546
v 0.078096 -0.310188 0.010347
v 0.186358 -0.310356 0.025588
v 0.166734 -0.322382 0.010748
v 0.172890 -0.308110 0.012266
v 0.122232 -0.330562 0.010356
v 0.107976 -0.325721 0.010296
v 0.123673 -0.311194 0.010170
v -0.218919 -0.321140 0.030230
v -0.208875 -0.318143 0.019885
v -0.196892 -0.326630 0.011404
v 0.095828 -0.311699 0.009416
v -0.034831 -0.311993 0.010210
v -0.037297 -0.331128 0.010363
v -0.051311 -0.316164 0.010293
v 0.056342 -0.309240 0.010158
v 0.056496 -0.331330 0.010603
v 0.036167 -0.313092 0.010137
v 0.037752 -0.331233 0.010659
v 0.016609 -0.318571 0.010316
v -0.051485 -0.336044 0.010879
v -0.067239 -0.329382 0.010715
v 0.149040 -0.330844 0.010258
v 0.136644 -0.334802 0.010322
v 0.001808 -0.329290 0.010297
v -0.018407 -0.311749 0.010065
v 0.000282 -0.311283 0.009813
v -0.077379 -0.323430 0.010527
v -0.089001 -0.315779 0.010137
v -0.079570 -0.315911 0.010357
v -0.018425 -0.331068 0.010485
v -0.087805 -0.330704 0.010750
v -0.103685 -0.330397 0.010997
v -0.103006 -0.310110 0.010698
v -0.117795 -0.324921 0.010967
v -0.080025 -0.335785 0.010991
v -0.154737 -0.307932 0.007615
v -0.132316 -0.329312 0.011110
v -0.156077 -0.329543 0.011258
v -0.093117 -0.331966 0.013819
v -0.074021 -0.331858 0.013796
v -0.088276 -0.316946 0.013130
v -0.145445 -0.320192 0.013261
v -0.147249 -0.306394 0.025929
v -0.137507 -0.300580 0.015114
v -0.112066 -0.330741 0.016267
v -0.105482 -0.317073 0.020929
v 0.098613 -0.314986 0.021127
v 0.115223 -0.297357 0.019337
v 0.106292 -0.302564 0.016040
v -0.200865 -0.325637 0.032139
v -0.190227 -0.311960 0.021198
v -0.196870 -0.306405 0.033285
v -0.126999 -0.310815 0.026822
v 0.115081 -0.282547 0.014026
v 0.129058 -0.294546 0.015602
v 0.132923 -0.283961 0.024796
v -0.182459 -0.324659 0.027032
v 0.080271 -0.306083 0.025310
v 0.093277 -0.303714 0.011950
v 0.079144 -0.323104 0.019658
v -0.130733 -0.326652 0.013876
v 0.039706 -0.309885 0.012869
v 0.061320 -0.325444 0.016496
v 0.063173 -0.309977 0.018089
v 0.025921 -0.314773 0.013615
v 0.022293 -0.330005 0.013671
v 0.041945 -0.328157 0.014675
v 0.002064 -0.312614 0.012837
v 0.004394 -0.329163 0.013320
v 0.127465 -0.269088 0.009019
v 0.131865 -0.283175 0.015029
v 0.144684 -0.276004 0.016667
v -0.012099 -0.316317 0.013044
v 0.106709 -0.284922 0.031494
v 0.127244 -0.296684 0.017309
v 0.113804 -0.283415 0.016636
v 0.139322 -0.305545 0.013588
v 0.155023 -0.300792 0.013387
v 0.143472 -0.280170 0.006077
v -0.090301 0.211780 0.015161
v -0.078752 0.213448 0.010944
v -0.089757 0.226679 0.010923
v -0.011601 0.178073 0.009084
v -0.010616 0.196228 0.006970
v -0.204681 -0.187877 0.020590
v -0.203180 -0.211146 0.034680
v -0.193296 -0.204823 0.043954
v -0.160298 -0.248172 0.018251
v -0.141036 -0.265372 0.010894
v -0.140012 -0.241646 0.015673
v -0.143510 -0.016013 0.036730
v -0.133731 -0.027917 0.030381
v -0.131681 -0.011490 0.025229
v 0.006046 0.104256 0.009713
v 0.020899 0.102566 0.021516
v -0.000370 0.109689 0.018387
v -0.126561 0.152708 0.016665
v -0.123392 0.173764 0.016233
v -0.143314 0.172929 0.011125
v -0.033445 0.197031 0.017442
v -0.033453 0.180658 0.016462
v -0.027782 0.200197 0.025208
v -0.178150 -0.080400 0.031743
v -0.161246 -0.060938 0.030677
v -0.181029 -0.057902 0.029582
v -0.169940 0.243044 0.010432
v -0.167501 0.230656 0.010747
v -0.149505 0.233635 0.011531
v 0.023644 0.178369 0.015093
v 0.002023 0.177282 0.011845
v 0.021159 0.159297 0.010430
v 0.136178 0.202409 0.009606
v 0.131827 0.186391 0.015196
v 0.150577 0.186101 0.012688
v 0.138095 0.145124 0.010099
v 0.133549 0.164146 0.009476
v 0.114283 0.127693 0.016271
v -0.143881 0.014429 0.018435
v -0.168636 0.007421 0.023229
v -0.167593 0.021466 0.016145
v 0.174846 -0.017029 0.010462
v 0.174872 -0.037591 0.012475
v 0.188830 -0.029867 0.027161
v 0.040729 0.199626 0.009996
v 0.026265 0.201656 0.012289
v 0.169839 0.184527 0.007032
v 0.187790 0.185244 0.008392
v 0.188301 0.204701 0.023181
v -0.173850 0.206146 0.020430
v -0.166582 0.220845 0.014818
v -0.181942 0.214130 0.013590
v -0.158608 0.182608 0.010901
v -0.175446 0.192117 0.024505
v -0.163174 0.170494 0.012564
v -0.144489 0.190597 0.009058
v -0.159765 0.205956 0.016721
v -0.158985 0.190624 0.016273
v -0.063941 0.215448 0.011029
v -0.073602 0.206014 0.010908
v -0.055489 0.203251 0.009980
v -0.162321 0.079922 0.015027
v -0.150046 0.079815 0.012831
v -0.136704 0.081717 0.009506
v -0.187757 0.236148 0.009721
v -0.092704 0.240195 0.008391
v -0.106478 0.247881 0.010473
v -0.174033 0.171094 0.023857
v -0.167751 -0.048933 0.023392
v -0.157828 -0.030985 0.024927
v -0.184959 -0.033709 0.016028
v 0.090501 -0.288267 0.021550
v 0.102268 -0.293064 0.025698
v 0.109395 -0.287945 0.010232
v -0.149175 -0.013473 0.022681
v -0.162600 0.004023 0.019946
v -0.173834 -0.013690 0.017071
v -0.051411 0.188063 0.011067
v -0.050331 0.178365 0.013649
v 0.048770 0.189838 0.009683
v 0.042406 0.176320 0.013911
v 0.059342 0.183717 0.009543
v 0.187438 -0.008932 0.026465
v 0.183976 0.007975 0.025040
v 0.172275 0.002238 0.009887
v 0.153219 -0.211764 0.033076
v 0.157625 -0.196625 0.021866
v 0.141670 -0.208139 0.028262
v -0.197072 0.212299 0.020257
v -0.192783 0.224263 0.015795
v 0.136458 -0.258060 0.005232
v 0.151362 -0.280772 0.006011
v 0.149162 -0.259799 0.009804
v -0.139122 0.000171 0.022319
v 0.106400 0.228790 0.010181
v 0.082318 0.222945 0.010960
v 0.100349 0.221433 0.010249
v 0.039168 0.095676 0.011217
v 0.049568 0.084466 0.009644
v 0.055020 0.094848 0.010041
v 0.180506 0.025688 0.026994
v 0.159321 0.018389 0.021577
v 0.156027 0.009407 0.028824
v 0.005565 0.193095 0.008367
v 0.153441 0.200917 0.009359
v 0.169768 0.201178 0.008693
v 0.150415 0.127325 0.009807
v 0.163250 0.142000 0.009825
v 0.151439 0.145684 0.009901
v 0.062749 0.213284 0.008900
v 0.059478 0.200802 0.010924
v 0.071079 0.210617 0.009632
v -0.109006 0.211033 0.016196
v -0.110420 0.235268 0.011229
v 0.186078 -0.045899 0.026556
v 0.177163 -0.057814 0.013635
v 0.192306 -0.065282 0.023593
v 0.177316 0.230627 0.023720
v 0.169498 0.220955 0.018158
v 0.174275 0.210869 0.013742
v 0.165378 0.161426 0.007981
v 0.167392 0.173721 0.008817
v 0.131180 0.110263 0.009630
v 0.144957 0.121724 0.014183
v 0.129313 0.125333 0.016182
v 0.083699 0.206748 0.010289
v -0.129582 0.221581 0.010137
v -0.147487 0.221985 0.011116
v -0.145527 0.208150 0.010119
v -0.037631 0.200546 0.009235
v -0.138484 0.114079 0.021745
v -0.162616 0.118436 0.014675
v -0.157984 0.097559 0.021759
v 0.167322 0.119387 0.018136
v 0.145893 0.110942 0.014749
v 0.154486 0.103351 0.010772
v 0.155422 0.214932 0.009537
v 0.155436 0.222674 0.017371
v 0.152469 0.162849 0.010797
v 0.151417 0.091615 0.012090
v -0.153674 0.134304 0.011151
v -0.158348 0.156989 0.011019
v -0.012030 0.159078 0.011235
v 0.005817 0.159035 0.009697
v -0.145668 0.036518 0.034628
v -0.147871 0.015076 0.032990
v -0.129889 0.032248 0.025473
v -0.116531 0.084488 0.010363
v -0.112260 0.095455 0.014622
v -0.118080 0.101994 0.010445
v -0.145634 0.049303 0.029468
v -0.160423 0.030085 0.037691
v 0.133371 0.061286 0.017747
v 0.146619 0.057370 0.015781
v 0.153786 0.057432 0.017065
v 0.122818 -0.268860 0.011925
v 0.119776 -0.264009 0.027862
v 0.104209 -0.271995 0.014862
v 0.165362 -0.277332 0.021502
v 0.161001 -0.298521 0.008912
v -0.208640 -0.167816 0.017510
v -0.198010 -0.164869 0.034025
v -0.209675 -0.144697 0.012127
v -0.113189 0.259920 0.010485
v -0.098043 0.263928 0.010474
v -0.128253 0.235876 0.011781
v 0.116243 0.188607 0.010662
v 0.115881 0.175838 0.008625
v 0.118023 0.167688 0.008171
v 0.100439 0.183262 0.013545
v 0.096294 0.144440 0.018716
v 0.113294 0.153393 0.013722
v 0.097039 0.165287 0.010013
v -0.153632 0.250549 0.010432
v -0.125472 0.209788 0.010862
v 0.100502 0.206659 0.010084
v -0.070284 0.182760 0.010847
v -0.105732 0.184074 0.015330
v -0.089233 0.187281 0.009434
v -0.108138 0.197139 0.015987
v -0.117472 0.147458 0.013173
v -0.121368 0.135206 0.011646
v -0.101137 0.149118 0.015787
v -0.134906 0.127012 0.013158
v -0.139789 0.133148 0.011033
v -0.101440 0.117601 0.018727
v -0.098910 0.131398 0.011157
v -0.112794 0.117078 0.020759
v 0.171369 0.136031 0.011410
v 0.152590 0.173445 0.009565
v -0.018352 0.164236 0.031027
v -0.123683 0.183942 0.011783
v -0.124711 0.194400 0.011388
v 0.159693 0.052645 0.031856
v 0.140343 0.039298 0.014573
v -0.151620 -0.301302 0.029182
v -0.163836 -0.290633 0.025244
v -0.167251 -0.291673 0.012581
v -0.158194 -0.278171 0.027912
v -0.155000 -0.257916 0.024695
v -0.173187 -0.278715 0.024303
v -0.154428 -0.307822 0.010593
v -0.173062 -0.279847 0.011943
v -0.173276 -0.255059 0.015908
v -0.145885 -0.283202 0.017092
v -0.134031 -0.295158 0.032543
v -0.130373 -0.284750 0.025326
v 0.164527 -0.262448 0.023538
v 0.143934 -0.247351 0.019070
v -0.208621 -0.107406 0.010134
v -0.210004 -0.125278 0.010454
v -0.194682 -0.112728 0.023404
v 0.079080 0.183991 0.014639
v 0.073994 0.167721 0.009772
v 0.082466 0.169389 0.010214
v 0.058011 0.173137 0.010979
v 0.041595 0.165325 0.009613
v 0.077630 0.142775 0.019554
v 0.074798 0.134480 0.011542
v 0.096492 0.129490 0.009074
v 0.060107 0.161499 0.009896
v 0.057979 0.146431 0.021432
v 0.039559 0.154447 0.021389
v 0.056218 0.128369 0.009550
v 0.035995 0.109495 0.009898
v 0.055132 0.109917 0.014319
v 0.038529 0.127439 0.010169
v 0.018772 0.128314 0.014620
v 0.018287 0.113616 0.011205
v 0.070039 0.123989 0.008377
v 0.089473 0.107294 0.012155
v 0.083716 0.119363 0.008671
v 0.036066 0.081521 0.023706
v 0.050783 0.072086 0.013598
v 0.090036 0.154518 0.012700
v 0.111306 0.140032 0.014228
v 0.111386 0.109576 0.011132
v 0.106469 0.092290 0.020845
v -0.077436 0.102851 0.010878
v -0.078867 0.085971 0.022168
v -0.062315 0.079325 0.019716
v -0.182333 -0.259650 0.024081
v -0.186204 -0.249338 0.040537
v -0.186447 -0.270122 0.023484
v -0.173092 -0.306605 0.010852
v -0.119175 -0.289424 0.012089
v -0.125895 -0.308038 0.012194
v -0.106314 -0.301702 0.024745
v 0.140271 -0.125542 0.011160
v 0.133812 -0.140999 0.008640
v 0.146381 -0.138646 0.029173
v 0.138192 -0.109068 0.010465
v 0.144182 -0.098121 0.015244
v 0.120805 -0.096010 0.010999
v 0.134941 -0.267008 0.021247
v 0.154665 -0.305489 0.027158
v 0.145125 -0.276591 0.010972
v 0.156780 -0.287999 0.009021
v -0.158392 -0.002837 0.024248
v -0.170544 -0.020113 0.031789
v -0.158271 -0.007371 0.043943
v -0.174368 -0.038454 0.035413
v -0.069296 -0.316807 0.013472
v -0.052211 -0.296190 0.013170
v -0.071787 -0.299068 0.013395
v 0.054363 -0.291526 0.012707
v 0.089900 0.073139 0.011400
v 0.108224 0.080386 0.016025
v 0.073812 0.113572 0.010221
v -0.092056 0.111674 0.016776
v -0.081582 0.115650 0.010768
v -0.080452 0.126856 0.017671
v -0.009765 0.155248 0.016712
v -0.025107 0.155268 0.011684
v -0.015009 0.136294 0.024223
v -0.084851 0.166695 0.011497
v -0.092655 0.171514 0.015361
v -0.107408 0.165703 0.009165
v -0.010583 0.114923 0.008282
v 0.008668 0.092833 0.010131
v -0.182768 -0.239686 0.025195
v -0.176466 -0.234981 0.034088
v -0.186049 -0.222136 0.031772
v -0.188661 -0.268329 0.034951
v -0.114490 -0.275792 0.012415
v 0.134104 -0.210716 0.011009
v 0.134851 -0.198155 0.015480
v 0.117380 -0.208528 0.011004
v 0.137757 -0.232057 0.010045
v 0.126543 -0.240853 0.009906
v 0.159686 -0.175238 0.015799
v 0.149822 -0.191346 0.030125
v 0.150536 -0.288186 0.025972
v 0.156486 -0.271021 0.027831
v -0.179124 -0.131678 0.028055
v -0.177313 -0.115177 0.030581
v -0.050256 -0.316710 0.013250
v -0.068527 0.153609 0.010050
v -0.065998 0.140287 0.010276
v -0.045760 0.136515 0.016054
v -0.063689 0.119201 0.011418
v -0.065340 0.134115 0.016411
v -0.040193 0.150296 0.009964
v -0.031165 0.138641 0.009666
v -0.033997 0.165650 0.028377
v -0.086415 0.149597 0.010925
v 0.019630 0.145248 0.023322
v 0.006049 0.150369 0.009370
v 0.003883 0.141437 0.012720
v -0.004507 0.135262 0.012424
v 0.004704 0.130222 0.028115
v 0.002633 0.155572 0.022426
v -0.182459 -0.145560 0.026013
v -0.181424 -0.165763 0.024958
v -0.178339 -0.265794 0.019867
v -0.188455 -0.227856 0.044705
v -0.181530 -0.200451 0.031895
v -0.174156 -0.209901 0.029377
v 0.141629 -0.266969 0.020480
v 0.153969 -0.253696 0.027274
v 0.142320 -0.252189 0.040503
v 0.134026 -0.235481 0.043001
v 0.131572 -0.243077 0.022771
v 0.122976 -0.224806 0.020951
v 0.148117 -0.234166 0.027181
v 0.120146 -0.213738 0.023529
v 0.125605 -0.228742 0.027972
v 0.125877 -0.217435 0.034962
v 0.139434 -0.216642 0.025613
v 0.133698 -0.211119 0.043364
v 0.121463 -0.179621 0.032441
v 0.123149 -0.171094 0.027805
v 0.130794 -0.194046 0.042729
v 0.113665 -0.166686 0.022606
v 0.127904 -0.166013 0.023817
v 0.113608 -0.184974 0.027423
v 0.125894 -0.175968 0.014779
v 0.121175 -0.188513 0.008656
v 0.128756 -0.156621 0.009443
v 0.136888 -0.221365 0.017647
v -0.176189 -0.058965 0.017386
v -0.182055 -0.077033 0.015553
v -0.191475 -0.094152 0.021021
v -0.206188 -0.091339 0.014043
v -0.179138 -0.096425 0.025337
v 0.177503 -0.107307 0.023717
v 0.151762 -0.118267 0.030122
v 0.168167 -0.131615 0.027739
v 0.164876 -0.103740 0.033789
v 0.151569 -0.107255 0.021611
v 0.159243 -0.069938 0.026342
v 0.167304 -0.070007 0.019061
v 0.148856 -0.063975 0.030439
v 0.159700 -0.084826 0.031191
v 0.176828 -0.086597 0.030364
v 0.187681 -0.089018 0.010091
v -0.173626 -0.149590 0.017237
v -0.161750 -0.136284 0.011657
v -0.173280 -0.190732 0.018072
v -0.185509 -0.183626 0.033039
v -0.198903 -0.185746 0.038097
v -0.164551 -0.197955 0.013496
v -0.104513 -0.279641 0.028013
v -0.115146 -0.264425 0.015602
v -0.130515 -0.246934 0.012811
v 0.125406 -0.206255 0.031263
v 0.114959 -0.170526 0.036058
v -0.154996 -0.044365 0.032821
v -0.136872 -0.061365 0.026750
v -0.135330 -0.043762 0.028560
v -0.000693 -0.259164 0.012847
v 0.017248 -0.277167 0.020444
v 0.018694 -0.258310 0.021168
v 0.035119 -0.259098 0.012562
v 0.033063 -0.294917 0.012463
v 0.015057 -0.296630 0.018105
v 0.163818 -0.056618 0.027875
v 0.171523 -0.032230 0.028009
v 0.151900 -0.047996 0.026746
v 0.153857 -0.019917 0.030459
v 0.160318 -0.007347 0.029340
v 0.134212 -0.011534 0.029142
v 0.002415 0.088723 0.012159
v -0.012813 0.096366 0.009459
v 0.018714 0.091951 0.021385
v -0.169677 -0.178931 0.015109
v -0.163391 -0.166891 0.012828
v -0.198424 -0.132740 0.026301
v -0.091582 -0.294556 0.013398
v -0.093868 -0.262394 0.015731
v 0.049630 -0.199097 0.012406
v 0.054758 -0.223466 0.012413
v 0.064274 -0.200792 0.012285
v -0.078245 -0.116737 0.014589
v -0.076393 -0.099703 0.014621
v -0.086639 -0.104199 0.011875
v -0.040838 -0.279520 0.013276
v -0.056144 -0.273440 0.013154
v -0.078314 -0.240736 0.012960
v -0.091265 -0.241946 0.021536
v 0.123612 -0.062513 0.013491
v 0.095093 -0.058759 0.011572
v 0.107922 -0.048477 0.017677
v 0.100057 -0.031207 0.012077
v 0.102643 -0.116223 0.012586
v 0.112823 -0.115046 0.024999
v 0.106082 -0.135164 0.014622
v 0.108838 -0.151823 0.023994
v 0.102840 -0.143472 0.037433
v 0.116767 -0.123680 0.019268
v 0.119307 -0.118379 0.010506
v 0.101588 -0.103652 0.009597
v 0.022228 0.076639 0.014985
v 0.114124 0.041320 0.022117
v 0.107613 0.027328 0.009949
v 0.120891 0.023426 0.024288
v 0.018898 0.063218 0.022584
v 0.036948 0.050223 0.026049
v 0.040966 0.064008 0.028895
v 0.073871 0.091713 0.016606
v 0.090194 0.090507 0.018470
v 0.060749 0.062162 0.025538
v 0.082229 0.065857 0.009612
v 0.066590 0.066051 0.011332
v 0.075015 0.064603 0.017995
v 0.029594 0.050030 0.013532
v 0.040446 0.034603 0.012776
v 0.057721 0.023691 0.025013
v 0.059194 0.010014 0.013441
v 0.078056 0.015946 0.027405
v 0.096322 0.064379 0.015170
v 0.084307 0.056386 0.014697
v -0.200582 -0.145647 0.028580
v -0.127576 -0.232698 0.012010
v -0.153048 -0.193005 0.013010
v -0.171036 -0.253023 0.034365
v 0.099926 -0.232703 0.009948
v 0.113762 -0.229868 0.011614
v 0.107462 -0.219714 0.020922
v -0.140796 -0.079783 0.016399
v -0.130490 -0.068707 0.015253
v -0.070312 -0.126950 0.014045
v -0.051817 -0.130847 0.015527
v -0.060601 -0.113941 0.010725
v 0.096417 -0.166415 0.033825
v 0.070607 -0.126009 0.016580
v 0.089805 -0.110411 0.026411
v 0.076717 -0.105011 0.011343
v 0.078588 -0.062441 0.010864
v 0.082782 -0.042833 0.011260
v 0.072429 -0.043131 0.010539
v -0.155907 -0.234321 0.014272
v -0.169934 -0.224416 0.020151
v -0.122954 -0.023869 0.020100
v -0.127923 -0.087508 0.013230
v -0.053942 -0.241065 0.013027
v -0.053529 -0.255021 0.013073
v -0.032380 -0.254369 0.012852
v -0.072317 -0.277254 0.013257
v -0.073255 -0.257004 0.013230
v 0.025654 -0.241705 0.013340
v 0.048761 -0.236564 0.012462
v 0.098033 -0.145556 0.013259
v 0.110730 -0.125929 0.031462
v 0.032609 0.004217 0.011165
v 0.043773 -0.010833 0.011105
v 0.046647 0.009543 0.010419
v -0.017013 -0.188471 0.012085
v -0.004505 -0.201445 0.021820
v -0.001355 -0.187765 0.022168
v 0.013751 -0.204277 0.012643
v 0.031083 -0.221467 0.012371
v 0.035668 -0.198431 0.012348
v 0.105309 -0.267760 0.010476
v 0.085361 -0.265042 0.012936
v 0.066863 -0.271355 0.013249
v 0.050752 -0.271407 0.018473
v 0.067297 -0.289921 0.013039
v 0.053441 -0.254872 0.014372
v 0.066135 -0.255741 0.021726
v -0.146905 -0.000108 0.033801
v -0.106968 -0.007723 0.020255
v -0.123512 0.000169 0.025623
v -0.072623 -0.223749 0.017718
v -0.093500 -0.224480 0.013163
v 0.000918 -0.225385 0.014257
v 0.011567 -0.222315 0.021871
v -0.038835 -0.175560 0.013045
v -0.062944 -0.187032 0.012492
v -0.038320 -0.190760 0.012975
v -0.058988 -0.209602 0.012166
v -0.069236 -0.201680 0.017007
v -0.018481 -0.205395 0.012097
v -0.016543 -0.167076 0.012328
v -0.039670 -0.152235 0.012526
v 0.011089 -0.182788 0.012217
v 0.114763 0.052430 0.024390
v 0.109749 0.062384 0.025342
v 0.149565 0.036533 0.022952
v 0.151512 0.024642 0.017756
v 0.128290 0.039719 0.023755
v 0.140015 0.009180 0.029076
v 0.130578 0.007112 0.019220
v 0.140926 0.019805 0.027600
v 0.090369 -0.254398 0.018964
v 0.081773 -0.234843 0.013153
v 0.119671 -0.267520 0.008792
v 0.106655 -0.248451 0.015599
v 0.115210 -0.254772 0.010577
v 0.124783 -0.249739 0.011061
v -0.038504 -0.065492 0.013067
v -0.020241 -0.080640 0.022115
v -0.017703 -0.062647 0.021515
v 0.088499 0.010711 0.010060
v 0.114391 0.003192 0.010715
v 0.060664 -0.002179 0.011325
v 0.060518 -0.021209 0.010667
v 0.092710 -0.002863 0.015104
v 0.078633 -0.013025 0.010659
v 0.072964 -0.002245 0.027521
v 0.073506 0.032205 0.023104
v 0.070195 -0.022535 0.011364
v 0.073061 -0.033381 0.017002
v 0.110909 -0.029923 0.019835
v 0.126345 -0.041019 0.016303
v 0.136332 -0.025794 0.022620
v 0.063133 -0.221520 0.019631
v 0.082607 -0.213277 0.013876
v 0.084532 -0.199840 0.017672
v 0.100776 -0.216983 0.010466
v 0.105316 -0.194294 0.013053
v 0.074443 -0.170938 0.011059
v 0.063052 -0.163997 0.010617
v 0.085498 -0.182871 0.011970
v 0.076075 -0.142838 0.016006
v 0.101993 -0.158707 0.014663
v -0.055784 -0.076623 0.011022
v -0.044830 -0.085280 0.017135
v 0.060856 -0.128526 0.009688
v 0.054852 -0.149360 0.010011
v 0.097524 -0.072109 0.018153
v 0.080393 -0.066422 0.023766
v 0.079052 -0.081252 0.013700
v 0.036333 -0.024099 0.011582
v 0.060204 -0.038793 0.021271
v 0.050085 -0.036086 0.011155
v 0.043109 -0.052576 0.010743
v 0.074439 -0.041410 0.028519
v 0.102160 -0.173745 0.011538
v 0.093205 -0.124254 0.016164
v 0.029531 -0.100197 0.020341
v 0.028861 -0.074479 0.021587
v 0.015568 -0.080409 0.012091
v 0.063060 -0.093328 0.020745
v 0.074615 -0.094404 0.011932
v 0.033018 -0.057097 0.020347
v 0.045162 -0.079473 0.011213
v 0.028572 -0.041369 0.013199
v 0.021614 -0.026231 0.022236
v 0.010530 -0.044135 0.021936
v 0.010371 0.011134 0.021506
v 0.009628 -0.007169 0.021352
v 0.023760 -0.008430 0.020175
v -0.006540 -0.062326 0.011484
v 0.012431 -0.060718 0.013923
v 0.043129 -0.146590 0.011850
v 0.044143 -0.130981 0.020101
v 0.181394 0.042091 0.019526
v 0.161835 0.038451 0.019627
v -0.119261 0.066033 0.019432
v -0.146174 0.061199 0.015683
v -0.099158 0.099342 0.010470
v -0.100915 0.085295 0.019435
v -0.110493 0.080627 0.011175
v -0.083042 0.060041 0.023565
v -0.085072 0.071883 0.016464
v -0.092541 0.062405 0.011020
v -0.063579 0.096776 0.011323
v -0.057078 0.090313 0.015558
v -0.050938 0.092359 0.014172
v -0.022153 0.095753 0.008812
v -0.022873 0.103913 0.008798
v -0.029403 0.116638 0.008682
v -0.014603 0.095953 0.025098
v -0.017269 0.105566 0.024031
v -0.034191 0.025239 0.030141
v -0.047346 0.041687 0.014154
v -0.054250 0.028104 0.021726
v -0.043966 0.079727 0.010709
v -0.034251 0.092822 0.010106
v -0.046953 0.102027 0.011053
v -0.064713 0.063685 0.011761
v -0.075994 0.077379 0.023592
v -0.103423 0.015297 0.012876
v -0.087256 0.026966 0.011865
v -0.098068 0.031290 0.014791
v -0.063298 -0.042148 0.027069
v -0.077296 -0.065710 0.024326
v -0.056033 -0.054310 0.023841
v -0.087925 -0.025091 0.012499
v -0.083334 -0.025633 0.028855
v -0.084952 -0.010578 0.027585
v -0.124002 0.011933 0.020389
v -0.111362 0.026741 0.015663
v -0.112979 0.042837 0.019713
v -0.091403 0.045241 0.010874
v -0.132576 -0.190443 0.012838
v -0.139423 -0.212086 0.012724
v -0.152402 -0.208094 0.013053
v -0.147840 -0.221398 0.012675
v -0.140627 -0.232312 0.012336
v -0.135023 -0.221269 0.012589
v -0.107424 -0.187024 0.018440
v -0.115923 -0.190009 0.011961
v -0.104375 -0.190775 0.028483
v -0.107020 -0.245756 0.020026
v -0.124152 -0.244238 0.026517
v -0.110698 -0.231692 0.027540
v -0.102510 -0.258890 0.029346
v -0.168030 -0.150761 0.012784
v -0.141645 -0.171747 0.013819
v -0.125784 -0.152964 0.011334
v -0.149511 -0.151997 0.014020
v -0.107300 -0.153422 0.011244
v -0.116465 -0.144983 0.012940
v -0.143136 -0.136675 0.013250
v -0.144999 -0.120216 0.012495
v -0.144307 -0.103469 0.011631
v -0.129948 -0.102189 0.013293
v -0.083096 -0.140136 0.029443
v -0.091639 -0.135167 0.012412
v -0.095384 -0.149196 0.015495
v -0.124975 -0.116207 0.012738
v -0.102802 -0.119275 0.012905
v -0.118251 -0.096400 0.012543
v -0.058078 -0.097646 0.027714
v -0.111273 -0.041417 0.012930
v -0.093961 -0.067985 0.010010
v -0.088156 -0.056255 0.014161
v -0.103723 -0.026231 0.013429
v -0.072133 -0.079486 0.019925
v -0.058033 -0.072719 0.027794
v -0.056685 -0.062373 0.012021
v -0.038508 -0.100943 0.019088
v -0.053400 -0.091187 0.009970
v -0.086204 -0.004854 0.013643
v -0.002077 -0.134576 0.021492
v 0.017308 -0.133053 0.011686
v 0.006066 -0.120363 0.015376
v 0.013230 -0.098406 0.019949
v 0.025583 -0.113494 0.011901
v -0.092551 0.007090 0.010923
v -0.084403 0.012220 0.026259
v -0.008378 -0.009743 0.011161
v -0.020494 0.004623 0.026054
v -0.023223 -0.012732 0.024614
v 0.004584 -0.030575 0.013488
v -0.072239 -0.009479 0.017139
v -0.064075 -0.025493 0.025027
v -0.052481 -0.006005 0.011105
v -0.051378 0.012425 0.013469
v -0.071010 0.012317 0.011932
v -0.086733 0.045970 0.022411
v -0.076929 0.035755 0.024142
v -0.067916 0.045229 0.010373
v -0.065887 0.029794 0.010928
v -0.040599 -0.027315 0.011395
v -0.035748 0.000142 0.014925
v -0.055109 -0.041408 0.010936
v -0.050658 -0.018322 0.010540
v -0.010504 0.043214 0.009828
v -0.015794 0.064959 0.012092
v -0.018748 0.065964 0.026820
v -0.021489 0.081229 0.025886
v -0.026593 0.076551 0.009486
v -0.023451 0.041148 0.028693
v -0.049829 0.059014 0.010874
v -0.029860 0.011989 0.027855
v -0.026468 0.062266 0.013788
v -0.026168 -0.032961 0.022917
v -0.036216 -0.046453 0.012296
v -0.011740 0.081792 0.008607
v -0.032703 0.041126 0.019702
v -0.104902 -0.135351 0.010955
v -0.071054 -0.119242 0.029156
v -0.099245 -0.098540 0.012250
v -0.072731 -0.149437 0.011796
v -0.088945 -0.193332 0.012587
v -0.088941 -0.171509 0.013805
v -0.097265 -0.166101 0.029422
v -0.105446 -0.174596 0.015631
v -0.075707 -0.177593 0.016001
v -0.054199 -0.164144 0.013273
v -0.086598 -0.122703 0.013065
v -0.129006 -0.141709 0.011344
v -0.124490 -0.129455 0.012954
v -0.093885 -0.085685 0.010767
v -0.054236 -0.150379 0.015647
v -0.114215 -0.173164 0.012812
v -0.126122 -0.179762 0.012858
v -0.003215 -0.093608 0.011620
v -0.257554 0.001670 0.009865
v -0.236283 -0.005947 0.009920
v -0.255561 -0.005051 0.010061
v -0.297376 0.021054 0.009812
v -0.300483 0.039797 0.007327
v -0.277264 0.025621 0.009138
v -0.318880 0.043114 0.008061
v -0.308072 0.043415 0.007280
v -0.242296 0.019501 0.009612
v -0.244204 0.005198 0.009380
v -0.258252 0.013673 0.009711
v -0.268018 0.010744 0.013958
v -0.248579 0.009791 0.012437
v -0.252364 0.023123 0.021544
v -0.221351 -0.012385 0.009944
v -0.207906 -0.007207 0.009141
v -0.306067 0.061464 0.006799
v -0.281108 0.010391 0.009971
v -0.313166 0.041912 0.010730
v -0.301828 0.045937 0.010294
v -0.309375 0.055625 0.010258
v -0.191185 -0.009273 0.008354
v -0.194095 -0.011728 0.023352
v -0.204198 -0.021630 0.009971
v -0.268396 0.033093 0.011338
v -0.304523 0.038692 0.009982
v -0.288344 0.051777 0.013891
v -0.211089 0.012490 0.017390
v -0.225183 -0.002292 0.025357
v -0.214482 0.001067 0.016494
v -0.332573 0.051202 0.018859
v -0.318298 0.053028 0.032305
v -0.313933 0.066270 0.024393
v -0.288400 0.032563 0.014090
v -0.207677 -0.006751 0.026001
v -0.205496 -0.010138 0.015069
v -0.232831 0.004072 0.016555
v -0.244210 0.000412 0.012420
v -0.177966 0.044098 0.029291
v -0.165740 0.043359 0.012393
v -0.167265 0.054844 0.012938
v -0.191901 0.015519 0.003303
v -0.181520 0.019331 0.007822
v -0.198566 0.003105 0.003953
v -0.215896 0.027640 0.010734
v -0.201922 0.032045 0.005689
v -0.220617 0.012690 0.009590
v -0.204451 0.028728 0.020941
v -0.187482 0.030214 0.024528
v -0.198352 0.026110 0.036319
v -0.216093 0.179367 0.013405
v -0.227847 0.188365 0.010681
v -0.229060 0.176519 0.010634
v -0.225680 0.034520 0.009471
v -0.223932 0.057071 0.009251
v -0.212577 0.040184 0.009593
v -0.218144 0.217043 0.014279
v -0.232240 0.215883 0.021766
v -0.225348 0.204024 0.010792
v -0.301346 0.081644 0.009879
v -0.193317 0.057407 0.009560
v -0.184302 0.046639 0.008375
v -0.206046 0.054457 0.008985
v -0.189924 0.072338 0.008523
v -0.206941 0.073162 0.009206
v -0.163917 0.065098 0.012731
v -0.174145 0.062665 0.025436
v -0.262493 0.177658 0.008333
v -0.253742 0.193994 0.015485
v -0.245851 0.187176 0.008820
v -0.174006 0.135511 0.023747
v -0.174889 0.153445 0.023348
v -0.187787 0.145670 0.013551
v -0.166700 0.026898 0.020065
v -0.182996 0.032547 0.017521
v -0.197024 0.196987 0.011880
v -0.190965 0.172041 0.010904
v -0.190764 0.188361 0.016083
v -0.263075 0.045185 0.010566
v -0.273874 0.047315 0.011685
v -0.188754 0.004619 0.014109
v -0.208318 0.000347 0.016592
v -0.196110 0.017533 0.004629
v -0.185907 0.009261 0.024991
v -0.198320 0.021822 0.013007
v -0.183928 0.022368 0.023637
v -0.220785 0.166383 0.010436
v -0.233523 0.160209 0.011144
v -0.199198 0.131416 0.017866
v -0.199627 0.142866 0.013460
v -0.183771 0.151543 0.008470
v -0.204968 0.146170 0.007965
v -0.208212 0.166453 0.008178
v -0.236708 0.084092 0.012004
v -0.247734 0.102070 0.015310
v -0.247932 0.084700 0.011987
v -0.273961 0.092412 0.011962
v -0.262792 0.089245 0.016000
v -0.207833 0.135949 0.010776
v -0.211858 0.121149 0.010168
v -0.195183 0.120044 0.023625
v -0.204308 0.113600 0.015269
v -0.214208 0.101087 0.009779
v -0.227933 0.081648 0.012465
v -0.211682 0.081134 0.011852
v -0.200167 0.098140 0.023050
v -0.232561 0.063871 0.012285
v -0.289961 0.089749 0.015239
v -0.280754 0.078956 0.015855
v -0.297644 0.099722 0.010794
v -0.204138 0.220957 0.008649
v -0.213850 0.233354 0.021831
v -0.237928 0.185869 0.019662
v -0.246382 0.204976 0.017650
v -0.211112 0.015307 0.033022
v -0.216882 0.035533 0.031696
v -0.199448 0.045616 0.024900
v -0.205901 0.172809 0.013695
v -0.193419 0.158835 0.011211
v -0.225548 0.135324 0.012182
v -0.229943 0.121198 0.012229
v -0.209311 0.155128 0.010847
v -0.246684 0.169411 0.021709
v -0.237748 0.143407 0.010527
v -0.259007 0.149246 0.020357
v -0.274540 0.161341 0.012040
v -0.258318 0.162258 0.016622
v -0.258288 0.117995 0.008917
v -0.257691 0.125126 0.009128
v -0.244081 0.119622 0.008476
v -0.248479 0.172389 0.008695
v -0.175553 0.044832 0.020781
v -0.294030 0.125412 0.014938
v -0.300881 0.106929 0.006983
v -0.294587 0.106264 0.021512
v -0.226278 0.128998 0.008728
v -0.230435 0.111604 0.009154
v -0.210454 0.065511 0.013579
v -0.244244 0.062217 0.012051
v -0.258058 0.056723 0.013743
v -0.251335 0.046815 0.011473
v -0.264451 0.152756 0.009246
v -0.253924 0.151430 0.008950
v -0.245097 0.132988 0.008292
v -0.242780 0.151577 0.008672
v -0.269077 0.133350 0.009039
v -0.224931 0.152798 0.007173
v -0.226413 0.172018 0.007267
v -0.236102 0.174537 0.008736
v -0.228785 0.181519 0.006278
v -0.238051 0.032052 0.016259
v -0.243712 0.035218 0.008526
v -0.302562 0.078489 0.006914
v -0.282148 0.063640 0.009504
v -0.292255 0.073465 0.019312
v -0.216203 0.213437 0.007175
v -0.228565 0.209319 0.007297
v -0.212642 0.229239 0.007252
v -0.231149 0.192281 0.007740
v -0.233456 0.043087 0.011723
v -0.252643 0.068198 0.011668
v -0.269437 0.067426 0.011967
v -0.215213 0.050113 0.013461
v -0.185511 0.053664 0.033370
v -0.191631 0.036799 0.035723
v -0.294029 0.053351 0.009556
v -0.279890 0.039988 0.008899
v -0.211133 0.115096 0.006864
v -0.208372 0.130970 0.007667
v -0.199775 0.107334 0.015304
v -0.280999 0.128521 0.008895
v -0.272594 0.115208 0.008555
v -0.283136 0.114022 0.008675
v -0.288258 0.097518 0.008346
v -0.289356 0.083478 0.009077
v -0.261882 0.093949 0.009223
v -0.247698 0.093070 0.009153
v -0.318338 0.087921 0.009085
v -0.306423 0.094984 0.008243
v -0.310405 0.075762 0.009449
v -0.328275 0.066210 0.013303
v -0.282099 0.143208 0.008039
v -0.268619 0.139395 0.022399
v -0.253462 0.126206 0.012126
v -0.245051 0.117700 0.011467
v -0.260184 0.108034 0.014233
v -0.272076 0.107241 0.011172
v -0.274523 0.098265 0.007605
v -0.287850 0.135546 0.011522
v -0.282411 0.114725 0.022196
v 0.183219 0.033138 0.019892
v 0.188645 0.018380 0.016950
v 0.202488 0.034482 0.019782
v 0.209142 0.024428 0.024041
v 0.219634 0.025074 0.035620
v 0.197249 0.050843 0.026768
v 0.191558 0.047795 0.016516
v 0.179596 0.052620 0.012873
v 0.195626 0.192157 0.012797
v 0.209781 0.188752 0.017416
v 0.175700 0.058648 0.035327
v 0.177071 0.054024 0.029573
v 0.224914 0.041105 0.012028
v 0.239455 0.031888 0.009606
v 0.246294 0.043809 0.008355
v 0.177640 0.060091 0.021754
v 0.193410 0.053351 0.034790
v 0.192544 0.076241 0.017909
v 0.194752 0.061600 0.023651
v 0.188195 0.168018 0.017356
v 0.171789 0.154306 0.009686
v 0.182483 0.156713 0.014099
v 0.298976 0.039559 0.007641
v 0.277401 0.022545 0.007879
v 0.278914 0.046203 0.000000
v 0.189013 0.146519 0.019696
v 0.187314 0.126346 0.020973
v 0.210808 0.133113 0.015040
v 0.199464 0.046129 0.008414
v 0.205089 0.032917 0.017211
v 0.179350 0.044180 0.013421
v 0.227922 0.023032 0.019925
v 0.210423 0.020601 0.019878
v 0.204860 0.017618 0.010471
v 0.212740 0.113245 0.013304
v 0.201340 0.111610 0.020236
v 0.217842 0.222588 0.019127
v 0.202756 0.220971 0.024805
v 0.207608 0.213603 0.013288
v 0.207841 0.189313 0.011716
v 0.231210 0.209703 0.001894
v 0.223775 0.186750 0.005664
v 0.173578 0.028373 0.007198
v 0.182495 0.109324 0.019007
v 0.216273 0.050831 0.034818
v 0.206496 0.064181 0.020274
v 0.201935 0.064591 0.025172
v 0.170597 0.096469 0.014217
v 0.194595 0.092508 0.019752
v 0.216861 0.170543 0.012047
v 0.227456 0.169750 0.008940
v 0.245147 0.056671 0.007422
v 0.226738 0.076326 0.009164
v 0.220237 0.062401 0.012480
v 0.225156 0.118300 0.010397
v 0.209212 0.093928 0.013185
v 0.208214 0.074198 0.013891
v 0.208761 0.059867 0.012937
v 0.304401 0.064650 0.020248
v 0.291710 0.075080 0.017799
v 0.285071 0.051884 0.001199
v 0.258422 0.044443 0.024728
v 0.259219 0.042384 0.009923
v 0.221117 0.182769 0.010047
v 0.239264 0.184177 0.008370
v 0.221128 0.202234 0.009597
v 0.219468 0.213833 0.009772
v 0.202650 0.220921 0.011369
v 0.234961 0.142762 0.010148
v 0.224636 0.146590 0.012439
v 0.227847 0.133090 0.010435
v 0.213003 0.154015 0.019003
v 0.204078 0.166042 0.010179
v 0.231154 0.106577 0.010034
v 0.221357 0.094762 0.008493
v 0.271781 0.177324 0.007930
v 0.256156 0.165055 0.010552
v 0.281624 0.162095 0.009200
v 0.246361 0.187115 0.005536
v 0.265347 0.186370 0.010805
v 0.256866 0.194362 0.014993
v 0.234983 0.159205 0.014451
v 0.251575 0.141275 0.009961
v 0.249070 0.156639 0.009817
v 0.264806 0.151953 0.010131
v 0.287042 0.152765 0.010872
v 0.260016 0.168219 0.006976
v 0.287255 0.117645 0.018567
v 0.294486 0.139171 0.010075
v 0.279449 0.130056 0.017479
v 0.225300 0.170083 0.005925
v 0.223552 0.147173 0.007603
v 0.245614 0.147067 0.006846
v 0.231398 0.194847 0.009103
v 0.240904 0.204238 0.019676
v 0.240598 0.108878 0.006883
v 0.235653 0.128005 0.007136
v 0.255033 0.126384 0.007318
v 0.220844 0.112196 0.007531
v 0.225674 0.132257 0.007632
v 0.202153 0.107587 0.007421
v 0.201342 0.086251 0.007238
v 0.197340 0.102943 0.017210
v 0.257950 0.112816 0.007065
v 0.242347 0.089536 0.003743
v 0.206501 0.127500 0.006892
v 0.260547 0.037042 0.007183
v 0.261022 0.055316 0.006732
v 0.272537 0.056268 0.026144
v 0.251500 0.057406 0.024534
v 0.231696 0.214435 0.019375
v 0.238188 0.127348 0.010093
v 0.251633 0.127883 0.010202
v 0.241434 0.116008 0.010999
v 0.268100 0.104876 0.021037
v 0.247243 0.102250 0.008430
v 0.259581 0.098722 0.014942
v 0.287538 0.065319 0.009634
v 0.234048 0.088055 0.006811
v 0.245523 0.082456 0.006616
v 0.281681 0.089028 0.007339
v 0.279868 0.065895 0.005459
v 0.286293 0.072427 0.008754
v 0.250972 0.063381 0.008173
v 0.262006 0.082372 0.018381
v 0.200653 0.165600 0.006530
v 0.271483 0.138246 0.007480
v 0.269385 0.120197 0.007756
v 0.313607 0.104484 0.009247
v 0.300988 0.123533 0.006272
v 0.303002 0.113433 0.008995
v 0.265395 0.122620 0.011279
v 0.272459 0.144266 0.013162
v 0.267043 0.150048 0.007091
v 0.219731 0.069779 0.006603
v 0.223581 0.092650 0.005260
v 0.246276 0.071633 0.004135
v 0.205680 0.070584 0.011932
v 0.206452 0.051630 0.007503
v 0.241272 0.053857 0.005018
v 0.224111 0.050098 0.006032
v 0.216734 0.081652 0.008525
v 0.192452 0.070756 0.014201
v 0.182231 0.058687 0.007969
v 0.219828 0.016317 0.007834
v 0.235809 0.007279 0.004660
v 0.268893 0.050614 0.006755
v 0.261734 0.046394 0.010955
v 0.261418 0.067166 0.015380
v 0.293147 0.106931 0.017971
v 0.278019 0.093185 0.006465
v 0.260753 0.090036 0.007587
v 0.284986 0.114707 0.007466
v 0.239991 0.034745 0.006414
v 0.218992 0.027486 0.012008
v 0.277000 0.075558 0.004188
v 0.290365 0.100135 0.005153
v 0.278866 0.060173 0.001836
v 0.292802 0.075061 0.003219
v 0.305500 0.078820 0.003076
v 0.319038 0.087921 0.011221
v 0.309939 0.064665 0.018147
v 0.318294 0.078422 0.019300
v 0.302287 0.087918 0.023300
v 0.307308 0.067196 0.004548
v 0.320330 0.061362 0.004883
v 0.297025 0.055296 0.000070
v 0.310637 0.056592 0.012695
v 0.297800 0.061735 0.008215
v 0.301693 0.056936 0.022197
v 0.305400 0.048601 0.009907
v 0.281712 0.039634 0.021780
v 0.281650 0.061765 0.014977
v 0.262697 0.023546 0.014725
v 0.307799 0.041480 0.009135
v 0.295963 0.021215 0.008218
v 0.307649 0.062159 0.006531
v 0.295031 0.073993 0.006343
v 0.325063 0.045150 0.009768
v 0.273285 0.002114 0.008402
v 0.260836 0.003229 0.007885
v 0.251652 0.030240 0.013147
v 0.249825 -0.005514 0.008273
v 0.242434 -0.002471 0.011715
v 0.301316 0.057361 0.005841
v 0.289207 0.065563 0.003605
v 0.075381 -0.291137 0.010290
v 0.057618 -0.284117 0.009807
v -0.037381 -0.274610 0.010236
v -0.039020 -0.251776 0.009883
v -0.015459 -0.258658 0.010089
v 0.181863 -0.285434 0.025788
v 0.168586 -0.308156 0.024650
v 0.000038 0.266699 0.007914
v -0.000435 0.294140 0.007758
v 0.015010 0.281810 0.007787
v 0.154739 -0.148384 0.027975
v 0.153740 -0.166136 0.020267
v 0.140454 -0.169932 0.021044
v 0.177326 -0.289743 0.012084
v 0.149018 -0.290713 0.004513
v 0.149197 -0.309632 0.009995
v 0.134824 -0.301968 0.009116
v 0.176201 -0.289871 0.008090
v 0.185618 -0.279647 0.008932
v 0.195101 -0.290442 0.018190
v 0.158636 -0.225158 0.028684
v 0.160598 -0.245035 0.028335
v 0.152486 -0.229727 0.019642
v 0.138567 -0.186435 0.015672
v 0.068645 -0.272189 0.010216
v 0.093246 -0.273498 0.009024
v -0.023159 0.280334 0.007835
v -0.020616 0.293348 0.007800
v -0.019700 0.267194 0.007880
v 0.107203 -0.303579 0.009572
v 0.122510 -0.292822 0.007285
v 0.058831 0.253183 0.007337
v 0.054419 0.242861 0.007473
v 0.058282 0.269110 0.007468
v 0.060778 0.304366 0.007305
v 0.082339 0.306705 0.005719
v 0.017960 0.306575 0.007714
v 0.021997 0.293876 0.007702
v -0.082376 -0.291626 0.010359
v -0.102517 -0.271608 0.010146
v -0.077580 -0.265457 0.010324
v -0.208410 -0.297770 0.017596
v -0.208094 -0.282768 0.015917
v -0.183027 -0.284114 0.009012
v -0.196840 -0.306399 0.010309
v -0.038005 -0.294597 0.010100
v -0.062750 -0.276944 0.010181
v -0.214375 -0.302077 0.030985
v 0.186302 0.046989 0.004928
v -0.193132 -0.130193 0.015195
v -0.189485 -0.117630 0.016247
v -0.196460 -0.247900 0.019826
v -0.198100 -0.241807 0.022615
v -0.206096 -0.249138 0.010330
v 0.102511 0.300772 0.007706
v -0.185934 -0.245168 0.012208
v -0.190260 -0.264012 0.010678
v -0.210239 -0.284338 0.028322
v -0.192600 -0.289161 0.033751
v -0.197741 -0.256035 0.013366
v -0.152672 0.000481 0.009730
v -0.149185 0.016982 0.009281
v -0.191202 -0.167827 0.018930
v -0.181894 -0.181616 0.022236
v -0.165193 0.075845 0.004063
v -0.170190 0.082055 0.006240
v -0.152482 0.070719 0.008966
v -0.180236 0.088634 0.019393
v -0.174896 0.079373 0.018049
v -0.185051 0.073217 0.025138
v 0.032925 0.282050 0.007718
v 0.038764 0.267124 0.007805
v 0.019648 0.268022 0.007866
v 0.049879 0.279766 0.007677
v 0.040032 0.294143 0.007457
v 0.017112 -0.257193 0.010218
v 0.030195 -0.275819 0.009821
v 0.014628 -0.293390 0.010444
v -0.101811 0.298579 0.009888
v -0.098202 0.288348 0.020199
v 0.094705 0.289260 0.007361
v 0.077386 0.290753 0.007009
v -0.105783 0.275754 0.014788
v -0.116452 0.276259 0.022582
v -0.134334 0.257409 0.010678
v 0.191413 -0.310621 0.008749
v -0.151819 0.040000 0.009317
v -0.161179 0.033586 0.004357
v -0.158848 0.051386 0.006054
v -0.197122 0.226933 0.014990
v -0.202081 0.207397 0.006617
v 0.033236 -0.293497 0.009443
v -0.102321 -0.291235 0.010369
v -0.065350 -0.310900 0.010387
v -0.065483 -0.291786 0.010306
v 0.091959 -0.293585 0.008702
v 0.037889 0.091329 0.008441
v 0.017916 0.092309 0.007813
v 0.030485 0.109149 0.007436
v -0.171689 -0.162728 0.010137
v -0.167230 -0.145485 0.007662
v -0.146245 -0.161772 0.010206
v -0.190628 0.244006 0.012750
v -0.179186 0.257472 0.008116
v -0.198586 0.238361 0.004869
v 0.158574 -0.236374 0.009482
v 0.156143 -0.037732 0.016089
v 0.149440 -0.018525 0.026170
v 0.164877 -0.042813 0.010944
v 0.141573 -0.204181 0.021536
v 0.171033 -0.121923 0.012010
v 0.170073 -0.105747 0.010478
v 0.156772 -0.117929 0.011896
v 0.140038 0.111448 0.007305
v 0.152940 0.104443 0.007696
v 0.151295 0.087516 0.008248
v -0.204819 -0.260385 0.025769
v -0.091665 0.237508 0.004877
v -0.073927 0.225718 0.007560
v -0.091592 0.222583 0.008180
v -0.179710 0.164064 0.008733
v -0.178649 0.186746 0.007979
v -0.174391 0.166362 0.016886
v 0.176746 -0.274955 0.008424
v 0.123130 -0.251172 0.005543
v 0.106017 -0.250108 0.009014
v 0.112906 -0.236982 0.007344
v 0.111491 -0.270737 0.006736
v -0.077774 0.290175 0.007838
v -0.057200 0.289810 0.007837
v -0.078081 0.277697 0.007218
v -0.104842 0.233888 0.007885
v -0.038478 0.240317 0.008098
v -0.039366 0.266522 0.008008
v -0.032942 0.253207 0.008029
v -0.038257 0.279209 0.007975
v 0.090002 0.271664 0.008922
v 0.112926 0.281306 0.017127
v 0.120037 0.293499 0.010000
v 0.126816 0.289894 0.007179
v 0.118074 0.272239 0.015335
v 0.134471 0.268743 0.018277
v 0.111668 0.259933 0.011087
v 0.001483 -0.276294 0.010016
v 0.029148 -0.236392 0.009771
v 0.011792 -0.239027 0.010267
v 0.044430 -0.241894 0.009542
v 0.041050 -0.256087 0.009532
v 0.056561 -0.236886 0.009652
v 0.063479 -0.257462 0.010158
v 0.080199 -0.220517 0.010971
v 0.067440 -0.234278 0.009861
v 0.074843 -0.253624 0.010192
v 0.088851 -0.239943 0.008675
v 0.087867 -0.259197 0.009914
v -0.016911 -0.278661 0.009814
v 0.099398 0.088129 0.005842
v 0.115978 0.070998 0.017952
v 0.109536 0.069594 0.007344
v 0.182824 0.232549 0.009209
v 0.161363 0.236236 0.010429
v 0.192399 0.224341 0.027179
v 0.198660 0.214581 0.023639
v -0.169067 -0.095918 0.025009
v -0.150695 -0.093834 0.014892
v -0.165723 -0.102248 0.019547
v -0.166996 0.246564 0.007553
v -0.172204 0.229738 0.007448
v 0.171500 -0.269448 0.003620
v 0.193880 -0.266642 0.016786
v 0.164774 -0.060902 0.014694
v 0.156224 -0.056604 0.024841
v 0.167787 0.222550 0.007552
v 0.184250 0.209804 0.006966
v 0.166344 0.207803 0.006597
v 0.146658 0.146915 0.007017
v 0.152886 0.129705 0.006828
v 0.128299 0.129951 0.007221
v -0.187016 -0.181983 0.011444
v -0.161393 -0.197741 0.010222
v -0.183609 -0.199956 0.008203
v -0.182695 -0.220778 0.028382
v -0.182477 -0.235005 0.004921
v -0.190309 -0.231633 0.027280
v -0.170385 -0.266962 0.010237
v -0.171000 -0.252134 0.013680
v -0.165109 0.206949 0.014746
v -0.159824 0.179612 0.007698
v -0.170205 0.189323 0.016200
v -0.130818 0.226918 0.007027
v -0.151524 0.211189 0.008245
v -0.149453 0.227533 0.008429
v 0.147683 -0.255718 0.003106
v 0.129197 -0.277817 0.006261
v -0.075952 0.264184 0.007669
v -0.056648 0.241897 0.006573
v -0.074905 0.240134 0.004289
v -0.139970 0.279002 0.006878
v -0.136043 0.270913 0.023348
v -0.123823 0.287331 0.006789
v -0.149876 0.269556 0.012990
v -0.155059 0.260430 0.024499
v -0.173022 0.252682 0.025224
v -0.113157 0.245712 0.007331
v -0.131009 0.243835 0.008362
v -0.120066 0.257020 0.007704
v -0.092705 0.259836 0.007985
v -0.099198 0.250072 0.007663
v -0.097750 0.276764 0.007355
v -0.127615 0.203734 0.007754
v -0.110350 0.220621 0.008243
v -0.110927 0.206650 0.008435
v -0.031908 0.227922 0.007215
v -0.019763 0.243979 0.007078
v -0.057291 0.266553 0.008051
v -0.040666 0.290675 0.007705
v -0.061060 0.303667 0.007817
v 0.145338 0.241941 0.009906
v 0.153106 0.258094 0.018269
v 0.135789 0.273393 0.007140
v 0.119102 0.273763 0.006445
v 0.172628 0.247203 0.016755
v 0.169906 0.262188 0.016775
v 0.133679 0.244613 0.007083
v 0.156662 0.252954 0.007422
v 0.146974 0.244730 0.007152
v 0.134822 0.259118 0.007467
v 0.115716 0.246623 0.007313
v 0.000699 -0.254678 0.009937
v 0.192752 -0.023178 0.010931
v 0.195458 0.236026 0.007582
v 0.189287 0.244188 0.007692
v -0.156666 -0.022884 0.016179
v -0.152357 0.029481 0.011649
v -0.164504 0.040913 0.006275
v -0.179035 0.109785 0.007288
v -0.192065 0.090583 0.021639
v -0.188317 0.118892 0.019180
v 0.173335 -0.127066 0.015483
v 0.182119 -0.124594 0.018823
v 0.176193 -0.144302 0.019978
v 0.193517 0.215244 0.007570
v 0.192504 0.231057 0.005081
v 0.206051 0.223819 0.007280
v -0.200097 -0.273702 0.008687
v -0.192610 0.191342 0.008963
v -0.183113 0.202097 0.008510
v -0.189117 0.215031 0.008335
v -0.162677 0.157919 0.007939
v -0.153680 0.137709 0.008231
v -0.139323 0.128666 0.008164
v -0.165001 0.130018 0.006454
v 0.107049 -0.292155 0.007807
v -0.161414 0.261371 0.016765
v -0.119432 0.270793 0.007866
v -0.135943 0.258847 0.007748
v -0.152947 0.250844 0.007436
v -0.159316 0.236745 0.008086
v 0.142543 0.282670 0.010029
v 0.158555 0.274050 0.012768
v 0.152134 0.267230 0.006251
v 0.151654 0.227583 0.006468
v -0.047196 -0.264221 0.010153
v -0.060418 -0.251626 0.010131
v -0.066617 -0.235862 0.009813
v -0.083952 -0.252742 0.010272
v -0.085086 -0.235629 0.010396
v -0.020982 -0.187953 0.008961
v -0.042153 -0.203822 0.010120
v -0.038292 -0.192640 0.010016
v -0.049550 -0.237504 0.010050
v -0.051462 -0.221079 0.009419
v 0.012971 -0.179530 0.009106
v 0.023250 -0.164924 0.008820
v 0.027187 -0.186587 0.009903
v 0.057392 -0.219170 0.009451
v 0.072168 -0.201812 0.009318
v 0.183315 0.070944 0.001655
v 0.190570 0.093457 0.003353
v 0.194785 0.071205 0.011037
v 0.190456 -0.053086 0.009864
v 0.197229 0.006616 0.016694
v 0.174545 0.014189 0.008222
v 0.199808 0.050555 0.005387
v 0.198888 0.028211 0.003179
v 0.178428 0.052209 0.003563
v -0.165329 -0.074375 0.025425
v -0.163607 -0.066412 0.008073
v -0.150105 -0.038450 0.009860
v -0.202261 0.235834 0.019372
v 0.164931 -0.223273 0.022247
v 0.149037 -0.223112 0.010782
v 0.161563 -0.201618 0.019508
v 0.178609 -0.214448 0.008526
v 0.156731 -0.183023 0.009655
v 0.164610 -0.128309 0.019544
v 0.184935 -0.109696 0.012868
v 0.182386 -0.072269 0.007983
v 0.168659 -0.162476 0.021223
v 0.185532 0.185063 0.005233
v 0.201685 0.179572 0.006671
v 0.172975 0.125177 0.006386
v 0.191318 0.126163 0.017216
v 0.190809 0.111510 0.007085
v 0.164160 0.168685 0.004356
v 0.170202 0.189087 0.003901
v 0.183012 0.170300 0.011544
v -0.178049 -0.137835 0.015048
v -0.180746 -0.146765 0.011934
v -0.189070 0.227321 0.007492
v -0.146760 0.239548 0.008243
v -0.144634 0.202057 0.006323
v -0.168505 0.147878 0.008706
v -0.174121 0.148058 0.016878
v -0.186463 0.130801 0.016864
v -0.175465 0.123917 0.014424
v -0.160589 0.267869 0.006940
v -0.017368 0.254762 0.006845
v -0.000772 0.245988 0.007973
v -0.015521 0.227139 0.007819
v -0.016505 0.215862 0.006684
v 0.000190 0.226444 0.007083
v -0.052840 0.224467 0.007125
v -0.037881 0.216172 0.007905
v 0.111493 0.261123 0.007459
v 0.097739 0.278021 0.006551
v 0.055007 0.216434 0.006592
v 0.057231 0.203076 0.007457
v 0.037030 0.215018 0.005290
v 0.079758 0.278714 0.006600
v 0.147410 -0.237269 0.009136
v 0.159920 -0.241343 0.006698
v 0.183576 -0.250069 0.023553
v 0.167766 -0.238912 0.022736
v 0.169035 -0.254579 0.008422
v 0.135175 -0.243742 0.007423
v 0.147738 -0.218404 0.007122
v -0.057563 -0.201509 0.009145
v -0.036066 -0.238420 0.009954
v -0.039361 -0.216477 0.010088
v -0.045294 -0.183238 0.009864
v -0.011325 -0.202867 0.009738
v 0.003606 -0.214372 0.010174
v -0.018852 -0.218247 0.009583
v -0.080753 -0.197741 0.009656
v -0.076611 -0.216329 0.009293
v -0.022663 -0.238823 0.010137
v 0.111513 -0.215762 0.008417
v 0.094196 -0.199049 0.009352
v 0.124333 -0.201675 0.006985
v 0.074895 -0.186427 0.009207
v 0.059931 -0.182172 0.009617
v 0.125841 -0.229500 0.007790
v 0.093593 -0.179436 0.008842
v 0.141164 -0.197784 0.008654
v 0.137186 -0.217953 0.008017
v 0.176305 -0.058847 0.010756
v 0.182192 -0.044418 0.008622
v 0.174499 -0.018877 0.006621
v 0.186085 -0.028593 0.005348
v 0.198192 0.062069 0.006836
v -0.162530 0.009585 0.010487
v -0.097773 -0.163562 0.010188
v -0.096380 -0.182389 0.010154
v -0.112256 -0.175670 0.009849
v -0.175640 -0.058639 0.014503
v -0.178247 -0.071854 0.006570
v -0.179363 -0.088480 0.010878
v 0.151793 -0.206529 0.009198
v 0.150706 -0.129168 0.023480
v 0.143918 -0.121387 0.012691
v 0.153707 -0.114518 0.020704
v 0.155999 -0.091240 0.005013
v 0.165681 -0.084514 0.017213
v 0.147186 -0.143169 0.008117
v 0.155602 -0.106558 0.012741
v 0.145809 -0.110053 0.011023
v 0.148960 -0.078219 0.026856
v 0.164260 -0.091591 0.024999
v 0.149356 -0.091353 0.012119
v 0.160082 -0.069536 0.017637
v 0.168984 -0.079633 0.017503
v 0.147850 0.168005 0.007798
v 0.146927 0.183435 0.007947
v 0.188404 0.084902 0.015155
v 0.164539 0.150397 0.006045
v 0.200940 0.151502 0.006763
v 0.177837 0.164893 0.007079
v 0.192000 0.144383 0.016031
v 0.176362 0.151702 0.007222
v -0.175880 -0.126756 0.022817
v -0.182219 -0.111161 0.024490
v -0.183832 -0.160389 0.009672
v -0.193612 -0.098221 0.008395
v -0.154453 0.147075 0.008133
v -0.056568 0.216439 0.007811
v -0.123477 0.166765 0.011452
v -0.125134 0.145251 0.008560
v -0.138419 0.154655 0.008559
v -0.130156 0.186139 0.007736
v -0.147891 0.108572 0.008460
v -0.173159 0.096272 0.013867
v 0.075429 0.264826 0.005777
v 0.072772 0.241211 0.005044
v 0.090934 0.239654 0.005329
v 0.069666 0.226719 0.006723
v 0.000246 0.216084 0.004147
v 0.076234 0.252007 0.006308
v 0.056817 0.291455 0.007571
v 0.035575 0.204726 0.007146
v 0.019280 0.200597 0.007452
v 0.016028 0.214489 0.007260
v 0.036979 0.225075 0.005890
v 0.055022 0.225481 0.007213
v 0.110777 0.236490 0.008076
v 0.052912 0.187267 0.006636
v 0.072809 0.197812 0.007769
v 0.071536 0.182825 0.007223
v 0.147976 0.203459 0.006388
v 0.129086 0.202635 0.006874
v 0.127032 0.182742 0.005907
v 0.132116 0.188406 0.007876
v 0.107405 0.199054 0.007345
v 0.112955 0.222370 0.007032
v 0.088432 0.203360 0.007253
v 0.164126 0.181539 0.005094
v 0.138912 0.173427 0.007743
v 0.124402 0.163382 0.005858
v 0.089424 0.183640 0.010661
v 0.108197 0.182730 0.007578
v 0.109044 0.164685 0.005850
v 0.126211 0.099432 0.006396
v 0.111660 0.109873 0.008111
v 0.166346 -0.240895 0.010089
v 0.164355 -0.217959 0.009029
v 0.179641 -0.232015 0.006928
v 0.169467 -0.007928 0.008236
v 0.184707 0.014275 0.002824
v 0.192959 -0.006421 0.005159
v 0.181165 0.038729 0.003312
v 0.184387 0.023052 0.011474
v 0.144000 0.034426 0.007570
v 0.132135 0.044598 0.016775
v 0.135456 0.051817 0.007216
v 0.162804 0.033472 0.006792
v 0.139584 0.070684 0.008463
v 0.156422 0.051222 0.008383
v -0.167813 -0.023985 0.002661
v -0.173624 -0.009998 0.008919
v -0.150244 -0.019470 0.008538
v -0.177532 0.009984 0.008543
v -0.180872 0.034780 0.004489
v -0.164310 0.017538 0.006450
v -0.148966 0.001954 0.006786
v -0.161975 -0.015789 0.008947
v -0.199963 -0.070643 0.010269
v -0.167688 0.050948 0.009833
v -0.178173 0.060807 0.023217
v 0.172726 -0.162185 0.016235
v 0.167825 -0.177793 0.020069
v 0.167257 -0.179843 0.004548
v 0.156273 -0.166623 0.008730
v 0.169483 -0.143141 0.017616
v 0.164231 -0.141114 0.022359
v -0.030568 -0.162499 0.009504
v -0.019356 -0.150770 0.009438
v -0.004105 -0.165405 0.009321
v -0.072165 0.204671 0.007908
v -0.056177 0.202792 0.007020
v -0.136942 0.022843 0.013112
v -0.126740 0.034290 0.020970
v -0.136822 0.013707 0.022037
v -0.127936 0.129186 0.008658
v -0.139737 0.117473 0.008820
v -0.151179 0.095151 0.012725
v 0.001718 0.204204 0.003292
v 0.035796 0.187934 0.008175
v 0.058250 0.170566 0.006956
v 0.036790 0.166071 0.006712
v 0.017956 0.183301 0.008205
v 0.087419 0.162583 0.006872
v 0.091626 0.167727 0.007243
v -0.075356 -0.190291 0.010358
v 0.162040 -0.001394 0.010864
v 0.164944 0.013311 0.007468
v 0.169223 0.066349 0.010135
v 0.155139 0.037491 0.008500
v 0.165329 0.096669 0.008241
v 0.181128 0.087718 0.008318
v 0.129466 0.077144 0.007692
v 0.145082 -0.042224 0.021148
v 0.146537 -0.059620 0.012959
v 0.159191 -0.054343 0.004534
v -0.149208 -0.088933 0.007265
v -0.160387 -0.108997 0.007296
v -0.178190 -0.214798 0.004766
v -0.165959 -0.221827 0.012689
v -0.148136 -0.217706 0.009724
v -0.163229 -0.234001 0.013324
v -0.156047 -0.233699 0.010026
v -0.183922 -0.142483 0.023363
v -0.151085 0.166319 0.008141
v -0.147939 0.182298 0.006840
v -0.134051 0.171292 0.008573
v -0.129299 0.111669 0.013524
v -0.135329 0.089895 0.006757
v 0.071969 0.161892 0.006932
v 0.064109 0.170740 0.007322
v -0.106958 -0.231775 0.011824
v -0.102131 -0.249755 0.010653
v -0.119988 -0.242026 0.010113
v -0.129642 -0.216975 0.009670
v -0.126851 -0.202312 0.009772
v -0.099891 -0.218272 0.009903
v 0.152825 0.018365 0.018747
v 0.153155 0.002903 0.026470
v 0.113831 0.126922 0.012209
v 0.102325 0.145934 0.013343
v 0.145876 0.003287 0.008126
v 0.140671 0.011738 0.022812
v -0.145749 -0.142984 0.009284
v -0.145800 -0.127597 0.009786
v -0.129549 -0.140897 0.008384
v -0.181116 -0.160703 0.020367
v -0.193332 -0.154259 0.017824
v -0.126969 -0.126127 0.009909
v -0.115822 -0.103591 0.009671
v -0.111905 -0.125523 0.009751
v -0.128340 -0.153946 0.008757
v -0.098089 -0.198690 0.009285
v -0.115537 -0.192427 0.008999
v -0.119335 0.182136 0.008689
v 0.129479 0.148674 0.007340
v 0.012439 -0.205591 0.009631
v 0.024552 -0.207570 0.009449
v 0.013404 -0.226529 0.010123
v 0.038849 -0.198495 0.009390
v 0.040280 -0.215295 0.009331
v 0.055270 -0.201426 0.009394
v -0.062118 -0.144351 0.009019
v -0.059523 -0.168199 0.010066
v -0.071350 -0.161482 0.009879
v -0.036191 -0.124420 0.009102
v -0.019650 -0.109731 0.009134
v -0.018015 -0.126983 0.009837
v -0.000756 -0.148315 0.009672
v -0.001984 -0.127219 0.009511
v 0.113707 -0.088670 0.007764
v 0.137635 -0.072141 0.008865
v 0.134477 -0.090262 0.008836
v 0.017446 -0.150634 0.009368
v -0.003581 -0.110595 0.009661
v 0.091632 0.129484 0.004256
v 0.103328 0.120867 0.007044
v 0.130228 0.000993 0.008541
v 0.146443 -0.009229 0.005473
v 0.114328 -0.032175 0.008958
v 0.093095 -0.023510 0.007928
v 0.119927 -0.015163 0.009007
v 0.156106 -0.028353 0.008338
v 0.135500 -0.051254 0.008798
v 0.160616 -0.078746 0.005748
v -0.103425 -0.108289 0.009635
v -0.081579 -0.163014 0.009378
v -0.079001 -0.132166 0.009943
v -0.043289 -0.166968 0.009993
v -0.143159 -0.109342 0.009147
v -0.121766 -0.037970 0.007761
v -0.138308 -0.039185 0.014731
v -0.128097 -0.020193 0.019889
v -0.113589 -0.057029 0.009699
v -0.103406 -0.042401 0.009095
v -0.104782 -0.057568 0.008721
v -0.088065 -0.114503 0.009595
v -0.094183 -0.092563 0.008247
v -0.125734 -0.229853 0.009212
v 0.055325 0.159170 0.006978
v -0.037710 0.183651 0.008574
v -0.035386 0.200493 0.006274
v -0.017727 0.183576 0.005779
v 0.006012 -0.098423 0.009184
v 0.018754 -0.107232 0.009482
v 0.008961 -0.118323 0.009741
v -0.018380 -0.094154 0.009722
v -0.008273 -0.092455 0.008591
v -0.074561 -0.072316 0.009721
v -0.055769 -0.071780 0.008384
v -0.053856 -0.089278 0.007097
v -0.056107 -0.108683 0.007533
v -0.054311 -0.127020 0.008750
v -0.073386 -0.110765 0.009249
v -0.038260 -0.090626 0.009762
v -0.041326 -0.112802 0.008342
v 0.039293 -0.145021 0.009483
v 0.054757 -0.149758 0.007022
v 0.042459 -0.165606 0.009519
v 0.132432 0.086661 0.007771
v 0.090635 0.066063 0.007167
v 0.098072 0.054646 0.011848
v 0.094034 0.092186 0.012953
v 0.116101 0.088061 0.014544
v 0.103095 0.103525 0.003462
v 0.092871 0.143299 0.006715
v 0.075116 0.144915 0.011598
v 0.055272 0.149852 0.011018
v 0.055545 0.126861 0.006283
v 0.156087 -0.131049 0.005805
v 0.138422 -0.142597 0.005319
v 0.135641 -0.126536 0.008315
v 0.157349 -0.113938 0.008669
v 0.141493 -0.107202 0.007699
v -0.045874 -0.138094 0.009486
v -0.032645 -0.142463 0.009373
v -0.031768 0.165704 0.009883
v -0.017093 0.167869 0.007007
v 0.027453 0.149910 0.008015
v 0.017287 0.150166 0.006960
v 0.019801 0.166916 0.007664
v -0.001925 0.165445 0.006587
v 0.018762 0.130513 0.008484
v 0.004041 0.127907 0.008638
v 0.004054 0.146209 0.007140
v 0.036585 0.144469 0.007256
v 0.052744 0.110378 0.008464
v 0.041482 0.124334 0.006657
v 0.074888 0.123622 0.005140
v -0.011558 0.144006 0.008648
v -0.036510 0.147707 0.006778
v 0.071571 0.072562 0.007645
v 0.078546 0.093249 0.008539
v 0.078579 0.110755 0.007936
v 0.054067 0.091328 0.006562
v -0.096948 -0.145582 0.008632
v -0.109102 -0.139468 0.007783
v -0.098161 -0.123975 0.009035
v -0.131885 -0.093051 0.009915
v -0.116373 -0.084941 0.009179
v -0.100227 -0.096759 0.009285
v -0.068397 -0.088264 0.009777
v -0.020382 -0.078142 0.009625
v 0.094593 0.109684 0.008014
v 0.005896 -0.074491 0.008842
v -0.007008 -0.077179 0.009078
v 0.020617 -0.090902 0.009335
v 0.016389 -0.057453 0.009474
v 0.018231 -0.076419 0.009386
v 0.038337 -0.072334 0.008037
v 0.038985 -0.048637 0.008034
v 0.038531 -0.109008 0.009006
v 0.043455 -0.181943 0.009867
v -0.094760 -0.069787 0.007030
v -0.036305 -0.032854 0.008992
v -0.019927 -0.034079 0.009159
v -0.040688 -0.054465 0.009147
v -0.059925 0.070166 0.008495
v -0.052996 0.090696 0.008452
v -0.035437 0.068476 0.007042
v -0.015546 -0.017797 0.008823
v -0.033331 -0.020871 0.008777
v -0.072406 -0.053918 0.009468
v -0.075259 -0.035846 0.010613
v -0.055165 -0.035935 0.007770
v -0.006383 -0.052027 0.008140
v -0.025566 -0.047127 0.011109
v 0.052551 -0.168643 0.008898
v 0.020871 -0.124889 0.008801
v 0.073338 -0.167076 0.007819
v 0.158900 -0.147434 0.005924
v 0.151496 -0.167954 0.006945
v 0.106654 -0.183948 0.008523
v 0.097006 -0.166727 0.008906
v 0.117633 -0.165651 0.007971
v 0.112228 -0.141734 0.009131
v 0.096027 -0.150029 0.009597
v -0.088492 0.108484 0.007599
v -0.069684 0.126735 0.008089
v -0.068465 0.089997 0.008417
v -0.034081 0.018632 0.014053
v -0.019265 0.037279 0.007562
v -0.015295 0.018591 0.008188
v 0.000244 -0.018858 0.009231
v 0.004021 -0.033927 0.008686
v 0.016940 0.077654 0.010971
v 0.011805 0.059483 0.008182
v -0.002802 0.074175 0.006415
v -0.000120 0.090114 0.007424
v -0.017716 0.093068 0.005812
v -0.020426 0.108123 0.005443
v -0.000478 0.113147 0.005940
v 0.036323 0.055115 0.008950
v 0.036828 0.080076 0.008075
v 0.054888 0.072726 0.007875
v 0.004374 0.035453 0.008066
v -0.001183 0.053516 0.006624
v 0.019089 0.036842 0.008147
v -0.051783 0.052410 0.008264
v -0.036490 0.092959 0.007281
v 0.017251 0.006014 0.011198
v 0.000493 0.020770 0.008507
v 0.022243 0.017785 0.008690
v 0.054740 0.035853 0.008886
v 0.061649 0.049425 0.008827
v 0.090016 0.038058 0.006602
v 0.072255 0.055759 0.008037
v 0.110551 0.049522 0.007657
v 0.111084 0.037247 0.007048
v 0.092032 0.017198 0.007057
v 0.111848 0.016924 0.006010
v 0.113086 -0.004121 0.008032
v 0.094510 -0.001280 0.007567
v 0.020612 -0.018840 0.009275
v -0.003142 0.000707 0.007773
v -0.055209 -0.018716 0.007469
v -0.054139 -0.001616 0.008566
v -0.034960 -0.001504 0.009170
v -0.038913 0.113907 0.007393
v -0.034364 0.128065 0.006304
v -0.016106 -0.001914 0.009191
v 0.019025 -0.037795 0.009344
v 0.077273 0.021179 0.008058
v 0.073715 0.005537 0.008155
v -0.050198 0.106447 0.008288
v -0.032703 0.060299 0.010132
v -0.015349 0.068395 0.008380
v -0.019958 0.054879 0.008855
v -0.036229 0.041955 0.013120
v -0.051602 0.032217 0.008137
v 0.040939 0.019648 0.007818
v 0.059406 -0.000974 0.008192
v 0.036589 -0.000720 0.008002
v 0.054379 -0.019929 0.007817
v 0.114723 -0.067445 0.009222
v 0.063738 -0.068091 0.009216
v 0.078665 -0.053729 0.007574
v 0.077126 -0.080009 0.008781
v 0.054791 -0.035573 0.008206
v 0.040523 -0.033653 0.008563
v -0.143643 -0.004082 0.019369
v -0.159684 0.002132 0.006872
v -0.148342 0.018680 0.005712
v -0.148793 0.030692 0.008859
v -0.129241 0.001195 0.022630
v -0.117355 0.035804 0.009230
v -0.122348 0.053927 0.018529
v -0.123523 0.067819 0.014601
v -0.106901 0.060998 0.007665
v -0.101838 0.035006 0.012870
v -0.112492 0.089024 0.007625
v -0.107500 0.076719 0.008153
v -0.135281 0.072414 0.007017
v -0.092840 0.049635 0.007987
v -0.090852 0.070584 0.008349
v -0.139368 0.052298 0.007733
v -0.076271 0.036234 0.008099
v -0.067886 0.053051 0.007992
v -0.073379 0.077182 0.012705
v -0.115844 -0.071177 0.009524
v -0.140281 -0.069741 0.007193
v -0.135173 -0.052508 0.008255
v -0.127274 -0.055450 0.011512
v -0.095942 -0.058010 0.008389
v -0.143118 -0.060226 0.026087
v -0.148902 -0.075004 0.024429
v -0.090923 0.040079 0.007921
v -0.091699 0.089759 0.008833
v -0.118546 -0.018541 0.008431
v -0.114293 -0.000396 0.007282
v -0.105235 -0.014894 0.012913
v -0.091685 -0.034544 0.007913
v -0.073538 -0.014303 0.008939
v -0.072181 0.017505 0.008698
v -0.059696 0.014712 0.009197
v -0.116385 0.015037 0.009119
v -0.089921 0.001020 0.008506
v -0.112438 0.111739 0.007906
v -0.088254 0.128198 0.008385
v -0.102226 0.128492 0.008256
v -0.104761 0.147803 0.008836
v -0.101997 0.099443 0.007549
v -0.090512 0.146407 0.008177
v -0.111431 0.161163 0.006201
v -0.075020 0.147695 0.007299
v -0.069812 0.160082 0.007547
v -0.054537 0.147080 0.006975
v -0.062934 0.110956 0.008100
v -0.047679 0.155816 0.007708
v -0.048728 0.167947 0.008265
v -0.098134 0.206119 0.010443
v -0.103859 0.195708 0.010517
v -0.052182 0.183772 0.008410
v -0.056001 0.133700 0.009951
v -0.059490 0.165741 0.008656
v -0.081309 0.166518 0.008311
v -0.132951 -0.044120 0.008991
v -0.076913 0.171974 0.009261
v -0.072105 0.184399 0.007704
v -0.145725 -0.037320 0.026588
v 0.177973 -0.195846 0.013387
v 0.158538 -0.197385 0.006752
v 0.150412 -0.183662 0.008028
v 0.135115 -0.180955 0.009241
v -0.093183 0.182238 0.006261
v -0.088893 0.198113 0.007794
v -0.184519 0.070673 0.010354
v -0.156951 -0.253799 0.013285
v 0.097688 -0.055420 0.008719
v 0.093444 -0.070417 0.009035
v 0.057055 -0.125300 0.007235
v 0.076032 -0.128534 0.008614
v 0.072232 -0.150321 0.009586
v 0.094542 -0.129563 0.009469
v 0.124729 -0.111773 0.007537
v 0.137143 -0.031973 0.008917
v 0.058843 -0.089690 0.008787
v 0.072244 -0.109833 0.008137
v 0.093377 -0.109990 0.006958
v 0.057262 -0.051421 0.008654
v 0.092444 -0.088894 0.009234
v 0.108869 -0.105606 0.007222
v 0.112873 -0.118718 0.007846
v -0.000115 0.309224 0.008339
v -0.018706 0.306802 0.007870
v -0.032835 0.307333 0.008432
v 0.025253 0.326078 0.007684
v 0.072659 0.269487 0.016242
v 0.077320 0.290190 0.009944
v -0.013222 0.313761 0.007543
v -0.060522 0.312188 0.008865
v -0.062193 0.284828 0.010658
v 0.075522 0.305335 0.010287
v -0.026301 0.210129 0.012893
v -0.019850 0.214852 0.015180
v -0.016286 0.229620 0.018321
v -0.091600 0.275448 0.010312
v 0.069960 0.253342 0.008752
v 0.075591 0.238080 0.007728
v 0.063947 0.240938 0.010642
v 0.008341 0.224652 0.016431
v 0.047635 0.239304 0.010606
v 0.062996 0.227145 0.009821
v 0.081996 0.262017 0.009046
v 0.086510 0.249174 0.010119
v 0.149286 -0.320760 0.015893
v 0.135493 -0.314873 0.010146
v 0.018923 -0.331044 0.010610
v -0.178061 -0.304866 0.008338
v 0.174454 -0.332142 0.010225
v -0.179574 -0.326358 0.011229
v -0.126780 -0.314692 0.009822
v -0.035788 -0.331585 0.013327
v -0.016587 -0.331368 0.013489
v -0.035996 -0.313096 0.013228
v -0.054934 -0.331740 0.013687
v -0.139581 -0.314155 0.014918
v -0.165776 -0.322444 0.020403
v 0.128679 -0.294418 0.009611
v -0.185118 -0.289550 0.016825
v -0.151555 0.023315 0.019308
v 0.169796 0.076833 0.024304
v 0.158940 0.087013 0.013103
v -0.135525 0.101933 0.014625
v 0.086887 0.236451 0.008530
v -0.038032 -0.298042 0.013106
v -0.021898 -0.297869 0.012947
v -0.018358 0.183037 0.027707
v -0.084773 0.135557 0.010954
v 0.121354 0.230962 0.013521
v 0.102163 0.241817 0.009944
v -0.140431 0.152875 0.011480
v -0.166734 0.013245 0.017504
v 0.172012 0.029814 0.009749
v -0.081661 0.240068 0.007045
v 0.137788 0.225179 0.008651
v 0.137818 0.214876 0.010066
v 0.176083 0.000992 0.028971
v 0.133502 0.091766 0.014005
v -0.146302 0.184343 0.009674
v 0.158634 0.071902 0.016679
v -0.002850 -0.297499 0.012862
v -0.014635 -0.281187 0.012815
v -0.051771 0.153174 0.010296
v -0.052618 0.165479 0.024773
v 0.153275 -0.264417 0.014044
v 0.034355 0.088141 0.012620
v -0.070386 0.168542 0.021429
v 0.119347 0.205941 0.014142
v 0.115251 0.218408 0.010933
v 0.126451 0.253508 0.010536
v 0.022736 0.193601 0.011618
v 0.176698 0.171110 0.015209
v 0.142447 0.080927 0.015811
v 0.111116 -0.015282 0.019700
v -0.156855 0.015933 0.026848
v 0.169703 0.035692 0.017925
v -0.054376 -0.223775 0.012438
v 0.073122 0.196624 0.010715
v -0.136095 0.067491 0.014280
v -0.161224 0.012392 0.043219
v 0.117477 0.091821 0.021066
v 0.134160 0.076594 0.023031
v 0.148746 -0.158995 0.028221
v 0.158698 -0.161586 0.032336
v -0.038973 -0.207486 0.015818
v 0.036969 -0.280185 0.012526
v -0.190822 -0.045226 0.013991
v -0.160962 -0.024919 0.036907
v -0.145179 -0.036002 0.029274
v 0.166773 -0.087662 0.025520
v 0.173076 -0.013120 0.029955
v -0.015022 0.158046 0.023535
v -0.111416 0.154847 0.015441
v 0.141657 -0.182276 0.032108
v 0.131625 -0.278459 0.018572
v 0.119563 -0.201321 0.031417
v 0.131886 -0.187252 0.023537
v 0.144565 -0.085313 0.027840
v 0.038752 0.142652 0.014095
v 0.098441 0.111786 0.010135
v -0.162204 -0.079895 0.027209
v 0.181317 -0.068921 0.019917
v -0.044594 0.114012 0.011179
v -0.013124 0.117654 0.025071
v -0.010050 0.107556 0.017826
v -0.197934 -0.226650 0.029625
v 0.138449 -0.255554 0.023286
v -0.002271 -0.274443 0.012941
v 0.113838 -0.243291 0.010186
v 0.106511 -0.205402 0.028376
v 0.125509 -0.144746 0.028408
v 0.104435 -0.187054 0.035783
v 0.140657 -0.168137 0.025084
v 0.138400 -0.151301 0.023731
v -0.156759 -0.101335 0.023431
v -0.151150 -0.085970 0.025610
v -0.150258 -0.061797 0.031384
v -0.161287 -0.120808 0.015022
v 0.013413 -0.237777 0.021732
v -0.019255 -0.243097 0.015854
v -0.016064 -0.264076 0.014859
v 0.123044 -0.082402 0.011720
v 0.004804 0.075184 0.015797
v 0.001587 0.063041 0.009875
v -0.119830 -0.057955 0.013432
v -0.032820 -0.243175 0.012901
v 0.102918 -0.177572 0.023101
v 0.012109 0.045569 0.010360
v 0.054472 0.040850 0.029579
v 0.086313 0.047352 0.020592
v 0.076017 0.076280 0.011789
v 0.028145 0.022720 0.011685
v 0.015889 0.027565 0.020284
v 0.068486 0.044914 0.014310
v 0.100859 0.044694 0.012243
v -0.119696 -0.212159 0.012697
v 0.103512 -0.095248 0.028664
v 0.093757 -0.102742 0.020363
v 0.103687 -0.078240 0.019751
v -0.020349 -0.112689 0.012210
v -0.041121 -0.131871 0.012285
v -0.017778 -0.127583 0.020970
v 0.064373 -0.236149 0.021335
v -0.115541 -0.078669 0.012262
v -0.096259 -0.209839 0.026840
v -0.005406 -0.237595 0.012648
v -0.018264 -0.220144 0.016510
v -0.035720 -0.224231 0.013010
v -0.087913 -0.208752 0.011956
v 0.085177 -0.096363 0.020310
v 0.087172 -0.084171 0.013232
v 0.029039 -0.186449 0.016999
v 0.012315 -0.164302 0.011859
v -0.025050 -0.145527 0.012358
v 0.002539 -0.169976 0.021827
v 0.026187 -0.151589 0.019470
v 0.006386 -0.146793 0.012614
v 0.041446 -0.168726 0.012689
v 0.057561 -0.180836 0.015243
v -0.004055 -0.111811 0.021099
v -0.007057 -0.150139 0.022890
v -0.082916 -0.047727 0.027163
v 0.043903 -0.103983 0.011951
v 0.048513 -0.115797 0.012718
v 0.089295 0.041432 0.010166
v 0.083578 0.030850 0.010140
v 0.079068 -0.023043 0.020438
v 0.086931 -0.028970 0.013014
v 0.099171 -0.013723 0.010405
v -0.045050 -0.113563 0.011080
v 0.058629 -0.118413 0.019713
v 0.088413 -0.055200 0.019420
v 0.062616 -0.073804 0.021126
v 0.062906 -0.062353 0.014404
v 0.029162 -0.126606 0.013069
v -0.107977 0.070479 0.011211
v -0.022820 0.023589 0.018133
v -0.092700 -0.043252 0.010955
v -0.012848 -0.027246 0.012723
v -0.016405 -0.045541 0.021628
v -0.002842 -0.041416 0.011050
v -0.020699 -0.096928 0.013404
v 0.000065 0.024687 0.011399
v -0.007618 0.014103 0.010785
v -0.085758 -0.153254 0.020509
v -0.318022 0.058739 0.009793
v -0.237825 0.007199 0.009917
v -0.282856 0.014369 0.012776
v -0.219854 -0.000276 0.007479
v -0.232427 0.016554 0.016278
v -0.199183 0.004057 0.025057
v -0.177952 0.119898 0.019292
v -0.205381 0.015322 0.007714
v -0.185742 0.005527 0.008699
v -0.211794 0.194535 0.010456
v -0.177480 0.101975 0.024791
v -0.300334 0.060567 0.015875
v -0.199671 0.078946 0.025340
v -0.178019 0.076637 0.027428
v -0.182140 0.162017 0.014268
v -0.221204 0.219259 0.014010
v -0.209462 0.091495 0.006017
v -0.199524 0.060213 0.028355
v -0.222057 0.156176 0.010265
v -0.231360 0.106145 0.012507
v -0.227105 0.022588 0.028870
v -0.229843 0.023038 0.011370
v -0.190583 0.032521 0.009911
v -0.259363 0.042896 0.007729
v -0.272054 0.129492 0.022656
v -0.212036 0.209502 0.015976
v -0.246222 0.144569 0.016640
v -0.263855 0.169280 0.015057
v -0.267293 0.120324 0.013481
v -0.263277 0.059168 0.008508
v -0.224444 0.094948 0.008790
v -0.246626 0.076683 0.008925
v -0.229460 0.080596 0.009112
v -0.305180 0.096901 0.017163
v -0.206724 0.189523 0.007581
v -0.193140 0.176238 0.007890
v -0.237778 0.164221 0.008641
v -0.218704 0.187813 0.008179
v -0.247320 0.059874 0.008972
v -0.281526 0.074360 0.009466
v -0.265393 0.076956 0.008993
v -0.319626 0.074592 0.009304
v -0.286682 0.101048 0.012055
v 0.199593 0.183326 0.014268
v 0.212069 0.047934 0.027709
v 0.225307 0.040661 0.028711
v 0.208666 0.036214 0.032143
v 0.233417 0.059573 0.024313
v 0.203117 0.202149 0.020094
v 0.222035 0.052538 0.008809
v 0.227586 0.050573 0.021355
v 0.249900 0.174402 0.008079
v 0.236056 0.014992 0.021887
v 0.188526 0.031677 0.012251
v 0.242344 0.020738 0.007920
v 0.244721 0.202116 0.007219
v 0.232899 0.194448 0.006262
v 0.217215 0.230590 0.005897
v 0.270859 0.090679 0.018018
v 0.240993 0.044027 0.029057
v 0.232682 0.027752 0.038004
v 0.233875 0.017343 0.027110
v 0.247350 0.173098 0.005310
v 0.240078 0.164687 0.007295
v 0.279422 0.132095 0.007149
v 0.206417 0.211069 0.009573
v 0.223947 0.036697 0.007682
v 0.278278 0.101099 0.019651
v 0.270605 0.079286 0.009491
v 0.310637 0.051009 0.005947
v 0.262919 0.073277 0.007525
v 0.297987 0.092302 0.004681
v 0.256958 0.018172 0.007080
v 0.305746 0.079190 0.007657
v 0.298389 0.096637 0.006834
v 0.305039 0.062386 0.008795
v 0.254864 0.015799 0.009541
v 0.243117 0.019727 0.012124
v 0.280444 0.046648 0.008231
v 0.231929 0.011904 0.032689
v 0.236415 0.018973 0.044562
v 0.312971 0.045957 0.010258
v 0.240064 0.004908 0.025832
v 0.166323 -0.281720 0.016250
v -0.005642 0.283096 0.007839
v 0.194479 -0.303466 0.018871
v 0.132428 -0.289391 0.007347
v -0.023039 -0.294534 0.009942
v 0.143282 0.250965 0.011731
v 0.177047 0.138507 0.007614
v -0.116799 -0.300636 0.010073
v 0.042712 -0.276341 0.009719
v 0.104183 0.274541 0.011448
v -0.081132 0.304243 0.006601
v -0.129737 -0.292720 0.008902
v -0.144797 -0.287333 0.010866
v -0.131828 -0.272265 0.008610
v -0.147778 0.266820 0.008016
v -0.145080 -0.246560 0.011944
v -0.116125 -0.269135 0.009689
v 0.018654 0.226627 0.008105
v 0.019167 0.243107 0.008010
v 0.036906 0.245081 0.007936
v -0.157773 -0.280701 0.010292
v -0.154479 -0.266885 0.009658
v -0.188782 0.242094 0.025902
v -0.192865 0.227916 0.010366
v -0.003231 -0.293212 0.009960
v -0.002583 -0.182705 0.009975
v 0.201719 0.244741 0.006026
v 0.182278 0.259178 0.006143
v -0.182898 0.241646 0.007089
v 0.173821 -0.252719 0.006326
v 0.093651 0.260594 0.006727
v 0.095736 0.250786 0.007564
v -0.145244 -0.194766 0.009972
v -0.186226 -0.241690 0.023060
v 0.096368 -0.218722 0.007391
v -0.044067 0.254270 0.008075
v -0.080958 0.253274 0.007751
v -0.111842 0.287316 0.014123
v -0.143959 0.256831 0.019976
v -0.109613 0.285101 0.008045
v 0.009069 0.256080 0.007953
v -0.002487 -0.239402 0.009730
v 0.170337 -0.108438 0.022904
v -0.184261 -0.199145 0.029363
v 0.144821 -0.275430 0.003454
v -0.123986 0.217978 0.008099
v -0.071486 0.215707 0.007776
v 0.087213 0.214627 0.007681
v 0.093037 0.222492 0.007560
v -0.134619 -0.254811 0.008935
v 0.197337 0.188718 0.006723
v 0.175082 0.235124 0.006809
v -0.116554 0.232869 0.008685
v 0.169477 0.248827 0.007197
v 0.165022 0.265575 0.005439
v 0.134111 0.230493 0.005889
v 0.128097 0.220431 0.007045
v 0.003842 -0.198753 0.009970
v -0.169380 -0.041543 0.019464
v -0.164922 -0.047783 0.004523
v -0.162692 0.224270 0.010193
v 0.124402 -0.215651 0.007883
v -0.138232 -0.235143 0.009299
v -0.183856 0.054607 0.006769
v -0.052236 -0.057620 0.008896
v 0.137045 -0.011305 0.008763
v 0.116829 0.206546 0.008387
v 0.154008 0.209580 0.006604
v 0.139892 0.219692 0.005804
v 0.171674 0.110800 0.010291
v -0.160758 -0.128658 0.007453
v -0.109264 0.184519 0.011060
v 0.074368 0.215054 0.006217
v 0.129924 0.015993 0.017396
v -0.146035 -0.018780 0.022633
v 0.133082 -0.160250 0.007442
v 0.135625 0.013253 0.006601
v -0.158068 -0.142569 0.009656
v -0.117222 -0.159142 0.008244
v 0.000122 0.183651 0.006577
v -0.062409 -0.182869 0.009658
v -0.163266 -0.172891 0.009943
v -0.137690 -0.180623 0.009902
v -0.018020 0.201791 0.006322
v 0.123853 0.034094 0.020902
v 0.017840 0.110125 0.008195
v -0.019189 -0.061983 0.009526
v 0.075471 0.040186 0.008888
v 0.117124 0.056332 0.019307
v -0.013229 0.125760 0.007332
v 0.122287 -0.180661 0.006024
v -0.029601 -0.069327 0.009596
v 0.038733 -0.127846 0.009682
v 0.058618 0.015313 0.010507
v 0.033473 0.031880 0.009020
v 0.071359 -0.031907 0.008012
v 0.096251 -0.040744 0.008892
v 0.034354 -0.015399 0.008647
v 0.073670 -0.012663 0.007912
v -0.139571 0.034442 0.008563
v -0.090942 0.019287 0.008365
v -0.129786 -0.071759 0.010853
v -0.092294 0.163420 0.008365
v 0.111205 -0.047389 0.009032
v 0.055465 -0.100984 0.009436
v 0.032797 -0.090065 0.009047
vt 7.708798 6.016839
vt 7.817030 6.037162
vt 7.566749 6.010476
vt 7.699296 6.112009
vt 7.693613 6.027773
vt 7.802839 6.134820
vt 7.592916 6.095491
vt 7.514511 6.026570
vt 7.724856 6.116902
vt 7.766480 6.200991
vt 7.523383 6.070032
vt 7.715680 6.220246
vt 7.631416 6.052853
vt 7.561603 6.155413
vt 7.662015 6.257313
vt 7.659901 6.159771
vt 7.579228 6.049199
vt 7.783814 6.280902
vt 7.516036 5.949865
vt 7.409653 6.032151
vt 7.469613 6.140174
vt 7.562105 6.244995
vt 7.678241 6.268618
vt 7.661067 6.373822
vt 7.720194 6.370387
vt 7.569372 6.138950
vt 7.596789 6.332293
vt 7.325596 5.948076
vt 7.750749 6.351353
vt 7.687695 6.451601
vt 7.608519 6.417089
vt 7.515786 6.309135
vt 7.763529 6.432650
vt 7.619216 6.326095
vt 7.382060 6.153605
vt 7.657389 6.409956
vt 7.647664 6.530214
vt 7.396846 5.923914
vt 7.525511 6.222597
vt 7.520334 6.407955
vt 7.453032 6.090084
vt 7.421199 6.278696
vt 7.551710 6.287247
vt 7.305962 6.091481
vt 7.232822 5.968877
vt 7.402997 6.013845
vt 7.753092 6.566070
vt 7.554240 6.501010
vt 7.668803 6.520082
vt 7.318669 6.171509
vt 7.451790 6.421238
vt 7.744319 6.645786
vt 7.560944 6.592241
vt 7.625203 6.643282
vt 7.687059 6.618923
vt 7.330920 6.249638
vt 7.582143 6.444564
vt 7.492300 6.539001
vt 7.730935 6.711992
vt 7.622000 6.712110
vt 7.612414 6.551344
vt 7.340270 6.328357
vt 7.467489 6.334252
vt 7.399797 6.230555
vt 7.263407 6.214282
vt 7.631389 6.675374
vt 7.502481 6.664881
vt 7.174129 6.079650
vt 7.365458 6.432910
vt 7.499942 6.444244
vt 7.591786 6.797299
vt 7.413210 6.535515
vt 7.111434 6.001138
vt 7.701917 6.842292
vt 7.333480 6.143544
vt 7.260825 5.907142
vt 7.252350 5.972921
vt 7.293722 5.880267
vt 7.049597 5.954635
vt 7.280973 6.317183
vt 7.629880 6.805539
vt 7.437281 6.634239
vt 7.540177 6.598621
vt 7.621990 6.885408
vt 7.550650 6.644624
vt 7.509746 6.808449
vt 7.678637 6.922070
vt 7.310231 6.458616
vt 7.567054 6.818026
vt 7.655819 6.976121
vt 7.554726 6.946385
vt 7.142304 6.170807
vt 7.449096 6.801453
vt 7.419456 6.466315
vt 7.312556 6.267873
vt 7.320041 5.972613
vt 7.362751 6.370203
vt 7.230389 6.359181
vt 7.085445 5.970162
vt 7.341103 6.597584
vt 7.166425 6.246874
vt 7.388508 5.943369
vt 7.493460 6.718075
vt 7.216680 6.124785
vt 7.278845 6.053724
vt 7.365707 6.687904
vt 7.466117 6.636310
vt 7.043510 6.041006
vt 7.559652 6.963814
vt 7.448924 6.912325
vt 7.262014 6.466413
vt 7.503438 6.837803
vt 7.337837 6.007275
vt 7.614253 7.102613
vt 7.516497 7.068694
vt 7.157242 5.955873
vt 7.478003 5.963203
vt 7.367557 6.778606
vt 7.552496 7.058497
vt 7.439676 7.022763
vt 7.258645 5.941561
vt 7.487026 6.924971
vt 7.379059 6.906965
vt 7.024395 6.128628
vt 7.339799 5.946280
vt 7.483169 6.992167
vt 7.441172 7.101098
vt 7.383689 6.970798
vt 7.574527 7.184042
vt 7.306240 6.118773
vt 7.428856 6.036077
vt 7.283103 6.006997
vt 7.198052 6.029109
vt 7.379043 6.614136
vt 7.246914 6.607787
vt 7.284756 6.432456
vt 7.494417 6.037924
vt 7.379496 6.030102
vt 7.106854 6.338186
vt 7.367463 7.058374
vt 7.435772 5.966499
vt 7.155023 6.090095
vt 7.437028 7.044616
vt 7.272457 6.727175
vt 7.463066 7.105665
vt 7.184853 6.504024
vt 7.384634 6.726899
vt 7.270315 6.186967
vt 7.424302 6.987478
vt 7.438013 7.207556
vt 7.383830 6.103981
vt 7.401948 6.872300
vt 7.126737 6.428253
vt 7.305472 6.924559
vt 7.253059 6.107510
vt 7.309282 6.531267
vt 7.171085 6.301078
vt 7.271278 6.819124
vt 7.349517 6.107850
vt 7.512860 7.288541
vt 7.017417 6.225757
vt 7.489483 6.100515
vt 7.353946 7.156682
vt 7.304542 7.032251
vt 7.153272 6.179817
vt 7.442394 7.217563
vt 7.383012 7.086928
vt 7.213276 6.701093
vt 7.329998 6.189640
vt 7.414775 7.304912
vt 7.351478 7.250570
vt 7.231730 6.872321
vt 7.427176 7.304143
vt 7.282324 6.261290
vt 7.204193 6.809591
vt 7.414653 6.187709
vt 7.366077 7.244304
vt 7.220178 6.971232
vt 7.132485 6.278144
vt 7.287518 6.676857
vt 7.154695 6.630503
vt 7.266792 7.182923
vt 7.009061 6.360281
vt 7.309043 7.105154
vt 7.309274 6.969790
vt 7.100763 6.532051
vt 7.487488 6.184228
vt 7.237625 6.240258
vt 7.231243 6.555083
vt 7.287868 6.769625
vt 7.327450 7.344185
vt 7.374303 6.192452
vt 7.216797 7.046750
vt 7.406187 7.420529
vt 7.316883 6.221677
vt 7.154895 6.755273
vt 7.007541 6.452025
vt 7.149023 6.455720
vt 7.233492 6.348704
vt 7.277065 6.857684
vt 7.171444 6.911441
vt 7.352717 6.269828
vt 7.214119 7.145579
vt 7.260953 7.282078
vt 7.343463 7.341099
vt 7.116964 6.355107
vt 7.276177 7.212340
vt 7.298910 7.406893
vt 7.156311 7.005476
vt 7.457497 6.252420
vt 7.279741 7.413604
vt 7.189440 6.339231
vt 7.218692 7.121605
vt 7.220760 7.036460
vt 7.245595 7.359337
vt 7.440186 6.249117
vt 7.332302 7.448235
vt 7.206198 6.660358
vt 7.095427 6.453168
vt 7.263167 6.401510
vt 7.388302 6.326463
vt 7.222285 6.362901
vt 7.189633 7.257610
vt 7.084249 6.974435
vt 7.061767 6.791432
vt 7.205046 6.460541
vt 7.247456 7.394614
vt 7.225521 7.443025
vt 7.168551 7.324581
vt 7.094848 7.072904
vt 7.068060 6.878920
vt 7.175786 6.464199
vt 7.288500 6.333970
vt 7.365942 6.309943
vt 7.047569 6.699943
vt 7.116040 7.189842
vt 7.482376 6.316890
vt 7.155678 7.183742
vt 7.038010 6.595512
vt 7.280643 7.534420
vt 7.151158 6.905605
vt 7.340318 6.401390
vt 7.131682 7.098460
vt 7.187157 7.329681
vt 7.146414 6.788808
vt 7.149917 6.727465
vt 7.132454 6.974958
vt 7.230067 7.468986
vt 7.112232 7.275744
vt 7.147844 6.593943
vt 7.108407 6.546061
vt 7.070918 6.889843
vt 7.072524 6.986008
vt 7.147706 7.414033
vt 7.057093 7.109345
vt 6.975507 6.795713
vt 7.070124 6.765470
vt 7.005472 7.084829
vt 7.256573 6.414952
vt 7.242778 4.000066
vt 7.352039 3.995381
vt 7.381249 6.381899
vt 7.079393 7.375163
vt 7.355072 4.112835
vt 7.232020 6.559314
vt 7.375896 6.465794
vt 7.273198 4.088778
vt 7.483781 6.391550
vt 7.094444 7.436869
vt 7.175405 7.606638
vt 7.297452 6.516785
vt 7.351829 4.218463
vt 7.121617 7.508372
vt 7.144778 4.015174
vt 7.128566 6.568779
vt 7.008872 7.206297
vt 7.125302 7.507789
vt 7.078286 7.344098
vt 7.081986 6.464725
vt 7.458173 4.224326
vt 7.459913 4.113211
vt 7.011940 6.884244
vt 7.032793 7.209322
vt 6.945821 6.673374
vt 7.028108 7.293432
vt 6.969342 7.013116
vt 6.978133 6.572204
vt 7.061217 6.683426
vt 7.339932 6.408108
vt 7.125830 6.406763
vt 7.160419 4.135621
vt 7.460370 3.995282
vt 7.247377 4.225303
vt 6.981427 7.157629
vt 7.028777 6.502047
vt 7.453055 4.372842
vt 7.350883 4.343732
vt 7.449644 4.459890
vt 7.377738 4.242631
vt 6.931998 6.889014
vt 7.029983 4.010259
vt 6.989333 6.785870
vt 7.418419 4.512717
vt 7.145609 4.232903
vt 7.250306 6.317688
vt 7.058562 4.099095
vt 7.386384 4.538048
vt 7.362800 4.449041
vt 7.375447 4.154330
vt 6.980440 6.937676
vt 7.345656 4.416450
vt 7.461610 6.209850
vt 7.083000 6.600460
vt 7.360686 6.173365
vt 7.016689 7.309845
vt 7.375020 4.024427
vt 7.187567 4.299438
vt 7.217746 6.241484
vt 6.970971 7.056039
vt 7.046584 7.442783
vt 7.078692 4.269818
vt 7.321139 4.307175
vt 7.252292 4.376286
vt 7.372629 4.611091
vt 7.136342 6.530396
vt 7.336843 6.048317
vt 7.050434 6.523871
vt 7.449525 5.947480
vt 7.007291 4.205312
vt 6.911307 6.558794
vt 7.129841 4.340640
vt 7.308667 6.144368
vt 7.260470 6.081160
vt 7.299581 4.461115
vt 7.455821 6.075136
vt 7.353345 6.090482
vt 7.443349 5.811871
vt 7.178542 6.478902
vt 7.441996 5.735703
vt 7.227785 4.447185
vt 7.397182 6.274263
vt 7.040491 6.481883
vt 7.403430 6.190852
vt 7.104181 6.256547
vt 7.446755 4.582956
vt 7.320015 5.950009
vt 7.311812 5.919051
vt 7.302603 6.399173
vt 6.952023 4.102637
vt 7.043123 4.344887
vt 7.438549 5.457281
vt 7.213966 6.142822
vt 6.997325 7.385161
vt 7.257106 4.366865
vt 7.334752 5.461889
vt 7.329072 4.565081
vt 7.333560 4.911783
vt 7.320422 5.582801
vt 7.342577 4.683933
vt 7.326738 5.701896
vt 7.319953 6.331794
vt 7.234782 4.482264
vt 7.063642 7.613752
vt 7.213462 6.289820
vt 7.221521 4.562024
vt 6.924893 4.013137
vt 7.130851 6.157917
vt 7.288144 4.105309
vt 7.326370 4.799137
vt 6.928017 6.875893
vt 7.330179 5.146625
vt 7.322249 5.348665
vt 6.922883 6.822889
vt 7.323820 5.224946
vt 7.306391 5.790605
vt 7.327499 4.677789
vt 7.315931 5.031833
vt 7.230436 4.572638
vt 7.239569 4.690605
vt 7.198282 6.396000
vt 7.181679 4.686019
vt 7.195897 4.784302
vt 6.903303 7.184459
vt 6.940230 7.237476
vt 7.437119 5.365414
vt 7.044106 6.340296
vt 7.213460 5.947503
vt 7.280783 3.983589
vt 7.135346 4.504573
vt 7.176219 4.612102
vt 7.432528 5.580437
vt 7.328339 5.816487
vt 6.939538 6.453125
vt 7.023963 7.569531
vt 6.913117 6.981886
vt 7.436495 5.267243
vt 7.438160 5.033815
vt 6.917477 7.219561
vt 6.962439 7.402553
vt 6.984538 7.470580
vt 7.430497 4.782883
vt 7.443163 4.691203
vt 7.133328 6.039319
vt 7.249643 5.705349
vt 6.937605 7.321821
vt 7.062962 7.673261
vt 6.948729 4.326330
vt 6.894991 7.114514
vt 7.090014 6.249794
vt 7.438573 4.921312
vt 7.222956 4.821839
vt 7.030074 4.468922
vt 7.200934 6.021716
vt 7.212802 5.830880
vt 6.841780 6.759360
vt 6.854681 6.886920
vt 7.124169 6.164249
vt 7.435126 5.161907
vt 6.901183 4.196762
vt 7.004605 7.567706
vt 7.212255 4.897956
vt 6.901048 7.072672
vt 7.208512 4.246259
vt 7.174264 4.765415
vt 7.248289 4.921180
vt 6.866319 7.000110
vt 6.925257 6.572938
vt 7.003445 6.281361
vt 6.971350 6.353141
vt 7.224157 5.566398
vt 6.899848 6.652524
vt 7.254711 5.466542
vt 7.144066 5.922324
vt 6.933034 7.331346
vt 6.970718 6.432311
vt 6.958532 7.467439
vt 7.316873 5.702294
vt 6.834030 6.555337
vt 7.118542 5.008028
vt 7.032239 4.546413
vt 6.891550 7.186522
vt 7.026753 6.160188
vt 6.822860 6.676969
vt 7.321766 4.811885
vt 7.203486 5.920465
vt 7.100984 4.687016
vt 6.909340 4.437459
vt 7.135600 4.449122
vt 7.223852 5.160269
vt 6.870199 6.474116
vt 6.825618 6.850325
vt 7.035054 6.069718
vt 7.096699 4.637007
vt 6.841390 3.983037
vt 6.865965 4.266111
vt 7.131966 5.691151
vt 7.207119 5.035446
vt 7.286769 4.914520
vt 6.917480 7.401638
vt 7.170062 4.121606
vt 7.215379 5.250251
vt 6.844681 4.106032
vt 7.350720 5.427587
vt 7.067070 4.942984
vt 7.193766 5.024479
vt 7.098863 5.796463
vt 7.129742 4.355180
vt 7.060594 4.787255
vt 6.986331 7.651332
vt 7.014814 6.269277
vt 7.212633 5.354781
vt 7.039075 5.972813
vt 7.133724 4.889417
vt 7.172818 3.990509
vt 6.917915 4.586848
vt 7.086722 4.562014
vt 7.094693 5.114519
vt 7.008886 4.632440
vt 7.106151 6.067381
vt 7.329467 5.010434
vt 7.127568 5.573128
vt 6.921718 4.646993
vt 6.839731 6.763186
vt 6.972589 7.635613
vt 7.225321 5.776654
vt 7.330450 5.091229
vt 7.185329 5.106190
vt 6.848294 6.698960
vt 7.039370 5.846011
vt 7.145371 5.964819
vt 6.860692 4.557326
vt 7.260474 5.037268
vt 7.037961 5.131258
vt 7.073908 4.847043
vt 7.111540 4.961114
vt 7.297822 5.603915
vt 6.833973 6.912271
vt 7.067362 5.690401
vt 6.966473 4.711712
vt 7.182377 5.161362
vt 7.320726 5.234532
vt 6.925594 7.560852
vt 7.058453 5.217139
vt 7.150158 5.136216
vt 7.009979 6.215298
vt 6.892064 4.714125
vt 7.036830 4.563690
vt 6.998468 4.789977
vt 6.846701 4.645589
vt 7.297215 5.306691
vt 6.920560 4.768577
vt 7.253754 5.149952
vt 7.275676 5.497770
vt 7.045578 4.440195
vt 6.894423 6.247825
vt 7.108054 5.130807
vt 6.814046 7.007914
vt 7.077412 5.034879
vt 7.007824 4.880394
vt 7.196841 5.241918
vt 7.023638 6.144627
vt 6.962126 5.123853
vt 6.962099 5.217495
vt 6.962668 5.007980
vt 7.060026 5.539631
vt 7.086448 5.443705
vt 7.047430 4.274353
vt 7.055439 5.336402
vt 7.224751 5.664183
vt 6.973095 5.894371
vt 6.782361 7.005670
vt 7.027504 4.358623
vt 6.983012 4.661632
vt 6.921008 6.320649
vt 6.852305 7.414362
vt 6.960556 4.802828
vt 7.229653 5.341135
vt 6.905969 7.627863
vt 6.936982 5.989683
vt 6.796046 7.094309
vt 6.760218 4.019124
vt 6.943905 5.326431
vt 6.888251 4.899500
vt 6.764758 4.137219
vt 6.977580 5.450368
vt 7.133761 5.395214
vt 6.783371 6.432714
vt 6.837586 6.524361
vt 7.041974 6.046062
vt 6.978236 5.798442
vt 7.076119 5.218521
vt 6.936796 7.737996
vt 6.813421 7.329600
vt 6.750745 6.897738
vt 7.036609 5.446724
vt 7.083040 5.312688
vt 6.763123 4.257471
vt 6.804705 4.771022
vt 6.850860 7.514558
vt 6.734745 6.554758
vt 6.802109 7.256206
vt 6.948277 6.222680
vt 7.166420 5.440329
vt 6.818482 7.347013
vt 6.728558 6.663560
vt 6.764079 4.345717
vt 6.860884 6.426301
vt 6.788753 7.194996
vt 6.773185 4.560876
vt 6.786457 7.195001
vt 6.852616 7.502132
vt 6.853884 4.965185
vt 7.022519 4.110055
vt 6.775288 7.130752
vt 6.983995 5.692221
vt 6.879424 7.633298
vt 7.082569 5.920499
vt 6.773504 6.758739
vt 6.818844 7.427265
vt 6.947641 5.009623
vt 6.756686 4.416271
vt 6.865385 6.126932
vt 6.969467 4.484326
vt 6.790326 6.654661
vt 6.999327 5.126382
vt 6.882761 6.054239
vt 6.919250 5.563002
vt 7.151172 5.568447
vt 7.024442 3.977453
vt 6.911855 4.889150
vt 6.754533 6.852205
vt 7.110324 5.807933
vt 7.046738 5.568814
vt 6.791487 4.905454
vt 6.748778 6.978789
vt 6.869090 5.421164
vt 6.729194 6.971044
vt 6.767992 7.277439
vt 6.710150 6.525407
vt 6.706619 6.775372
vt 6.776335 6.297654
vt 6.963467 4.236838
vt 6.967045 5.220153
vt 6.923056 4.554364
vt 6.973343 5.564486
vt 6.696819 6.619458
vt 7.021125 5.656511
vt 6.859679 5.125090
vt 6.786070 5.008296
vt 6.850318 5.552568
vt 6.859392 5.132022
vt 6.888309 5.666121
vt 6.984963 5.318996
vt 6.934389 6.151598
vt 6.986043 5.419249
vt 6.704018 6.464307
vt 6.834957 5.647913
vt 6.729880 7.069480
vt 6.842599 5.221241
vt 6.882103 5.909708
vt 6.882007 5.192490
vt 6.813900 5.182838
vt 6.852107 5.052284
vt 6.871948 5.716076
vt 6.774246 6.203965
vt 6.915938 5.753392
vt 6.709826 4.645661
vt 6.730598 4.927477
vt 6.900988 4.434277
vt 6.999187 5.785976
vt 6.991824 5.893049
vt 6.860422 5.268329
vt 6.973909 5.977201
vt 6.866607 4.665181
vt 6.914996 5.632328
vt 6.731867 5.002718
vt 6.752334 5.131689
vt 6.694800 7.017154
vt 6.801608 5.754275
vt 6.847006 4.754725
vt 6.867454 5.347516
vt 6.725201 7.363447
vt 6.900710 5.430488
vt 6.751171 7.505636
vt 6.882029 4.328742
vt 6.908076 6.082716
vt 6.874029 5.874471
vt 6.741973 5.237879
vt 6.787832 6.378335
vt 6.893313 5.519050
vt 6.842978 4.586554
vt 6.778239 5.870046
vt 6.771632 5.467808
vt 6.880849 6.001632
vt 6.645272 6.778681
vt 6.735535 5.333813
vt 6.840420 6.193170
vt 6.672784 6.940903
vt 6.853188 5.698292
vt 6.641051 6.555148
vt 6.764220 5.551545
vt 6.655780 4.023387
vt 6.666176 4.560305
vt 6.776647 7.681938
vt 6.770031 5.354425
vt 6.672841 4.895696
vt 6.749553 7.587410
vt 6.833108 5.467420
vt 6.685275 7.210465
vt 6.866025 4.205431
vt 6.796799 6.299112
vt 6.820498 7.791250
vt 6.781665 6.000372
vt 6.655169 4.339469
vt 6.688397 6.644357
vt 6.749280 5.636460
vt 6.744936 5.978013
vt 6.701180 7.282257
vt 6.714669 7.364617
vt 6.669636 7.090881
vt 6.668013 7.081708
vt 6.706089 7.439258
vt 6.783853 5.018351
vt 6.741957 7.512890
vt 6.648232 4.206889
vt 6.684305 7.291596
vt 6.653367 4.463888
vt 6.732056 6.134783
vt 6.776239 7.662500
vt 6.626241 6.657043
vt 6.692750 6.226305
vt 6.821859 5.573732
vt 6.676353 5.159938
vt 6.679742 7.205897
vt 6.873985 3.983963
vt 6.753602 6.069621
vt 6.804551 5.796722
vt 6.719310 5.457170
vt 6.701505 6.508026
vt 6.628675 6.404224
vt 6.807564 4.511999
vt 6.631646 4.113955
vt 6.635665 6.983126
vt 6.624257 6.873218
vt 6.747576 5.221549
vt 6.641168 4.778910
vt 6.774618 4.814029
vt 6.662710 5.243110
vt 6.844077 4.073319
vt 6.748042 6.191672
vt 6.689495 5.533109
vt 6.638496 6.304364
vt 6.634647 6.858714
vt 6.760048 5.886166
vt 6.634481 5.040492
vt 6.726241 7.592971
vt 6.689777 5.888535
vt 6.638248 7.145752
vt 6.752587 4.916184
vt 6.730796 5.135938
vt 6.742532 7.762515
vt 6.652967 7.369365
vt 6.643575 5.423048
vt 6.593071 6.745079
vt 6.693860 5.636876
vt 6.679857 6.433335
vt 6.623927 6.742326
vt 6.637242 5.316118
vt 6.693991 5.630826
vt 6.685492 5.721550
vt 6.653347 6.182227
vt 6.782340 4.348300
vt 6.737726 7.766999
vt 6.678012 6.338882
vt 6.671702 6.083042
vt 6.632897 6.567618
vt 6.690875 5.787679
vt 6.691335 7.676177
vt 6.660230 5.710034
vt 6.692454 5.323490
vt 6.783505 4.158452
vt 6.573564 6.462201
vt 6.629534 6.196899
vt 6.606566 7.205867
vt 6.664619 5.892362
vt 6.786450 4.011997
vt 6.648301 6.007707
vt 6.671525 5.392763
vt 6.621732 7.467527
vt 6.723936 4.573555
vt 6.588713 5.352157
vt 6.575690 4.681230
vt 6.565331 6.307895
vt 6.570211 4.565946
vt 6.681495 7.694305
vt 6.580542 5.448825
vt 6.638718 5.625923
vt 6.576399 5.759438
vt 6.593443 6.268376
vt 6.543421 6.390370
vt 6.562526 4.439395
vt 6.568973 7.063183
vt 6.576642 7.127634
vt 6.575219 6.507297
vt 6.660542 5.227731
vt 6.560917 6.950055
vt 6.578886 6.392611
vt 6.563310 6.098766
vt 6.566292 5.969569
vt 6.544423 6.896673
vt 6.550318 4.025347
vt 6.632435 5.554510
vt 6.582232 6.210956
vt 6.695544 7.849677
vt 6.635063 7.552754
vt 6.561370 5.883966
vt 6.601915 7.378460
vt 6.550959 6.847334
vt 6.547807 6.981577
vt 6.590677 6.087021
vt 6.654325 5.096673
vt 6.660429 4.987817
vt 6.569296 7.302953
vt 6.575315 7.231019
vt 6.544419 4.249161
vt 6.523655 6.548478
vt 6.632921 5.417046
vt 6.651801 7.764463
vt 6.617089 7.628693
vt 6.524613 6.750577
vt 6.610575 5.765104
vt 6.554994 5.193641
vt 6.557993 5.651563
vt 6.548647 6.618837
vt 6.608393 7.470419
vt 6.693963 4.465740
vt 6.571817 7.392367
vt 6.541025 6.737988
vt 6.679056 4.656082
vt 6.590237 5.979750
vt 6.665444 4.774757
vt 6.542855 4.864466
vt 6.541214 4.772893
vt 6.547066 7.157510
vt 6.520427 6.829970
vt 6.696588 4.334080
vt 6.583733 7.527004
vt 6.653138 4.873789
vt 6.527283 6.237019
vt 6.537141 7.083644
vt 6.508353 6.496796
vt 6.626051 7.627497
vt 6.544022 5.563844
vt 6.536485 4.990583
vt 6.537084 5.103111
vt 6.507655 6.671724
vt 6.524807 4.115562
vt 6.643233 7.764852
vt 6.693537 4.215788
vt 6.695283 4.102277
vt 6.699967 3.979744
vt 6.596063 5.283253
vt 6.497009 6.967369
vt 6.568140 7.551521
vt 6.530174 7.398013
vt 6.495754 5.319578
vt 6.511002 7.489230
vt 6.477656 4.568732
vt 6.472029 6.999985
vt 6.495366 6.185096
vt 6.467494 5.977885
vt 6.460099 6.853134
vt 6.493901 7.356955
vt 6.468604 6.428694
vt 6.557367 4.989298
vt 6.584993 4.550582
vt 6.458377 4.952354
vt 6.430861 6.516989
vt 6.432735 6.633643
vt 6.606338 4.068196
vt 6.549262 7.772655
vt 6.446983 6.105507
vt 6.455355 5.773814
vt 6.540101 5.174993
vt 6.506110 5.754695
vt 6.435620 6.301143
vt 6.529314 7.636708
vt 6.450521 4.675551
vt 6.470950 7.409051
vt 6.437643 6.919556
vt 6.462227 7.321420
vt 6.442923 7.002410
vt 6.444329 4.026391
vt 6.433920 6.866578
vt 6.596403 3.978392
vt 6.565593 7.895256
vt 6.427171 6.770699
vt 6.444930 4.473312
vt 6.491647 5.883266
vt 6.444535 7.075257
vt 6.497042 7.635924
vt 6.424044 6.412705
vt 6.496336 7.495428
vt 6.578026 4.447521
vt 6.555677 4.779300
vt 6.475338 6.072698
vt 6.481384 7.554653
vt 6.444267 5.868436
vt 6.457899 7.221585
vt 6.447951 7.196308
vt 6.523835 7.797491
vt 6.505544 5.535150
vt 6.524941 7.716737
vt 6.437151 4.352957
vt 6.444859 5.594683
vt 6.444740 5.453142
vt 6.446009 7.262081
vt 6.440152 7.116776
vt 6.441099 5.120640
vt 6.425440 6.209727
vt 6.432755 6.726198
vt 6.432821 4.222604
vt 6.498509 7.711594
vt 6.429072 6.927076
vt 6.490388 5.645725
vt 6.433052 6.505496
vt 6.566452 4.214162
vt 6.427606 4.807513
vt 6.488323 7.562014
vt 6.503127 5.303420
vt 6.439947 6.284169
vt 6.418312 4.116586
vt 6.398404 6.586016
vt 6.527823 7.915337
vt 6.422848 5.253590
vt 6.420536 5.698510
vt 6.520780 4.823682
vt 6.530495 4.666584
vt 6.548214 3.947923
vt 6.546942 4.067941
vt 6.537234 4.370999
vt 6.440590 7.418992
vt 6.532627 4.022763
vt 6.469897 5.437991
vt 6.493571 4.997128
vt 6.395486 6.629703
vt 6.476239 7.855936
vt 6.451522 7.652059
vt 6.364124 6.600911
vt 6.382182 4.894746
vt 6.385730 6.385023
vt 6.368796 6.961267
vt 6.398885 6.053782
vt 6.467202 4.548334
vt 6.362609 4.759269
vt 6.381528 7.352878
vt 6.363813 5.335748
vt 6.340053 6.663665
vt 6.469192 3.986959
vt 6.338435 6.396529
vt 6.393571 7.506127
vt 6.346137 6.988064
vt 6.434069 5.099402
vt 6.350000 6.765278
vt 6.444679 7.932666
vt 6.356198 7.267388
vt 6.459095 4.212595
vt 6.351951 7.185043
vt 6.438597 4.867106
vt 6.457558 4.098283
vt 6.349636 5.651477
vt 6.345666 4.376494
vt 6.342421 5.984844
vt 6.359749 7.420971
vt 6.345487 5.774811
vt 6.339625 6.847523
vt 6.332954 6.197631
vt 6.385693 7.579224
vt 6.337944 4.027025
vt 6.442244 4.301528
vt 6.323191 6.737060
vt 6.331871 6.093239
vt 6.367197 7.570732
vt 6.399295 7.796366
vt 6.318565 6.524173
vt 6.341555 5.567782
vt 6.377070 5.853400
vt 6.338208 4.674012
vt 6.348359 7.264900
vt 6.323664 6.878637
vt 6.420353 4.955522
vt 6.339389 6.507050
vt 6.336375 4.570937
vt 6.333530 7.102509
vt 6.367328 5.954891
vt 6.379086 5.750711
vt 6.427832 4.453214
vt 6.332286 4.486956
vt 6.398891 7.849075
vt 6.335374 5.478667
vt 6.387566 5.535867
vt 6.327939 5.911860
vt 6.336039 7.205722
vt 6.326841 7.069926
vt 6.314050 6.294518
vt 6.330554 5.031502
vt 6.341396 6.278048
vt 6.393480 5.313578
vt 6.334690 7.316093
vt 6.346919 6.157581
vt 6.371885 7.712764
vt 6.329060 5.114802
vt 6.353743 7.443693
vt 6.408560 4.754308
vt 6.322715 4.240346
vt 6.319384 6.601028
vt 6.378013 5.430031
vt 6.383770 5.203066
vt 6.311499 4.117158
vt 6.363747 5.620544
vt 6.313146 5.229790
vt 6.305582 6.973937
vt 6.299078 6.899958
vt 6.370290 4.635867
vt 6.280576 6.964656
vt 6.369674 4.065656
vt 6.269279 6.606828
vt 6.372935 3.945502
vt 6.358358 4.537121
vt 6.309466 7.493672
vt 6.343304 4.376815
vt 6.331251 5.135453
vt 6.329989 4.863433
vt 6.284555 7.497342
vt 6.264919 5.860040
vt 6.269865 5.336061
vt 6.269319 5.514868
vt 6.338258 7.952585
vt 6.317498 4.961328
vt 6.270708 7.347012
vt 6.258384 4.339537
vt 6.310463 4.739102
vt 6.300573 5.286965
vt 6.250143 6.644757
vt 6.236638 6.750935
vt 6.290992 5.637875
vt 6.241750 6.021697
vt 6.233975 6.886719
vt 6.240538 7.068356
vt 6.266206 7.549112
vt 6.244945 5.226215
vt 6.242562 4.228441
vt 6.294972 7.889961
vt 6.243256 4.769131
vt 6.243902 7.266458
vt 6.242897 5.101255
vt 6.248930 7.413098
vt 6.241442 5.636191
vt 6.241316 4.961210
vt 6.293130 4.662656
vt 6.257206 7.572586
vt 6.269933 7.721985
vt 6.232459 6.849187
vt 6.279191 5.420180
vt 6.238720 4.870026
vt 6.238728 6.518621
vt 6.291235 4.450950
vt 6.221153 6.512722
vt 6.223749 6.295943
vt 6.286048 4.806231
vt 6.245785 6.211500
vt 6.235952 7.223282
vt 6.232140 5.748779
vt 6.231285 4.138270
vt 6.231219 4.027191
vt 6.236842 6.372054
vt 6.227265 7.170995
vt 6.252284 7.650729
vt 6.260707 5.766085
vt 6.229007 4.668055
vt 6.229539 5.423783
vt 6.269123 5.216629
vt 6.283789 4.193888
vt 6.280705 4.313843
vt 6.220334 6.729422
vt 6.220521 7.110037
vt 6.247205 5.952104
vt 6.208731 6.426590
vt 6.272579 4.530867
vt 6.237989 6.073579
vt 6.205188 6.671569
vt 6.285466 3.974230
vt 6.202041 6.623625
vt 6.205322 6.188378
vt 6.240214 5.837151
vt 6.220736 6.320118
vt 6.213414 4.555499
vt 6.217561 7.319085
vt 6.205411 6.959764
vt 6.210731 4.489084
vt 6.265186 4.088716
vt 6.248449 5.108115
vt 6.216366 7.491895
vt 6.208314 7.338099
vt 6.191553 6.985297
vt 6.237593 4.987307
vt 6.222923 7.826090
vt 6.204362 7.411367
vt 6.222922 5.547110
vt 6.181179 6.110518
vt 6.194808 5.678236
vt 6.150233 6.287455
vt 6.153789 5.834516
vt 6.166461 7.444218
vt 6.155596 5.137122
vt 6.156767 7.329024
vt 6.151507 4.228463
vt 6.187465 4.527532
vt 6.143447 5.954504
vt 6.188960 4.192720
vt 6.158965 7.658365
vt 6.139313 6.608139
vt 6.177092 4.832949
vt 6.135002 6.057743
vt 6.165869 5.493481
vt 6.142567 6.287827
vt 6.158389 5.756709
vt 6.163580 5.303553
vt 6.165324 5.056752
vt 6.133039 4.554514
vt 6.156558 5.589512
vt 6.134517 7.436227
vt 6.122341 6.524914
vt 6.146318 7.890760
vt 6.121273 6.432881
vt 6.134080 7.379293
vt 6.124908 7.105079
vt 6.144110 7.738462
vt 6.137645 6.182813
vt 6.122489 7.043268
vt 6.136240 7.577866
vt 6.123655 7.179133
vt 6.154731 5.397421
vt 6.163438 4.650828
vt 6.124514 6.517266
vt 6.124157 7.217080
vt 6.154664 5.199617
vt 6.120224 7.068314
vt 6.114588 6.678749
vt 6.125014 4.690339
vt 6.121658 5.546229
vt 6.116154 6.972157
vt 6.124049 4.027076
vt 6.120934 5.344161
vt 6.121001 4.781365
vt 6.160861 4.088666
vt 6.163286 3.972125
vt 6.111137 6.864840
vt 6.117480 5.437715
vt 6.115851 7.264831
vt 6.120911 7.501903
vt 6.108942 6.176935
vt 6.132178 7.821573
vt 6.116593 4.429746
vt 6.113839 4.881734
vt 6.104784 6.753692
vt 6.129178 5.948446
vt 6.150209 4.287854
vt 6.103244 6.619393
vt 6.111135 7.518743
vt 6.113964 6.368487
vt 6.109009 5.653049
vt 6.109880 5.007855
vt 6.127956 5.853710
vt 6.108900 7.333930
vt 6.101149 6.992030
vt 6.115917 7.940698
vt 6.103199 5.754321
vt 6.109338 4.327142
vt 6.117335 6.070820
vt 6.140889 4.408010
vt 6.094688 6.715187
vt 6.097196 4.117053
vt 6.093606 5.245232
vt 6.084016 6.826354
vt 6.115722 4.742579
vt 6.076258 7.486545
vt 6.061770 6.690977
vt 6.090921 5.406823
vt 6.081686 5.498314
vt 6.054835 5.865720
vt 6.075019 5.648356
vt 6.049704 7.674996
vt 6.050309 4.584054
vt 6.037722 6.427094
vt 6.069943 4.967553
vt 6.062766 5.297583
vt 6.047601 5.962651
vt 6.042889 4.227596
vt 6.036537 6.402783
vt 6.060689 4.863267
vt 6.037519 4.366030
vt 6.032230 5.110801
vt 6.062652 4.199567
vt 6.027694 6.992750
vt 6.053757 5.197429
vt 6.025749 6.957146
vt 6.025834 5.968961
vt 6.058409 4.522679
vt 6.027106 6.278934
vt 6.020443 6.857432
vt 6.047350 5.069907
vt 6.019696 6.637959
vt 6.026819 4.456149
vt 6.019921 5.654528
vt 6.017277 6.111027
vt 6.016991 6.292822
vt 6.018264 6.498998
vt 6.017933 7.448096
vt 6.015756 6.619238
vt 6.017515 7.742559
vt 6.020539 4.805022
vt 6.015398 7.265166
vt 6.029219 5.845963
vt 6.013178 7.067894
vt 6.015640 7.835200
vt 6.015252 7.395354
vt 6.013786 7.574583
vt 6.020067 6.082516
vt 6.012304 7.328976
vt 6.012430 5.455514
vt 6.011924 6.529511
vt 6.041418 4.090650
vt 6.007174 6.732451
vt 6.015988 4.136597
vt 6.037568 4.430684
vt 6.012879 4.655467
vt 6.008847 5.335701
vt 6.004542 7.194016
vt 6.002736 7.890983
vt 6.001307 5.778000
vt 6.001300 7.466880
vt 6.032330 4.300780
vt 6.004418 4.885339
vt 5.999960 7.104267
vt 6.032243 3.981777
vt 6.001292 5.201725
vt 5.998621 7.218257
vt 6.008113 4.036554
vt 5.996634 7.327327
vt 6.007616 5.755774
vt 5.991277 6.728496
vt 5.990736 6.839932
vt 6.020061 4.766423
vt 6.020483 4.672486
vt 5.994006 6.170227
vt 5.989696 7.935518
vt 5.987940 7.512725
vt 6.000635 5.513510
vt 6.001644 5.370198
vt 5.984617 4.990030
vt 5.971896 6.173785
vt 5.984676 5.250501
vt 5.957691 7.509322
vt 5.954042 5.840810
vt 5.947453 6.313932
vt 5.967169 4.523874
vt 5.962128 4.881436
vt 5.964832 4.724729
vt 5.941214 5.284422
vt 5.939576 6.408671
vt 5.957506 4.598782
vt 5.926707 7.512840
vt 5.920743 7.666846
vt 5.936488 4.673592
vt 5.932101 5.126656
vt 5.933126 5.615140
vt 5.947772 4.197223
vt 5.928375 6.574847
vt 5.935665 4.231427
vt 5.933488 5.055402
vt 5.929567 4.581819
vt 5.922125 7.000240
vt 5.923625 5.501614
vt 5.915537 7.255591
vt 5.919190 5.993689
vt 5.922347 5.316661
vt 5.935889 4.045630
vt 5.915387 7.214439
vt 5.902320 7.818629
vt 5.919045 6.746280
vt 5.932234 4.414499
vt 5.915363 6.423238
vt 5.911832 6.863848
vt 5.914397 6.890283
vt 5.914456 5.732826
vt 5.909489 6.512948
vt 5.909350 6.620463
vt 5.911543 6.672413
vt 5.902203 7.464987
vt 5.905239 7.065249
vt 5.917526 4.346783
vt 5.909380 5.414619
vt 5.905425 5.650547
vt 5.910636 4.913654
vt 5.904583 5.977511
vt 5.910492 5.210194
vt 5.905263 5.417606
vt 5.907976 6.484327
vt 5.904007 6.178208
vt 5.903195 6.744066
vt 5.899493 7.329230
vt 5.921006 3.970347
vt 5.892334 7.581974
vt 5.895765 7.429520
vt 5.901010 5.533346
vt 5.899625 5.757101
vt 5.896739 7.313332
vt 5.901803 5.845694
vt 5.896390 7.170616
vt 5.902046 5.022054
vt 5.895341 6.965666
vt 5.896154 6.083571
vt 5.909315 4.025378
vt 5.905654 4.457959
vt 5.896453 7.051594
vt 5.895619 7.103265
vt 5.899982 4.787126
vt 5.876336 7.882760
vt 5.876769 7.740645
vt 5.897286 4.968814
vt 5.893569 6.604095
vt 5.886156 6.064680
vt 5.887579 4.711992
vt 5.884656 6.301320
vt 5.874059 7.371965
vt 5.857499 7.939469
vt 5.871361 5.209333
vt 5.865972 7.518816
vt 5.871772 4.837995
vt 5.882260 4.115554
vt 5.865776 6.179131
vt 5.856177 4.538608
vt 5.850159 6.862008
vt 5.847765 4.302013
vt 5.840061 5.862179
vt 5.833517 5.419205
vt 5.845510 4.555214
vt 5.833689 6.614190
vt 5.828252 4.195849
vt 5.809122 7.667774
vt 5.823624 5.324271
vt 5.821329 5.964181
vt 5.815864 6.148719
vt 5.815542 5.866238
vt 5.809782 4.077864
vt 5.783143 7.813697
vt 5.827983 4.231224
vt 5.814959 6.980679
vt 5.814019 6.414244
vt 5.806195 5.417219
vt 5.808537 5.096295
vt 5.810270 6.508477
vt 5.800417 3.968802
vt 5.802819 5.566370
vt 5.805412 7.099889
vt 5.799133 5.953854
vt 5.798248 5.305469
vt 5.798623 5.191797
vt 5.797318 4.765675
vt 5.797485 7.194637
vt 5.797593 5.525540
vt 5.798166 6.287535
vt 5.808908 4.675118
vt 5.785303 7.448260
vt 5.807748 6.862691
vt 5.800909 5.247305
vt 5.797671 7.092771
vt 5.808730 6.611409
vt 5.795663 5.087992
vt 5.807596 6.770367
vt 5.787160 7.440336
vt 5.807053 6.677478
vt 5.802255 4.888365
vt 5.795395 6.438059
vt 5.790077 7.312445
vt 5.756450 7.897753
vt 5.795567 6.828000
vt 5.787182 7.317456
vt 5.790892 5.667778
vt 5.793038 6.959865
vt 5.774683 7.575309
vt 5.786981 4.664437
vt 5.763424 7.741979
vt 5.790051 6.506052
vt 5.785033 7.256714
vt 5.786522 7.218410
vt 5.778467 4.419988
vt 5.799319 4.446226
vt 5.801261 4.137061
vt 5.802200 4.025355
vt 5.798020 4.317748
vt 5.779396 5.757532
vt 5.775802 4.963802
vt 5.778730 5.768820
vt 5.766999 4.298206
vt 5.767557 7.360567
vt 5.775385 5.666962
vt 5.779463 6.148006
vt 5.770650 6.075454
vt 5.769134 4.865257
vt 5.778947 6.306866
vt 5.757868 4.504995
vt 5.767284 6.705365
vt 5.769082 4.809542
vt 5.741316 7.537657
vt 5.752529 6.040349
vt 5.704650 7.651727
vt 5.731777 5.869262
vt 5.711832 4.945056
vt 5.718191 4.987720
vt 5.707234 5.391301
vt 5.719960 6.529581
vt 5.697315 5.059061
vt 5.682122 7.460606
vt 5.711824 6.217850
vt 5.693366 4.747248
vt 5.692602 5.352909
vt 5.698939 6.621125
vt 5.659931 7.722695
vt 5.702140 5.219567
vt 5.691189 5.839967
vt 5.690753 5.746472
vt 5.679047 3.967186
vt 5.712000 4.577333
vt 5.679258 4.099757
vt 5.692792 6.505659
vt 5.635604 7.870009
vt 5.680429 7.425538
vt 5.694206 7.088545
vt 5.680833 4.533871
vt 5.692812 5.697090
vt 5.708956 6.741873
vt 5.684889 6.172584
vt 5.696598 5.117309
vt 5.682951 5.206209
vt 5.708100 6.607350
vt 5.709096 4.364587
vt 5.678447 7.344329
vt 5.686344 6.393306
vt 5.703016 6.339465
vt 5.678250 4.640452
vt 5.696698 7.033566
vt 5.688805 5.534285
vt 5.690250 5.948435
vt 5.671454 4.250404
vt 5.707090 4.236729
vt 5.677543 5.651298
vt 5.697342 6.949922
vt 5.677640 7.319704
vt 5.686623 5.319469
vt 5.633171 7.801637
vt 5.609536 7.951169
vt 5.678000 7.264869
vt 5.682536 6.719841
vt 5.670834 5.421107
vt 5.654744 7.585229
vt 5.682458 6.860255
vt 5.695495 6.853487
vt 5.681809 7.130166
vt 5.675916 7.201606
vt 5.681257 6.920558
vt 5.687122 4.799195
vt 5.692611 4.465570
vt 5.665042 4.862921
vt 5.652722 7.487955
vt 5.695931 4.025294
vt 5.660360 6.050861
vt 5.666413 7.183700
vt 5.685956 6.657270
vt 5.657324 5.953156
vt 5.683670 6.422181
vt 5.669960 6.069813
vt 5.663316 6.988417
vt 5.672048 4.652640
vt 5.620953 7.578828
vt 5.634640 4.409940
vt 5.643048 6.253632
vt 5.639317 5.551343
vt 5.649931 5.796658
vt 5.668597 4.115311
vt 5.631874 7.283678
vt 5.612769 4.548430
vt 5.627690 6.989870
vt 5.631708 4.904896
vt 5.627782 5.096114
vt 5.601151 4.321292
vt 5.616222 5.294770
vt 5.633713 4.236116
vt 5.588222 5.299921
vt 5.586670 4.744041
vt 5.587434 5.055579
vt 5.587516 5.769300
vt 5.624464 6.587195
vt 5.589291 7.326020
vt 5.523360 7.854667
vt 5.581031 4.953803
vt 5.613929 4.345003
vt 5.585941 6.392913
vt 5.606772 4.652120
vt 5.608432 4.565878
vt 5.602077 4.782121
vt 5.489101 7.934265
vt 5.609385 4.449747
vt 5.612519 6.508704
vt 5.556454 3.966467
vt 5.589871 5.887293
vt 5.578663 6.291654
vt 5.593600 6.068781
vt 5.582942 7.180069
vt 5.532607 7.714177
vt 5.589721 5.997596
vt 5.570552 4.836798
vt 5.568837 7.413132
vt 5.513402 7.855171
vt 5.599173 6.278087
vt 5.569927 5.884635
vt 5.561808 4.431759
vt 5.556470 4.207539
vt 5.562635 7.345876
vt 5.566905 5.992949
vt 5.588652 5.005314
vt 5.550447 7.556118
vt 5.570587 7.243695
vt 5.564088 5.187272
vt 5.582318 7.062434
vt 5.580982 5.216994
vt 5.580685 6.937417
vt 5.596942 6.864087
vt 5.521901 7.581866
vt 5.576734 5.628509
vt 5.599627 6.745751
vt 5.587322 6.996437
vt 5.576762 5.439238
vt 5.531752 7.502172
vt 5.598725 6.651156
vt 5.573134 7.152429
vt 5.501126 7.809783
vt 5.557554 5.480342
vt 5.556913 6.198702
vt 5.572009 7.110233
vt 5.546378 7.478363
vt 5.599092 4.014956
vt 5.579865 6.172443
vt 5.538127 4.093213
vt 5.562034 7.256136
vt 5.567339 5.770943
vt 5.535676 7.419423
vt 5.520988 7.640745
vt 5.566616 6.701155
vt 5.564679 5.552214
vt 5.565620 6.833078
vt 5.545460 5.638631
vt 5.490176 7.742986
vt 5.543316 6.085902
vt 5.534422 4.630103
vt 5.469685 7.809023
vt 5.485591 7.642224
vt 5.547404 6.517498
vt 5.570409 6.405499
vt 5.545154 6.622692
vt 5.562205 4.114620
vt 5.486823 7.401704
vt 5.525855 4.956721
vt 5.451703 7.556206
vt 5.478265 4.398489
vt 5.507391 5.227012
vt 5.480605 7.319317
vt 5.417999 7.699243
vt 5.473986 4.513442
vt 5.428175 7.706591
vt 5.518258 6.838720
vt 5.522406 6.480285
vt 5.492618 5.419306
vt 5.484188 7.254203
vt 5.486444 7.140986
vt 5.492780 5.124426
vt 5.488250 5.356274
vt 5.448520 4.192693
vt 5.463539 5.427607
vt 5.465217 6.186514
vt 5.432972 3.967069
vt 5.478410 7.186977
vt 5.487194 6.940328
vt 5.469743 6.357159
vt 5.459025 7.403728
vt 5.456681 5.300291
vt 5.503824 4.368092
vt 5.455731 5.538784
vt 5.442089 4.312606
vt 5.439478 7.530951
vt 5.496581 4.566408
vt 5.454118 4.878919
vt 5.351262 7.879444
vt 5.448072 4.759714
vt 5.374268 7.759672
vt 5.471935 5.753663
vt 5.448273 5.181373
vt 5.483245 6.212450
vt 5.490855 6.906886
vt 5.473449 7.069138
vt 5.451330 5.820708
vt 5.486209 4.692528
vt 5.412754 7.636795
vt 5.449696 6.063646
vt 5.422264 4.084311
vt 5.497732 6.773980
vt 5.385146 7.625388
vt 5.496185 4.217188
vt 5.466958 6.007309
vt 5.377300 7.778192
vt 5.449342 7.239835
vt 5.478895 4.774556
vt 5.414057 7.472719
vt 5.465012 5.874887
vt 5.482803 6.306363
vt 5.439989 5.057546
vt 5.463501 5.495164
vt 5.465272 6.736535
vt 5.474743 6.978181
vt 5.447992 7.301458
vt 5.458512 5.599658
vt 5.433518 4.956080
vt 5.467611 4.879036
vt 5.437413 5.954063
vt 5.429606 4.640379
vt 5.486834 6.637795
vt 5.427099 7.471699
vt 5.461323 6.972615
vt 5.452876 6.512254
vt 5.434675 5.717236
vt 5.483485 6.430109
vt 5.458527 6.821921
vt 5.382634 7.552368
vt 5.463221 6.114166
vt 5.485517 4.022917
vt 5.427943 5.629033
vt 5.411597 7.376278
vt 5.448643 6.618027
vt 5.470232 4.439786
vt 5.472042 6.540179
vt 5.435513 7.148487
vt 5.419784 6.288817
vt 5.455842 4.112958
vt 5.411961 5.814829
vt 5.413959 5.403242
vt 5.441043 6.810894
vt 5.346176 3.998816
vt 5.362600 4.451008
vt 5.349477 4.132041
vt 5.372768 4.851671
vt 5.437248 6.473992
vt 5.350155 4.200448
vt 5.287180 7.778225
vt 5.390848 5.884597
vt 5.396662 6.497548
vt 5.393458 5.654009
vt 5.386254 6.219658
vt 5.361440 5.327486
vt 5.397072 7.056765
vt 5.385957 6.691972
vt 5.392449 6.843338
vt 5.385582 6.589966
vt 5.358243 5.949933
vt 5.412401 6.412782
vt 5.359223 5.772424
vt 5.322840 4.327177
vt 5.334800 4.658060
vt 5.335590 6.102310
vt 5.331710 7.533754
vt 5.353922 6.381406
vt 5.340123 5.108763
vt 5.369571 5.317844
vt 5.270875 7.740106
vt 5.408560 6.737935
vt 5.320041 4.529353
vt 5.288215 7.582397
vt 5.343513 5.677383
vt 5.337017 5.248929
vt 5.338514 6.260350
vt 5.232787 7.828043
vt 5.370108 5.217501
vt 5.363865 7.163438
vt 5.285685 6.025030
vt 5.331261 5.429285
vt 5.352797 5.552714
vt 5.387884 6.352351
vt 5.403400 4.052091
vt 5.304057 7.461116
vt 5.387307 4.571729
vt 5.396238 6.516888
vt 5.331538 6.187248
vt 5.284053 5.869168
vt 5.397210 6.629810
vt 5.339007 7.385991
vt 5.363924 5.091352
vt 5.378327 4.666911
vt 5.360079 7.067289
vt 5.324176 5.556889
vt 5.390554 4.342265
vt 5.277580 6.395249
vt 5.360492 6.283956
vt 5.364316 4.923650
vt 5.350076 7.120604
vt 5.308635 7.372346
vt 5.283835 7.609944
vt 5.322912 6.065212
vt 5.305618 4.964061
vt 5.260512 6.311124
vt 5.367633 6.985196
vt 5.258477 3.967968
vt 5.295556 5.785506
vt 5.324834 6.630138
vt 5.321323 5.768311
vt 5.322902 5.936265
vt 5.354672 6.961893
vt 5.353301 5.012288
vt 5.370806 6.878514
vt 5.323374 7.230930
vt 5.304132 5.673831
vt 5.284567 6.497757
vt 5.327502 7.301709
vt 5.307832 7.446344
vt 5.232142 7.692389
vt 5.372584 4.462429
vt 5.355072 4.804226
vt 5.210801 6.183670
vt 5.245573 4.084339
vt 5.205748 5.702029
vt 5.248237 4.196289
vt 5.374998 4.219409
vt 5.264535 7.503907
vt 5.226499 5.969100
vt 5.234969 7.702101
vt 5.276031 4.872130
vt 5.321284 6.736041
vt 5.202657 5.867623
vt 5.197094 7.773851
vt 5.249974 4.441941
vt 5.175355 6.029939
vt 5.351905 6.463949
vt 5.358835 6.770802
vt 5.254203 4.658551
vt 5.258889 4.743903
vt 5.140222 6.097277
vt 5.252378 5.552854
vt 5.162413 6.252568
vt 5.283622 5.868913
vt 5.298009 5.413507
vt 5.240219 4.574161
vt 5.305694 7.209172
vt 5.113069 5.974416
vt 5.143436 5.580515
vt 5.263828 5.291886
vt 5.348246 4.022360
vt 5.349312 4.112604
vt 5.206287 4.283404
vt 5.214689 5.960851
vt 5.170700 3.938736
vt 5.130509 5.772974
vt 5.297076 6.310005
vt 5.068326 6.067362
vt 5.185149 4.215249
vt 5.210981 5.442952
vt 5.172829 4.058960
vt 5.324897 4.413235
vt 5.173453 4.136710
vt 5.112904 5.902505
vt 5.295827 4.905671
vt 5.319354 4.490359
vt 5.132134 5.419604
vt 5.305460 4.653293
vt 5.175558 5.888750
vt 5.301973 4.566021
vt 5.218810 5.315127
vt 5.176339 4.487133
vt 5.242049 6.213732
vt 5.213711 7.440896
vt 5.122731 5.884428
vt 5.126058 5.342818
vt 4.942710 5.643190
vt 5.183650 6.451332
vt 5.210788 4.996876
vt 5.228544 5.241131
vt 5.306805 4.336160
vt 5.058502 5.792045
vt 5.309197 6.639403
vt 5.226587 6.580809
vt 5.195181 4.871181
vt 5.174446 4.645217
vt 5.194419 5.655191
vt 5.179024 5.769034
vt 5.120917 6.312814
vt 5.179314 7.603900
vt 5.201116 5.422077
vt 5.133714 5.969921
vt 5.297915 6.560511
vt 5.262346 6.957953
vt 4.931422 5.752240
vt 5.020361 5.474504
vt 5.281414 6.956690
vt 5.198271 5.203202
vt 5.093339 3.959383
vt 4.963214 5.891398
vt 5.166174 6.086951
vt 5.235204 7.291123
vt 5.266797 4.742145
vt 5.111741 5.229807
vt 5.182340 5.529882
vt 4.991811 6.014153
vt 5.263625 7.037768
vt 5.218321 5.124471
vt 5.136842 7.654630
vt 5.020162 5.562550
vt 5.189014 7.519861
vt 5.224379 7.258191
vt 5.178099 6.510129
vt 5.024513 5.333524
vt 5.234513 7.179673
vt 5.165951 7.514801
vt 5.246029 7.071435
vt 5.286303 6.760527
vt 4.955773 5.551248
vt 5.156050 4.768816
vt 5.288203 4.118213
vt 5.231100 4.983976
vt 4.835942 5.550519
vt 5.178198 5.104755
vt 5.230587 6.760591
vt 5.085898 4.086237
vt 5.197410 7.434143
vt 5.137516 7.662778
vt 5.103016 4.294891
vt 5.230684 7.188401
vt 5.258806 6.438096
vt 5.021770 5.268732
vt 5.279603 4.243288
vt 5.048173 5.637182
vt 5.053156 6.221487
vt 5.092687 7.762922
vt 5.030698 5.688641
vt 5.266290 4.436450
vt 5.190246 7.363349
vt 5.270597 6.879309
vt 5.117220 5.116984
vt 5.229622 6.872439
vt 5.199892 6.315832
vt 4.851919 5.433621
vt 5.079235 4.202757
vt 4.848752 5.679862
vt 5.227265 7.128836
vt 5.222379 4.852765
vt 5.159740 5.322135
vt 5.216450 6.382357
vt 5.091196 4.410476
vt 5.196870 7.350589
vt 5.102896 4.526132
vt 4.951118 5.463689
vt 4.991140 6.114279
vt 5.270493 4.021989
vt 5.109725 4.642108
vt 5.116089 6.423818
vt 5.212768 7.106178
vt 5.004322 5.123375
vt 5.034687 5.495751
vt 4.828742 5.329765
vt 4.890688 5.340211
vt 5.221207 4.658870
vt 5.117284 4.980116
vt 4.912698 5.387176
vt 5.252658 6.635217
vt 4.732679 5.493150
vt 5.023927 5.823812
vt 4.863948 5.800532
vt 5.062109 5.421227
vt 4.806342 5.271357
vt 5.031057 4.974217
vt 4.993147 3.999861
vt 5.102012 4.856590
vt 5.123899 6.222894
vt 5.078660 4.924924
vt 4.744335 5.335325
vt 4.892426 5.273180
vt 4.704830 5.577365
vt 5.184565 4.736155
vt 4.875653 5.288392
vt 5.096720 4.953488
vt 5.151674 6.659998
vt 5.162285 7.287731
vt 4.950040 5.014658
vt 4.886492 5.183740
vt 5.054450 4.877873
vt 5.064859 5.282509
vt 4.981707 5.331736
vt 5.071678 5.175167
vt 4.725024 5.249086
vt 4.965214 4.105318
vt 4.808503 5.140951
vt 5.116958 6.322703
vt 4.933310 3.941086
vt 4.986151 4.883949
vt 5.022299 4.499860
vt 5.182664 4.572003
vt 5.173880 7.020881
vt 4.762472 5.683826
vt 4.879740 5.461907
vt 5.116393 7.434127
vt 5.187861 4.475801
vt 5.058806 6.127579
vt 4.984506 6.248963
vt 5.080756 7.567798
vt 4.664264 5.415660
vt 5.050414 4.773125
vt 4.982586 5.236930
vt 5.049677 5.078226
vt 5.189743 4.332491
vt 5.088152 4.769948
vt 5.146948 4.642316
vt 4.793102 5.793738
vt 4.868960 5.083379
vt 4.876994 6.028308
vt 5.029829 7.642711
vt 4.894204 4.962555
vt 5.129703 7.239548
vt 5.190689 6.865126
vt 5.067234 6.530067
vt 4.971274 5.929492
vt 4.980813 4.750933
vt 4.629703 5.648850
vt 5.008043 4.645800
vt 4.816730 4.995833
vt 4.990368 6.328643
vt 5.036034 7.621820
vt 4.988736 6.022866
vt 4.948811 5.109836
vt 4.811477 5.421331
vt 5.129010 6.870526
vt 4.865436 5.571149
vt 5.058578 7.477192
vt 4.696747 5.716967
vt 5.071599 6.628431
vt 5.077470 4.676257
vt 4.663594 5.157818
vt 5.140855 7.101738
vt 5.167610 4.238126
vt 5.128133 6.451011
vt 4.932240 4.326206
vt 5.113026 7.193895
vt 5.183717 6.767413
vt 4.930801 6.231646
vt 5.123187 7.080164
vt 5.056224 7.481691
vt 4.879533 6.120931
vt 4.801776 4.898569
vt 4.900337 4.196172
vt 5.076914 7.414423
vt 5.087077 7.336729
vt 4.999878 4.884138
vt 4.649726 5.297160
vt 4.552578 5.559637
vt 4.780312 5.137002
vt 5.088960 7.333299
vt 4.748731 5.225647
vt 5.158758 6.544080
vt 5.011893 7.584304
vt 4.852403 4.887914
vt 4.967728 7.702006
vt 4.682396 5.011157
vt 4.936788 4.998927
vt 4.818162 6.004403
vt 4.962575 4.651765
vt 5.120461 6.992386
vt 5.166196 4.018794
vt 5.082548 4.545225
vt 4.926153 4.429826
vt 4.725757 4.775152
vt 5.087251 6.774014
vt 5.166347 6.652391
vt 4.630491 5.775653
vt 4.755996 5.354608
vt 4.990771 6.210776
vt 4.974611 6.151183
vt 4.850567 5.706211
vt 4.814442 3.963534
vt 5.028710 6.337494
vt 4.736071 5.039974
vt 4.621705 5.224142
vt 4.898968 4.911385
vt 4.687953 5.813844
vt 4.679780 4.912858
vt 4.552077 5.442370
vt 4.844408 4.770344
vt 4.853682 5.811259
vt 4.596738 5.325071
vt 5.138601 4.108155
vt 4.703328 5.107388
vt 5.126861 6.985685
vt 5.074887 7.229668
vt 4.927876 4.783812
vt 4.766421 5.952070
vt 4.814449 4.062962
vt 5.001611 7.554775
vt 4.745737 4.912835
vt 5.097331 4.303210
vt 5.058612 4.445536
vt 4.953783 4.543840
vt 4.681388 4.958337
vt 4.776553 5.579510
vt 4.923015 4.666837
vt 4.907081 4.559576
vt 4.676207 4.688694
vt 4.846615 4.658402
vt 4.779501 5.678081
vt 4.614209 5.056430
vt 4.839384 4.255386
vt 4.816004 4.767930
vt 4.865069 5.991089
vt 4.681590 5.913445
vt 4.730434 4.832575
vt 5.048905 6.446187
vt 4.679979 4.592181
vt 4.545766 5.712399
vt 4.742304 4.756793
vt 5.083278 4.218636
vt 4.547750 5.353686
vt 4.754713 4.004245
vt 5.057330 4.304327
vt 4.772218 5.775010
vt 4.718797 5.468470
vt 4.617780 4.650024
vt 4.625054 4.903627
vt 5.115444 6.590030
vt 4.750909 5.931372
vt 4.632976 4.817180
vt 4.546569 5.235275
vt 4.625671 5.449109
vt 4.978298 7.456304
vt 4.790191 4.640479
vt 4.992873 6.592557
vt 4.627157 4.791525
vt 4.538311 5.832280
vt 4.689776 4.703579
vt 4.638048 5.108107
vt 4.927295 6.276643
vt 4.722532 5.580848
vt 4.836536 6.076682
vt 4.753117 4.112692
vt 4.958198 4.430927
vt 4.874902 6.174578
vt 4.551903 5.014711
vt 4.932513 6.430099
vt 4.715713 5.694869
vt 4.947870 6.343857
vt 4.536901 5.925157
vt 4.860972 4.456252
vt 4.725825 4.635283
vt 4.640560 5.964285
vt 4.771472 4.567709
vt 5.106496 6.841151
vt 4.548585 5.117592
vt 4.936904 7.604557
vt 4.634798 5.295106
vt 4.546135 4.560306
vt 4.548312 4.677260
vt 4.625779 5.702350
vt 4.689558 4.541214
vt 5.058818 4.125790
vt 4.755387 4.187794
vt 4.547857 4.766570
vt 4.757307 6.055030
vt 4.549136 4.883620
vt 4.651502 5.776313
vt 5.012183 6.460541
vt 4.661282 5.581907
vt 4.657521 4.547726
vt 4.653226 5.898947
vt 4.868372 6.245974
vt 4.801872 4.442229
vt 4.674116 6.061639
vt 4.546239 4.452934
vt 4.964606 4.329775
vt 5.100189 6.779487
vt 4.768405 4.548084
vt 4.645013 6.029231
vt 5.065273 4.015365
vt 4.677785 3.975881
vt 4.755124 6.162201
vt 4.689531 4.062542
vt 4.740696 4.448062
vt 4.762787 4.324425
vt 4.662781 4.450469
vt 4.820996 6.291924
vt 4.747014 6.147922
vt 4.525381 6.047707
vt 5.018199 7.223476
vt 5.015941 7.072876
vt 4.614900 6.160860
vt 4.988211 7.304001
vt 4.997985 7.220524
vt 4.851766 6.363602
vt 4.629696 6.155806
vt 5.024923 6.897674
vt 4.855646 4.323136
vt 5.021181 7.001208
vt 4.966228 7.393877
vt 4.904106 7.550479
vt 4.663319 4.461370
vt 4.938197 7.454847
vt 4.957101 4.219820
vt 4.987957 7.311453
vt 4.515385 6.150342
vt 5.069786 6.877591
vt 4.704854 6.269525
vt 5.052151 6.981501
vt 5.077223 6.659472
vt 4.899052 7.514483
vt 4.754305 4.335117
vt 4.967432 6.675179
vt 4.574656 6.287416
vt 5.035322 7.080072
vt 4.718285 6.312614
vt 4.859492 6.362573
vt 4.943659 7.375910
vt 5.034372 7.145556
vt 5.029146 6.544421
vt 4.650419 4.333218
vt 4.922199 6.439192
vt 4.654223 4.213230
vt 4.842775 7.630078
vt 4.974392 7.115201
vt 4.493840 6.266205
vt 5.060019 6.726768
vt 4.852981 4.214782
vt 4.929184 4.124631
vt 4.546845 4.328283
vt 4.713301 6.389936
vt 4.566448 6.341889
vt 4.630127 4.335044
vt 4.754459 4.231166
vt 4.968976 6.756936
vt 4.964710 4.009383
vt 5.038490 6.635575
vt 4.861585 4.117579
vt 4.558276 4.055278
vt 4.723355 6.429540
vt 4.564641 3.963233
vt 4.892161 6.556021
vt 4.625944 6.395375
vt 4.831924 6.473091
vt 4.620302 6.415469
vt 4.497256 6.363808
vt 4.725634 6.449353
vt 4.626533 4.224686
vt 4.555025 4.253142
vt 4.883425 4.033641
vt 4.550541 4.122197
vt 4.722182 4.084711
vt 4.952778 6.836213
vt 4.954154 6.907342
vt 4.641186 4.106261
vt 4.724298 6.502533
vt 4.659874 3.987298
vt 4.833564 3.970472
vt 4.753653 3.996250
vt 4.989584 6.950410
vt 4.939334 6.978563
vt 4.859868 7.422877
vt 4.795412 7.503750
vt 4.838522 6.593551
vt 4.960947 7.059707
vt 4.975757 6.576869
vt 4.882920 7.230676
vt 4.893421 7.294295
vt 4.607625 6.498303
vt 4.939495 7.133719
vt 4.856098 6.695755
vt 4.756434 6.574433
vt 4.978841 6.814530
vt 4.723028 6.381227
vt 4.876037 7.093421
vt 4.977962 6.690579
vt 4.831710 7.351880
vt 4.740574 7.562630
vt 4.851025 6.483966
vt 4.553392 6.445189
vt 4.894654 7.007966
vt 4.611722 6.330478
vt 4.852864 7.350934
vt 4.908882 7.196263
vt 4.905730 6.496719
vt 4.784039 6.444791
vt 4.793471 7.473169
vt 4.775394 7.432639
vt 4.949835 6.908639
vt 4.931942 7.011115
vt 4.482430 6.337014
vt 4.863522 6.786693
vt 4.729810 7.481651
vt 4.824088 7.259727
vt 4.767409 6.700367
vt 4.533124 6.366619
vt 4.663589 6.552801
vt 4.853541 6.871499
vt 4.800181 7.110888
vt 4.875234 7.096943
vt 4.906118 6.750221
vt 4.746841 6.325954
vt 4.748163 7.307639
vt 4.864127 7.007577
vt 4.826409 6.373239
vt 4.707642 6.608495
vt 4.884296 6.413852
vt 4.773778 7.059904
vt 4.709311 7.415275
vt 4.826952 6.669867
vt 4.740880 7.233705
vt 4.628095 6.378709
vt 4.475233 6.255443
vt 4.755466 7.304709
vt 4.596433 6.247554
vt 4.779824 6.906319
vt 4.862992 6.833306
vt 4.777755 6.982492
vt 4.708983 6.269008
vt 4.731308 6.492569
vt 4.801764 7.170390
vt 4.614205 7.461007
vt 4.682042 7.347616
vt 4.725016 7.111619
vt 4.813729 7.060943
vt 4.880836 6.585466
vt 4.769607 6.771185
vt 4.830045 6.938184
vt 4.573475 6.279894
vt 4.675486 6.379045
vt 4.857954 6.654533
vt 4.519072 6.201448
vt 4.645262 7.394337
vt 4.686869 7.351720
vt 4.826930 6.277144
vt 4.743462 7.201839
vt 4.554461 6.190207
vt 4.947069 6.494763
vt 4.722984 6.199793
vt 4.801800 6.512695
vt 4.807513 6.735418
vt 4.643362 6.185632
vt 4.723832 7.149354
vt 4.675484 7.261266
vt 4.580267 7.323565
vt 4.535691 7.378821
vt 4.801540 6.424997
vt 4.615074 7.319400
vt 4.915391 6.474917
vt 4.607753 6.213060
vt 4.617516 7.088026
vt 4.978826 6.342965
vt 4.730198 6.665913
vt 4.715980 7.043526
vt 4.842916 6.200961
vt 4.853832 6.513147
vt 4.569563 7.224888
vt 4.779837 6.557461
vt 4.657298 7.171698
vt 4.475948 6.117839
vt 4.729425 6.293712
vt 4.667150 6.245746
vt 4.651474 6.857946
vt 4.797610 6.617436
vt 4.710739 6.117467
vt 4.595710 6.105919
vt 4.619710 6.988466
vt 4.572491 6.149492
vt 4.661597 6.769087
vt 4.475516 7.296625
vt 4.919627 6.233198
vt 4.724751 6.828886
vt 4.808998 6.130939
vt 4.555294 7.125436
vt 4.689512 6.943993
vt 4.743497 6.714021
vt 4.556983 7.221066
vt 4.638894 7.049779
vt 4.530246 6.014953
vt 4.652771 6.038386
vt 4.490457 6.047158
vt 4.592348 7.109012
vt 4.855056 6.417191
vt 4.426790 7.217576
vt 4.475819 7.157496
vt 4.614077 6.728437
vt 4.745388 6.591800
vt 4.514582 7.158507
vt 4.614699 5.987534
vt 4.536111 6.934646
vt 4.630090 6.873497
vt 4.718223 6.198268
vt 4.630345 6.613228
vt 4.850518 6.038942
vt 4.580488 7.018833
vt 4.599359 6.056416
vt 4.779533 6.332641
vt 4.470912 7.063259
vt 4.725695 5.969695
vt 4.674073 6.711529
vt 4.479652 5.975504
vt 4.775412 6.472512
vt 4.671676 6.508942
vt 4.979015 6.201010
vt 4.887276 6.304746
vt 4.912653 6.079989
vt 4.634926 6.788715
vt 4.669634 6.116127
vt 4.480202 6.975084
vt 4.490847 7.079861
vt 4.524208 6.822562
vt 4.690973 6.410695
vt 4.372687 7.100193
vt 4.557211 6.932140
vt 4.670690 6.631267
vt 4.839766 5.966429
vt 4.581038 5.975916
vt 4.579989 6.829122
vt 4.708780 6.515441
vt 4.916377 5.999508
vt 4.448697 6.993616
vt 4.592637 6.732007
vt 4.341932 7.032755
vt 4.510686 6.678914
vt 4.408647 6.924605
vt 4.614527 5.936697
vt 4.965267 6.082011
vt 4.599913 6.659601
vt 4.525693 6.594271
vt 4.894209 5.911077
vt 4.480547 6.881846
vt 4.706086 6.062283
vt 4.898556 6.157560
vt 4.325101 6.966146
vt 4.428778 6.919024
vt 4.849837 6.224616
vt 4.572064 6.460048
vt 4.764625 6.320225
vt 4.785455 6.163575
vt 4.670659 6.451102
vt 4.695282 6.269255
vt 4.968490 5.947575
vt 4.492880 6.783641
vt 4.692052 5.956710
vt 4.607081 6.562787
vt 4.395616 6.793386
vt 4.611738 6.362660
vt 4.522171 6.703633
vt 4.713483 6.337409
vt 4.444710 6.608306
vt 4.401066 6.815931
vt 4.288700 6.841496
vt 4.395168 6.713051
vt 4.273847 6.765918
vt 4.374272 6.745722
vt 4.767161 5.933481
vt 4.363105 6.657926
vt 4.737256 6.219217
vt 4.464729 6.636261
vt 4.551760 6.500983
vt 4.472879 6.429830
vt 4.805429 6.102518
vt 4.532994 6.332775
vt 4.759098 6.036726
vt 4.260542 6.658941
vt 4.641711 6.322500
vt 4.584252 6.243536
vt 4.582229 6.401498
vt 4.373022 6.534493
vt 4.641630 6.168508
vt 4.369785 6.635005
vt 4.826442 5.993679
vt 4.682939 6.210854
vt 4.484654 6.503757
vt 4.254429 6.540222
vt 4.387909 6.431309
vt 4.359228 6.538842
vt 4.514639 6.417629
vt 4.273305 6.475037
vt 4.545715 6.337170
vt 4.715544 6.081246
vt 4.440905 6.458461
vt 4.371055 6.365575
vt 4.452887 6.285072
vt 4.354072 6.458195
vt 4.246719 6.393303
vt 4.739615 5.967334
vt 4.636493 5.992640
vt 4.561498 6.236412
vt 4.506791 6.170751
vt 4.606447 6.156025
vt 4.663791 6.063574
vt 4.454974 6.344896
vt 4.370032 6.269292
vt 4.558394 6.073877
vt 4.348262 6.357230
vt 4.501484 6.243866
vt 4.401057 6.201407
vt 4.246449 6.286266
vt 4.503388 6.056134
vt 4.454033 6.099526
vt 4.444254 6.209816
vt 4.245043 6.210530
vt 4.532650 6.093205
vt 4.350449 6.231908
vt 4.367465 6.125978
vt 4.564123 6.002647
vt 4.451865 6.100765
vt 4.246457 6.116901
vt 4.397094 6.022147
vt 4.350579 6.121178
vt 4.488917 6.029204
vt 4.433548 6.032098
vt 4.339461 6.052568
vt 4.244139 6.045443
vt 4.486142 5.968921
vt 4.336991 5.984011
vt 4.242841 5.999276
vt 4.332025 5.991230
f 1527/1527 1564/1564 1473/1473
f 1094/1094 1217/1217 1200/1200
f 1317/1317 1289/1289 1347/1347
f 1013/1013 925/925 998/998
f 894/894 925/925 856/856
f 1289/1289 1200/1200 1217/1217
f 1398/1398 1423/1423 1473/1473
f 841/841 894/894 856/856
f 973/973 990/990 921/921
f 1010/1010 938/938 990/990
f 1202/1202 1147/1147 1096/1096
f 812/812 847/847 873/873
f 1202/1202 1260/1260 1233/1233
f 1260/1260 1187/1187 1296/1296
f 1147/1147 1202/1202 1218/1218
f 873/873 847/847 908/908
f 921/921 889/889 863/863
f 1335/1335 1385/1385 1376/1376
f 908/908 847/847 889/889
f 1848/1848 1867/1867 1954/1954
f 1954/1954 1996/1996 2056/2056
f 1552/1552 1476/1476 1515/1515
f 2056/2056 1996/1996 2058/2058
f 2116/2116 2056/2056 2114/2114
f 1681/1681 1618/1618 1698/1698
f 292/292 316/316 388/388
f 1576/1576 1552/1552 1515/1515
f 1061/1061 1052/1052 986/986
f 1396/1396 1515/1515 1476/1476
f 1394/1394 1316/1316 1396/1396
f 1324/1324 1248/1248 1316/1316
f 988/988 919/919 1052/1052
f 1773/1773 1729/1729 1681/1681
f 1206/1206 1116/1116 1193/1193
f 903/903 840/840 900/900
f 1117/1117 1116/1116 1206/1206
f 840/840 855/855 821/821
f 820/820 821/821 746/746
f 899/899 855/855 919/919
f 573/573 695/695 589/589
f 771/771 853/853 817/817
f 301/301 366/366 349/349
f 662/662 771/771 702/702
f 1606/1606 1725/1725 1658/1658
f 261/261 267/267 264/264
f 366/366 462/462 349/349
f 771/771 817/817 702/702
f 2055/2055 2037/2037 1965/1965
f 261/261 260/260 267/267
f 1532/1532 1606/1606 1614/1614
f 1606/1606 1532/1532 1513/1513
f 366/366 541/541 462/462
f 1360/1360 1437/1437 1451/1451
f 1301/1301 1284/1284 1361/1361
f 1437/1437 1360/1360 1361/1361
f 1195/1195 1209/1209 1284/1284
f 2111/2111 2125/2125 2104/2104
f 1143/1143 1209/1209 1195/1195
f 1795/1795 1658/1658 1725/1725
f 1943/1943 1795/1795 1830/1830
f 2037/2037 2055/2055 2111/2111
f 2134/2134 2127/2127 2113/2113
f 777/777 825/825 795/795
f 1187/1187 1208/1208 1210/1210
f 410/410 401/401 369/369
f 440/440 447/447 475/475
f 472/472 530/530 539/539
f 1259/1259 1343/1343 1251/1251
f 531/531 574/574 408/408
f 1058/1058 1032/1032 1076/1076
f 430/430 456/456 404/404
f 273/273 269/269 400/400
f 1357/1357 1249/1249 1326/1326
f 1927/1927 1894/1894 2065/2065
f 1967/1967 1914/1914 1814/1814
f 312/312 262/262 268/268
f 2054/2054 2046/2046 2024/2024
f 1409/1409 1385/1385 1367/1367
f 2159/2159 2196/2196 2189/2189
f 249/249 263/263 229/229
f 294/294 236/236 258/258
f 398/398 285/285 276/276
f 902/902 833/833 916/916
f 287/287 330/330 438/438
f 229/229 269/269 228/228
f 775/775 812/812 716/716
f 847/847 812/812 775/775
f 258/258 236/236 230/230
f 375/375 347/347 337/337
f 902/902 973/973 863/863
f 1579/1579 1532/1532 1614/1614
f 1726/1726 1701/1701 1614/1614
f 326/326 335/335 328/328
f 1032/1032 949/949 963/963
f 1452/1452 1431/1431 1494/1494
f 285/285 236/236 276/276
f 2064/2064 2081/2081 2071/2071
f 2039/2039 2041/2041 2010/2010
f 204/204 229/229 215/215
f 2059/2059 2096/2096 2061/2061
f 314/314 262/262 312/312
f 1702/1702 1584/1584 1659/1659
f 1440/1440 1464/1464 1506/1506
f 2091/2091 2047/2047 2019/2019
f 1278/1278 1210/1210 1249/1249
f 2080/2080 2159/2159 2143/2143
f 2082/2082 2135/2135 2084/2084
f 1518/1518 1490/1490 1533/1533
f 1490/1490 1409/1409 1452/1452
f 1296/1296 1367/1367 1335/1335
f 679/679 795/795 684/684
f 2011/2011 2042/2042 1992/1992
f 1208/1208 1096/1096 1076/1076
f 2162/2162 2137/2137 2158/2158
f 2140/2140 2159/2159 2145/2145
f 1919/1919 2029/2029 1895/1895
f 1608/1608 1533/1533 1490/1490
f 535/535 399/399 405/405
f 1058/1058 1096/1096 1000/1000
f 415/415 256/256 284/284
f 2148/2148 2052/2052 2102/2102
f 2075/2075 2137/2137 2078/2078
f 2090/2090 2084/2084 2140/2140
f 1919/1919 2085/2085 2102/2102
f 258/258 408/408 294/294
f 263/263 285/285 399/399
f 256/256 415/415 300/300
f 258/258 286/286 408/408
f 1205/1205 1287/1287 1208/1208
f 1357/1357 1278/1278 1249/1249
f 428/428 442/442 515/515
f 560/560 606/606 565/565
f 429/429 428/428 515/515
f 428/428 344/344 442/442
f 1916/1916 1990/1990 2043/2043
f 1915/1915 1886/1886 1807/1807
f 2109/2109 2123/2123 2096/2096
f 397/397 377/377 418/418
f 689/689 716/716 755/755
f 571/571 684/684 689/689
f 1786/1786 1789/1789 1821/1821
f 1789/1789 1689/1689 1821/1821
f 1680/1680 1781/1781 1674/1674
f 400/400 571/571 394/394
f 535/535 564/564 571/571
f 1675/1675 1702/1702 1659/1659
f 1927/1927 2080/2080 2075/2075
f 869/869 949/949 916/916
f 694/694 784/784 678/678
f 597/597 554/554 703/703
f 451/451 554/554 416/416
f 655/655 704/704 600/600
f 2164/2164 2140/2140 2135/2135
f 2094/2094 2159/2159 2065/2065
f 1097/1097 1205/1205 1208/1208
f 568/568 398/398 408/408
f 568/568 694/694 561/561
f 2097/2097 2043/2043 1955/1955
f 329/329 321/321 304/304
f 350/350 412/412 331/331
f 306/306 349/349 329/329
f 317/317 331/331 340/340
f 407/407 419/419 455/455
f 2061/2061 2050/2050 2045/2045
f 385/385 396/396 372/372
f 2042/2042 2011/2011 2046/2046
f 1582/1582 1546/1546 1612/1612
f 1480/1480 1431/1431 1430/1430
f 1590/1590 1570/1570 1688/1688
f 1511/1511 1503/1503 1546/1546
f 1612/1612 1503/1503 1590/1590
f 1430/1430 1413/1413 1511/1511
f 1499/1499 1403/1403 1502/1502
f 1429/1429 1336/1336 1341/1341
f 1688/1688 1570/1570 1542/1542
f 1590/1590 1499/1499 1570/1570
f 1645/1645 1688/1688 1617/1617
f 1383/1383 1475/1475 1464/1464
f 1612/1612 1630/1630 1674/1674
f 1814/1814 1771/1771 1680/1680
f 1792/1792 1645/1645 1757/1757
f 816/816 786/786 838/838
f 334/334 356/356 311/311
f 329/329 291/291 306/306
f 321/321 350/350 331/331
f 557/557 544/544 685/685
f 1856/1856 1861/1861 1933/1933
f 1840/1840 1876/1876 1770/1770
f 1886/1886 1915/1915 1974/1974
f 2123/2123 2109/2109 2130/2130
f 2073/2073 2103/2103 2109/2109
f 2109/2109 2103/2103 2113/2113
f 333/333 387/387 403/403
f 414/414 387/387 347/347
f 892/892 975/975 882/882
f 1360/1360 1451/1451 1417/1417
f 1661/1661 1767/1767 1757/1757
f 1688/1688 1577/1577 1617/1617
f 1499/1499 1577/1577 1542/1542
f 724/724 790/790 805/805
f 1136/1136 1065/1065 1118/1118
f 810/810 763/763 680/680
f 1194/1194 1292/1292 1259/1259
f 574/574 680/680 694/694
f 378/378 390/390 379/379
f 340/340 311/311 297/297
f 407/407 350/350 329/329
f 407/407 447/447 412/412
f 349/349 419/419 329/329
f 566/566 455/455 557/557
f 1701/1701 1726/1726 1795/1795
f 1993/1993 2010/2010 1989/1989
f 1993/1993 1962/1962 2026/2026
f 2045/2045 2026/2026 2028/2028
f 2020/2020 2001/2001 2041/2041
f 2104/2104 2103/2103 2079/2079
f 2079/2079 2103/2103 2051/2051
f 461/461 471/471 372/372
f 892/892 979/979 975/975
f 852/852 850/850 950/950
f 857/857 854/854 805/805
f 1065/1065 985/985 1008/1008
f 1046/1046 1065/1065 1097/1097
f 852/852 810/810 779/779
f 1287/1287 1319/1319 1326/1326
f 1286/1286 1205/1205 1243/1243
f 1171/1171 1255/1255 1165/1165
f 449/449 377/377 457/457
f 317/317 340/340 323/323
f 340/340 356/356 334/334
f 379/379 369/369 376/376
f 411/411 379/379 424/424
f 1915/1915 1965/1965 2037/2037
f 1915/1915 1997/1997 1974/1974
f 2051/2051 2018/2018 1975/1975
f 1975/1975 1944/1944 1878/1878
f 1997/1997 1975/1975 1886/1886
f 1982/1982 1976/1976 2028/2028
f 1838/1838 1873/1873 1888/1888
f 1962/1962 1941/1941 1982/1982
f 1944/1944 1912/1912 1888/1888
f 1862/1862 1851/1851 1887/1887
f 1851/1851 1862/1862 1847/1847
f 1860/1860 1847/1847 1871/1871
f 1860/1860 1871/1871 1893/1893
f 1936/1936 1890/1890 1893/1893
f 2026/2026 2012/2012 1993/1993
f 404/404 360/360 358/358
f 385/385 355/355 351/351
f 432/432 355/355 372/372
f 2006/2006 1950/1950 2032/2032
f 1999/1999 1906/1906 1950/1950
f 1933/1933 1950/1950 1856/1856
f 1983/1983 2022/2022 1953/1953
f 1978/1978 1983/1983 1953/1953
f 1992/1992 2044/2044 1930/1930
f 449/449 504/504 551/551
f 411/411 473/473 425/425
f 425/425 377/377 357/357
f 424/424 494/494 411/411
f 379/379 376/376 356/356
f 557/557 674/674 566/566
f 581/581 566/566 674/674
f 491/491 475/475 447/447
f 1887/1887 1898/1898 1871/1871
f 1839/1839 1851/1851 1847/1847
f 466/466 575/575 550/550
f 817/817 685/685 702/702
f 1174/1174 1262/1262 1285/1285
f 1262/1262 1359/1359 1285/1285
f 1360/1360 1318/1318 1240/1240
f 1998/1998 2003/2003 1963/1963
f 1987/1987 2016/2016 1904/1904
f 1906/1906 1876/1876 1840/1840
f 1876/1876 1906/1906 1978/1978
f 1239/1239 1292/1292 1180/1180
f 1343/1343 1339/1339 1440/1440
f 457/457 495/495 518/518
f 418/418 374/374 396/396
f 374/374 449/449 461/461
f 425/425 357/357 369/369
f 674/674 557/557 685/685
f 674/674 785/785 761/761
f 1433/1433 1445/1445 1472/1472
f 751/751 756/756 723/723
f 1001/1001 932/932 975/975
f 761/761 828/828 754/754
f 1953/1953 1963/1963 1811/1811
f 1699/1699 1730/1730 1707/1707
f 1750/1750 1745/1745 1778/1778
f 1815/1815 1778/1778 1782/1782
f 1806/1806 1788/1788 1778/1778
f 1741/1741 1750/1750 1788/1788
f 1323/1323 1292/1292 1239/1239
f 1817/1817 1747/1747 1850/1850
f 1320/1320 1411/1411 1442/1442
f 1502/1502 1506/1506 1597/1597
f 1442/1442 1475/1475 1383/1383
f 1664/1664 1597/1597 1661/1661
f 1442/1442 1530/1530 1475/1475
f 1622/1622 1543/1543 1602/1602
f 1411/1411 1372/1372 1386/1386
f 1543/1543 1475/1475 1530/1530
f 1514/1514 1479/1479 1605/1605
f 1711/1711 1661/1661 1635/1635
f 1990/1990 1916/1916 1955/1955
f 449/449 371/371 377/377
f 475/475 491/491 509/509
f 494/494 519/519 473/473
f 412/412 389/389 331/331
f 1660/1660 1744/1744 1742/1742
f 605/605 635/635 575/575
f 895/895 981/981 917/917
f 1796/1796 1839/1839 1782/1782
f 1537/1537 1643/1643 1548/1548
f 1730/1730 1699/1699 1811/1811
f 1690/1690 1682/1682 1636/1636
f 440/440 412/412 447/447
f 440/440 475/475 478/478
f 440/440 446/446 390/390
f 550/550 620/620 530/530
f 650/650 635/635 605/605
f 953/953 958/958 1060/1060
f 874/874 932/932 858/858
f 932/932 1001/1001 958/958
f 1308/1308 1359/1359 1395/1395
f 1796/1796 1782/1782 1666/1666
f 1643/1643 1754/1754 1745/1745
f 1377/1377 1415/1415 1443/1443
f 1125/1125 1182/1182 1204/1204
f 1288/1288 1334/1334 1375/1375
f 1579/1579 1670/1670 1558/1558
f 1468/1468 1408/1408 1459/1459
f 1434/1434 1474/1474 1395/1395
f 472/472 452/452 403/403
f 539/539 673/673 586/586
f 848/848 754/754 828/828
f 754/754 848/848 752/752
f 1197/1197 1235/1235 1182/1182
f 1019/1019 910/910 1025/1025
f 915/915 910/910 888/888
f 1115/1115 1125/1125 1025/1025
f 1182/1182 1235/1235 1288/1288
f 1133/1133 1016/1016 1019/1019
f 1265/1265 1204/1204 1288/1288
f 1824/1824 1916/1916 1805/1805
f 2023/2023 1955/1955 2014/2014
f 1869/1869 1955/1955 1916/1916
f 1952/1952 1879/1879 1904/1904
f 1951/1951 1952/1952 2047/2047
f 1474/1474 1610/1610 1562/1562
f 1755/1755 1670/1670 1701/1701
f 1695/1695 1736/1736 1812/1812
f 539/539 620/620 673/673
f 1018/1018 1111/1111 1132/1132
f 1639/1639 1775/1775 1747/1747
f 1482/1482 1415/1415 1477/1477
f 1443/1443 1479/1479 1514/1514
f 1654/1654 1639/1639 1634/1634
f 1904/1904 1879/1879 1775/1775
f 1580/1580 1634/1634 1639/1639
f 1569/1569 1514/1514 1605/1605
f 1625/1625 1615/1615 1636/1636
f 1749/1749 1843/1843 1897/1897
f 1963/1963 1897/1897 1843/1843
f 1470/1470 1573/1573 1583/1583
f 1583/1583 1667/1667 1696/1696
f 1534/1534 1492/1492 1594/1594
f 1547/1547 1492/1492 1687/1687
f 1018/1018 946/946 997/997
f 1547/1547 1497/1497 1456/1456
f 1656/1656 1592/1592 1588/1588
f 1477/1477 1415/1415 1379/1379
f 1517/1517 1450/1450 1402/1402
f 1625/1625 1567/1567 1615/1615
f 1594/1594 1583/1583 1696/1696
f 1673/1673 1687/1687 1594/1594
f 1594/1594 1687/1687 1534/1534
f 1547/1547 1652/1652 1537/1537
f 1321/1321 1325/1325 1276/1276
f 1504/1504 1548/1548 1544/1544
f 1687/1687 1492/1492 1534/1534
f 1402/1402 1368/1368 1414/1414
f 1365/1365 1306/1306 1277/1277
f 1368/1368 1325/1325 1414/1414
f 1283/1283 1266/1266 1313/1313
f 1175/1175 1276/1276 1264/1264
f 1405/1405 1497/1497 1391/1391
f 2091/2091 2115/2115 2092/2092
f 547/547 393/393 429/429
f 690/690 655/655 600/600
f 690/690 786/786 816/816
f 660/660 606/606 599/599
f 760/760 742/742 700/700
f 660/660 742/742 786/786
f 839/839 893/893 909/909
f 1053/1053 1051/1051 1005/1005
f 1051/1051 1129/1129 1109/1109
f 1054/1054 965/965 937/937
f 838/838 893/893 839/839
f 945/945 987/987 918/918
f 760/760 862/862 811/811
f 688/688 743/743 691/691
f 843/843 793/793 896/896
f 745/745 776/776 769/769
f 582/582 673/673 688/688
f 625/625 688/688 691/691
f 691/691 601/601 625/625
f 601/601 712/712 700/700
f 2026/2026 1982/1982 2028/2028
f 543/543 519/519 511/511
f 508/508 499/499 511/511
f 499/499 482/482 506/506
f 628/628 594/594 666/666
f 752/752 663/663 754/754
f 569/569 663/663 627/627
f 663/663 569/569 687/687
f 499/499 506/506 511/511
f 516/516 504/504 457/457
f 519/519 518/518 495/495
f 580/580 608/608 585/585
f 637/637 622/622 608/608
f 603/603 551/551 585/585
f 516/516 518/518 585/585
f 551/551 603/603 613/613
f 650/650 615/615 643/643
f 792/792 708/708 693/693
f 641/641 656/656 668/668
f 876/876 756/756 751/751
f 697/697 725/725 739/739
f 673/673 620/620 714/714
f 813/813 876/876 875/875
f 946/946 1018/1018 931/931
f 896/896 875/875 931/931
f 997/997 1041/1041 1111/1111
f 946/946 960/960 997/997
f 673/673 745/745 747/747
f 1207/1207 1298/1298 1230/1230
f 1268/1268 1230/1230 1312/1312
f 1175/1175 1132/1132 1111/1111
f 1264/1264 1276/1276 1325/1325
f 743/743 735/735 768/768
f 1168/1168 1084/1084 1079/1079
f 1306/1306 1225/1225 1277/1277
f 768/768 735/735 747/747
f 831/831 868/868 933/933
f 769/769 831/831 768/768
f 831/831 942/942 842/842
f 753/753 743/743 809/809
f 937/937 846/846 880/880
f 831/831 842/842 768/768
f 842/842 942/942 937/937
f 933/933 995/995 1007/1007
f 935/935 962/962 868/868
f 1177/1177 1155/1155 1095/1095
f 1093/1093 1053/1053 1028/1028
f 1177/1177 1095/1095 1072/1072
f 1028/1028 945/945 920/920
f 1070/1070 1054/1054 942/942
f 1028/1028 920/920 1048/1048
f 1073/1073 995/995 1033/1033
f 1155/1155 1192/1192 1093/1093
f 1048/1048 965/965 1029/1029
f 862/862 965/965 920/920
f 569/569 509/509 491/491
f 622/622 648/648 608/608
f 708/708 792/792 751/751
f 826/826 792/792 895/895
f 723/723 698/698 656/656
f 879/879 981/981 895/895
f 792/792 826/826 751/751
f 826/826 895/895 917/917
f 666/666 802/802 814/814
f 666/666 715/715 636/636
f 715/715 637/637 636/636
f 837/837 910/910 966/966
f 648/648 708/708 728/728
f 621/621 648/648 632/632
f 711/711 698/698 756/756
f 632/632 656/656 641/641
f 879/879 972/972 981/981
f 608/608 609/609 637/637
f 572/572 609/609 608/608
f 1191/1191 1276/1276 1111/1111
f 76/76 102/102 78/78
f 19/19 17/17 46/46
f 17/17 5/5 13/13
f 105/105 96/96 77/77
f 45/45 73/73 68/68
f 117/117 102/102 137/137
f 16/16 13/13 5/5
f 77/77 38/38 46/46
f 3/3 11/11 7/7
f 138/138 125/125 141/141
f 45/45 68/68 44/44
f 11/11 8/8 21/21
f 142/142 116/116 133/133
f 2/2 1/1 4/4
f 20/20 45/45 44/44
f 116/116 121/121 132/132
f 116/116 99/99 79/79
f 232/232 290/290 279/279
f 210/210 237/237 187/187
f 169/169 202/202 151/151
f 188/188 212/212 179/179
f 140/140 127/127 120/120
f 148/148 157/157 174/174
f 170/170 160/160 150/150
f 7/7 15/15 4/4
f 220/220 242/242 199/199
f 226/226 220/220 198/198
f 295/295 287/287 251/251
f 90/90 114/114 119/119
f 231/231 224/224 201/201
f 259/259 232/232 222/222
f 182/182 193/193 203/203
f 44/44 50/50 35/35
f 159/159 162/162 192/192
f 234/234 188/188 195/195
f 192/192 195/195 188/188
f 234/234 262/262 233/233
f 182/182 203/203 236/236
f 128/128 120/120 110/110
f 175/175 201/201 172/172
f 236/236 203/203 193/193
f 241/241 200/200 185/185
f 88/88 72/72 69/69
f 40/40 51/51 72/72
f 158/158 144/144 196/196
f 168/168 144/144 135/135
f 111/111 146/146 135/135
f 196/196 168/168 181/181
f 111/111 98/98 146/146
f 27/27 32/32 24/24
f 191/191 194/194 170/170
f 150/150 115/115 127/127
f 129/129 114/114 115/115
f 262/262 234/234 268/268
f 212/212 222/222 232/232
f 188/188 179/179 165/165
f 161/161 179/179 183/183
f 193/193 164/164 178/178
f 118/118 106/106 144/144
f 164/164 128/128 154/154
f 114/114 91/91 115/115
f 93/93 110/110 71/71
f 91/91 120/120 115/115
f 74/74 71/71 84/84
f 83/83 85/85 107/107
f 90/90 109/109 74/74
f 199/199 202/202 174/174
f 242/242 226/226 266/266
f 47/47 33/33 30/30
f 107/107 147/147 134/134
f 146/146 98/98 153/153
f 80/80 56/56 65/65
f 81/81 74/74 89/89
f 103/103 89/89 112/112
f 89/89 103/103 66/66
f 147/147 103/103 152/152
f 149/149 126/126 143/143
f 68/68 92/92 65/65
f 157/157 148/148 104/104
f 187/187 202/202 210/210
f 23/23 39/39 16/16
f 27/27 15/15 22/22
f 177/177 166/166 205/205
f 119/119 145/145 109/109
f 177/177 145/145 166/166
f 166/166 145/145 129/129
f 101/101 92/92 161/161
f 62/62 80/80 69/69
f 56/56 62/62 42/42
f 161/161 139/139 101/101
f 232/232 219/219 206/206
f 46/46 104/104 77/77
f 17/17 26/26 41/41
f 134/134 147/147 180/180
f 180/180 190/190 218/218
f 55/55 61/61 49/49
f 40/40 32/32 42/42
f 35/35 42/42 21/21
f 147/147 152/152 190/190
f 23/23 36/36 34/34
f 70/70 107/107 94/94
f 66/66 83/83 61/61
f 103/103 112/112 152/152
f 66/66 103/103 85/85
f 23/23 18/18 29/29
f 12/12 6/6 4/4
f 74/74 59/59 60/60
f 18/18 12/12 15/15
f 67/67 106/106 93/93
f 106/106 82/82 72/72
f 58/58 67/67 48/48
f 33/33 29/29 18/18
f 47/47 49/49 33/33
f 36/36 49/49 57/57
f 36/36 70/70 34/34
f 55/55 52/52 59/59
f 24/24 37/37 30/30
f 2157/2157 2166/2166 2190/2190
f 2212/2212 2241/2241 2190/2190
f 2194/2194 2177/2177 2149/2149
f 2211/2211 2234/2234 2189/2189
f 2160/2160 2097/2097 2154/2154
f 2248/2248 2269/2269 2281/2281
f 2149/2149 2161/2161 2097/2097
f 2160/2160 2182/2182 2201/2201
f 2154/2154 2180/2180 2160/2160
f 2149/2149 2180/2180 2161/2161
f 2200/2200 2165/2165 2179/2179
f 2370/2370 2339/2339 2345/2345
f 2203/2203 2192/2192 2247/2247
f 2187/2187 2204/2204 2155/2155
f 2235/2235 2207/2207 2188/2188
f 2251/2251 2247/2247 2216/2216
f 2165/2165 2164/2164 2203/2203
f 2212/2212 2190/2190 2207/2207
f 2221/2221 2208/2208 2223/2223
f 2199/2199 2232/2232 2226/2226
f 2155/2155 2166/2166 2121/2121
f 2192/2192 2148/2148 2176/2176
f 2164/2164 2192/2192 2203/2203
f 2227/2227 2224/2224 2213/2213
f 2151/2151 2201/2201 2206/2206
f 2253/2253 2270/2270 2234/2234
f 2313/2313 2277/2277 2258/2258
f 2251/2251 2275/2275 2247/2247
f 2216/2216 2206/2206 2239/2239
f 2231/2231 2201/2201 2213/2213
f 2224/2224 2227/2227 2258/2258
f 2210/2210 2227/2227 2180/2180
f 2258/2258 2277/2277 2231/2231
f 2383/2383 2377/2377 2366/2366
f 2308/2308 2281/2281 2302/2302
f 2257/2257 2285/2285 2252/2252
f 2221/2221 2220/2220 2197/2197
f 2293/2293 2266/2266 2282/2282
f 2250/2250 2270/2270 2229/2229
f 2251/2251 2290/2290 2275/2275
f 2239/2239 2262/2262 2251/2251
f 2309/2309 2310/2310 2327/2327
f 2309/2309 2273/2273 2298/2298
f 2288/2288 2309/2309 2298/2298
f 2289/2289 2318/2318 2306/2306
f 2326/2326 2329/2329 2327/2327
f 2327/2327 2300/2300 2309/2309
f 2352/2352 2340/2340 2346/2346
f 2273/2273 2242/2242 2226/2226
f 2238/2238 2242/2242 2286/2286
f 2252/2252 2263/2263 2259/2259
f 2268/2268 2261/2261 2299/2299
f 2261/2261 2228/2228 2244/2244
f 2261/2261 2268/2268 2228/2228
f 2185/2185 2181/2181 2170/2170
f 2304/2304 2278/2278 2268/2268
f 2244/2244 2228/2228 2202/2202
f 2345/2345 2314/2314 2316/2316
f 2337/2337 2311/2311 2308/2308
f 2221/2221 2223/2223 2245/2245
f 2318/2318 2297/2297 2323/2323
f 2282/2282 2303/2303 2297/2297
f 2349/2349 2320/2320 2335/2335
f 2366/2366 2337/2337 2367/2367
f 2294/2294 2277/2277 2315/2315
f 2368/2368 2364/2364 2372/2372
f 2315/2315 2313/2313 2324/2324
f 2343/2343 2349/2349 2335/2335
f 2193/2193 2199/2199 2242/2242
f 2328/2328 2325/2325 2299/2299
f 2361/2361 2350/2350 2354/2354
f 2334/2334 2346/2346 2330/2330
f 2327/2327 2329/2329 2321/2321
f 2278/2278 2222/2222 2233/2233
f 2278/2278 2287/2287 2222/2222
f 2187/2187 2195/2195 2205/2205
f 2316/2316 2272/2272 2287/2287
f 2205/2205 2236/2236 2187/2187
f 2195/2195 2181/2181 2215/2215
f 2172/2172 2195/2195 2144/2144
f 2228/2228 2278/2278 2233/2233
f 2243/2243 2271/2271 2235/2235
f 2334/2334 2318/2318 2323/2323
f 2349/2349 2352/2352 2346/2346
f 2366/2366 2348/2348 2333/2333
f 2324/2324 2333/2333 2341/2341
f 2364/2364 2348/2348 2366/2366
f 2360/2360 2361/2361 2354/2354
f 2336/2336 2312/2312 2344/2344
f 2267/2267 2243/2243 2225/2225
f 2338/2338 2336/2336 2351/2351
f 2342/2342 2338/2338 2359/2359
f 2369/2369 2361/2361 2374/2374
f 2384/2384 2378/2378 2380/2380
f 2373/2373 2381/2381 2365/2365
f 2381/2381 2373/2373 2378/2378
f 2387/2387 2383/2383 2379/2379
f 2387/2387 2382/2382 2391/2391
f 2347/2347 2356/2356 2337/2337
f 2317/2317 2347/2347 2302/2302
f 2375/2375 2363/2363 2370/2370
f 2390/2390 2384/2384 2389/2389
f 2363/2363 2375/2375 2385/2385
f 2339/2339 2331/2331 2319/2319
f 2384/2384 2385/2385 2381/2381
f 2295/2295 2317/2317 2281/2281
f 2301/2301 2292/2292 2319/2319
f 2393/2393 2390/2390 2394/2394
f 1489/1489 1396/1396 1416/1416
f 1044/1044 1027/1027 1141/1141
f 2114/2114 2098/2098 2126/2126
f 1188/1188 1181/1181 1234/1234
f 1913/1913 1984/1984 1938/1938
f 2123/2123 2126/2126 2124/2124
f 1819/1819 1800/1800 1737/1737
f 1925/1925 1985/1985 2038/2038
f 2034/2034 2033/2033 2000/2000
f 1960/1960 2020/2020 2041/2041
f 1515/1515 1396/1396 1489/1489
f 1489/1489 1457/1457 1560/1560
f 1925/1925 1867/1867 1819/1819
f 1081/1081 1098/1098 1101/1101
f 1620/1620 1700/1700 1698/1698
f 1436/1436 1399/1399 1427/1427
f 1422/1422 1398/1398 1508/1508
f 1181/1181 1250/1250 1290/1290
f 887/887 806/806 901/901
f 309/309 299/299 423/423
f 309/309 423/423 368/368
f 1043/1043 940/940 1044/1044
f 368/368 281/281 309/309
f 900/900 840/840 887/887
f 2144/2144 2155/2155 2120/2120
f 501/501 396/396 510/510
f 303/303 307/307 308/308
f 1564/1564 1581/1581 1508/1508
f 362/362 354/354 308/308
f 297/297 280/280 272/272
f 298/298 311/311 356/356
f 336/336 335/335 343/343
f 410/410 480/480 458/458
f 342/342 327/327 435/435
f 275/275 325/325 265/265
f 1311/1311 1352/1352 1274/1274
f 1378/1378 1352/1352 1354/1354
f 1252/1252 1305/1305 1238/1238
f 856/856 788/788 774/774
f 1581/1581 1541/1541 1481/1481
f 689/689 755/755 733/733
f 689/689 672/672 538/538
f 1354/1354 1398/1398 1422/1422
f 1971/1971 1867/1867 1925/1925
f 470/470 409/409 386/386
f 1737/1737 1800/1800 1698/1698
f 208/208 194/194 191/191
f 215/215 228/228 191/191
f 207/207 177/177 205/205
f 1310/1310 1416/1416 1396/1396
f 887/887 840/840 820/820
f 887/887 820/820 819/819
f 986/986 930/930 1043/1043
f 1043/1043 930/930 927/927
f 1549/1549 1515/1515 1489/1489
f 1355/1355 1257/1257 1309/1309
f 439/439 477/477 524/524
f 248/248 277/277 227/227
f 2000/2000 2033/2033 1991/1991
f 1844/1844 1774/1774 1889/1889
f 2039/2039 2004/2004 2041/2041
f 1884/1884 1864/1864 1853/1853
f 1858/1858 1911/1911 1896/1896
f 280/280 296/296 299/299
f 297/297 296/296 280/280
f 797/797 851/851 783/783
f 247/247 243/243 253/253
f 2108/2108 2124/2124 2098/2098
f 1709/1709 1619/1619 1646/1646
f 1619/1619 1637/1637 1560/1560
f 1549/1549 1620/1620 1576/1576
f 883/883 971/971 861/861
f 722/722 797/797 783/783
f 1017/1017 1021/1021 1063/1063
f 733/733 774/774 672/672
f 1038/1038 1101/1101 1021/1021
f 1566/1566 1651/1651 1564/1564
f 1644/1644 1651/1651 1704/1704
f 1651/1651 1708/1708 1810/1810
f 1708/1708 1651/1651 1694/1694
f 1238/1238 1203/1203 1252/1252
f 1303/1303 1252/1252 1227/1227
f 1303/1303 1373/1373 1358/1358
f 1358/1358 1401/1401 1447/1447
f 1401/1401 1526/1526 1453/1453
f 1488/1488 1540/1540 1536/1536
f 1536/1536 1540/1540 1619/1619
f 1560/1560 1457/1457 1488/1488
f 1560/1560 1488/1488 1536/1536
f 1203/1203 1128/1128 1141/1141
f 1626/1626 1671/1671 1641/1641
f 2153/2153 2076/2076 2162/2162
f 2184/2184 2189/2189 2209/2209
f 563/563 555/555 546/546
f 320/320 278/278 277/277
f 1917/1917 2060/2060 1985/1985
f 1875/1875 1820/1820 1889/1889
f 2068/2068 2142/2142 2069/2069
f 1907/1907 1947/1947 1799/1799
f 421/421 468/468 382/382
f 359/359 365/365 324/324
f 467/467 354/354 448/448
f 283/283 319/319 255/255
f 553/553 384/384 434/434
f 1825/1825 1727/1727 1709/1709
f 867/867 934/934 849/849
f 576/576 552/552 664/664
f 552/552 576/576 484/484
f 394/394 406/406 270/270
f 682/682 579/579 644/644
f 807/807 797/797 749/749
f 807/807 749/749 789/789
f 570/570 686/686 669/669
f 1354/1354 1311/1311 1290/1290
f 1064/1064 1017/1017 1092/1092
f 1021/1021 943/943 1038/1038
f 1081/1081 1038/1038 1022/1022
f 1022/1022 971/971 944/944
f 1935/1935 2076/2076 1937/1937
f 1764/1764 1676/1676 1704/1704
f 2099/2099 2031/2031 1937/1937
f 1801/1801 1922/1922 1877/1877
f 1676/1676 1785/1785 1693/1693
f 1709/1709 1727/1727 1637/1637
f 1196/1196 1203/1203 1141/1141
f 2064/2064 2024/2024 2027/2027
f 2168/2168 2138/2138 2153/2153
f 328/328 335/335 346/346
f 341/341 268/268 361/361
f 288/288 250/250 246/246
f 1964/1964 1995/1995 2005/2005
f 2039/2039 2034/2034 2004/2004
f 2169/2169 2152/2152 2178/2178
f 423/423 299/299 322/322
f 213/213 207/207 238/238
f 283/283 238/238 223/223
f 319/319 310/310 253/253
f 373/373 483/483 302/302
f 1623/1623 1637/1637 1700/1700
f 363/363 270/270 406/406
f 576/576 667/667 559/559
f 436/436 353/353 320/320
f 682/682 553/553 579/579
f 1644/1644 1676/1676 1581/1581
f 1802/1802 1903/1903 1881/1881
f 1922/1922 1932/1932 1877/1877
f 940/940 991/991 1044/1044
f 901/901 957/957 940/940
f 914/914 864/864 836/836
f 1083/1083 1002/1002 1030/1030
f 989/989 914/914 984/984
f 1252/1252 1303/1303 1358/1358
f 1228/1228 1291/1291 1300/1300
f 1412/1412 1461/1461 1526/1526
f 1526/1526 1401/1401 1412/1412
f 2119/2119 2139/2139 2131/2131
f 2011/2011 1992/1992 1949/1949
f 2067/2067 2101/2101 2081/2081
f 2106/2106 2083/2083 2070/2070
f 335/335 312/312 343/343
f 588/588 529/529 592/592
f 325/325 327/327 342/342
f 205/205 217/217 227/227
f 2008/2008 1981/1981 1991/1991
f 1986/1986 2008/2008 1979/1979
f 1924/1924 1938/1938 1960/1960
f 2004/2004 2034/2034 1981/1981
f 1929/1929 1961/1961 1964/1964
f 1899/1899 1949/1949 1992/1992
f 2020/2020 1984/1984 2030/2030
f 2150/2150 2183/2183 2193/2193
f 2110/2110 2167/2167 2146/2146
f 2074/2074 2100/2100 2156/2156
f 500/500 477/477 487/487
f 223/223 244/244 278/278
f 459/459 579/579 434/434
f 283/283 441/441 319/319
f 282/282 302/302 252/252
f 245/245 241/241 257/257
f 1619/1619 1560/1560 1536/1536
f 1560/1560 1637/1637 1623/1623
f 420/420 436/436 277/277
f 1092/1092 1121/1121 1179/1179
f 1063/1063 1101/1101 1092/1092
f 1064/1064 1135/1135 1120/1120
f 1190/1190 1135/1135 1092/1092
f 969/969 1064/1064 1015/1015
f 1676/1676 1640/1640 1574/1574
f 1424/1424 1439/1439 1356/1356
f 1481/1481 1574/1574 1519/1519
f 1825/1825 1827/1827 1872/1872
f 2048/2048 2053/2053 2077/2077
f 1746/1746 1831/1831 1827/1827
f 1917/1917 1985/1985 1925/1925
f 984/984 974/974 1002/1002
f 1049/1049 984/984 1020/1020
f 984/984 1049/1049 989/989
f 993/993 1030/1030 974/974
f 1146/1146 1215/1215 1104/1104
f 865/865 974/974 898/898
f 1078/1078 1049/1049 1020/1020
f 1002/1002 1104/1104 1020/1020
f 1638/1638 1565/1565 1714/1714
f 1483/1483 1461/1461 1435/1435
f 1461/1461 1483/1483 1565/1565
f 1638/1638 1720/1720 1646/1646
f 1563/1563 1565/1565 1483/1483
f 1794/1794 1760/1760 1714/1714
f 1910/1910 1889/1889 1959/1959
f 1970/1970 2027/2027 1988/1988
f 2120/2120 2155/2155 2121/2121
f 2122/2122 2120/2120 2106/2106
f 361/361 332/332 343/343
f 782/782 808/808 719/719
f 437/437 529/529 496/496
f 588/588 513/513 496/496
f 1946/1946 1960/1960 2004/2004
f 1866/1866 1846/1846 1852/1852
f 1864/1864 1845/1845 1828/1828
f 1868/1868 1846/1846 1866/1866
f 1853/1853 1837/1837 1836/1836
f 1797/1797 1842/1842 1818/1818
f 1793/1793 1797/1797 1828/1828
f 1854/1854 1875/1875 1899/1899
f 1984/1984 1913/1913 2030/2030
f 2074/2074 1942/1942 1921/1921
f 2139/2139 2146/2146 2147/2147
f 2072/2072 2110/2110 1907/1907
f 2156/2156 2193/2193 2191/2191
f 2136/2136 2173/2173 2129/2129
f 520/520 510/510 537/537
f 421/421 465/465 439/439
f 351/351 463/463 385/385
f 434/434 278/278 353/353
f 302/302 370/370 373/373
f 682/682 722/722 686/686
f 926/926 851/851 969/969
f 595/595 591/591 497/497
f 570/570 540/540 441/441
f 253/253 282/282 252/252
f 370/370 497/497 591/591
f 288/288 302/302 431/431
f 431/431 302/302 483/483
f 288/288 327/327 313/313
f 1436/1436 1493/1493 1399/1399
f 1484/1484 1556/1556 1465/1465
f 1493/1493 1481/1481 1519/1519
f 1183/1183 1135/1135 1190/1190
f 1556/1556 1484/1484 1512/1512
f 1390/1390 1427/1427 1378/1378
f 1331/1331 1280/1280 1245/1245
f 1424/1424 1349/1349 1420/1420
f 1424/1424 1420/1420 1465/1465
f 1693/1693 1665/1665 1556/1556
f 1400/1400 1507/1507 1496/1496
f 1918/1918 1921/1921 1804/1804
f 1791/1791 1833/1833 1921/1921
f 1653/1653 1804/1804 1791/1791
f 1692/1692 1653/1653 1553/1553
f 2100/2100 2066/2066 1921/1921
f 1874/1874 1942/1942 1768/1768
f 1571/1571 1653/1653 1668/1668
f 1942/1942 1907/1907 1768/1768
f 1686/1686 1668/1668 1791/1791
f 1799/1799 1758/1758 1683/1683
f 1799/1799 1947/1947 1858/1858
f 1991/1991 2036/2036 2053/2053
f 1900/1900 1980/1980 1872/1872
f 2008/2008 1980/1980 1979/1979
f 1970/1970 1774/1774 1940/1940
f 2057/2057 2049/2049 1940/1940
f 2057/2057 2062/2062 2083/2083
f 2089/2089 2083/2083 2106/2106
f 1809/1809 1717/1717 1763/1763
f 2057/2057 1920/1920 2062/2062
f 1832/1832 1896/1896 1902/1902
f 2131/2131 2144/2144 2122/2122
f 343/343 312/312 341/341
f 268/268 341/341 312/312
f 445/445 346/346 413/413
f 445/445 577/577 592/592
f 352/352 364/364 417/417
f 413/413 549/549 490/490
f 496/496 513/513 391/391
f 348/348 266/266 271/271
f 1986/1986 1924/1924 1946/1946
f 1939/1939 1958/1958 1928/1928
f 1939/1939 1901/1901 1958/1958
f 1939/1939 1905/1905 1901/1901
f 2030/2030 1957/1957 2005/2005
f 1066/1066 1089/1089 1156/1156
f 870/870 926/926 928/928
f 253/253 255/255 319/319
f 614/614 657/657 646/646
f 288/288 245/245 257/257
f 288/288 313/313 275/275
f 483/483 578/578 488/488
f 427/427 327/327 288/288
f 1183/1183 1199/1199 1120/1120
f 1245/1245 1199/1199 1190/1190
f 1331/1331 1338/1338 1280/1280
f 1444/1444 1400/1400 1496/1496
f 1338/1338 1351/1351 1261/1261
f 1554/1554 1571/1571 1599/1599
f 1507/1507 1553/1553 1496/1496
f 1900/1900 1979/1979 1980/1980
f 865/865 897/897 974/974
f 1083/1083 993/993 1066/1066
f 1940/1940 1891/1891 1923/1923
f 2081/2081 2049/2049 2067/2067
f 2021/2021 2070/2070 1902/1902
f 1902/1902 1896/1896 2021/2021
f 1832/1832 1902/1902 1763/1763
f 1763/1763 1880/1880 1809/1809
f 1896/1896 2009/2009 2117/2117
f 1832/1832 1763/1763 1752/1752
f 361/361 364/364 352/352
f 1889/1889 1774/1774 1970/1970
f 1844/1844 1820/1820 1769/1769
f 1751/1751 1793/1793 1808/1808
f 545/545 528/528 555/555
f 381/381 468/468 453/453
f 533/533 453/453 468/468
f 476/476 507/507 448/448
f 362/362 308/308 365/365
f 487/487 465/465 512/512
f 395/395 422/422 517/517
f 517/517 422/422 540/540
f 584/584 548/548 427/427
f 427/427 431/431 584/584
f 1356/1356 1439/1439 1331/1331
f 1496/1496 1498/1498 1454/1454
f 1498/1498 1496/1496 1554/1554
f 750/750 796/796 701/701
f 634/634 640/640 799/799
f 1083/1083 1030/1030 993/993
f 1829/1829 1923/1923 1780/1780
f 1799/1799 1706/1706 1632/1632
f 1970/1970 1988/1988 1889/1889
f 1780/1780 1722/1722 1732/1732
f 1891/1891 1774/1774 1780/1780
f 522/522 523/523 611/611
f 492/492 480/480 486/486
f 619/619 665/665 705/705
f 623/623 522/522 611/611
f 801/801 707/707 719/719
f 540/540 618/618 595/595
f 488/488 578/578 584/584
f 1686/1686 1816/1816 1632/1632
f 1261/1261 1199/1199 1280/1280
f 898/898 799/799 801/801
f 1229/1229 1294/1294 1232/1232
f 1294/1294 1330/1330 1353/1353
f 1353/1353 1387/1387 1412/1412
f 923/923 951/951 905/905
f 1042/1042 1088/1088 1107/1107
f 1172/1172 1107/1107 1166/1166
f 1655/1655 1779/1779 1765/1765
f 1166/1166 1241/1241 1172/1172
f 1157/1157 1166/1166 1088/1088
f 1589/1589 1632/1632 1706/1706
f 1758/1758 1799/1799 1858/1858
f 1706/1706 1683/1683 1631/1631
f 1728/1728 1722/1722 1738/1738
f 1684/1684 1572/1572 1718/1718
f 1756/1756 1808/1808 1761/1761
f 1751/1751 1808/1808 1769/1769
f 1835/1835 1779/1779 1808/1808
f 1820/1820 1751/1751 1769/1769
f 1808/1808 1779/1779 1761/1761
f 1797/1797 1751/1751 1820/1820
f 740/740 705/705 665/665
f 835/835 844/844 923/923
f 999/999 923/923 1066/1066
f 542/542 523/523 528/528
f 639/639 626/626 647/647
f 676/676 730/730 729/729
f 822/822 740/740 787/787
f 750/750 701/701 651/651
f 1432/1432 1454/1454 1498/1498
f 1554/1554 1686/1686 1632/1632
f 1009/1009 1037/1037 1108/1108
f 1351/1351 1338/1338 1400/1400
f 1220/1220 1247/1247 1223/1223
f 1103/1103 1149/1149 1088/1088
f 872/872 961/961 977/977
f 968/968 978/978 890/890
f 968/968 1024/1024 1003/1003
f 1340/1340 1384/1384 1364/1364
f 1671/1671 1752/1752 1763/1763
f 1787/1787 1832/1832 1752/1752
f 1555/1555 1641/1641 1613/1613
f 1641/1641 1600/1600 1626/1626
f 1691/1691 1752/1752 1671/1671
f 1633/1633 1631/1631 1683/1683
f 1603/1603 1522/1522 1554/1554
f 1632/1632 1589/1589 1603/1603
f 1428/1428 1522/1522 1425/1425
f 1828/1828 1845/1845 1835/1835
f 1865/1865 1884/1884 1905/1905
f 1865/1865 1798/1798 1772/1772
f 1865/1865 1863/1863 1884/1884
f 1772/1772 1823/1823 1863/1863
f 835/835 923/923 905/905
f 923/923 978/978 992/992
f 992/992 1062/1062 1066/1066
f 1059/1059 1009/1009 1112/1112
f 1304/1304 1254/1254 1282/1282
f 1167/1167 1282/1282 1254/1254
f 1271/1271 1212/1212 1213/1213
f 1351/1351 1348/1348 1304/1304
f 1425/1425 1389/1389 1374/1374
f 1309/1309 1271/1271 1374/1374
f 1520/1520 1425/1425 1522/1522
f 1145/1145 1023/1023 1112/1112
f 1555/1555 1469/1469 1529/1529
f 1531/1531 1529/1529 1389/1389
f 1397/1397 1309/1309 1374/1374
f 1291/1291 1228/1228 1156/1156
f 781/781 720/720 765/765
f 822/822 844/844 765/765
f 596/596 653/653 665/665
f 787/787 740/740 748/748
f 904/904 787/787 872/872
f 968/968 904/904 977/977
f 1085/1085 1103/1103 1024/1024
f 1589/1589 1633/1633 1609/1609
f 1600/1600 1609/1609 1626/1626
f 1691/1691 1633/1633 1683/1683
f 1626/1626 1691/1691 1671/1671
f 1219/1219 1149/1149 1150/1150
f 1149/1149 1220/1220 1157/1157
f 1149/1149 1219/1219 1220/1220
f 1263/1263 1220/1220 1219/1219
f 1237/1237 1244/1244 1219/1219
f 1263/1263 1244/1244 1332/1332
f 1350/1350 1332/1332 1237/1237
f 1263/1263 1328/1328 1247/1247
f 1330/1330 1300/1300 1371/1371
f 787/787 653/653 772/772
f 748/748 653/653 787/787
f 872/872 787/787 772/772
f 1039/1039 1087/1087 1006/1006
f 1024/1024 977/977 961/961
f 911/911 952/952 1036/1036
f 1134/1134 1087/1087 1055/1055
f 885/885 845/845 956/956
f 956/956 1055/1055 1039/1039
f 1087/1087 1152/1152 1071/1071
f 1380/1380 1364/1364 1384/1384
f 1340/1340 1241/1241 1267/1267
f 1467/1467 1380/1380 1384/1384
f 1798/1798 1885/1885 1857/1857
f 1621/1621 1593/1593 1678/1678
f 1642/1642 1678/1678 1587/1587
f 794/794 881/881 886/886
f 1003/1003 1024/1024 1088/1088
f 1050/1050 1099/1099 1140/1140
f 1184/1184 1211/1211 1087/1087
f 1253/1253 1226/1226 1160/1160
f 1152/1152 1087/1087 1211/1211
f 1563/1563 1621/1621 1565/1565
f 1483/1483 1467/1467 1563/1563
f 1178/1178 1160/1160 1105/1105
f 1105/1105 1082/1082 1173/1173
f 1257/1257 1253/1253 1178/1178
f 1333/1333 1345/1345 1410/1410
f 1173/1173 1178/1178 1105/1105
f 1355/1355 1345/1345 1257/1257
f 1216/1216 1170/1170 1270/1270
f 967/967 911/911 1036/1036
f 1036/1036 952/952 1026/1026
f 1105/1105 1036/1036 1026/1026
f 1216/1216 1099/1099 1170/1170
f 1246/1246 1189/1189 1293/1293
f 1404/1404 1333/1333 1448/1448
f 1333/1333 1410/1410 1448/1448
f 1551/1551 1478/1478 1613/1613
f 1613/1613 1650/1650 1551/1551
f 1551/1551 1662/1662 1575/1575
f 1478/1478 1555/1555 1613/1613
f 1677/1677 1685/1685 1595/1595
f 1246/1246 1279/1279 1158/1158
f 947/947 955/955 1047/1047
f 1004/1004 1045/1045 1082/1082
f 1127/1127 1050/1050 1140/1140
f 1237/1237 1256/1256 1350/1350
f 1525/1525 1575/1575 1491/1491
f 1026/1026 976/976 1004/1004
f 1056/1056 1131/1131 1086/1086
f 1031/1031 1050/1050 970/970
f 1134/1134 1127/1127 1158/1158
f 1184/1184 1158/1158 1279/1279
f 1050/1050 1127/1127 1047/1047
f 1099/1099 1050/1050 1031/1031
f 1216/1216 1140/1140 1099/1099
f 1370/1370 1441/1441 1327/1327
f 1327/1327 1441/1441 1392/1392
f 1184/1184 1256/1256 1211/1211
f 1655/1655 1669/1669 1779/1779
f 1449/1449 1523/1523 1509/1509
f 1392/1392 1393/1393 1363/1363
f 549/549 633/633 577/577
f 549/549 479/479 521/521
f 505/505 409/409 470/470
f 654/654 549/549 646/646
f 710/710 657/657 671/671
f 671/671 649/649 734/734
f 731/731 710/710 734/734
f 699/699 726/726 567/567
f 759/759 734/734 767/767
f 567/567 435/435 548/548
f 534/534 567/567 649/649
f 830/830 759/759 891/891
f 767/767 834/834 891/891
f 772/772 661/661 729/729
f 596/596 545/545 587/587
f 587/587 612/612 617/617
f 757/757 885/885 772/772
f 587/587 607/607 612/612
f 607/607 587/587 593/593
f 830/830 773/773 759/759
f 764/764 767/767 726/726
f 834/834 911/911 891/891
f 891/891 911/911 967/967
f 639/639 647/647 652/652
f 654/654 677/677 647/647
f 652/652 717/717 791/791
f 791/791 717/717 859/859
f 866/866 913/913 955/955
f 885/885 791/791 845/845
f 696/696 800/800 677/677
f 757/757 791/791 885/885
f 584/584 578/578 675/675
f 798/798 675/675 727/727
f 578/578 713/713 727/727
f 764/764 699/699 736/736
f 713/713 778/778 727/727
f 675/675 794/794 736/736
f 713/713 591/591 658/658
f 832/832 884/884 936/936
f 886/886 881/881 906/906
f 983/983 936/936 982/982
f 669/669 744/744 718/718
f 1009/1009 1059/1059 964/964
f 654/654 647/647 633/633
f 936/936 924/924 881/881
f 983/983 1059/1059 1023/1023
f 964/964 982/982 912/912
f 881/881 798/798 832/832
f 832/832 778/778 823/823
f 617/617 624/624 639/639
f 884/884 829/829 860/860
f 626/626 612/612 630/630
f 1928/1928 1969/1969 1883/1883
f 1883/1883 1849/1849 1928/1928
f 1714/1714 1759/1759 1794/1794
f 762/762 718/718 804/804
f 860/860 804/804 870/870
f 860/860 829/829 762/762
f 804/804 744/744 783/783
f 342/342 435/435 338/338
f 409/409 364/364 386/386
f 514/514 448/448 507/507
f 1607/1607 1669/1669 1559/1559
f 1384/1384 1406/1406 1495/1495
f 1593/1593 1587/1587 1678/1678
f 1587/1587 1593/1593 1462/1462
f 1568/1568 1642/1642 1587/1587
f 1772/1772 1724/1724 1823/1823
f 1762/1762 1684/1684 1718/1718
f 1426/1426 1332/1332 1449/1449
f 1495/1495 1460/1460 1557/1557
f 1509/1509 1426/1426 1449/1449
f 1350/1350 1418/1418 1332/1332
f 1557/1557 1460/1460 1550/1550
f 1557/1557 1629/1629 1649/1649
f 677/677 800/800 717/717
f 1495/1495 1406/1406 1460/1460
f 1250/1250 1186/1186 1289/1289
f 1123/1123 1067/1067 1094/1094
f 1347/1347 1289/1289 1297/1297
f 1527/1527 1524/1524 1566/1566
f 1200/1200 1289/1289 1186/1186
f 1485/1485 1527/1527 1473/1473
f 1527/1527 1566/1566 1564/1564
f 1317/1317 1347/1347 1398/1398
f 1200/1200 1186/1186 1094/1094
f 1186/1186 1123/1123 1094/1094
f 1094/1094 1137/1137 1217/1217
f 959/959 925/925 1013/1013
f 925/925 894/894 907/907
f 1317/1317 1250/1250 1289/1289
f 856/856 925/925 959/959
f 1297/1297 1289/1289 1217/1217
f 1466/1466 1398/1398 1473/1473
f 841/841 907/907 894/894
f 1347/1347 1423/1423 1398/1398
f 1013/1013 1094/1094 1067/1067
f 1068/1068 1074/1074 973/973
f 1096/1096 1147/1147 1130/1130
f 1010/1010 990/990 1074/1074
f 1074/1074 1096/1096 1130/1130
f 1096/1096 1187/1187 1202/1202
f 818/818 873/873 841/841
f 921/921 990/990 938/938
f 818/818 812/812 873/873
f 1260/1260 1202/1202 1187/1187
f 1524/1524 1528/1528 1566/1566
f 1535/1535 1528/1528 1500/1500
f 1218/1218 1202/1202 1233/1233
f 1233/1233 1260/1260 1299/1299
f 1376/1376 1385/1385 1446/1446
f 1505/1505 1500/1500 1446/1446
f 1505/1505 1446/1446 1385/1385
f 1130/1130 1147/1147 1218/1218
f 1566/1566 1539/1539 1578/1578
f 1539/1539 1528/1528 1578/1578
f 1296/1296 1335/1335 1260/1260
f 1260/1260 1335/1335 1299/1299
f 921/921 938/938 889/889
f 1566/1566 1528/1528 1539/1539
f 1376/1376 1299/1299 1335/1335
f 1528/1528 1535/1535 1578/1578
f 938/938 908/908 889/889
f 1074/1074 990/990 973/973
f 1130/1130 1010/1010 1074/1074
f 2130/2130 2132/2132 2116/2116
f 368/368 316/316 281/281
f 1618/1618 1552/1552 1576/1576
f 1476/1476 1394/1394 1396/1396
f 1773/1773 1681/1681 1735/1735
f 1552/1552 1618/1618 1681/1681
f 1394/1394 1324/1324 1316/1316
f 1996/1996 1954/1954 1971/1971
f 1848/1848 1773/1773 1800/1800
f 2058/2058 2114/2114 2056/2056
f 2058/2058 1996/1996 1971/1971
f 1116/1116 1117/1117 1061/1061
f 1971/1971 1954/1954 1867/1867
f 1800/1800 1773/1773 1735/1735
f 1848/1848 1800/1800 1867/1867
f 281/281 292/292 264/264
f 2130/2130 2116/2116 2114/2114
f 1576/1576 1698/1698 1618/1618
f 1735/1735 1681/1681 1698/1698
f 1273/1273 1248/1248 1324/1324
f 460/460 388/388 368/368
f 1954/1954 1870/1870 1848/1848
f 1870/1870 1773/1773 1848/1848
f 573/573 474/474 460/460
f 264/264 292/292 261/261
f 840/840 821/821 820/820
f 695/695 746/746 821/821
f 709/709 695/695 573/573
f 1052/1052 919/919 986/986
f 903/903 930/930 919/919
f 930/930 903/903 900/900
f 1117/1117 1052/1052 1061/1061
f 820/820 746/746 709/709
f 840/840 903/903 855/855
f 986/986 919/919 930/930
f 388/388 460/460 474/474
f 316/316 368/368 388/388
f 695/695 709/709 746/746
f 474/474 573/573 589/589
f 919/919 855/855 903/903
f 292/292 281/281 316/316
f 1273/1273 1206/1206 1248/1248
f 1248/1248 1206/1206 1193/1193
f 2037/2037 2111/2111 2104/2104
f 1035/1035 1113/1113 1034/1034
f 853/853 939/939 892/892
f 366/366 454/454 541/541
f 260/260 291/291 267/267
f 301/301 349/349 306/306
f 541/541 544/544 462/462
f 1614/1614 1658/1658 1726/1726
f 306/306 291/291 274/274
f 1451/1451 1513/1513 1532/1532
f 544/544 662/662 702/702
f 853/853 892/892 817/817
f 2127/2127 2132/2132 2130/2130
f 1035/1035 1034/1034 979/979
f 2134/2134 2125/2125 2133/2133
f 939/939 979/979 892/892
f 1034/1034 1113/1113 1143/1143
f 260/260 274/274 291/291
f 274/274 301/301 306/306
f 1209/1209 1143/1143 1113/1113
f 2111/2111 2133/2133 2125/2125
f 541/541 662/662 544/544
f 939/939 1035/1035 979/979
f 1614/1614 1606/1606 1658/1658
f 1437/1437 1513/1513 1451/1451
f 2104/2104 2125/2125 2113/2113
f 1795/1795 1943/1943 1965/1965
f 2113/2113 2125/2125 2134/2134
f 1301/1301 1361/1361 1360/1360
f 1830/1830 1795/1795 1725/1725
f 1795/1795 1726/1726 1658/1658
f 2055/2055 1965/1965 1943/1943
f 1195/1195 1284/1284 1301/1301
f 2127/2127 2134/2134 2132/2132
f 323/323 297/297 293/293
f 564/564 561/561 678/678
f 795/795 825/825 863/863
f 1187/1187 1096/1096 1208/1208
f 272/272 264/264 293/293
f 1255/1255 1251/1251 1341/1341
f 290/290 305/305 344/344
f 2141/2141 2151/2151 2112/2112
f 2112/2112 2151/2151 2085/2085
f 565/565 443/443 438/438
f 358/358 391/391 351/351
f 1500/1500 1604/1604 1535/1535
f 1578/1578 1535/1535 1604/1604
f 1259/1259 1292/1292 1343/1343
f 1251/1251 1343/1343 1341/1341
f 432/432 471/471 430/430
f 975/975 1012/1012 1001/1001
f 833/833 863/863 825/825
f 833/833 825/825 777/777
f 1301/1301 1240/1240 1195/1195
f 1077/1077 1034/1034 1143/1143
f 1058/1058 1000/1000 1032/1032
f 1076/1076 1032/1032 1106/1106
f 892/892 882/882 817/817
f 323/323 293/293 317/317
f 394/394 273/273 400/400
f 770/770 854/854 850/850
f 770/770 850/850 852/852
f 329/329 304/304 291/291
f 2080/2080 1927/1927 2065/2065
f 1790/1790 1647/1647 1702/1702
f 333/333 314/314 326/326
f 1259/1259 1251/1251 1194/1194
f 554/554 531/531 416/416
f 531/531 426/426 416/416
f 429/429 295/295 290/290
f 1604/1604 1702/1702 1647/1647
f 305/305 289/289 262/262
f 1367/1367 1385/1385 1335/1335
f 2143/2143 2159/2159 2189/2189
f 204/204 236/236 229/229
f 229/229 236/236 249/249
f 416/416 415/415 451/451
f 400/400 399/399 571/571
f 249/249 285/285 263/263
f 294/294 276/276 236/236
f 300/300 231/231 256/256
f 294/294 398/398 276/276
f 398/398 405/405 285/285
f 415/415 416/416 300/300
f 2151/2151 2102/2102 2085/2085
f 2107/2107 2091/2091 2071/2071
f 863/863 824/824 795/795
f 824/824 775/775 795/795
f 1909/1909 1926/1926 2075/2075
f 889/889 824/824 863/863
f 824/824 889/889 775/775
f 1909/1909 2075/2075 2078/2078
f 1909/1909 2078/2078 2076/2076
f 284/284 438/438 443/443
f 902/902 863/863 833/833
f 916/916 1000/1000 973/973
f 284/284 287/287 438/438
f 400/400 269/269 263/263
f 1584/1584 1505/1505 1518/1518
f 1518/1518 1505/1505 1490/1490
f 571/571 689/689 538/538
f 229/229 263/263 269/269
f 228/228 269/269 273/273
f 2047/2047 2091/2091 2092/2092
f 2063/2063 2019/2019 2016/2016
f 300/300 286/286 231/231
f 889/889 847/847 775/775
f 2085/2085 1919/1919 1948/1948
f 408/408 398/398 383/383
f 408/408 383/383 294/294
f 973/973 1000/1000 1068/1068
f 2095/2095 2043/2043 2097/2097
f 1159/1159 1139/1139 1077/1077
f 1914/1914 1821/1821 1781/1781
f 2064/2064 2054/2054 2024/2024
f 2090/2090 2145/2145 2159/2159
f 1915/1915 1807/1807 1795/1795
f 902/902 916/916 973/973
f 863/863 973/973 921/921
f 1886/1886 1755/1755 1807/1807
f 2037/2037 2104/2104 2079/2079
f 1032/1032 1000/1000 949/949
f 285/285 249/249 236/236
f 2071/2071 2054/2054 2064/2064
f 1584/1584 1604/1604 1500/1500
f 2034/2034 2039/2039 2010/2010
f 215/215 229/229 228/228
f 852/852 779/779 770/770
f 852/852 922/922 954/954
f 1442/1442 1383/1383 1320/1320
f 2059/2059 2087/2087 2096/2096
f 1702/1702 1604/1604 1584/1584
f 684/684 795/795 775/775
f 1440/1440 1407/1407 1464/1464
f 1909/1909 1935/1935 1790/1790
f 963/963 878/878 954/954
f 1995/1995 1961/1961 2006/2006
f 2010/2010 2001/2001 1989/1989
f 1675/1675 1813/1813 1748/1748
f 716/716 684/684 775/775
f 2082/2082 2164/2164 2135/2135
f 1584/1584 1518/1518 1533/1533
f 838/838 811/811 862/862
f 1926/1926 1909/1909 1927/1927
f 1783/1783 1694/1694 1790/1790
f 1694/1694 1647/1647 1790/1790
f 1296/1296 1346/1346 1367/1367
f 1490/1490 1505/1505 1385/1385
f 679/679 777/777 795/795
f 1647/1647 1578/1578 1604/1604
f 1694/1694 1566/1566 1578/1578
f 1790/1790 1935/1935 1783/1783
f 262/262 314/314 305/305
f 1578/1578 1647/1647 1694/1694
f 1500/1500 1505/1505 1584/1584
f 2078/2078 2162/2162 2076/2076
f 2082/2082 2052/2052 2148/2148
f 230/230 224/224 258/258
f 2092/2092 2115/2115 2097/2097
f 1068/1068 1096/1096 1074/1074
f 818/818 755/755 812/812
f 2081/2081 2101/2101 2107/2107
f 2159/2159 2175/2175 2196/2196
f 314/314 312/312 335/335
f 442/442 582/582 515/515
f 2002/2002 2095/2095 2085/2085
f 1821/1821 1674/1674 1781/1781
f 2140/2140 2165/2165 2175/2175
f 2148/2148 2164/2164 2082/2082
f 2090/2090 2140/2140 2145/2145
f 2140/2140 2175/2175 2159/2159
f 1766/1766 1897/1897 1904/1904
f 1919/1919 2052/2052 2029/2029
f 1895/1895 2029/2029 2082/2082
f 305/305 314/314 318/318
f 2075/2075 2080/2080 2158/2158
f 2014/2014 2092/2092 2023/2023
f 2091/2091 2118/2118 2115/2115
f 2107/2107 2118/2118 2091/2091
f 953/953 948/948 848/848
f 949/949 1000/1000 916/916
f 2019/2019 1904/1904 2016/2016
f 1409/1409 1490/1490 1385/1385
f 1346/1346 1409/1409 1367/1367
f 1430/1430 1326/1326 1413/1413
f 1582/1582 1538/1538 1490/1490
f 1608/1608 1584/1584 1533/1533
f 305/305 290/290 259/259
f 287/287 393/393 330/330
f 330/330 393/393 438/438
f 564/564 535/535 405/405
f 535/535 571/571 399/399
f 1346/1346 1296/1296 1278/1278
f 1058/1058 1076/1076 1096/1096
f 1000/1000 1096/1096 1068/1068
f 1208/1208 1076/1076 1106/1106
f 286/286 300/300 426/426
f 426/426 300/300 416/416
f 600/600 415/415 565/565
f 286/286 258/258 224/224
f 415/415 284/284 443/443
f 450/450 547/547 438/438
f 2085/2085 1948/1948 2002/2002
f 1210/1210 1278/1278 1187/1187
f 1409/1409 1346/1346 1357/1357
f 2075/2075 2158/2158 2137/2137
f 2078/2078 2137/2137 2162/2162
f 2158/2158 2143/2143 2189/2189
f 2162/2162 2158/2158 2189/2189
f 2165/2165 2140/2140 2164/2164
f 2082/2082 2029/2029 2052/2052
f 1814/1814 1895/1895 1967/1967
f 1895/1895 2082/2082 1967/1967
f 2047/2047 2092/2092 2014/2014
f 305/305 259/259 289/289
f 318/318 367/367 344/344
f 294/294 383/383 398/398
f 426/426 408/408 286/286
f 400/400 263/263 399/399
f 399/399 285/285 405/405
f 231/231 286/286 224/224
f 290/290 428/428 429/429
f 1948/1948 1919/1919 1841/1841
f 1208/1208 1287/1287 1249/1249
f 1357/1357 1346/1346 1278/1278
f 2148/2148 2102/2102 2151/2151
f 2102/2102 2052/2052 1919/1919
f 398/398 561/561 405/405
f 290/290 295/295 279/279
f 287/287 295/295 393/393
f 295/295 429/429 393/393
f 582/582 625/625 515/515
f 565/565 606/606 690/690
f 429/429 515/515 547/547
f 442/442 344/344 367/367
f 2085/2085 2095/2095 2112/2112
f 2112/2112 2095/2095 2141/2141
f 1934/1934 1916/1916 2043/2043
f 1934/1934 1948/1948 1841/1841
f 2095/2095 2002/2002 1934/1934
f 1934/1934 1767/1767 1805/1805
f 1934/1934 2043/2043 2095/2095
f 1955/1955 2023/2023 2097/2097
f 1187/1187 1278/1278 1296/1296
f 405/405 561/561 564/564
f 574/574 694/694 568/568
f 367/367 314/314 333/333
f 1850/1850 1879/1879 1951/1951
f 290/290 344/344 428/428
f 318/318 344/344 305/305
f 291/291 293/293 267/267
f 407/407 329/329 419/419
f 1933/1933 1966/1966 2013/2013
f 1025/1025 915/915 1014/1014
f 2034/2034 2045/2045 2033/2033
f 1318/1318 1417/1417 1362/1362
f 1961/1961 1930/1930 2006/2006
f 2006/2006 1930/1930 2044/2044
f 755/755 716/716 812/812
f 689/689 684/684 716/716
f 1675/1675 1659/1659 1584/1584
f 1675/1675 1786/1786 1813/1813
f 1608/1608 1675/1675 1584/1584
f 1689/1689 1786/1786 1675/1675
f 1894/1894 1786/1786 1821/1821
f 1675/1675 1608/1608 1582/1582
f 1914/1914 1967/1967 2090/2090
f 1789/1789 1786/1786 1689/1689
f 1511/1511 1582/1582 1494/1494
f 1895/1895 1814/1814 1792/1792
f 1781/1781 1814/1814 1914/1914
f 1674/1674 1821/1821 1689/1689
f 1781/1781 1680/1680 1771/1771
f 1781/1781 1771/1771 1814/1814
f 1582/1582 1674/1674 1689/1689
f 1582/1582 1689/1689 1675/1675
f 1680/1680 1674/1674 1630/1630
f 1680/1680 1630/1630 1590/1590
f 394/394 571/571 538/538
f 571/571 564/564 679/679
f 1935/1935 1909/1909 2076/2076
f 1748/1748 1790/1790 1702/1702
f 1927/1927 1909/1909 1813/1813
f 1675/1675 1748/1748 1702/1702
f 1813/1813 1909/1909 1790/1790
f 1813/1813 1790/1790 1748/1748
f 1894/1894 1927/1927 1813/1813
f 1926/1926 1927/1927 2075/2075
f 1894/1894 1813/1813 1786/1786
f 326/326 314/314 335/335
f 375/375 337/337 339/339
f 347/347 328/328 337/337
f 314/314 367/367 318/318
f 387/387 326/326 347/347
f 367/367 333/333 403/403
f 387/387 414/414 433/433
f 489/489 530/530 472/472
f 367/367 452/452 442/442
f 539/539 442/442 452/452
f 2159/2159 2080/2080 2065/2065
f 2158/2158 2080/2080 2143/2143
f 2107/2107 2071/2071 2081/2081
f 1766/1766 1749/1749 1897/1897
f 2015/2015 2022/2022 1978/1978
f 2019/2019 1952/1952 1904/1904
f 2071/2071 2040/2040 2054/2054
f 2054/2054 2003/2003 2046/2046
f 2040/2040 2071/2071 2063/2063
f 869/869 916/916 833/833
f 1032/1032 963/963 954/954
f 833/833 777/777 869/869
f 869/869 878/878 963/963
f 869/869 963/963 949/949
f 1097/1097 1136/1136 1100/1100
f 638/638 597/597 703/703
f 703/703 554/554 704/704
f 408/408 426/426 531/531
f 2135/2135 2140/2140 2084/2084
f 2094/2094 2090/2090 2159/2159
f 1914/1914 2090/2090 2065/2065
f 1821/1821 1914/1914 1894/1894
f 2082/2082 2084/2084 1967/1967
f 2090/2090 1967/1967 2084/2084
f 1106/1106 1097/1097 1208/1208
f 680/680 638/638 703/703
f 784/784 878/878 869/869
f 574/574 568/568 408/408
f 568/568 561/561 398/398
f 561/561 694/694 678/678
f 2092/2092 2097/2097 2023/2023
f 329/329 350/350 321/321
f 293/293 264/264 267/267
f 817/817 882/882 785/785
f 1579/1579 1614/1614 1701/1701
f 1977/1977 2020/2020 2013/2013
f 1878/1878 1873/1873 1744/1744
f 2079/2079 2051/2051 1997/1997
f 1994/1994 2037/2037 2079/2079
f 2045/2045 2050/2050 2033/2033
f 2109/2109 2127/2127 2130/2130
f 1888/1888 1912/1912 1855/1855
f 326/326 387/387 333/333
f 1742/1742 1667/1667 1660/1660
f 2001/2001 1973/1973 1989/1989
f 2006/2006 2044/2044 1999/1999
f 1908/1908 1953/1953 1811/1811
f 1914/1914 2065/2065 1894/1894
f 2094/2094 2065/2065 2090/2090
f 1538/1538 1608/1608 1490/1490
f 1480/1480 1511/1511 1494/1494
f 1582/1582 1490/1490 1494/1494
f 1608/1608 1538/1538 1582/1582
f 1490/1490 1452/1452 1494/1494
f 1409/1409 1431/1431 1452/1452
f 1582/1582 1511/1511 1546/1546
f 1431/1431 1409/1409 1357/1357
f 1326/1326 1430/1430 1357/1357
f 1430/1430 1431/1431 1357/1357
f 1511/1511 1480/1480 1430/1430
f 1480/1480 1494/1494 1431/1431
f 1680/1680 1590/1590 1688/1688
f 1546/1546 1503/1503 1612/1612
f 1326/1326 1319/1319 1413/1413
f 1287/1287 1286/1286 1243/1243
f 1336/1336 1429/1429 1419/1419
f 1511/1511 1413/1413 1503/1503
f 1499/1499 1429/1429 1403/1403
f 1413/1413 1419/1419 1503/1503
f 1499/1499 1503/1503 1419/1419
f 1419/1419 1413/1413 1319/1319
f 1419/1419 1429/1429 1499/1499
f 1165/1165 1255/1255 1243/1243
f 1440/1440 1502/1502 1403/1403
f 1590/1590 1503/1503 1499/1499
f 1319/1319 1243/1243 1255/1255
f 1292/1292 1339/1339 1343/1343
f 1429/1429 1341/1341 1403/1403
f 1577/1577 1645/1645 1617/1617
f 1407/1407 1383/1383 1464/1464
f 1502/1502 1440/1440 1506/1506
f 1612/1612 1590/1590 1630/1630
f 1792/1792 1814/1814 1688/1688
f 1688/1688 1814/1814 1680/1680
f 1688/1688 1712/1712 1792/1792
f 1712/1712 1645/1645 1792/1792
f 1841/1841 1792/1792 1757/1757
f 1841/1841 1919/1919 1792/1792
f 1542/1542 1570/1570 1499/1499
f 1597/1597 1506/1506 1464/1464
f 1757/1757 1645/1645 1664/1664
f 1792/1792 1919/1919 1895/1895
f 2071/2071 2091/2091 2063/2063
f 2019/2019 2063/2063 2091/2091
f 1987/1987 2040/2040 2016/2016
f 2063/2063 2016/2016 2040/2040
f 554/554 451/451 600/600
f 565/565 415/415 443/443
f 600/600 451/451 415/415
f 565/565 690/690 600/600
f 393/393 547/547 450/450
f 655/655 724/724 704/704
f 655/655 690/690 724/724
f 724/724 690/690 790/790
f 438/438 560/560 565/565
f 805/805 770/770 704/704
f 600/600 704/704 554/554
f 777/777 679/679 784/784
f 678/678 784/784 679/679
f 878/878 784/784 763/763
f 777/777 784/784 869/869
f 564/564 678/678 679/679
f 378/378 389/389 390/390
f 372/372 396/396 374/374
f 356/356 378/378 379/379
f 297/297 272/272 293/293
f 317/317 293/293 304/304
f 293/293 291/291 304/304
f 349/349 462/462 419/419
f 304/304 321/321 331/331
f 331/331 317/317 304/304
f 702/702 685/685 544/544
f 1579/1579 1468/1468 1459/1459
f 2041/2041 2001/2001 2010/2010
f 1898/1898 1962/1962 1936/1936
f 2109/2109 2113/2113 2127/2127
f 1997/1997 1886/1886 1974/1974
f 2061/2061 2096/2096 2050/2050
f 2109/2109 2096/2096 2087/2087
f 2045/2045 2028/2028 2061/2061
f 2087/2087 2059/2059 2073/2073
f 2087/2087 2073/2073 2109/2109
f 358/358 430/430 404/404
f 328/328 347/347 326/326
f 375/375 414/414 347/347
f 456/456 466/466 414/414
f 432/432 430/430 358/358
f 377/377 371/371 418/418
f 456/456 430/430 481/481
f 932/932 958/958 858/858
f 1532/1532 1579/1579 1459/1459
f 1992/1992 2042/2042 2035/2035
f 2015/2015 1999/1999 2044/2044
f 2011/2011 2024/2024 2046/2046
f 2042/2042 1998/1998 2022/2022
f 2003/2003 2054/2054 2040/2040
f 2042/2042 2046/2046 2003/2003
f 1612/1612 1674/1674 1582/1582
f 1688/1688 1645/1645 1712/1712
f 1664/1664 1645/1645 1597/1597
f 1645/1645 1577/1577 1597/1597
f 1664/1664 1661/1661 1757/1757
f 1934/1934 2002/2002 1948/1948
f 1688/1688 1542/1542 1577/1577
f 1499/1499 1502/1502 1577/1577
f 638/638 680/680 531/531
f 680/680 574/574 531/531
f 704/704 724/724 805/805
f 703/703 770/770 779/779
f 1118/1118 1065/1065 1008/1008
f 852/852 878/878 810/810
f 703/703 704/704 770/770
f 703/703 810/810 680/680
f 1326/1326 1249/1249 1287/1287
f 1210/1210 1208/1208 1249/1249
f 1106/1106 1046/1046 1097/1097
f 941/941 950/950 857/857
f 1046/1046 1106/1106 1032/1032
f 1032/1032 954/954 1046/1046
f 1319/1319 1336/1336 1419/1419
f 1165/1165 1205/1205 1097/1097
f 1205/1205 1165/1165 1243/1243
f 1341/1341 1336/1336 1255/1255
f 1251/1251 1171/1171 1194/1194
f 1126/1126 1171/1171 1118/1118
f 1336/1336 1319/1319 1255/1255
f 1323/1323 1383/1383 1339/1339
f 1383/1383 1407/1407 1339/1339
f 1171/1171 1251/1251 1255/1255
f 1148/1148 1180/1180 1194/1194
f 1194/1194 1180/1180 1292/1292
f 1165/1165 1136/1136 1118/1118
f 878/878 763/763 810/810
f 763/763 784/784 680/680
f 784/784 694/694 680/680
f 779/779 810/810 703/703
f 376/376 369/369 402/402
f 411/411 425/425 369/369
f 323/323 340/340 297/297
f 340/340 334/334 311/311
f 378/378 356/356 340/340
f 390/390 446/446 424/424
f 350/350 407/407 412/412
f 419/419 544/544 557/557
f 687/687 581/581 674/674
f 1915/1915 1795/1795 1965/1965
f 1695/1695 1660/1660 1610/1610
f 1318/1318 1362/1362 1262/1262
f 1701/1701 1807/1807 1755/1755
f 1670/1670 1579/1579 1701/1701
f 2001/2001 2020/2020 1977/1977
f 2013/2013 2020/2020 2030/2030
f 1893/1893 1890/1890 1860/1860
f 2001/2001 1977/1977 1973/1973
f 2034/2034 2010/2010 2012/2012
f 1995/1995 2006/2006 2032/2032
f 2104/2104 2113/2113 2103/2103
f 2051/2051 2103/2103 2073/2073
f 1915/1915 2037/2037 1994/1994
f 2059/2059 2025/2025 2073/2073
f 1976/1976 1944/1944 1975/1975
f 2061/2061 2028/2028 2059/2059
f 2025/2025 2028/2028 1976/1976
f 2025/2025 2059/2059 2028/2028
f 2025/2025 1976/1976 2018/2018
f 414/414 375/375 404/404
f 360/360 375/375 339/339
f 351/351 355/355 358/358
f 471/471 432/432 372/372
f 785/785 882/882 874/874
f 1139/1139 1240/1240 1162/1162
f 1532/1532 1459/1459 1451/1451
f 1610/1610 1558/1558 1670/1670
f 1995/1995 2032/2032 2005/2005
f 2015/2015 1978/1978 1999/1999
f 1987/1987 2003/2003 2040/2040
f 2003/2003 1998/1998 2042/2042
f 857/857 805/805 790/790
f 770/770 805/805 854/854
f 954/954 1065/1065 1046/1046
f 922/922 852/852 950/950
f 1065/1065 954/954 985/985
f 1097/1097 1065/1065 1136/1136
f 954/954 878/878 852/852
f 554/554 597/597 531/531
f 597/597 638/638 531/531
f 1287/1287 1243/1243 1319/1319
f 1286/1286 1287/1287 1205/1205
f 1118/1118 1171/1171 1165/1165
f 1126/1126 1148/1148 1194/1194
f 369/369 357/357 410/410
f 457/457 425/425 473/473
f 389/389 378/378 340/340
f 424/424 379/379 390/390
f 402/402 369/369 401/401
f 411/411 369/369 379/379
f 544/544 419/419 462/462
f 455/455 419/419 557/557
f 566/566 447/447 407/407
f 1701/1701 1795/1795 1807/1807
f 1915/1915 1994/1994 1997/1997
f 1610/1610 1670/1670 1695/1695
f 1997/1997 1994/1994 2079/2079
f 1670/1670 1755/1755 1736/1736
f 1736/1736 1755/1755 1812/1812
f 2025/2025 2051/2051 2073/2073
f 1976/1976 1975/1975 2018/2018
f 1878/1878 1886/1886 1975/1975
f 1886/1886 1878/1878 1812/1812
f 1997/1997 2051/2051 1975/1975
f 1944/1944 1873/1873 1878/1878
f 1744/1744 1740/1740 1878/1878
f 1944/1944 1888/1888 1873/1873
f 1742/1742 1744/1744 1838/1838
f 1873/1873 1838/1838 1744/1744
f 2025/2025 2018/2018 2051/2051
f 1777/1777 1667/1667 1742/1742
f 1744/1744 1660/1660 1740/1740
f 2026/2026 1962/1962 1982/1982
f 1941/1941 1912/1912 1944/1944
f 1898/1898 1936/1936 1871/1871
f 1941/1941 1898/1898 1887/1887
f 1855/1855 1912/1912 1887/1887
f 1941/1941 1944/1944 1976/1976
f 1834/1834 1890/1890 1861/1861
f 1871/1871 1862/1862 1887/1887
f 1847/1847 1862/1862 1871/1871
f 1851/1851 1822/1822 1887/1887
f 1890/1890 1936/1936 1956/1956
f 1936/1936 1893/1893 1871/1871
f 1936/1936 1973/1973 1956/1956
f 1861/1861 1931/1931 1933/1933
f 1468/1468 1579/1579 1558/1558
f 1451/1451 1459/1459 1417/1417
f 1931/1931 1956/1956 1966/1966
f 2030/2030 2005/2005 2013/2013
f 2032/2032 2013/2013 2005/2005
f 1977/1977 2013/2013 1956/1956
f 1966/1966 1956/1956 2013/2013
f 1966/1966 1933/1933 1931/1931
f 2034/2034 2012/2012 2045/2045
f 2026/2026 2045/2045 2012/2012
f 481/481 526/526 525/525
f 498/498 466/466 456/456
f 360/360 404/404 375/375
f 391/391 360/360 339/339
f 471/471 461/461 556/556
f 498/498 525/525 575/575
f 355/355 432/432 358/358
f 1077/1077 1139/1139 1001/1001
f 1195/1195 1077/1077 1143/1143
f 1159/1159 1195/1195 1240/1240
f 1077/1077 1012/1012 1034/1034
f 1034/1034 975/975 979/979
f 882/882 975/975 874/874
f 1360/1360 1240/1240 1301/1301
f 1318/1318 1360/1360 1417/1417
f 1908/1908 1876/1876 1978/1978
f 2006/2006 1999/1999 1950/1950
f 1933/1933 2032/2032 1950/1950
f 2013/2013 2032/2032 1933/1933
f 1931/1931 1861/1861 1890/1890
f 1931/1931 1890/1890 1956/1956
f 1834/1834 1815/1815 1839/1839
f 1978/1978 1906/1906 1999/1999
f 1950/1950 1840/1840 1856/1856
f 1953/1953 2022/2022 1998/1998
f 2035/2035 2022/2022 2044/2044
f 1953/1953 1998/1998 1963/1963
f 1908/1908 1978/1978 1953/1953
f 1978/1978 2022/2022 1983/1983
f 2015/2015 2044/2044 2022/2022
f 950/950 850/850 854/854
f 941/941 1005/1005 950/950
f 950/950 1005/1005 1008/1008
f 461/461 449/449 551/551
f 449/449 457/457 504/504
f 410/410 377/377 397/397
f 457/457 377/377 425/425
f 494/494 424/424 446/446
f 402/402 356/356 376/376
f 455/455 566/566 407/407
f 491/491 447/447 569/569
f 663/663 687/687 754/754
f 581/581 687/687 569/569
f 581/581 447/447 566/566
f 1285/1285 1242/1242 1174/1174
f 1878/1878 1740/1740 1812/1812
f 1941/1941 1887/1887 1912/1912
f 1855/1855 1822/1822 1777/1777
f 1861/1861 1806/1806 1834/1834
f 525/525 605/605 575/575
f 387/387 433/433 403/403
f 466/466 498/498 575/575
f 472/472 403/403 433/433
f 360/360 391/391 358/358
f 556/556 551/551 613/613
f 650/650 605/605 615/615
f 471/471 526/526 430/430
f 355/355 385/385 372/372
f 761/761 785/785 874/874
f 874/874 858/858 761/761
f 674/674 685/685 785/785
f 1077/1077 1195/1195 1159/1159
f 975/975 1034/1034 1012/1012
f 1262/1262 1362/1362 1359/1359
f 1318/1318 1262/1262 1240/1240
f 1174/1174 1090/1090 1124/1124
f 1987/1987 1963/1963 2003/2003
f 1908/1908 1784/1784 1770/1770
f 2022/2022 2035/2035 2042/2042
f 2044/2044 1992/1992 2035/2035
f 941/941 857/857 839/839
f 922/922 950/950 985/985
f 854/854 857/857 950/950
f 985/985 950/950 1008/1008
f 1126/1126 1005/1005 1051/1051
f 1126/1126 1118/1118 1005/1005
f 954/954 922/922 985/985
f 1171/1171 1126/1126 1194/1194
f 1005/1005 1118/1118 1008/1008
f 1048/1048 1072/1072 1095/1095
f 1129/1129 1093/1093 1192/1192
f 1323/1323 1192/1192 1269/1269
f 1129/1129 1148/1148 1109/1109
f 1192/1192 1239/1239 1180/1180
f 1269/1269 1192/1192 1231/1231
f 1403/1403 1343/1343 1440/1440
f 1440/1440 1339/1339 1407/1407
f 1341/1341 1343/1343 1403/1403
f 371/371 449/449 374/374
f 374/374 461/461 372/372
f 377/377 410/410 357/357
f 1777/1777 1742/1742 1838/1838
f 1855/1855 1777/1777 1838/1838
f 1777/1777 1822/1822 1696/1696
f 1888/1888 1855/1855 1838/1838
f 1822/1822 1855/1855 1887/1887
f 404/404 456/456 414/414
f 525/525 498/498 456/456
f 586/586 442/442 539/539
f 414/414 466/466 433/433
f 526/526 481/481 430/430
f 525/525 456/456 481/481
f 656/656 751/751 723/723
f 697/697 550/550 659/659
f 687/687 674/674 761/761
f 685/685 817/817 785/785
f 1240/1240 1139/1139 1159/1159
f 1162/1162 1124/1124 1139/1139
f 1139/1139 1124/1124 1001/1001
f 1001/1001 1124/1124 1060/1060
f 1077/1077 1001/1001 1012/1012
f 1162/1162 1240/1240 1262/1262
f 1362/1362 1408/1408 1359/1359
f 1060/1060 1057/1057 953/953
f 1784/1784 1908/1908 1811/1811
f 1851/1851 1839/1839 1796/1796
f 1908/1908 1770/1770 1876/1876
f 1778/1778 1745/1745 1754/1754
f 1839/1839 1847/1847 1834/1834
f 1739/1739 1822/1822 1796/1796
f 1847/1847 1860/1860 1834/1834
f 1806/1806 1778/1778 1834/1834
f 1788/1788 1806/1806 1840/1840
f 1890/1890 1834/1834 1860/1860
f 1834/1834 1778/1778 1815/1815
f 1806/1806 1861/1861 1856/1856
f 1856/1856 1840/1840 1806/1806
f 1788/1788 1840/1840 1770/1770
f 1839/1839 1815/1815 1782/1782
f 1778/1778 1788/1788 1750/1750
f 1741/1741 1788/1788 1770/1770
f 1148/1148 1126/1126 1109/1109
f 1339/1339 1292/1292 1323/1323
f 1934/1934 1841/1841 1767/1767
f 1192/1192 1323/1323 1239/1239
f 1320/1320 1295/1295 1372/1372
f 1323/1323 1269/1269 1320/1320
f 1269/1269 1231/1231 1320/1320
f 1320/1320 1231/1231 1295/1295
f 1530/1530 1411/1411 1486/1486
f 1543/1543 1464/1464 1475/1475
f 1577/1577 1502/1502 1597/1597
f 1016/1016 966/966 1019/1019
f 1443/1443 1514/1514 1386/1386
f 1320/1320 1383/1383 1323/1323
f 1486/1486 1411/1411 1386/1386
f 1711/1711 1657/1657 1805/1805
f 1597/1597 1543/1543 1611/1611
f 1661/1661 1597/1597 1611/1611
f 920/920 965/965 1048/1048
f 1369/1369 1372/1372 1302/1302
f 1611/1611 1543/1543 1622/1622
f 1543/1543 1597/1597 1464/1464
f 1295/1295 1302/1302 1372/1372
f 1486/1486 1586/1586 1530/1530
f 1639/1639 1654/1654 1775/1775
f 1411/1411 1530/1530 1442/1442
f 1530/1530 1586/1586 1602/1602
f 1611/1611 1622/1622 1661/1661
f 1767/1767 1841/1841 1757/1757
f 1320/1320 1372/1372 1411/1411
f 1369/1369 1377/1377 1443/1443
f 1602/1602 1543/1543 1530/1530
f 1622/1622 1602/1602 1635/1635
f 1635/1635 1602/1602 1657/1657
f 1869/1869 1824/1824 1817/1817
f 1817/1817 1824/1824 1731/1731
f 1711/1711 1767/1767 1661/1661
f 1767/1767 1711/1711 1805/1805
f 1386/1386 1514/1514 1486/1486
f 1569/1569 1486/1486 1514/1514
f 1657/1657 1711/1711 1635/1635
f 1635/1635 1661/1661 1622/1622
f 1731/1731 1805/1805 1657/1657
f 2043/2043 1990/1990 1955/1955
f 1805/1805 1916/1916 1934/1934
f 556/556 461/461 551/551
f 374/374 418/418 371/371
f 447/447 581/581 569/569
f 482/482 475/475 509/509
f 543/543 511/511 558/558
f 331/331 389/389 340/340
f 390/390 389/389 440/440
f 440/440 389/389 412/412
f 1740/1740 1660/1660 1695/1695
f 828/828 761/761 858/858
f 687/687 761/761 754/754
f 543/543 580/580 519/519
f 1060/1060 1090/1090 1057/1057
f 1001/1001 1060/1060 958/958
f 1242/1242 1285/1285 1308/1308
f 1174/1174 1124/1124 1162/1162
f 1262/1262 1174/1174 1162/1162
f 1851/1851 1796/1796 1822/1822
f 1594/1594 1696/1696 1673/1673
f 1782/1782 1778/1778 1754/1754
f 1741/1741 1745/1745 1750/1750
f 1379/1379 1450/1450 1477/1477
f 1719/1719 1745/1745 1734/1734
f 1770/1770 1784/1784 1723/1723
f 1741/1741 1734/1734 1745/1745
f 1177/1177 1302/1302 1295/1295
f 1283/1283 1369/1369 1302/1302
f 1114/1114 1011/1011 1144/1144
f 1372/1372 1369/1369 1386/1386
f 1443/1443 1386/1386 1369/1369
f 1377/1377 1369/1369 1283/1283
f 1482/1482 1479/1479 1443/1443
f 1879/1879 1850/1850 1775/1775
f 509/509 558/558 506/506
f 478/478 482/482 499/499
f 482/482 478/478 475/475
f 478/478 499/499 508/508
f 478/478 446/446 440/440
f 1562/1562 1471/1471 1474/1474
f 620/620 539/539 530/530
f 605/605 525/525 526/526
f 650/650 692/692 635/635
f 526/526 471/471 556/556
f 643/643 615/615 613/613
f 650/650 643/643 668/668
f 558/558 627/627 706/706
f 1154/1154 1174/1174 1242/1242
f 1110/1110 1040/1040 1090/1090
f 953/953 828/828 858/858
f 1090/1090 1060/1060 1124/1124
f 1057/1057 1090/1090 1040/1040
f 953/953 1040/1040 948/948
f 802/802 803/803 888/888
f 958/958 953/953 858/858
f 953/953 1057/1057 1040/1040
f 1090/1090 1154/1154 1110/1110
f 948/948 1040/1040 1014/1014
f 932/932 874/874 975/975
f 1687/1687 1796/1796 1666/1666
f 1652/1652 1666/1666 1782/1782
f 1656/1656 1588/1588 1616/1616
f 1734/1734 1716/1716 1719/1719
f 1377/1377 1283/1283 1313/1313
f 1443/1443 1415/1415 1482/1482
f 1747/1747 1775/1775 1850/1850
f 1610/1610 1660/1660 1562/1562
f 1667/1667 1583/1583 1573/1573
f 1235/1235 1242/1242 1334/1334
f 1265/1265 1344/1344 1281/1281
f 1334/1334 1242/1242 1308/1308
f 1558/1558 1474/1474 1468/1468
f 1285/1285 1359/1359 1308/1308
f 1468/1468 1474/1474 1408/1408
f 1459/1459 1408/1408 1417/1417
f 1417/1417 1408/1408 1362/1362
f 1434/1434 1408/1408 1474/1474
f 1408/1408 1434/1434 1359/1359
f 1395/1395 1359/1359 1434/1434
f 1445/1445 1395/1395 1471/1471
f 1471/1471 1395/1395 1474/1474
f 1471/1471 1470/1470 1445/1445
f 466/466 489/489 433/433
f 550/550 489/489 466/466
f 620/620 550/550 697/697
f 489/489 550/550 530/530
f 809/809 768/768 842/842
f 489/489 472/472 433/433
f 452/452 472/472 539/539
f 367/367 403/403 452/452
f 582/582 688/688 625/625
f 442/442 586/586 582/582
f 605/605 526/526 615/615
f 635/635 659/659 575/575
f 575/575 659/659 550/550
f 659/659 725/725 697/697
f 752/752 706/706 663/663
f 1154/1154 1090/1090 1174/1174
f 1235/1235 1197/1197 1242/1242
f 1197/1197 1115/1115 1110/1110
f 915/915 1025/1025 910/910
f 848/848 828/828 953/953
f 1288/1288 1235/1235 1334/1334
f 915/915 948/948 1014/1014
f 1197/1197 1110/1110 1154/1154
f 1242/1242 1197/1197 1154/1154
f 1040/1040 1110/1110 1014/1014
f 910/910 1019/1019 966/966
f 1115/1115 1014/1014 1110/1110
f 1125/1125 1115/1115 1182/1182
f 1014/1014 1115/1115 1025/1025
f 1133/1133 1019/1019 1125/1125
f 966/966 879/879 837/837
f 1321/1321 1268/1268 1312/1312
f 1016/1016 1075/1075 1011/1011
f 1075/1075 1016/1016 1133/1133
f 1133/1133 1125/1125 1204/1204
f 1433/1433 1334/1334 1445/1445
f 1221/1221 1204/1204 1265/1265
f 1133/1133 1204/1204 1221/1221
f 1204/1204 1182/1182 1288/1288
f 1182/1182 1115/1115 1197/1197
f 1019/1019 1025/1025 1125/1125
f 1281/1281 1322/1322 1236/1236
f 1375/1375 1334/1334 1433/1433
f 1381/1381 1322/1322 1344/1344
f 1344/1344 1265/1265 1288/1288
f 1344/1344 1433/1433 1455/1455
f 1643/1643 1537/1537 1652/1652
f 1144/1144 1198/1198 1114/1114
f 1075/1075 1163/1163 1144/1144
f 875/875 896/896 793/793
f 725/725 711/711 813/813
f 1207/1207 1144/1144 1163/1163
f 758/758 725/725 793/793
f 793/793 725/725 813/813
f 1616/1616 1719/1719 1656/1656
f 1754/1754 1643/1643 1652/1652
f 1405/1405 1322/1322 1381/1381
f 1745/1745 1719/1719 1643/1643
f 1719/1719 1616/1616 1643/1643
f 1782/1782 1754/1754 1652/1652
f 1616/1616 1548/1548 1643/1643
f 1504/1504 1382/1382 1421/1421
f 1731/1731 1824/1824 1805/1805
f 1672/1672 1731/1731 1657/1657
f 1747/1747 1817/1817 1731/1731
f 1955/1955 1850/1850 1951/1951
f 1869/1869 1916/1916 1824/1824
f 1952/1952 1951/1951 1879/1879
f 2014/2014 1955/1955 1951/1951
f 2014/2014 1951/1951 2047/2047
f 2047/2047 1952/1952 2019/2019
f 1817/1817 1850/1850 1869/1869
f 1955/1955 1869/1869 1850/1850
f 1472/1472 1583/1583 1594/1594
f 1470/1470 1472/1472 1445/1445
f 1610/1610 1474/1474 1558/1558
f 1740/1740 1695/1695 1812/1812
f 1695/1695 1670/1670 1736/1736
f 1812/1812 1755/1755 1886/1886
f 1308/1308 1395/1395 1334/1334
f 1334/1334 1395/1395 1445/1445
f 1472/1472 1455/1455 1433/1433
f 1433/1433 1344/1344 1375/1375
f 1375/1375 1344/1344 1288/1288
f 1455/1455 1472/1472 1594/1594
f 848/848 803/803 752/752
f 888/888 803/803 848/848
f 888/888 848/848 915/915
f 814/814 837/837 879/879
f 915/915 848/848 948/948
f 1344/1344 1322/1322 1281/1281
f 1322/1322 1298/1298 1236/1236
f 1163/1163 1221/1221 1281/1281
f 1747/1747 1628/1628 1639/1639
f 1580/1580 1477/1477 1585/1585
f 1605/1605 1479/1479 1580/1580
f 1482/1482 1580/1580 1479/1479
f 1731/1731 1672/1672 1747/1747
f 1663/1663 1654/1654 1634/1634
f 1672/1672 1657/1657 1586/1586
f 1749/1749 1766/1766 1707/1707
f 1657/1657 1602/1602 1586/1586
f 1747/1747 1672/1672 1628/1628
f 1586/1586 1486/1486 1569/1569
f 1628/1628 1672/1672 1586/1586
f 1639/1639 1628/1628 1569/1569
f 1703/1703 1766/1766 1775/1775
f 1703/1703 1775/1775 1654/1654
f 1663/1663 1707/1707 1703/1703
f 1585/1585 1625/1625 1580/1580
f 1904/1904 1775/1775 1766/1766
f 1654/1654 1663/1663 1703/1703
f 1707/1707 1682/1682 1699/1699
f 1811/1811 1963/1963 1843/1843
f 1682/1682 1707/1707 1663/1663
f 1707/1707 1730/1730 1749/1749
f 1605/1605 1580/1580 1639/1639
f 1663/1663 1625/1625 1636/1636
f 1636/1636 1615/1615 1567/1567
f 1843/1843 1749/1749 1730/1730
f 1682/1682 1690/1690 1699/1699
f 1690/1690 1716/1716 1699/1699
f 1707/1707 1766/1766 1703/1703
f 1656/1656 1716/1716 1690/1690
f 1734/1734 1741/1741 1723/1723
f 1716/1716 1723/1723 1699/1699
f 1770/1770 1723/1723 1741/1741
f 1987/1987 1897/1897 1963/1963
f 1723/1723 1784/1784 1811/1811
f 1699/1699 1723/1723 1811/1811
f 1723/1723 1716/1716 1734/1734
f 1562/1562 1667/1667 1573/1573
f 1562/1562 1470/1470 1471/1471
f 1667/1667 1562/1562 1660/1660
f 1562/1562 1573/1573 1470/1470
f 1739/1739 1696/1696 1822/1822
f 1583/1583 1472/1472 1470/1470
f 1405/1405 1492/1492 1456/1456
f 1344/1344 1455/1455 1381/1381
f 1381/1381 1455/1455 1492/1492
f 1322/1322 1405/1405 1391/1391
f 1616/1616 1544/1544 1548/1548
f 1298/1298 1207/1207 1236/1236
f 1198/1198 1207/1207 1230/1230
f 1011/1011 917/917 981/981
f 1144/1144 1011/1011 1075/1075
f 1011/1011 1114/1114 996/996
f 1492/1492 1405/1405 1381/1381
f 1497/1497 1458/1458 1391/1391
f 1497/1497 1405/1405 1456/1456
f 1458/1458 1548/1548 1504/1504
f 1639/1639 1569/1569 1605/1605
f 1586/1586 1569/1569 1628/1628
f 1811/1811 1843/1843 1730/1730
f 1627/1627 1592/1592 1656/1656
f 1719/1719 1716/1716 1656/1656
f 1690/1690 1636/1636 1627/1627
f 1588/1588 1592/1592 1521/1521
f 1627/1627 1656/1656 1690/1690
f 1521/1521 1592/1592 1501/1501
f 1616/1616 1588/1588 1544/1544
f 1625/1625 1663/1663 1634/1634
f 1627/1627 1567/1567 1592/1592
f 1663/1663 1636/1636 1682/1682
f 1567/1567 1627/1627 1636/1636
f 1580/1580 1482/1482 1477/1477
f 1517/1517 1585/1585 1477/1477
f 1402/1402 1414/1414 1501/1501
f 1521/1521 1504/1504 1588/1588
f 1458/1458 1504/1504 1421/1421
f 1580/1580 1625/1625 1634/1634
f 1625/1625 1585/1585 1567/1567
f 1379/1379 1415/1415 1313/1313
f 1402/1402 1450/1450 1365/1365
f 1306/1306 1365/1365 1379/1379
f 1517/1517 1477/1477 1450/1450
f 868/868 758/758 843/843
f 1368/1368 1264/1264 1325/1325
f 1567/1567 1517/1517 1501/1501
f 1585/1585 1517/1517 1567/1567
f 1379/1379 1313/1313 1306/1306
f 1313/1313 1415/1415 1377/1377
f 1987/1987 1904/1904 1897/1897
f 1667/1667 1777/1777 1696/1696
f 1673/1673 1796/1796 1687/1687
f 1594/1594 1492/1492 1455/1455
f 1207/1207 1198/1198 1144/1144
f 1198/1198 1230/1230 1268/1268
f 1547/1547 1687/1687 1666/1666
f 1497/1497 1547/1547 1537/1537
f 1666/1666 1652/1652 1547/1547
f 1567/1567 1501/1501 1592/1592
f 1796/1796 1673/1673 1739/1739
f 1696/1696 1739/1739 1673/1673
f 1456/1456 1492/1492 1547/1547
f 1501/1501 1517/1517 1402/1402
f 1450/1450 1379/1379 1365/1365
f 1365/1365 1368/1368 1402/1402
f 1277/1277 1264/1264 1368/1368
f 1306/1306 1266/1266 1225/1225
f 1277/1277 1368/1368 1365/1365
f 1175/1175 1264/1264 1277/1277
f 1298/1298 1337/1337 1312/1312
f 1521/1521 1414/1414 1504/1504
f 1298/1298 1312/1312 1230/1230
f 1588/1588 1504/1504 1544/1544
f 1521/1521 1501/1501 1414/1414
f 1382/1382 1504/1504 1414/1414
f 1458/1458 1421/1421 1391/1391
f 1537/1537 1548/1548 1497/1497
f 1497/1497 1548/1548 1458/1458
f 1414/1414 1325/1325 1321/1321
f 1421/1421 1382/1382 1321/1321
f 679/679 684/684 571/571
f 438/438 547/547 560/560
f 438/438 393/393 450/450
f 816/816 838/838 839/839
f 660/660 690/690 606/606
f 599/599 606/606 560/560
f 760/760 811/811 742/742
f 547/547 700/700 616/616
f 862/862 945/945 838/838
f 690/690 816/816 790/790
f 660/660 700/700 742/742
f 786/786 742/742 811/811
f 941/941 918/918 1053/1053
f 839/839 918/918 941/941
f 786/786 690/690 660/660
f 918/918 839/839 909/909
f 909/909 893/893 945/945
f 918/918 909/909 945/945
f 941/941 1053/1053 1005/1005
f 816/816 839/839 857/857
f 816/816 857/857 790/790
f 1126/1126 1051/1051 1109/1109
f 1054/1054 1029/1029 965/965
f 945/945 1028/1028 987/987
f 987/987 1028/1028 1053/1053
f 838/838 945/945 893/893
f 838/838 786/786 811/811
f 1072/1072 1048/1048 1029/1029
f 918/918 987/987 1053/1053
f 515/515 625/625 601/601
f 616/616 660/660 599/599
f 515/515 601/601 547/547
f 747/747 735/735 673/673
f 743/743 688/688 735/735
f 846/846 760/760 753/753
f 753/753 712/712 743/743
f 673/673 582/582 586/586
f 673/673 735/735 688/688
f 747/747 769/769 768/768
f 714/714 745/745 673/673
f 691/691 743/743 712/712
f 700/700 660/660 616/616
f 700/700 547/547 601/601
f 547/547 616/616 599/599
f 547/547 599/599 560/560
f 601/601 691/691 712/712
f 1941/1941 1962/1962 1898/1898
f 2010/2010 1993/1993 2012/2012
f 1962/1962 1993/1993 1989/1989
f 1962/1962 1989/1989 1973/1973
f 1976/1976 1982/1982 1941/1941
f 1956/1956 1973/1973 1977/1977
f 1962/1962 1973/1973 1936/1936
f 1840/1840 1950/1950 1906/1906
f 446/446 508/508 494/494
f 508/508 519/519 494/494
f 457/457 473/473 495/495
f 411/411 494/494 473/473
f 478/478 508/508 446/446
f 519/519 508/508 511/511
f 543/543 558/558 594/594
f 572/572 580/580 543/543
f 666/666 594/594 558/558
f 585/585 621/621 603/603
f 519/519 495/495 473/473
f 558/558 569/569 627/627
f 558/558 509/509 569/569
f 511/511 506/506 558/558
f 627/627 663/663 706/706
f 509/509 506/506 482/482
f 518/518 516/516 457/457
f 516/516 551/551 504/504
f 580/580 518/518 519/519
f 518/518 580/580 585/585
f 526/526 556/556 615/615
f 641/641 643/643 613/613
f 637/637 648/648 622/622
f 551/551 516/516 585/585
f 613/613 603/603 632/632
f 556/556 613/613 615/615
f 1072/1072 1054/1054 1122/1122
f 1054/1054 1070/1070 1122/1122
f 813/813 875/875 793/793
f 635/635 692/692 659/659
f 641/641 668/668 643/643
f 668/668 698/698 692/692
f 692/692 698/698 711/711
f 668/668 692/692 650/650
f 813/813 711/711 756/756
f 1266/1266 1306/1306 1313/1313
f 876/876 813/813 756/756
f 1041/1041 996/996 1114/1114
f 697/697 737/737 714/714
f 725/725 659/659 692/692
f 737/737 697/697 739/739
f 711/711 725/725 692/692
f 737/737 739/739 758/758
f 737/737 745/745 714/714
f 620/620 697/697 714/714
f 876/876 751/751 826/826
f 876/876 946/946 875/875
f 1151/1151 1138/1138 1201/1201
f 1041/1041 1114/1114 1119/1119
f 1119/1119 1111/1111 1041/1041
f 1018/1018 1132/1132 1138/1138
f 960/960 946/946 876/876
f 997/997 960/960 1041/1041
f 917/917 960/960 876/876
f 931/931 875/875 946/946
f 935/935 896/896 931/931
f 962/962 935/935 995/995
f 769/769 776/776 831/831
f 843/843 896/896 935/935
f 776/776 758/758 868/868
f 995/995 1073/1073 1079/1079
f 737/737 758/758 745/745
f 725/725 758/758 739/739
f 843/843 758/758 793/793
f 1221/1221 1163/1163 1133/1133
f 1207/1207 1163/1163 1236/1236
f 1133/1133 1163/1163 1075/1075
f 1281/1281 1221/1221 1265/1265
f 1163/1163 1281/1281 1236/1236
f 1322/1322 1391/1391 1337/1337
f 1421/1421 1312/1312 1391/1391
f 1337/1337 1298/1298 1322/1322
f 1391/1391 1312/1312 1337/1337
f 1421/1421 1321/1321 1312/1312
f 1414/1414 1321/1321 1382/1382
f 1119/1119 1114/1114 1191/1191
f 1276/1276 1268/1268 1321/1321
f 1268/1268 1276/1276 1191/1191
f 1225/1225 1201/1201 1277/1277
f 1302/1302 1177/1177 1222/1222
f 1168/1168 1266/1266 1176/1176
f 935/935 868/868 843/843
f 1007/1007 995/995 1079/1079
f 1151/1151 1225/1225 1168/1168
f 1176/1176 1266/1266 1283/1283
f 862/862 760/760 846/846
f 743/743 768/768 809/809
f 1225/1225 1266/1266 1168/1168
f 1151/1151 1168/1168 1079/1079
f 931/931 1033/1033 935/935
f 769/769 747/747 745/745
f 933/933 942/942 831/831
f 1151/1151 1073/1073 1138/1138
f 753/753 760/760 700/700
f 712/712 753/753 700/700
f 846/846 753/753 809/809
f 880/880 846/846 809/809
f 842/842 880/880 809/809
f 937/937 965/965 846/846
f 880/880 842/842 937/937
f 942/942 1007/1007 1070/1070
f 1201/1201 1175/1175 1277/1277
f 1175/1175 1138/1138 1132/1132
f 1033/1033 931/931 1018/1018
f 1018/1018 997/997 1111/1111
f 1168/1168 1176/1176 1084/1084
f 1176/1176 1222/1222 1122/1122
f 1138/1138 1073/1073 1033/1033
f 1201/1201 1225/1225 1151/1151
f 1175/1175 1201/1201 1138/1138
f 1191/1191 1114/1114 1198/1198
f 1111/1111 1276/1276 1175/1175
f 1111/1111 1119/1119 1191/1191
f 942/942 933/933 1007/1007
f 1084/1084 1007/1007 1079/1079
f 868/868 962/962 933/933
f 1033/1033 995/995 935/935
f 1070/1070 1007/1007 1084/1084
f 995/995 933/933 962/962
f 1070/1070 1084/1084 1122/1122
f 1155/1155 1231/1231 1192/1192
f 1095/1095 1093/1093 1028/1028
f 1283/1283 1222/1222 1176/1176
f 1176/1176 1122/1122 1084/1084
f 1177/1177 1295/1295 1231/1231
f 1177/1177 1122/1122 1222/1222
f 1048/1048 1095/1095 1028/1028
f 1222/1222 1283/1283 1302/1302
f 1072/1072 1029/1029 1054/1054
f 1177/1177 1072/1072 1122/1122
f 945/945 862/862 920/920
f 846/846 965/965 862/862
f 1018/1018 1138/1138 1033/1033
f 1079/1079 1073/1073 1151/1151
f 1129/1129 1192/1192 1180/1180
f 1095/1095 1155/1155 1093/1093
f 1093/1093 1129/1129 1053/1053
f 1053/1053 1129/1129 1051/1051
f 1155/1155 1177/1177 1231/1231
f 1054/1054 937/937 942/942
f 1148/1148 1129/1129 1180/1180
f 888/888 910/910 837/837
f 628/628 609/609 594/594
f 594/594 609/609 572/572
f 803/803 706/706 752/752
f 608/608 648/648 621/621
f 1041/1041 917/917 996/996
f 917/917 1041/1041 960/960
f 917/917 876/876 826/826
f 723/723 756/756 698/698
f 728/728 751/751 656/656
f 698/698 668/668 656/656
f 693/693 715/715 792/792
f 706/706 802/802 666/666
f 815/815 879/879 792/792
f 792/792 879/879 895/895
f 972/972 966/966 1016/1016
f 879/879 815/815 814/814
f 966/966 972/972 879/879
f 693/693 708/708 648/648
f 815/815 715/715 814/814
f 636/636 637/637 609/609
f 815/815 792/792 715/715
f 837/837 814/814 802/802
f 656/656 648/648 728/728
f 728/728 708/708 751/751
f 715/715 693/693 637/637
f 603/603 621/621 632/632
f 637/637 693/693 648/648
f 608/608 621/621 585/585
f 656/656 632/632 648/648
f 632/632 641/641 613/613
f 1016/1016 1011/1011 972/972
f 1011/1011 981/981 972/972
f 917/917 1011/1011 996/996
f 666/666 636/636 628/628
f 608/608 580/580 572/572
f 628/628 636/636 609/609
f 814/814 715/715 666/666
f 594/594 572/572 543/543
f 758/758 776/776 745/745
f 831/831 776/776 868/868
f 1268/1268 1191/1191 1198/1198
f 706/706 666/666 558/558
f 803/803 802/802 706/706
f 837/837 802/802 888/888
f 141/141 117/117 137/137
f 19/19 5/5 17/17
f 38/38 77/77 76/76
f 73/73 79/79 99/99
f 5/5 2/2 6/6
f 5/5 6/6 9/9
f 46/46 17/17 41/41
f 105/105 113/113 96/96
f 77/77 96/96 76/76
f 102/102 76/76 96/96
f 102/102 96/96 113/113
f 20/20 28/28 45/45
f 137/137 102/102 131/131
f 9/9 16/16 5/5
f 16/16 17/17 13/13
f 7/7 4/4 1/1
f 162/162 138/138 137/137
f 3/3 8/8 11/11
f 79/79 73/73 45/45
f 38/38 19/19 46/46
f 116/116 132/132 133/133
f 2/2 4/4 6/6
f 3/3 20/20 8/8
f 137/137 138/138 141/141
f 73/73 99/99 108/108
f 73/73 108/108 68/68
f 7/7 11/11 21/21
f 21/21 8/8 20/20
f 142/142 108/108 116/116
f 155/155 138/138 159/159
f 159/159 138/138 162/162
f 99/99 116/116 108/108
f 138/138 155/155 132/132
f 132/132 125/125 138/138
f 7/7 1/1 3/3
f 121/121 125/125 132/132
f 137/137 131/131 162/162
f 231/231 175/175 196/196
f 131/131 102/102 151/151
f 102/102 113/113 151/151
f 231/231 225/225 256/256
f 251/251 232/232 279/279
f 176/176 162/162 151/151
f 187/187 237/237 216/216
f 169/169 174/174 202/202
f 151/151 202/202 176/176
f 172/172 154/154 158/158
f 188/188 222/222 212/212
f 179/179 212/212 206/206
f 140/140 163/163 127/127
f 120/120 127/127 115/115
f 251/251 279/279 295/295
f 191/191 170/170 150/150
f 159/159 188/188 155/155
f 155/155 188/188 165/165
f 23/23 16/16 18/18
f 235/235 196/196 181/181
f 7/7 14/14 15/15
f 4/4 15/15 12/12
f 135/135 146/146 181/181
f 199/199 242/242 202/202
f 181/181 186/186 239/239
f 246/246 250/250 218/218
f 271/271 226/226 265/265
f 198/198 220/220 199/199
f 201/201 224/224 209/209
f 152/152 185/185 200/200
f 246/246 190/190 245/245
f 251/251 287/287 239/239
f 235/235 181/181 239/239
f 109/109 90/90 119/119
f 173/173 160/160 194/194
f 189/189 218/218 250/250
f 225/225 196/196 235/235
f 259/259 290/290 232/232
f 133/133 132/132 155/155
f 182/182 163/163 193/193
f 44/44 65/65 50/50
f 234/234 192/192 216/216
f 183/183 219/219 197/197
f 219/219 251/251 197/197
f 161/161 142/142 165/165
f 192/192 162/162 187/187
f 216/216 192/192 187/187
f 175/175 231/231 201/201
f 192/192 234/234 195/195
f 201/201 178/178 172/172
f 159/159 192/192 188/188
f 233/233 262/262 259/259
f 204/204 182/182 236/236
f 123/123 128/128 110/110
f 128/128 140/140 120/120
f 234/234 216/216 237/237
f 230/230 236/236 193/193
f 182/182 204/204 163/163
f 222/222 233/233 259/259
f 284/284 235/235 287/287
f 133/133 155/155 142/142
f 209/209 230/230 193/193
f 20/20 44/44 35/35
f 183/183 197/197 139/139
f 230/230 209/209 224/224
f 235/235 239/239 287/287
f 201/201 209/209 178/178
f 158/158 175/175 172/172
f 193/193 163/163 164/164
f 164/164 163/163 140/140
f 158/158 118/118 144/144
f 48/48 40/40 72/72
f 225/225 284/284 256/256
f 175/175 158/158 196/196
f 196/196 144/144 168/168
f 135/135 144/144 106/106
f 193/193 178/178 209/209
f 172/172 178/178 154/154
f 123/123 93/93 154/154
f 154/154 93/93 158/158
f 225/225 231/231 196/196
f 284/284 225/225 235/235
f 100/100 135/135 106/106
f 135/135 181/181 168/168
f 181/181 146/146 186/186
f 124/124 142/142 161/161
f 146/146 153/153 186/186
f 186/186 197/197 239/239
f 124/124 161/161 92/92
f 62/62 69/69 51/51
f 151/151 105/105 130/130
f 237/237 221/221 242/242
f 237/237 266/266 268/268
f 221/221 202/202 242/242
f 46/46 41/41 75/75
f 110/110 91/91 71/71
f 21/21 20/20 35/35
f 54/54 47/47 37/37
f 24/24 32/32 40/40
f 65/65 92/92 101/101
f 163/163 171/171 150/150
f 171/171 191/191 150/150
f 170/170 194/194 160/160
f 163/163 150/150 127/127
f 200/200 245/245 190/190
f 150/150 129/129 115/115
f 67/67 86/86 71/71
f 129/129 150/150 160/160
f 191/191 171/171 204/204
f 171/171 163/163 204/204
f 173/173 194/194 205/205
f 268/268 234/234 237/237
f 259/259 262/262 289/289
f 206/206 212/212 232/232
f 188/188 234/234 233/233
f 188/188 233/233 222/222
f 142/142 155/155 165/165
f 165/165 179/179 161/161
f 108/108 142/142 124/124
f 183/183 179/179 206/206
f 98/98 139/139 153/153
f 178/178 164/164 154/154
f 164/164 140/140 128/128
f 154/154 128/128 123/123
f 87/87 90/90 74/74
f 86/86 93/93 71/71
f 51/51 69/69 72/72
f 91/91 110/110 120/120
f 93/93 123/123 110/110
f 87/87 91/91 90/90
f 90/90 91/91 114/114
f 87/87 74/74 84/84
f 158/158 93/93 118/118
f 107/107 85/85 103/103
f 71/71 91/91 84/84
f 84/84 91/91 87/87
f 37/37 53/53 54/54
f 65/65 101/101 98/98
f 104/104 75/75 64/64
f 237/237 242/242 266/266
f 226/226 242/242 220/220
f 199/199 157/157 198/198
f 189/189 134/134 180/180
f 157/157 199/199 174/174
f 148/148 151/151 130/130
f 148/148 130/130 105/105
f 156/156 134/134 189/189
f 275/275 265/265 250/250
f 157/157 97/97 136/136
f 266/266 226/226 271/271
f 189/189 136/136 156/156
f 37/37 47/47 30/30
f 30/30 33/33 25/25
f 107/107 103/103 147/147
f 207/207 184/184 177/177
f 214/214 185/185 184/184
f 122/122 152/152 112/112
f 50/50 65/65 35/35
f 80/80 65/65 98/98
f 65/65 56/56 35/35
f 68/68 124/124 92/92
f 197/197 251/251 239/239
f 186/186 153/153 197/197
f 197/197 153/153 139/139
f 89/89 74/74 109/109
f 83/83 107/107 70/70
f 122/122 112/112 109/109
f 214/214 241/241 185/185
f 109/109 145/145 126/126
f 109/109 126/126 122/122
f 149/149 167/167 184/184
f 109/109 112/112 89/89
f 152/152 122/122 149/149
f 152/152 149/149 185/185
f 149/149 122/122 126/126
f 143/143 126/126 145/145
f 124/124 68/68 108/108
f 105/105 151/151 113/113
f 46/46 75/75 104/104
f 151/151 148/148 169/169
f 169/169 148/148 174/174
f 104/104 148/148 105/105
f 105/105 77/77 104/104
f 157/157 104/104 95/95
f 17/17 16/16 26/26
f 26/26 16/16 39/39
f 210/210 221/221 237/237
f 187/187 162/162 176/176
f 187/187 176/176 202/202
f 210/210 202/202 221/221
f 131/131 151/151 162/162
f 265/265 226/226 250/250
f 250/250 226/226 189/189
f 134/134 156/156 94/94
f 97/97 95/95 64/64
f 23/23 43/43 39/39
f 190/190 246/246 218/218
f 15/15 14/14 22/22
f 32/32 27/27 22/22
f 27/27 24/24 15/15
f 205/205 166/166 173/173
f 160/160 173/173 166/166
f 145/145 184/184 167/167
f 145/145 167/167 149/149
f 149/149 184/184 185/185
f 149/149 143/143 145/145
f 119/119 114/114 145/145
f 177/177 184/184 145/145
f 160/160 166/166 129/129
f 129/129 145/145 114/114
f 22/22 14/14 21/21
f 21/21 14/14 7/7
f 22/22 21/21 42/42
f 98/98 101/101 139/139
f 69/69 80/80 98/98
f 35/35 56/56 42/42
f 56/56 80/80 62/62
f 44/44 68/68 65/65
f 183/183 139/139 161/161
f 251/251 219/219 232/232
f 206/206 219/219 183/183
f 241/241 245/245 200/200
f 41/41 26/26 39/39
f 23/23 34/34 43/43
f 64/64 41/41 39/39
f 218/218 189/189 180/180
f 136/136 189/189 198/198
f 189/189 226/226 198/198
f 157/157 136/136 198/198
f 94/94 136/136 97/97
f 70/70 94/94 97/97
f 107/107 134/134 94/94
f 64/64 63/63 97/97
f 63/63 70/70 97/97
f 104/104 64/64 95/95
f 190/190 180/180 147/147
f 47/47 55/55 49/49
f 55/55 66/66 61/61
f 15/15 24/24 18/18
f 51/51 42/42 62/62
f 100/100 72/72 88/88
f 22/22 42/42 32/32
f 51/51 40/40 42/42
f 34/34 63/63 43/43
f 39/39 63/63 64/64
f 63/63 39/39 43/43
f 23/23 33/33 36/36
f 74/74 81/81 66/66
f 81/81 89/89 66/66
f 83/83 66/66 85/85
f 74/74 66/66 59/59
f 157/157 95/95 97/97
f 41/41 64/64 75/75
f 33/33 23/23 29/29
f 9/9 6/6 16/16
f 16/16 6/6 18/18
f 12/12 10/10 6/6
f 25/25 18/18 24/24
f 98/98 88/88 69/69
f 111/111 100/100 88/88
f 98/98 111/111 88/88
f 111/111 135/135 100/100
f 71/71 60/60 67/67
f 60/60 54/54 67/67
f 31/31 24/24 40/40
f 71/71 74/74 60/60
f 60/60 59/59 54/54
f 18/18 10/10 12/12
f 18/18 6/6 10/10
f 93/93 106/106 118/118
f 100/100 106/106 72/72
f 72/72 82/82 67/67
f 86/86 67/67 93/93
f 67/67 82/82 106/106
f 48/48 67/67 53/53
f 67/67 58/58 72/72
f 58/58 48/48 72/72
f 25/25 33/33 18/18
f 33/33 49/49 36/36
f 57/57 49/49 61/61
f 61/61 83/83 70/70
f 36/36 57/57 70/70
f 34/34 70/70 63/63
f 59/59 52/52 54/54
f 66/66 55/55 59/59
f 55/55 47/47 52/52
f 48/48 24/24 31/31
f 48/48 31/31 40/40
f 25/25 24/24 30/30
f 67/67 54/54 53/53
f 53/53 37/37 48/48
f 48/48 37/37 24/24
f 52/52 47/47 54/54
f 190/190 152/152 200/200
f 94/94 156/156 136/136
f 61/61 70/70 57/57
f 2218/2218 2229/2229 2234/2234
f 2247/2247 2266/2266 2250/2250
f 2194/2194 2214/2214 2210/2210
f 2250/2250 2266/2266 2289/2289
f 2190/2190 2166/2166 2188/2188
f 2157/2157 2101/2101 2166/2166
f 2240/2240 2248/2248 2214/2214
f 2234/2234 2270/2270 2257/2257
f 2212/2212 2235/2235 2241/2241
f 2190/2190 2241/2241 2217/2217
f 2285/2285 2288/2288 2259/2259
f 2227/2227 2280/2280 2258/2258
f 2118/2118 2149/2149 2115/2115
f 2211/2211 2218/2218 2234/2234
f 2189/2189 2234/2234 2219/2219
f 2160/2160 2095/2095 2097/2097
f 2230/2230 2246/2246 2227/2227
f 2200/2200 2196/2196 2175/2175
f 2313/2313 2311/2311 2333/2333
f 2157/2157 2149/2149 2118/2118
f 2115/2115 2149/2149 2097/2097
f 2296/2296 2285/2285 2289/2289
f 2192/2192 2216/2216 2247/2247
f 2141/2141 2201/2201 2151/2151
f 2149/2149 2157/2157 2194/2194
f 2157/2157 2190/2190 2194/2194
f 2192/2192 2164/2164 2148/2148
f 2201/2201 2141/2141 2160/2160
f 2217/2217 2214/2214 2194/2194
f 2160/2160 2180/2180 2182/2182
f 2250/2250 2200/2200 2203/2203
f 2149/2149 2177/2177 2180/2180
f 2154/2154 2161/2161 2180/2180
f 2200/2200 2175/2175 2165/2165
f 2345/2345 2365/2365 2370/2370
f 2223/2223 2234/2234 2252/2252
f 2352/2352 2360/2360 2350/2350
f 2344/2344 2312/2312 2304/2304
f 2235/2235 2271/2271 2256/2256
f 2218/2218 2211/2211 2196/2196
f 2211/2211 2189/2189 2196/2196
f 2151/2151 2176/2176 2148/2148
f 2155/2155 2204/2204 2171/2171
f 2204/2204 2235/2235 2188/2188
f 2217/2217 2240/2240 2214/2214
f 2283/2283 2243/2243 2267/2267
f 2203/2203 2247/2247 2250/2250
f 2216/2216 2176/2176 2206/2206
f 2260/2260 2273/2273 2249/2249
f 2232/2232 2198/2198 2220/2220
f 2232/2232 2220/2220 2245/2245
f 2235/2235 2212/2212 2207/2207
f 2207/2207 2190/2190 2188/2188
f 2189/2189 2223/2223 2209/2209
f 2221/2221 2197/2197 2208/2208
f 2194/2194 2190/2190 2217/2217
f 2349/2349 2353/2353 2368/2368
f 2181/2181 2147/2147 2170/2170
f 2155/2155 2171/2171 2166/2166
f 2121/2121 2166/2166 2101/2101
f 2189/2189 2219/2219 2223/2223
f 2097/2097 2161/2161 2154/2154
f 2238/2238 2193/2193 2242/2242
f 2118/2118 2107/2107 2157/2157
f 2107/2107 2101/2101 2157/2157
f 2185/2185 2167/2167 2202/2202
f 2203/2203 2200/2200 2179/2179
f 2203/2203 2179/2179 2165/2165
f 2141/2141 2095/2095 2160/2160
f 2177/2177 2210/2210 2180/2180
f 2182/2182 2227/2227 2213/2213
f 2176/2176 2151/2151 2206/2206
f 2200/2200 2250/2250 2229/2229
f 2229/2229 2218/2218 2196/2196
f 2229/2229 2196/2196 2200/2200
f 2239/2239 2251/2251 2216/2216
f 2266/2266 2247/2247 2282/2282
f 2282/2282 2247/2247 2275/2275
f 2231/2231 2239/2239 2206/2206
f 2192/2192 2176/2176 2216/2216
f 2320/2320 2303/2303 2290/2290
f 2206/2206 2201/2201 2231/2231
f 2224/2224 2231/2231 2213/2213
f 2277/2277 2294/2294 2262/2262
f 2294/2294 2315/2315 2262/2262
f 2244/2244 2238/2238 2261/2261
f 2238/2238 2286/2286 2261/2261
f 2147/2147 2172/2172 2144/2144
f 2222/2222 2236/2236 2205/2205
f 2166/2166 2171/2171 2188/2188
f 2180/2180 2227/2227 2182/2182
f 2194/2194 2210/2210 2177/2177
f 2210/2210 2230/2230 2227/2227
f 2241/2241 2240/2240 2217/2217
f 2230/2230 2210/2210 2214/2214
f 2279/2279 2246/2246 2281/2281
f 2255/2255 2274/2274 2240/2240
f 2274/2274 2269/2269 2248/2248
f 2281/2281 2246/2246 2230/2230
f 2279/2279 2280/2280 2227/2227
f 2281/2281 2230/2230 2248/2248
f 2224/2224 2258/2258 2231/2231
f 2182/2182 2213/2213 2201/2201
f 2308/2308 2311/2311 2279/2279
f 2279/2279 2311/2311 2280/2280
f 2214/2214 2248/2248 2230/2230
f 2240/2240 2274/2274 2248/2248
f 2279/2279 2227/2227 2246/2246
f 2379/2379 2383/2383 2366/2366
f 2366/2366 2377/2377 2364/2364
f 2337/2337 2308/2308 2302/2302
f 2279/2279 2281/2281 2308/2308
f 2318/2318 2326/2326 2306/2306
f 2306/2306 2326/2326 2310/2310
f 2286/2286 2284/2284 2300/2300
f 2285/2285 2296/2296 2288/2288
f 2234/2234 2257/2257 2252/2252
f 2257/2257 2270/2270 2285/2285
f 2252/2252 2285/2285 2263/2263
f 2221/2221 2245/2245 2220/2220
f 2197/2197 2220/2220 2198/2198
f 2234/2234 2223/2223 2219/2219
f 2240/2240 2241/2241 2255/2255
f 2293/2293 2289/2289 2266/2266
f 2289/2289 2285/2285 2270/2270
f 2289/2289 2293/2293 2318/2318
f 2293/2293 2282/2282 2318/2318
f 2250/2250 2289/2289 2270/2270
f 2229/2229 2270/2270 2253/2253
f 2315/2315 2320/2320 2262/2262
f 2320/2320 2290/2290 2262/2262
f 2310/2310 2309/2309 2296/2296
f 2309/2309 2284/2284 2273/2273
f 2298/2298 2273/2273 2288/2288
f 2310/2310 2296/2296 2289/2289
f 2288/2288 2296/2296 2309/2309
f 2310/2310 2326/2326 2327/2327
f 2309/2309 2300/2300 2284/2284
f 2288/2288 2260/2260 2259/2259
f 2326/2326 2330/2330 2329/2329
f 2327/2327 2321/2321 2300/2300
f 2377/2377 2380/2380 2368/2368
f 2329/2329 2330/2330 2340/2340
f 2328/2328 2299/2299 2286/2286
f 2260/2260 2288/2288 2273/2273
f 2242/2242 2284/2284 2265/2265
f 2265/2265 2284/2284 2286/2286
f 2249/2249 2273/2273 2226/2226
f 2273/2273 2284/2284 2242/2242
f 2286/2286 2242/2242 2265/2265
f 2173/2173 2191/2191 2202/2202
f 2328/2328 2332/2332 2325/2325
f 2285/2285 2259/2259 2263/2263
f 2232/2232 2199/2199 2186/2186
f 2186/2186 2198/2198 2232/2232
f 2249/2249 2226/2226 2232/2232
f 2278/2278 2304/2304 2312/2312
f 2299/2299 2304/2304 2268/2268
f 2299/2299 2261/2261 2286/2286
f 2286/2286 2321/2321 2328/2328
f 2278/2278 2228/2228 2268/2268
f 2185/2185 2228/2228 2233/2233
f 2222/2222 2287/2287 2236/2236
f 2222/2222 2195/2195 2215/2215
f 2181/2181 2185/2185 2233/2233
f 2170/2170 2167/2167 2185/2185
f 2185/2185 2202/2202 2228/2228
f 2173/2173 2202/2202 2167/2167
f 2244/2244 2202/2202 2238/2238
f 2234/2234 2229/2229 2253/2253
f 2344/2344 2304/2304 2325/2325
f 2236/2236 2267/2267 2237/2237
f 2172/2172 2147/2147 2181/2181
f 2204/2204 2237/2237 2225/2225
f 2235/2235 2204/2204 2243/2243
f 2243/2243 2204/2204 2225/2225
f 2359/2359 2369/2369 2373/2373
f 2245/2245 2223/2223 2252/2252
f 2245/2245 2252/2252 2259/2259
f 2245/2245 2259/2259 2232/2232
f 2259/2259 2260/2260 2232/2232
f 2260/2260 2249/2249 2232/2232
f 2334/2334 2303/2303 2320/2320
f 2318/2318 2282/2282 2297/2297
f 2323/2323 2297/2297 2303/2303
f 2290/2290 2303/2303 2275/2275
f 2282/2282 2275/2275 2303/2303
f 2280/2280 2313/2313 2258/2258
f 2330/2330 2318/2318 2334/2334
f 2323/2323 2303/2303 2334/2334
f 2349/2349 2334/2334 2320/2320
f 2343/2343 2335/2335 2320/2320
f 2349/2349 2368/2368 2357/2357
f 2343/2343 2315/2315 2341/2341
f 2337/2337 2333/2333 2311/2311
f 2367/2367 2337/2337 2356/2356
f 2315/2315 2343/2343 2320/2320
f 2280/2280 2311/2311 2313/2313
f 2368/2368 2355/2355 2364/2364
f 2341/2341 2315/2315 2324/2324
f 2315/2315 2277/2277 2313/2313
f 2343/2343 2353/2353 2349/2349
f 2368/2368 2353/2353 2343/2343
f 2368/2368 2343/2343 2355/2355
f 2330/2330 2326/2326 2318/2318
f 2289/2289 2306/2306 2310/2310
f 2286/2286 2300/2300 2321/2321
f 2193/2193 2183/2183 2199/2199
f 2242/2242 2199/2199 2226/2226
f 2191/2191 2193/2193 2238/2238
f 2299/2299 2325/2325 2304/2304
f 2365/2365 2376/2376 2370/2370
f 2322/2322 2312/2312 2338/2338
f 2344/2344 2325/2325 2332/2332
f 2344/2344 2351/2351 2336/2336
f 2287/2287 2278/2278 2322/2322
f 2340/2340 2352/2352 2350/2350
f 2361/2361 2344/2344 2350/2350
f 2358/2358 2351/2351 2361/2361
f 2351/2351 2344/2344 2361/2361
f 2340/2340 2350/2350 2344/2344
f 2340/2340 2344/2344 2332/2332
f 2321/2321 2332/2332 2328/2328
f 2340/2340 2332/2332 2329/2329
f 2321/2321 2329/2329 2332/2332
f 2181/2181 2233/2233 2215/2215
f 2215/2215 2233/2233 2222/2222
f 2316/2316 2342/2342 2345/2345
f 2195/2195 2187/2187 2155/2155
f 2205/2205 2195/2195 2222/2222
f 2187/2187 2236/2236 2237/2237
f 2195/2195 2172/2172 2181/2181
f 2202/2202 2191/2191 2238/2238
f 2314/2314 2339/2339 2307/2307
f 2307/2307 2271/2271 2283/2283
f 2236/2236 2272/2272 2267/2267
f 2314/2314 2283/2283 2267/2267
f 2314/2314 2345/2345 2339/2339
f 2272/2272 2314/2314 2267/2267
f 2316/2316 2287/2287 2322/2322
f 2342/2342 2365/2365 2345/2345
f 2283/2283 2271/2271 2243/2243
f 2267/2267 2225/2225 2237/2237
f 2195/2195 2155/2155 2144/2144
f 2187/2187 2237/2237 2204/2204
f 2377/2377 2383/2383 2386/2386
f 2364/2364 2377/2377 2372/2372
f 2384/2384 2381/2381 2378/2378
f 2368/2368 2372/2372 2377/2377
f 2364/2364 2355/2355 2341/2341
f 2251/2251 2262/2262 2290/2290
f 2277/2277 2239/2239 2231/2231
f 2262/2262 2239/2239 2277/2277
f 2330/2330 2346/2346 2340/2340
f 2360/2360 2368/2368 2371/2371
f 2360/2360 2349/2349 2357/2357
f 2360/2360 2357/2357 2368/2368
f 2334/2334 2349/2349 2346/2346
f 2337/2337 2366/2366 2333/2333
f 2324/2324 2313/2313 2333/2333
f 2341/2341 2333/2333 2348/2348
f 2364/2364 2341/2341 2348/2348
f 2355/2355 2343/2343 2341/2341
f 2374/2374 2371/2371 2380/2380
f 2371/2371 2361/2361 2360/2360
f 2360/2360 2352/2352 2349/2349
f 2350/2350 2360/2360 2354/2354
f 2336/2336 2338/2338 2312/2312
f 2322/2322 2278/2278 2312/2312
f 2338/2338 2342/2342 2322/2322
f 2316/2316 2322/2322 2342/2342
f 2283/2283 2314/2314 2307/2307
f 2359/2359 2338/2338 2351/2351
f 2365/2365 2342/2342 2359/2359
f 2351/2351 2358/2358 2359/2359
f 2359/2359 2358/2358 2369/2369
f 2369/2369 2358/2358 2361/2361
f 2287/2287 2272/2272 2236/2236
f 2314/2314 2272/2272 2316/2316
f 2204/2204 2188/2188 2171/2171
f 2377/2377 2386/2386 2380/2380
f 2368/2368 2380/2380 2371/2371
f 2386/2386 2384/2384 2380/2380
f 2361/2361 2371/2371 2374/2374
f 2369/2369 2374/2374 2378/2378
f 2380/2380 2378/2378 2374/2374
f 2359/2359 2373/2373 2365/2365
f 2365/2365 2381/2381 2376/2376
f 2378/2378 2373/2373 2369/2369
f 2394/2394 2388/2388 2391/2391
f 2381/2381 2385/2385 2376/2376
f 2274/2274 2305/2305 2291/2291
f 2382/2382 2387/2387 2379/2379
f 2387/2387 2388/2388 2383/2383
f 2388/2388 2387/2387 2391/2391
f 2307/2307 2319/2319 2271/2271
f 2382/2382 2367/2367 2362/2362
f 2269/2269 2274/2274 2291/2291
f 2235/2235 2254/2254 2264/2264
f 2393/2393 2392/2392 2390/2390
f 2317/2317 2295/2295 2291/2291
f 2295/2295 2269/2269 2291/2291
f 2264/2264 2274/2274 2255/2255
f 2347/2347 2367/2367 2356/2356
f 2366/2366 2367/2367 2382/2382
f 2389/2389 2388/2388 2394/2394
f 2376/2376 2375/2375 2370/2370
f 2302/2302 2347/2347 2337/2337
f 2276/2276 2292/2292 2301/2301
f 2388/2388 2389/2389 2383/2383
f 2383/2383 2389/2389 2386/2386
f 2292/2292 2276/2276 2271/2271
f 2235/2235 2264/2264 2241/2241
f 2241/2241 2264/2264 2255/2255
f 2384/2384 2390/2390 2385/2385
f 2386/2386 2389/2389 2384/2384
f 2366/2366 2382/2382 2379/2379
f 2269/2269 2295/2295 2281/2281
f 2281/2281 2317/2317 2302/2302
f 2291/2291 2305/2305 2317/2317
f 2376/2376 2385/2385 2375/2375
f 2276/2276 2264/2264 2254/2254
f 2271/2271 2276/2276 2256/2256
f 2256/2256 2276/2276 2235/2235
f 2331/2331 2339/2339 2363/2363
f 2363/2363 2339/2339 2370/2370
f 2347/2347 2362/2362 2367/2367
f 2339/2339 2319/2319 2307/2307
f 2319/2319 2292/2292 2271/2271
f 2390/2390 2392/2392 2385/2385
f 2235/2235 2276/2276 2254/2254
f 2394/2394 2390/2390 2389/2389
f 2123/2123 2130/2130 2126/2126
f 2098/2098 2124/2124 2126/2126
f 2060/2060 2108/2108 2098/2098
f 2105/2105 2108/2108 2050/2050
f 1400/1400 1331/1331 1439/1439
f 1274/1274 1188/1188 1234/1234
f 1188/1188 1153/1153 1181/1181
f 1234/1234 1181/1181 1290/1290
f 1026/1026 952/952 976/976
f 1067/1067 1098/1098 1022/1022
f 423/423 322/322 354/354
f 2017/2017 2058/2058 1971/1971
f 1620/1620 1698/1698 1576/1576
f 1700/1700 1819/1819 1737/1737
f 1925/1925 2038/2038 2017/2017
f 1981/1981 2034/2034 2000/2000
f 1819/1819 1700/1700 1733/1733
f 1549/1549 1576/1576 1515/1515
f 1846/1846 1836/1836 1852/1852
f 1836/1836 1818/1818 1852/1852
f 2098/2098 2017/2017 2038/2038
f 1238/1238 1248/1248 1193/1193
f 1116/1116 1043/1043 1080/1080
f 2130/2130 2114/2114 2126/2126
f 2058/2058 2017/2017 2098/2098
f 2058/2058 2098/2098 2114/2114
f 2089/2089 2121/2121 2101/2101
f 887/887 927/927 930/930
f 1092/1092 1179/1179 1190/1190
f 2027/2027 2049/2049 2064/2064
f 2197/2197 2184/2184 2208/2208
f 2223/2223 2184/2184 2209/2209
f 1101/1101 1098/1098 1153/1153
f 460/460 368/368 423/423
f 1481/1481 1390/1390 1422/1422
f 1783/1783 1935/1935 1892/1892
f 1783/1783 1892/1892 1810/1810
f 2173/2173 2136/2136 2156/2156
f 2128/2128 2173/2173 2167/2167
f 1427/1427 1399/1399 1352/1352
f 1484/1484 1493/1493 1512/1512
f 1481/1481 1422/1422 1508/1508
f 1508/1508 1398/1398 1466/1466
f 1581/1581 1651/1651 1644/1644
f 1181/1181 1186/1186 1250/1250
f 820/820 709/709 741/741
f 1366/1366 1416/1416 1310/1310
f 1566/1566 1694/1694 1624/1624
f 971/971 871/871 944/944
f 944/944 871/871 959/959
f 670/670 602/602 645/645
f 1925/1925 2017/2017 1971/1971
f 986/986 1043/1043 1061/1061
f 2098/2098 2038/2038 2060/2060
f 930/930 900/900 887/887
f 819/819 820/820 741/741
f 437/437 391/391 339/339
f 576/576 502/502 420/420
f 502/502 436/436 420/420
f 573/573 670/670 709/709
f 2066/2066 2100/2100 2074/2074
f 281/281 280/280 309/309
f 583/583 514/514 507/507
f 298/298 303/303 308/308
f 682/682 749/749 797/797
f 365/365 308/308 307/307
f 1867/1867 1800/1800 1819/1819
f 1080/1080 1193/1193 1116/1116
f 463/463 513/513 563/563
f 264/264 272/272 281/281
f 1156/1156 1089/1089 1172/1172
f 1310/1310 1316/1316 1238/1238
f 701/701 732/732 645/645
f 435/435 327/327 427/427
f 1272/1272 1179/1179 1275/1275
f 1153/1153 1188/1188 1101/1101
f 265/265 325/325 338/338
f 1186/1186 1181/1181 1123/1123
f 184/184 213/213 214/214
f 213/213 243/243 214/214
f 856/856 959/959 871/871
f 1342/1342 1275/1275 1274/1274
f 1067/1067 1123/1123 1098/1098
f 1098/1098 1123/1123 1181/1181
f 1390/1390 1378/1378 1354/1354
f 1378/1378 1427/1427 1352/1352
f 1354/1354 1352/1352 1311/1311
f 856/856 871/871 788/788
f 1366/1366 1358/1358 1447/1447
f 818/818 841/841 774/774
f 849/849 934/934 851/851
f 1508/1508 1581/1581 1481/1481
f 856/856 774/774 841/841
f 1564/1564 1508/1508 1473/1473
f 1473/1473 1508/1508 1466/1466
f 672/672 689/689 733/733
f 733/733 755/755 818/818
f 538/538 672/672 552/552
f 959/959 1013/1013 1022/1022
f 1013/1013 1067/1067 1022/1022
f 1317/1317 1354/1354 1290/1290
f 1317/1317 1290/1290 1250/1250
f 1181/1181 1153/1153 1098/1098
f 971/971 883/883 871/871
f 1390/1390 1354/1354 1422/1422
f 1354/1354 1317/1317 1398/1398
f 2038/2038 1985/1985 2060/2060
f 241/241 214/214 247/247
f 602/602 527/527 532/532
f 352/352 336/336 332/332
f 409/409 521/521 417/417
f 241/241 247/247 252/252
f 670/670 573/573 602/602
f 227/227 217/217 240/240
f 1700/1700 1737/1737 1698/1698
f 1698/1698 1800/1800 1735/1735
f 208/208 240/240 194/194
f 1560/1560 1549/1549 1489/1489
f 228/228 211/211 191/191
f 208/208 228/228 240/240
f 204/204 215/215 191/191
f 789/789 788/788 871/871
f 871/871 883/883 789/789
f 883/883 861/861 789/789
f 927/927 940/940 1043/1043
f 227/227 207/207 205/205
f 460/460 423/423 573/573
f 1128/1128 1164/1164 1080/1080
f 1305/1305 1310/1310 1238/1238
f 806/806 887/887 819/819
f 709/709 670/670 741/741
f 1043/1043 1116/1116 1061/1061
f 1193/1193 1080/1080 1164/1164
f 940/940 927/927 887/887
f 423/423 527/527 573/573
f 527/527 467/467 532/532
f 645/645 602/602 532/532
f 1238/1238 1316/1316 1248/1248
f 1396/1396 1316/1316 1310/1310
f 670/670 645/645 732/732
f 819/819 741/741 670/670
f 1238/1238 1193/1193 1164/1164
f 1228/1228 1161/1161 1156/1156
f 2163/2163 2197/2197 2198/2198
f 2086/2086 2153/2153 2138/2138
f 2086/2086 2138/2138 2163/2163
f 254/254 278/278 244/244
f 227/227 277/277 254/254
f 1825/1825 1872/1872 1945/1945
f 1981/1981 2000/2000 1991/1991
f 1640/1640 1693/1693 1561/1561
f 1561/1561 1693/1693 1598/1598
f 397/397 418/418 486/486
f 536/536 640/640 634/634
f 298/298 345/345 303/303
f 303/303 345/345 307/307
f 296/296 297/297 311/311
f 299/299 309/309 280/280
f 272/272 280/280 281/281
f 797/797 849/849 851/851
f 2060/2060 2048/2048 2108/2108
f 2123/2123 2124/2124 2105/2105
f 2123/2123 2105/2105 2096/2096
f 2077/2077 2050/2050 2108/2108
f 2105/2105 2050/2050 2096/2096
f 2050/2050 2077/2077 2036/2036
f 2050/2050 2036/2036 1991/1991
f 2108/2108 2105/2105 2124/2124
f 1646/1646 1540/1540 1596/1596
f 1637/1637 1727/1727 1700/1700
f 1620/1620 1623/1623 1700/1700
f 861/861 971/971 943/943
f 867/867 789/789 861/861
f 994/994 943/943 1021/1021
f 926/926 1015/1015 1037/1037
f 686/686 722/722 783/783
f 722/722 682/682 797/797
f 867/867 861/861 943/943
f 807/807 867/867 827/827
f 1017/1017 994/994 1021/1021
f 733/733 818/818 774/774
f 672/672 774/774 721/721
f 277/277 363/363 420/420
f 363/363 406/406 420/420
f 406/406 469/469 552/552
f 667/667 664/664 738/738
f 738/738 664/664 788/788
f 774/774 788/788 721/721
f 1274/1274 1224/1224 1188/1188
f 1038/1038 971/971 1022/1022
f 1783/1783 1810/1810 1694/1694
f 1566/1566 1624/1624 1651/1651
f 2031/2031 1903/1903 1937/1937
f 1903/1903 1810/1810 1937/1937
f 1704/1704 1651/1651 1810/1810
f 1810/1810 1708/1708 1694/1694
f 1694/1694 1651/1651 1624/1624
f 887/887 901/901 940/940
f 1447/1447 1488/1488 1457/1457
f 1305/1305 1358/1358 1366/1366
f 1416/1416 1366/1366 1457/1457
f 1310/1310 1305/1305 1366/1366
f 1488/1488 1401/1401 1453/1453
f 1488/1488 1453/1453 1526/1526
f 1488/1488 1447/1447 1401/1401
f 1366/1366 1447/1447 1457/1457
f 1169/1169 1104/1104 1215/1215
f 1907/1907 1942/1942 2074/2074
f 1988/1988 2024/2024 1949/1949
f 2076/2076 2099/2099 1937/1937
f 2184/2184 2162/2162 2189/2189
f 2223/2223 2208/2208 2184/2184
f 546/546 555/555 528/528
f 320/320 353/353 278/278
f 277/277 278/278 254/254
f 243/243 238/238 283/283
f 240/240 270/270 277/277
f 1929/1929 1882/1882 1961/1961
f 1946/1946 2004/2004 1981/1981
f 2086/2086 2163/2163 2152/2152
f 2068/2068 2069/2069 1932/1932
f 2142/2142 2169/2169 2186/2186
f 2146/2146 2139/2139 2117/2117
f 410/410 397/397 480/480
f 410/410 458/458 444/444
f 396/396 385/385 510/510
f 537/537 528/528 520/520
f 345/345 356/356 402/402
f 296/296 298/298 308/308
f 402/402 401/401 444/444
f 345/345 298/298 356/356
f 298/298 296/296 311/311
f 553/553 441/441 384/384
f 1064/1064 969/969 1017/1017
f 1017/1017 969/969 934/934
f 1819/1819 1733/1733 1803/1803
f 1925/1925 1819/1819 1917/1917
f 1727/1727 1733/1733 1700/1700
f 1819/1819 1803/1803 1917/1917
f 1709/1709 1746/1746 1825/1825
f 1620/1620 1549/1549 1623/1623
f 827/827 867/867 849/849
f 867/867 943/943 934/934
f 943/943 994/994 934/934
f 469/469 538/538 552/552
f 672/672 721/721 664/664
f 559/559 667/667 644/644
f 644/644 667/667 682/682
f 721/721 788/788 664/664
f 667/667 738/738 789/789
f 738/738 788/788 789/789
f 664/664 552/552 672/672
f 406/406 552/552 484/484
f 420/420 406/406 484/484
f 420/420 484/484 576/576
f 273/273 394/394 270/270
f 394/394 469/469 406/406
f 789/789 682/682 667/667
f 644/644 579/579 559/559
f 789/789 867/867 807/807
f 436/436 559/559 579/579
f 807/807 827/827 797/797
f 789/789 749/749 682/682
f 570/570 598/598 686/686
f 851/851 877/877 783/783
f 827/827 849/849 797/797
f 394/394 538/538 469/469
f 1274/1274 1234/1234 1290/1290
f 1290/1290 1311/1311 1274/1274
f 1135/1135 1064/1064 1092/1092
f 1038/1038 943/943 971/971
f 1098/1098 1081/1081 1022/1022
f 1081/1081 1101/1101 1038/1038
f 959/959 1022/1022 944/944
f 1892/1892 1935/1935 1937/1937
f 1802/1802 1764/1764 1704/1704
f 1810/1810 1892/1892 1937/1937
f 1810/1810 1802/1802 1704/1704
f 1640/1640 1561/1561 1574/1574
f 1810/1810 1903/1903 1802/1802
f 1801/1801 1785/1785 1922/1922
f 1553/1553 1545/1545 1591/1591
f 1640/1640 1676/1676 1693/1693
f 1693/1693 1785/1785 1801/1801
f 957/957 901/901 864/864
f 806/806 670/670 732/732
f 645/645 532/532 629/629
f 1489/1489 1416/1416 1457/1457
f 1540/1540 1526/1526 1596/1596
f 957/957 991/991 940/940
f 864/864 914/914 957/957
f 1305/1305 1252/1252 1358/1358
f 1164/1164 1203/1203 1238/1238
f 1196/1196 1252/1252 1203/1203
f 1141/1141 1169/1169 1196/1196
f 989/989 957/957 914/914
f 1078/1078 1169/1169 1141/1141
f 1169/1169 1215/1215 1232/1232
f 1043/1043 1128/1128 1080/1080
f 2070/2070 2122/2122 2106/2106
f 2021/2021 1896/1896 2117/2117
f 1923/1923 1920/1920 2057/2057
f 2147/2147 2144/2144 2131/2131
f 2186/2186 2178/2178 2198/2198
f 2168/2168 2163/2163 2138/2138
f 417/417 413/413 352/352
f 427/427 288/288 431/431
f 228/228 273/273 270/270
f 223/223 227/227 244/244
f 2050/2050 1991/1991 2033/2033
f 1929/1929 1964/1964 2005/2005
f 1842/1842 1930/1930 1882/1882
f 1797/1797 1875/1875 1854/1854
f 1959/1959 1889/1889 1988/1988
f 1852/1852 1882/1882 1929/1929
f 2174/2174 2199/2199 2183/2183
f 2169/2169 2142/2142 2152/2152
f 2186/2186 2174/2174 2142/2142
f 2142/2142 2093/2093 2152/2152
f 2174/2174 2186/2186 2199/2199
f 2169/2169 2178/2178 2186/2186
f 2178/2178 2152/2152 2198/2198
f 2146/2146 2167/2167 2170/2170
f 2110/2110 2128/2128 2167/2167
f 465/465 458/458 492/492
f 458/458 465/465 421/421
f 486/486 512/512 492/492
f 401/401 410/410 444/444
f 418/418 512/512 486/486
f 307/307 345/345 324/324
f 322/322 308/308 354/354
f 467/467 423/423 354/354
f 299/299 296/296 322/322
f 308/308 322/322 296/296
f 243/243 213/213 238/238
f 213/213 184/184 207/207
f 278/278 283/283 223/223
f 373/373 370/370 483/483
f 1803/1803 1733/1733 1727/1727
f 1623/1623 1549/1549 1560/1560
f 1619/1619 1709/1709 1637/1637
f 553/553 598/598 570/570
f 553/553 570/570 441/441
f 363/363 277/277 270/270
f 664/664 667/667 576/576
f 434/434 436/436 459/459
f 270/270 240/240 228/228
f 227/227 240/240 248/248
f 248/248 240/240 277/277
f 576/576 559/559 502/502
f 502/502 559/559 436/436
f 277/277 436/436 320/320
f 227/227 254/254 244/244
f 283/283 384/384 441/441
f 682/682 642/642 553/553
f 934/934 994/994 1017/1017
f 1101/1101 1188/1188 1121/1121
f 851/851 934/934 969/969
f 2076/2076 2153/2153 2099/2099
f 2153/2153 2086/2086 2099/2099
f 2099/2099 2086/2086 2031/2031
f 2086/2086 2007/2007 1922/1922
f 2086/2086 1922/1922 1972/1972
f 1651/1651 1581/1581 1564/1564
f 1644/1644 1704/1704 1676/1676
f 1581/1581 1676/1676 1574/1574
f 1764/1764 1802/1802 1881/1881
f 1881/1881 1903/1903 1972/1972
f 1676/1676 1764/1764 1785/1785
f 1972/1972 1903/1903 2031/2031
f 1922/1922 2093/2093 1932/1932
f 1877/1877 1932/1932 1801/1801
f 2086/2086 1972/1972 2031/2031
f 1764/1764 1881/1881 1922/1922
f 1881/1881 1972/1972 1922/1922
f 1826/1826 1776/1776 1692/1692
f 670/670 806/806 819/819
f 914/914 836/836 898/898
f 806/806 864/864 901/901
f 836/836 864/864 796/796
f 1857/1857 1885/1885 1928/1928
f 1044/1044 1141/1141 1128/1128
f 1027/1027 1049/1049 1078/1078
f 1043/1043 1044/1044 1128/1128
f 1027/1027 1044/1044 991/991
f 1027/1027 991/991 957/957
f 1078/1078 1104/1104 1169/1169
f 1128/1128 1203/1203 1164/1164
f 989/989 1027/1027 957/957
f 1002/1002 1020/1020 984/984
f 1027/1027 1078/1078 1141/1141
f 1146/1146 1214/1214 1215/1215
f 1358/1358 1373/1373 1401/1401
f 1412/1412 1401/1401 1353/1353
f 1227/1227 1252/1252 1196/1196
f 1227/1227 1196/1196 1169/1169
f 1229/1229 1232/1232 1215/1215
f 1373/1373 1353/1353 1401/1401
f 1488/1488 1526/1526 1540/1540
f 1461/1461 1412/1412 1387/1387
f 1353/1353 1373/1373 1303/1303
f 2081/2081 2064/2064 2049/2049
f 1988/1988 1949/1949 1959/1959
f 2067/2067 2057/2057 2083/2083
f 2197/2197 2153/2153 2184/2184
f 2153/2153 2197/2197 2168/2168
f 2168/2168 2197/2197 2163/2163
f 337/337 328/328 392/392
f 336/336 343/343 332/332
f 592/592 485/485 445/445
f 413/413 346/346 336/336
f 392/392 328/328 346/346
f 337/337 392/392 339/339
f 257/257 302/302 288/288
f 338/338 325/325 342/342
f 325/325 275/275 327/327
f 240/240 217/217 194/194
f 205/205 194/194 217/217
f 1946/1946 1981/1981 2008/2008
f 1964/1964 1961/1961 1995/1995
f 1930/1930 1961/1961 1882/1882
f 2030/2030 1913/1913 1957/1957
f 1882/1882 1852/1852 1818/1818
f 1842/1842 1882/1882 1818/1818
f 1913/1913 1868/1868 1866/1866
f 2156/2156 2150/2150 2193/2193
f 2150/2150 2174/2174 2183/2183
f 2142/2142 2174/2174 2150/2150
f 2142/2142 2068/2068 2093/2093
f 2093/2093 1922/1922 2007/2007
f 2163/2163 2198/2198 2152/2152
f 2072/2072 1907/1907 2074/2074
f 2136/2136 2074/2074 2156/2156
f 2156/2156 2100/2100 2150/2150
f 480/480 397/397 486/486
f 512/512 418/418 501/501
f 520/520 512/512 501/501
f 512/512 500/500 487/487
f 359/359 381/381 365/365
f 345/345 402/402 359/359
f 345/345 359/359 324/324
f 437/437 496/496 391/391
f 227/227 223/223 207/207
f 238/238 207/207 223/223
f 384/384 283/283 315/315
f 243/243 283/283 255/255
f 436/436 434/434 353/353
f 459/459 436/436 579/579
f 434/434 579/579 553/553
f 315/315 283/283 278/278
f 243/243 247/247 214/214
f 252/252 302/302 257/257
f 1179/1179 1121/1121 1188/1188
f 1017/1017 1063/1063 1092/1092
f 1063/1063 1021/1021 1101/1101
f 1092/1092 1101/1101 1121/1121
f 1015/1015 1064/1064 1120/1120
f 926/926 969/969 1015/1015
f 2153/2153 2162/2162 2184/2184
f 1598/1598 1556/1556 1561/1561
f 1561/1561 1556/1556 1493/1493
f 1481/1481 1541/1541 1574/1574
f 1541/1541 1581/1581 1574/1574
f 701/701 645/645 629/629
f 701/701 806/806 732/732
f 864/864 806/806 796/796
f 1872/1872 1827/1827 1831/1831
f 1803/1803 1825/1825 1917/1917
f 1713/1713 1760/1760 1720/1720
f 1980/1980 1945/1945 1872/1872
f 1727/1727 1825/1825 1803/1803
f 1979/1979 1969/1969 1986/1986
f 1831/1831 1746/1746 1720/1720
f 1825/1825 1746/1746 1827/1827
f 2048/2048 1917/1917 1945/1945
f 1825/1825 1945/1945 1917/1917
f 1849/1849 1794/1794 1759/1759
f 1969/1969 1958/1958 1924/1924
f 629/629 604/604 701/701
f 914/914 898/898 974/974
f 984/984 914/914 974/974
f 1027/1027 989/989 1049/1049
f 1104/1104 1083/1083 1146/1146
f 1083/1083 1104/1104 1002/1002
f 1020/1020 1104/1104 1078/1078
f 1215/1215 1214/1214 1229/1229
f 1169/1169 1232/1232 1227/1227
f 1227/1227 1232/1232 1303/1303
f 1565/1565 1526/1526 1461/1461
f 1435/1435 1461/1461 1387/1387
f 1565/1565 1596/1596 1526/1526
f 1638/1638 1646/1646 1596/1596
f 1714/1714 1565/1565 1621/1621
f 1565/1565 1638/1638 1596/1596
f 1713/1713 1638/1638 1714/1714
f 1638/1638 1713/1713 1720/1720
f 1720/1720 1746/1746 1709/1709
f 1646/1646 1619/1619 1540/1540
f 1720/1720 1709/1709 1646/1646
f 1949/1949 2024/2024 2011/2011
f 2027/2027 2024/2024 1988/1988
f 1992/1992 1930/1930 1899/1899
f 1899/1899 1910/1910 1949/1949
f 1854/1854 1899/1899 1930/1930
f 1970/1970 2049/2049 2027/2027
f 1910/1910 1959/1959 1949/1949
f 2083/2083 2089/2089 2067/2067
f 2120/2120 2089/2089 2106/2106
f 1920/1920 2070/2070 2062/2062
f 2139/2139 2119/2119 2117/2117
f 346/346 335/335 336/336
f 341/341 361/361 343/343
f 380/380 361/361 348/348
f 435/435 386/386 338/338
f 391/391 463/463 351/351
f 437/437 339/339 392/392
f 885/885 956/956 980/980
f 592/592 529/529 485/485
f 588/588 496/496 529/529
f 437/437 392/392 485/485
f 391/391 513/513 463/463
f 361/361 380/380 364/364
f 348/348 338/338 380/380
f 1986/1986 1946/1946 2008/2008
f 1900/1900 1969/1969 1979/1979
f 2004/2004 1960/1960 2041/2041
f 1924/1924 1960/1960 1946/1946
f 1929/1929 1866/1866 1852/1852
f 1929/1929 2005/2005 1957/1957
f 1905/1905 1868/1868 1901/1901
f 1846/1846 1853/1853 1836/1836
f 1854/1854 1842/1842 1797/1797
f 1762/1762 1718/1718 1743/1743
f 1930/1930 1842/1842 1854/1854
f 1901/1901 1924/1924 1958/1958
f 1960/1960 1938/1938 2020/2020
f 1938/1938 1984/1984 2020/2020
f 1868/1868 1913/1913 1938/1938
f 1866/1866 1929/1929 1957/1957
f 2086/2086 2152/2152 2093/2093
f 2093/2093 2068/2068 1932/1932
f 1692/1692 1776/1776 1721/1721
f 2150/2150 2069/2069 2142/2142
f 2069/2069 1918/1918 1968/1968
f 1918/1918 1776/1776 1859/1859
f 1859/1859 1776/1776 1826/1826
f 1918/1918 2069/2069 2100/2100
f 2100/2100 2069/2069 2150/2150
f 2086/2086 2093/2093 2007/2007
f 2147/2147 2146/2146 2170/2170
f 2110/2110 2146/2146 2088/2088
f 2146/2146 2117/2117 2088/2088
f 2128/2128 2129/2129 2173/2173
f 2173/2173 2156/2156 2191/2191
f 2136/2136 2129/2129 2072/2072
f 396/396 501/501 418/418
f 520/520 501/501 510/510
f 520/520 528/528 503/503
f 520/520 503/503 477/477
f 563/563 537/537 463/463
f 463/463 537/537 510/510
f 528/528 537/537 563/563
f 512/512 520/520 500/500
f 500/500 520/520 477/477
f 510/510 385/385 463/463
f 434/434 315/315 278/278
f 384/384 315/315 434/434
f 553/553 642/642 686/686
f 553/553 686/686 598/598
f 302/302 282/282 370/370
f 642/642 682/682 686/686
f 926/926 877/877 851/851
f 517/517 595/595 497/497
f 441/441 540/540 422/422
f 257/257 241/241 252/252
f 319/319 441/441 422/422
f 370/370 310/310 395/395
f 243/243 255/255 253/253
f 282/282 310/310 370/370
f 253/253 310/310 282/282
f 319/319 395/395 310/310
f 497/497 370/370 395/395
f 247/247 253/253 252/252
f 681/681 618/618 540/540
f 483/483 591/591 578/578
f 517/517 497/497 395/395
f 313/313 327/327 275/275
f 1274/1274 1352/1352 1342/1342
f 1349/1349 1275/1275 1342/1342
f 1275/1275 1179/1179 1224/1224
f 1188/1188 1224/1224 1179/1179
f 1352/1352 1399/1399 1342/1342
f 1275/1275 1224/1224 1274/1274
f 1436/1436 1427/1427 1493/1493
f 1399/1399 1493/1493 1484/1484
f 1465/1465 1556/1556 1591/1591
f 1349/1349 1272/1272 1275/1275
f 1553/1553 1507/1507 1516/1516
f 1481/1481 1427/1427 1390/1390
f 1493/1493 1427/1427 1481/1481
f 1179/1179 1272/1272 1190/1190
f 1245/1245 1272/1272 1349/1349
f 1493/1493 1556/1556 1512/1512
f 1493/1493 1519/1519 1574/1574
f 1561/1561 1493/1493 1574/1574
f 1349/1349 1342/1342 1399/1399
f 1349/1349 1331/1331 1245/1245
f 1351/1351 1282/1282 1261/1261
f 1424/1424 1356/1356 1349/1349
f 1465/1465 1399/1399 1484/1484
f 1465/1465 1420/1420 1399/1399
f 1420/1420 1349/1349 1399/1399
f 1516/1516 1507/1507 1439/1439
f 1516/1516 1424/1424 1465/1465
f 1465/1465 1591/1591 1516/1516
f 1826/1826 1692/1692 1693/1693
f 1693/1693 1692/1692 1665/1665
f 1591/1591 1556/1556 1692/1692
f 1918/1918 1932/1932 1968/1968
f 1968/1968 1932/1932 2069/2069
f 1721/1721 1776/1776 1804/1804
f 1665/1665 1692/1692 1556/1556
f 1804/1804 1776/1776 1918/1918
f 1921/1921 1833/1833 1804/1804
f 1833/1833 1791/1791 1804/1804
f 1598/1598 1693/1693 1556/1556
f 1553/1553 1571/1571 1496/1496
f 1516/1516 1591/1591 1545/1545
f 1516/1516 1545/1545 1553/1553
f 1400/1400 1439/1439 1507/1507
f 1653/1653 1721/1721 1804/1804
f 1591/1591 1692/1692 1553/1553
f 1692/1692 1721/1721 1653/1653
f 1918/1918 2100/2100 1921/1921
f 1921/1921 1942/1942 1874/1874
f 1921/1921 1874/1874 1791/1791
f 1921/1921 2066/2066 2074/2074
f 2110/2110 2072/2072 2128/2128
f 1791/1791 1874/1874 1768/1768
f 2110/2110 1947/1947 1907/1907
f 1571/1571 1553/1553 1653/1653
f 1768/1768 1686/1686 1791/1791
f 1816/1816 1686/1686 1768/1768
f 1947/1947 2110/2110 2088/2088
f 2136/2136 2072/2072 2074/2074
f 2128/2128 2072/2072 2129/2129
f 1758/1758 1691/1691 1683/1683
f 1816/1816 1907/1907 1799/1799
f 2088/2088 2117/2117 2009/2009
f 1947/1947 2088/2088 1911/1911
f 1059/1059 1112/1112 1023/1023
f 2008/2008 1991/1991 2053/2053
f 1900/1900 1872/1872 1831/1831
f 1980/1980 2053/2053 2048/2048
f 701/701 796/796 806/806
f 1214/1214 1083/1083 1161/1161
f 1899/1899 1875/1875 1910/1910
f 1875/1875 1889/1889 1910/1910
f 1820/1820 1844/1844 1889/1889
f 2120/2120 2121/2121 2089/2089
f 2067/2067 2089/2089 2101/2101
f 2057/2057 2067/2067 2049/2049
f 2083/2083 2062/2062 2070/2070
f 1923/1923 2057/2057 1940/1940
f 1809/1809 1829/1829 1732/1732
f 1923/1923 1829/1829 1920/1920
f 1809/1809 1920/1920 1829/1829
f 1732/1732 1715/1715 1809/1809
f 2119/2119 2021/2021 2117/2117
f 1902/1902 1920/1920 1880/1880
f 2131/2131 2139/2139 2147/2147
f 2021/2021 2119/2119 2070/2070
f 2122/2122 2144/2144 2120/2120
f 2070/2070 2119/2119 2122/2122
f 332/332 361/361 352/352
f 361/361 268/268 266/266
f 348/348 361/361 266/266
f 529/529 437/437 485/485
f 630/630 612/612 607/607
f 588/588 592/592 607/607
f 392/392 445/445 485/485
f 445/445 392/392 346/346
f 631/631 577/577 633/633
f 563/563 513/513 588/588
f 338/338 348/348 271/271
f 380/380 338/338 386/386
f 265/265 338/338 271/271
f 1969/1969 1928/1928 1958/1958
f 1969/1969 1924/1924 1986/1986
f 1905/1905 1885/1885 1865/1865
f 1798/1798 1857/1857 1753/1753
f 1939/1939 1928/1928 1885/1885
f 1865/1865 1772/1772 1863/1863
f 1885/1885 1905/1905 1939/1939
f 1884/1884 1868/1868 1905/1905
f 1846/1846 1868/1868 1853/1853
f 1732/1732 1710/1710 1715/1715
f 1866/1866 1957/1957 1913/1913
f 523/523 542/542 619/619
f 542/542 545/545 596/596
f 477/477 503/503 493/493
f 493/493 503/503 522/522
f 524/524 623/623 683/683
f 870/870 877/877 926/926
f 964/964 912/912 860/860
f 783/783 870/870 804/804
f 395/395 319/319 422/422
f 591/591 483/483 370/370
f 976/976 906/906 1045/1045
f 288/288 246/246 245/245
f 250/250 288/288 275/275
f 431/431 483/483 488/488
f 1135/1135 1183/1183 1120/1120
f 1272/1272 1245/1245 1190/1190
f 1245/1245 1280/1280 1199/1199
f 1190/1190 1199/1199 1183/1183
f 1356/1356 1331/1331 1349/1349
f 1280/1280 1338/1338 1261/1261
f 1554/1554 1496/1496 1571/1571
f 1858/1858 1896/1896 1758/1758
f 1425/1425 1374/1374 1428/1428
f 1599/1599 1668/1668 1686/1686
f 884/884 832/832 823/823
f 1199/1199 1261/1261 1185/1185
f 1167/1167 1145/1145 1112/1112
f 2053/2053 2036/2036 2077/2077
f 1980/1980 2008/2008 2053/2053
f 2108/2108 2048/2048 2077/2077
f 1917/1917 2048/2048 2060/2060
f 453/453 533/533 507/507
f 634/634 533/533 536/536
f 835/835 808/808 782/782
f 993/993 974/974 929/929
f 801/801 865/865 898/898
f 993/993 951/951 999/999
f 2049/2049 1970/1970 1940/1940
f 1940/1940 1774/1774 1891/1891
f 1762/1762 1756/1756 1761/1761
f 1920/1920 1902/1902 2070/2070
f 1763/1763 1902/1902 1880/1880
f 1809/1809 1880/1880 1920/1920
f 1787/1787 1758/1758 1896/1896
f 1911/1911 2009/2009 1896/1896
f 1691/1691 1787/1787 1752/1752
f 1947/1947 1911/1911 1858/1858
f 2088/2088 2009/2009 1911/1911
f 1787/1787 1896/1896 1832/1832
f 1758/1758 1787/1787 1691/1691
f 2119/2119 2131/2131 2122/2122
f 364/364 409/409 417/417
f 1797/1797 1820/1820 1875/1875
f 563/563 588/588 555/555
f 545/545 542/542 528/528
f 619/619 611/611 523/523
f 439/439 464/464 421/421
f 477/477 439/439 465/465
f 492/492 458/458 480/480
f 444/444 458/458 421/421
f 468/468 421/421 464/464
f 468/468 381/381 382/382
f 468/468 464/464 590/590
f 362/362 365/365 448/448
f 324/324 365/365 307/307
f 590/590 707/707 640/640
f 402/402 444/444 359/359
f 444/444 421/421 382/382
f 382/382 381/381 359/359
f 381/381 453/453 365/365
f 365/365 476/476 448/448
f 464/464 439/439 524/524
f 444/444 382/382 359/359
f 354/354 362/362 448/448
f 536/536 533/533 468/468
f 604/604 533/533 634/634
f 720/720 611/611 619/619
f 707/707 590/590 719/719
f 865/865 801/801 808/808
f 801/801 799/799 707/707
f 468/468 590/590 536/536
f 750/750 651/651 799/799
f 514/514 532/532 467/467
f 524/524 590/590 464/464
f 453/453 476/476 365/365
f 583/583 507/507 604/604
f 604/604 507/507 533/533
f 476/476 453/453 507/507
f 487/487 477/477 465/465
f 928/928 926/926 1037/1037
f 783/783 877/877 870/870
f 570/570 669/669 718/718
f 595/595 681/681 658/658
f 534/534 649/649 671/671
f 427/427 548/548 435/435
f 1516/1516 1439/1439 1424/1424
f 1444/1444 1496/1496 1454/1454
f 1907/1907 1816/1816 1768/1768
f 1015/1015 1102/1102 1037/1037
f 1009/1009 964/964 1037/1037
f 1400/1400 1338/1338 1331/1331
f 1980/1980 2048/2048 1945/1945
f 835/835 865/865 808/808
f 974/974 1030/1030 1002/1002
f 929/929 974/974 897/897
f 1229/1229 1300/1300 1294/1294
f 1232/1232 1294/1294 1303/1303
f 1214/1214 1161/1161 1228/1228
f 1780/1780 1923/1923 1891/1891
f 1710/1710 1732/1732 1722/1722
f 1938/1938 1901/1901 1868/1868
f 1924/1924 1901/1901 1938/1938
f 1769/1769 1808/1808 1756/1756
f 1769/1769 1774/1774 1844/1844
f 1722/1722 1780/1780 1774/1774
f 1732/1732 1829/1829 1780/1780
f 596/596 665/665 542/542
f 503/503 523/523 522/522
f 477/477 493/493 522/522
f 465/465 492/492 512/512
f 781/781 782/782 683/683
f 719/719 808/808 801/801
f 590/590 683/683 719/719
f 719/719 683/683 782/782
f 683/683 590/590 524/524
f 835/835 897/897 865/865
f 993/993 999/999 1066/1066
f 782/782 781/781 835/835
f 929/929 835/835 951/951
f 720/720 781/781 683/683
f 720/720 683/683 611/611
f 720/720 705/705 765/765
f 590/590 640/640 536/536
f 799/799 640/640 707/707
f 651/651 701/701 604/604
f 604/604 629/629 583/583
f 514/514 629/629 532/532
f 718/718 681/681 570/570
f 681/681 540/540 570/570
f 517/517 540/540 595/595
f 595/595 618/618 681/681
f 431/431 488/488 584/584
f 1522/1522 1498/1498 1554/1554
f 1791/1791 1668/1668 1653/1653
f 1432/1432 1498/1498 1428/1428
f 1108/1108 1102/1102 1199/1199
f 1108/1108 1199/1199 1185/1185
f 1112/1112 1108/1108 1185/1185
f 1023/1023 1145/1145 1045/1045
f 1351/1351 1400/1400 1444/1444
f 1432/1432 1428/1428 1351/1351
f 1261/1261 1282/1282 1185/1185
f 835/835 929/929 897/897
f 993/993 929/929 951/951
f 1083/1083 1214/1214 1146/1146
f 1229/1229 1214/1214 1228/1228
f 1291/1291 1156/1156 1172/1172
f 1303/1303 1294/1294 1353/1353
f 1294/1294 1300/1300 1330/1330
f 1330/1330 1371/1371 1387/1387
f 1330/1330 1387/1387 1353/1353
f 992/992 1042/1042 1062/1062
f 1156/1156 1083/1083 1066/1066
f 923/923 844/844 890/890
f 923/923 992/992 1066/1066
f 765/765 705/705 740/740
f 923/923 999/999 951/951
f 1066/1066 1062/1062 1089/1089
f 1559/1559 1509/1509 1523/1523
f 1024/1024 1103/1103 1088/1088
f 1152/1152 1219/1219 1150/1150
f 1089/1089 1107/1107 1172/1172
f 1107/1107 1089/1089 1062/1062
f 1107/1107 1062/1062 1042/1042
f 1247/1247 1267/1267 1223/1223
f 1267/1267 1166/1166 1223/1223
f 1172/1172 1241/1241 1291/1291
f 1743/1743 1718/1718 1728/1728
f 1710/1710 1677/1677 1697/1697
f 1809/1809 1697/1697 1717/1717
f 1710/1710 1697/1697 1715/1715
f 1809/1809 1715/1715 1697/1697
f 1691/1691 1626/1626 1633/1633
f 1522/1522 1603/1603 1589/1589
f 1706/1706 1799/1799 1683/1683
f 1589/1589 1706/1706 1631/1631
f 1799/1799 1632/1632 1816/1816
f 1677/1677 1710/1710 1728/1728
f 1363/1363 1350/1350 1256/1256
f 1246/1246 1158/1158 1189/1189
f 1743/1743 1728/1728 1738/1738
f 1728/1728 1710/1710 1722/1722
f 1728/1728 1718/1718 1685/1685
f 1756/1756 1738/1738 1774/1774
f 1738/1738 1722/1722 1774/1774
f 1743/1743 1738/1738 1756/1756
f 1762/1762 1743/1743 1756/1756
f 1774/1774 1769/1769 1756/1756
f 1751/1751 1797/1797 1793/1793
f 844/844 835/835 781/781
f 951/951 835/835 905/905
f 528/528 523/523 503/503
f 720/720 619/619 705/705
f 729/729 730/730 757/757
f 522/522 623/623 524/524
f 683/683 623/623 611/611
f 477/477 522/522 524/524
f 604/604 634/634 651/651
f 799/799 651/651 634/634
f 750/750 799/799 836/836
f 1432/1432 1444/1444 1454/1454
f 1351/1351 1444/1444 1432/1432
f 1668/1668 1599/1599 1571/1571
f 1603/1603 1554/1554 1632/1632
f 1554/1554 1599/1599 1686/1686
f 1258/1258 1212/1212 1271/1271
f 1015/1015 1120/1120 1102/1102
f 1199/1199 1102/1102 1120/1120
f 1108/1108 1037/1037 1102/1102
f 1229/1229 1228/1228 1300/1300
f 1083/1083 1156/1156 1161/1161
f 1042/1042 1003/1003 1088/1088
f 1150/1150 1091/1091 1152/1152
f 1003/1003 1042/1042 978/978
f 1088/1088 1149/1149 1157/1157
f 1300/1300 1291/1291 1371/1371
f 1510/1510 1525/1525 1404/1404
f 1679/1679 1641/1641 1671/1671
f 1613/1613 1641/1641 1650/1650
f 1677/1677 1662/1662 1697/1697
f 1641/1641 1679/1679 1650/1650
f 1717/1717 1697/1697 1679/1679
f 1671/1671 1763/1763 1679/1679
f 1717/1717 1679/1679 1763/1763
f 1679/1679 1697/1697 1650/1650
f 1469/1469 1410/1410 1397/1397
f 1633/1633 1589/1589 1631/1631
f 1589/1589 1609/1609 1520/1520
f 1428/1428 1498/1498 1522/1522
f 1428/1428 1348/1348 1351/1351
f 1828/1828 1797/1797 1818/1818
f 1793/1793 1828/1828 1835/1835
f 1828/1828 1818/1818 1837/1837
f 1779/1779 1835/1835 1765/1765
f 1808/1808 1793/1793 1835/1835
f 1828/1828 1837/1837 1864/1864
f 1853/1853 1868/1868 1884/1884
f 1864/1864 1863/1863 1845/1845
f 1467/1467 1593/1593 1563/1563
f 1765/1765 1835/1835 1845/1845
f 1761/1761 1779/1779 1669/1669
f 1864/1864 1884/1884 1863/1863
f 1857/1857 1849/1849 1759/1759
f 1885/1885 1798/1798 1865/1865
f 765/765 740/740 822/822
f 890/890 978/978 923/923
f 1042/1042 992/992 978/978
f 619/619 542/542 665/665
f 563/563 546/546 528/528
f 593/593 555/555 588/588
f 593/593 545/545 555/555
f 545/545 593/593 587/587
f 1112/1112 1009/1009 1108/1108
f 1142/1142 1145/1145 1212/1212
f 1112/1112 1185/1185 1167/1167
f 1167/1167 1185/1185 1282/1282
f 1023/1023 1045/1045 936/936
f 1213/1213 1212/1212 1145/1145
f 1045/1045 1145/1145 1142/1142
f 1213/1213 1167/1167 1254/1254
f 1304/1304 1348/1348 1254/1254
f 1173/1173 1257/1257 1178/1178
f 1213/1213 1145/1145 1167/1167
f 1212/1212 1258/1258 1173/1173
f 1282/1282 1351/1351 1304/1304
f 1271/1271 1213/1213 1254/1254
f 1271/1271 1254/1254 1348/1348
f 1389/1389 1520/1520 1531/1531
f 1374/1374 1271/1271 1348/1348
f 1520/1520 1522/1522 1589/1589
f 1428/1428 1374/1374 1348/1348
f 1531/1531 1600/1600 1529/1529
f 1520/1520 1609/1609 1531/1531
f 1600/1600 1531/1531 1609/1609
f 1469/1469 1397/1397 1529/1529
f 1520/1520 1389/1389 1425/1425
f 1223/1223 1157/1157 1220/1220
f 1247/1247 1220/1220 1263/1263
f 1371/1371 1435/1435 1387/1387
f 1697/1697 1662/1662 1650/1650
f 1836/1836 1837/1837 1818/1818
f 1864/1864 1837/1837 1853/1853
f 1621/1621 1678/1678 1705/1705
f 890/890 844/844 822/822
f 781/781 765/765 844/844
f 748/748 740/740 665/665
f 904/904 968/968 890/890
f 890/890 822/822 787/787
f 968/968 1003/1003 978/978
f 890/890 787/787 904/904
f 772/772 885/885 872/872
f 961/961 980/980 1006/1006
f 1045/1045 1142/1142 1082/1082
f 1626/1626 1609/1609 1633/1633
f 1088/1088 1166/1166 1107/1107
f 1223/1223 1166/1166 1157/1157
f 1085/1085 1149/1149 1103/1103
f 1219/1219 1244/1244 1263/1263
f 1150/1150 1149/1149 1085/1085
f 1244/1244 1237/1237 1332/1332
f 1006/1006 1024/1024 961/961
f 1150/1150 1085/1085 1091/1091
f 1333/1333 1253/1253 1345/1345
f 1006/1006 956/956 1039/1039
f 1069/1069 1024/1024 1006/1006
f 1152/1152 1091/1091 1071/1071
f 1393/1393 1418/1418 1350/1350
f 1091/1091 1069/1069 1071/1071
f 1069/1069 1091/1091 1085/1085
f 1152/1152 1211/1211 1237/1237
f 1397/1397 1345/1345 1355/1355
f 1152/1152 1237/1237 1219/1219
f 1024/1024 1069/1069 1085/1085
f 1071/1071 1069/1069 1006/1006
f 1340/1340 1267/1267 1329/1329
f 1241/1241 1166/1166 1267/1267
f 1364/1364 1371/1371 1291/1291
f 1291/1291 1241/1241 1340/1340
f 1371/1371 1380/1380 1435/1435
f 1364/1364 1380/1380 1371/1371
f 1384/1384 1462/1462 1467/1467
f 1483/1483 1435/1435 1467/1467
f 1435/1435 1380/1380 1467/1467
f 1857/1857 1759/1759 1753/1753
f 1705/1705 1678/1678 1753/1753
f 1772/1772 1642/1642 1568/1568
f 748/748 665/665 653/653
f 1271/1271 1309/1309 1258/1258
f 1397/1397 1374/1374 1389/1389
f 1039/1039 1055/1055 1087/1087
f 1006/1006 1087/1087 1071/1071
f 977/977 1024/1024 968/968
f 977/977 904/904 872/872
f 885/885 980/980 961/961
f 1006/1006 980/980 956/956
f 845/845 947/947 956/956
f 956/956 947/947 1055/1055
f 1055/1055 947/947 1047/1047
f 1340/1340 1364/1364 1291/1291
f 1340/1340 1406/1406 1384/1384
f 1593/1593 1467/1467 1462/1462
f 772/772 653/653 661/661
f 1641/1641 1555/1555 1600/1600
f 1026/1026 1004/1004 1082/1082
f 1237/1237 1211/1211 1256/1256
f 1184/1184 1087/1087 1134/1134
f 1333/1333 1270/1270 1226/1226
f 1370/1370 1404/1404 1438/1438
f 1705/1705 1753/1753 1759/1759
f 1798/1798 1678/1678 1642/1642
f 1714/1714 1621/1621 1705/1705
f 1563/1563 1593/1593 1621/1621
f 1142/1142 1212/1212 1173/1173
f 1257/1257 1173/1173 1258/1258
f 1082/1082 1142/1142 1173/1173
f 1082/1082 1105/1105 1026/1026
f 1131/1131 1105/1105 1160/1160
f 911/911 834/834 886/886
f 1258/1258 1309/1309 1257/1257
f 1160/1160 1178/1178 1253/1253
f 1189/1189 1158/1158 1140/1140
f 1170/1170 1131/1131 1160/1160
f 1345/1345 1253/1253 1257/1257
f 1253/1253 1333/1333 1226/1226
f 1345/1345 1397/1397 1410/1410
f 1160/1160 1226/1226 1170/1170
f 967/967 1056/1056 1031/1031
f 1105/1105 1131/1131 1036/1036
f 1327/1327 1293/1293 1370/1370
f 1270/1270 1170/1170 1226/1226
f 1270/1270 1333/1333 1314/1314
f 1293/1293 1270/1270 1314/1314
f 1314/1314 1333/1333 1404/1404
f 1397/1397 1355/1355 1309/1309
f 1389/1389 1529/1529 1397/1397
f 1555/1555 1529/1529 1600/1600
f 1551/1551 1650/1650 1662/1662
f 1728/1728 1685/1685 1677/1677
f 1662/1662 1677/1677 1575/1575
f 1555/1555 1478/1478 1469/1469
f 1478/1478 1510/1510 1448/1448
f 1463/1463 1572/1572 1601/1601
f 1314/1314 1370/1370 1293/1293
f 1677/1677 1595/1595 1575/1575
f 1525/1525 1551/1551 1575/1575
f 1551/1551 1510/1510 1478/1478
f 1572/1572 1685/1685 1718/1718
f 1370/1370 1314/1314 1404/1404
f 1510/1510 1551/1551 1525/1525
f 1370/1370 1438/1438 1441/1441
f 1525/1525 1491/1491 1438/1438
f 1134/1134 1055/1055 1047/1047
f 1045/1045 1004/1004 976/976
f 1127/1127 1134/1134 1047/1047
f 1270/1270 1189/1189 1216/1216
f 1293/1293 1189/1189 1270/1270
f 1392/1392 1363/1363 1315/1315
f 1525/1525 1438/1438 1404/1404
f 1438/1438 1491/1491 1441/1441
f 1595/1595 1685/1685 1572/1572
f 1463/1463 1393/1393 1392/1392
f 1491/1491 1575/1575 1595/1595
f 1491/1491 1595/1595 1487/1487
f 1056/1056 967/967 1036/1036
f 1056/1056 1036/1036 1131/1131
f 1099/1099 1086/1086 1170/1170
f 1131/1131 1170/1170 1086/1086
f 1216/1216 1189/1189 1140/1140
f 970/970 967/967 1031/1031
f 1184/1184 1134/1134 1158/1158
f 1127/1127 1140/1140 1158/1158
f 913/913 1050/1050 955/955
f 1086/1086 1099/1099 1031/1031
f 1327/1327 1315/1315 1279/1279
f 1293/1293 1327/1327 1246/1246
f 1279/1279 1246/1246 1327/1327
f 1279/1279 1315/1315 1363/1363
f 1184/1184 1279/1279 1256/1256
f 1315/1315 1327/1327 1392/1392
f 1392/1392 1487/1487 1463/1463
f 1441/1441 1487/1487 1392/1392
f 1572/1572 1684/1684 1601/1601
f 1363/1363 1256/1256 1279/1279
f 1031/1031 1056/1056 1086/1086
f 1449/1449 1332/1332 1418/1418
f 1491/1491 1487/1487 1441/1441
f 1487/1487 1572/1572 1463/1463
f 1595/1595 1572/1572 1487/1487
f 1523/1523 1393/1393 1463/1463
f 1393/1393 1350/1350 1363/1363
f 573/573 527/527 602/602
f 467/467 527/527 423/423
f 514/514 467/467 448/448
f 1932/1932 1918/1918 1859/1859
f 1932/1932 1859/1859 1826/1826
f 1932/1932 1826/1826 1801/1801
f 1764/1764 1922/1922 1785/1785
f 1801/1801 1826/1826 1693/1693
f 750/750 836/836 796/796
f 898/898 836/836 799/799
f 614/614 562/562 657/657
f 562/562 521/521 505/505
f 505/505 521/521 409/409
f 413/413 417/417 479/479
f 413/413 479/479 549/549
f 352/352 413/413 336/336
f 549/549 577/577 490/490
f 521/521 479/479 417/417
f 562/562 505/505 470/470
f 521/521 646/646 549/549
f 445/445 490/490 577/577
f 413/413 490/490 445/445
f 657/657 696/696 646/646
f 646/646 521/521 614/614
f 521/521 562/562 614/614
f 657/657 710/710 696/696
f 534/534 671/671 657/657
f 562/562 534/534 657/657
f 435/435 567/567 534/534
f 759/759 767/767 891/891
f 696/696 710/710 731/731
f 710/710 671/671 734/734
f 731/731 759/759 773/773
f 646/646 696/696 654/654
f 567/567 548/548 699/699
f 780/780 830/830 866/866
f 731/731 734/734 759/759
f 734/734 649/649 726/726
f 675/675 699/699 548/548
f 764/764 834/834 767/767
f 675/675 548/548 584/584
f 757/757 772/772 729/729
f 729/729 661/661 676/676
f 631/631 592/592 577/577
f 633/633 647/647 631/631
f 610/610 587/587 617/617
f 587/587 610/610 653/653
f 588/588 607/607 593/593
f 607/607 592/592 630/630
f 731/731 773/773 780/780
f 726/726 767/767 734/734
f 699/699 764/764 726/726
f 764/764 886/886 834/834
f 891/891 970/970 830/830
f 731/731 780/780 696/696
f 730/730 652/652 791/791
f 757/757 730/730 791/791
f 736/736 699/699 675/675
f 794/794 886/886 764/764
f 866/866 830/830 970/970
f 773/773 830/830 780/780
f 800/800 696/696 780/780
f 947/947 859/859 955/955
f 970/970 891/891 967/967
f 1050/1050 913/913 970/970
f 866/866 970/970 913/913
f 1047/1047 955/955 1050/1050
f 866/866 955/955 859/859
f 866/866 800/800 780/780
f 791/791 859/859 845/845
f 859/859 947/947 845/845
f 866/866 859/859 800/800
f 717/717 800/800 859/859
f 534/534 562/562 470/470
f 364/364 380/380 386/386
f 727/727 675/675 578/578
f 906/906 881/881 924/924
f 881/881 794/794 798/798
f 578/578 591/591 713/713
f 727/727 778/778 798/798
f 591/591 595/595 658/658
f 675/675 798/798 794/794
f 952/952 906/906 976/976
f 658/658 778/778 713/713
f 681/681 718/718 762/762
f 870/870 928/928 860/860
f 936/936 884/884 912/912
f 1045/1045 924/924 936/936
f 964/964 860/860 928/928
f 982/982 936/936 912/912
f 928/928 1037/1037 964/964
f 669/669 686/686 744/744
f 718/718 744/744 804/804
f 964/964 1059/1059 982/982
f 936/936 881/881 832/832
f 567/567 726/726 649/649
f 633/633 549/549 654/654
f 592/592 631/631 630/630
f 652/652 647/647 677/677
f 677/677 654/654 696/696
f 587/587 653/653 596/596
f 661/661 653/653 610/610
f 961/961 872/872 885/885
f 952/952 911/911 886/886
f 906/906 952/952 886/886
f 778/778 658/658 766/766
f 794/794 764/764 736/736
f 906/906 924/924 1045/1045
f 936/936 983/983 1023/1023
f 983/983 982/982 1059/1059
f 798/798 778/778 832/832
f 717/717 652/652 677/677
f 652/652 730/730 639/639
f 639/639 624/624 626/626
f 730/730 676/676 639/639
f 617/617 639/639 676/676
f 823/823 778/778 766/766
f 762/762 823/823 766/766
f 912/912 884/884 860/860
f 884/884 823/823 829/829
f 617/617 676/676 661/661
f 617/617 661/661 610/610
f 626/626 624/624 612/612
f 624/624 617/617 612/612
f 647/647 626/626 630/630
f 631/631 647/647 630/630
f 1831/1831 1760/1760 1794/1794
f 1969/1969 1900/1900 1883/1883
f 1849/1849 1857/1857 1928/1928
f 1794/1794 1849/1849 1883/1883
f 1883/1883 1900/1900 1831/1831
f 1714/1714 1705/1705 1759/1759
f 1883/1883 1831/1831 1794/1794
f 1720/1720 1760/1760 1831/1831
f 1760/1760 1713/1713 1714/1714
f 860/860 762/762 804/804
f 762/762 829/829 823/823
f 783/783 744/744 686/686
f 658/658 681/681 762/762
f 658/658 762/762 766/766
f 386/386 435/435 534/534
f 470/470 386/386 534/534
f 629/629 514/514 583/583
f 1724/1724 1772/1772 1649/1649
f 1823/1823 1765/1765 1845/1845
f 1863/1863 1823/1823 1845/1845
f 1724/1724 1765/1765 1823/1823
f 1550/1550 1669/1669 1655/1655
f 1629/1629 1765/1765 1724/1724
f 1629/1629 1655/1655 1765/1765
f 1655/1655 1629/1629 1557/1557
f 1798/1798 1753/1753 1678/1678
f 1772/1772 1568/1568 1649/1649
f 1462/1462 1384/1384 1495/1495
f 1557/1557 1649/1649 1568/1568
f 1629/1629 1724/1724 1649/1649
f 1772/1772 1798/1798 1642/1642
f 1762/1762 1761/1761 1684/1684
f 1648/1648 1761/1761 1669/1669
f 1761/1761 1648/1648 1684/1684
f 1607/1607 1648/1648 1669/1669
f 1601/1601 1684/1684 1648/1648
f 1463/1463 1601/1601 1523/1523
f 1607/1607 1523/1523 1601/1601
f 1523/1523 1418/1418 1393/1393
f 1648/1648 1607/1607 1601/1601
f 1669/1669 1550/1550 1559/1559
f 1550/1550 1426/1426 1509/1509
f 1523/1523 1607/1607 1559/1559
f 1328/1328 1406/1406 1329/1329
f 1523/1523 1449/1449 1418/1418
f 1328/1328 1267/1267 1247/1247
f 1460/1460 1406/1406 1388/1388
f 1332/1332 1307/1307 1263/1263
f 1307/1307 1328/1328 1263/1263
f 1328/1328 1307/1307 1426/1426
f 1307/1307 1332/1332 1426/1426
f 1557/1557 1550/1550 1655/1655
f 1388/1388 1426/1426 1460/1460
f 1328/1328 1426/1426 1388/1388
f 1559/1559 1550/1550 1509/1509
f 1406/1406 1340/1340 1329/1329
f 1388/1388 1406/1406 1328/1328
f 1329/1329 1267/1267 1328/1328
f 1426/1426 1550/1550 1460/1460
f 1587/1587 1462/1462 1495/1495
f 1557/1557 1568/1568 1495/1495
f 1587/1587 1495/1495 1568/1568
f 1448/1448 1410/1410 1478/1478
f 1478/1478 1410/1410 1469/1469
f 1404/1404 1448/1448 1510/1510
f 211/211 228/228 208/208
f 211/211 208/208 191/191
f 1165/1165 1097/1097 1100/1100
f 1165/1165 1100/1100 1136/1136
