# Generated by scripts/dev/gen_omniarm_meshes.py -- do not hand-edit.
# Surfaces of revolution authored in this repository. Apache-2.0, (c) OmniLink.
# 1288 vertices, 1232 quads, 56 radial segments.
v 0.000000 0.000000 0.112000
v 0.000000 0.000000 0.112000
v 0.000000 0.000000 0.112000
v 0.000000 0.000000 0.112000
v 0.000000 0.000000 0.112000
v 0.000000 0.000000 0.112000
v 0.000000 0.000000 0.112000
v 0.000000 0.000000 0.112000
v 0.000000 0.000000 0.112000
v 0.000000 0.000000 0.112000
v 0.000000 0.000000 0.112000
v 0.000000 0.000000 0.112000
v 0.000000 0.000000 0.112000
v 0.000000 0.000000 0.112000
v 0.000000 0.000000 0.112000
v 0.000000 0.000000 0.112000
v 0.000000 0.000000 0.112000
v 0.000000 0.000000 0.112000
v 0.000000 0.000000 0.112000
v 0.000000 0.000000 0.112000
v 0.000000 0.000000 0.112000
v 0.000000 0.000000 0.112000
v 0.000000 0.000000 0.112000
v 0.000000 0.000000 0.112000
v 0.000000 0.000000 0.112000
v 0.000000 0.000000 0.112000
v 0.000000 0.000000 0.112000
v 0.000000 0.000000 0.112000
v 0.000000 0.000000 0.112000
v 0.000000 0.000000 0.112000
v 0.000000 0.000000 0.112000
v 0.000000 0.000000 0.112000
v 0.000000 0.000000 0.112000
v 0.000000 0.000000 0.112000
v 0.000000 0.000000 0.112000
v 0.000000 0.000000 0.112000
v 0.000000 0.000000 0.112000
v 0.000000 0.000000 0.112000
v 0.000000 0.000000 0.112000
v 0.000000 0.000000 0.112000
v 0.000000 0.000000 0.112000
v 0.000000 0.000000 0.112000
v 0.000000 0.000000 0.112000
v 0.000000 0.000000 0.112000
v 0.000000 0.000000 0.112000
v 0.000000 0.000000 0.112000
v 0.000000 0.000000 0.112000
v 0.000000 0.000000 0.112000
v 0.000000 0.000000 0.112000
v 0.000000 0.000000 0.112000
v 0.000000 0.000000 0.112000
v 0.000000 0.000000 0.112000
v 0.000000 0.000000 0.112000
v 0.000000 0.000000 0.112000
v 0.000000 0.000000 0.112000
v 0.000000 0.000000 0.112000
v 0.059000 0.000000 0.112000
v 0.058629 0.006606 0.112000
v 0.057521 0.013129 0.112000
v 0.055689 0.019486 0.112000
v 0.053157 0.025599 0.112000
v 0.049957 0.031390 0.112000
v 0.046128 0.036786 0.112000
v 0.041719 0.041719 0.112000
v 0.036786 0.046128 0.112000
v 0.031390 0.049957 0.112000
v 0.025599 0.053157 0.112000
v 0.019486 0.055689 0.112000
v 0.013129 0.057521 0.112000
v 0.006606 0.058629 0.112000
v 0.000000 0.059000 0.112000
v -0.006606 0.058629 0.112000
v -0.013129 0.057521 0.112000
v -0.019486 0.055689 0.112000
v -0.025599 0.053157 0.112000
v -0.031390 0.049957 0.112000
v -0.036786 0.046128 0.112000
v -0.041719 0.041719 0.112000
v -0.046128 0.036786 0.112000
v -0.049957 0.031390 0.112000
v -0.053157 0.025599 0.112000
v -0.055689 0.019486 0.112000
v -0.057521 0.013129 0.112000
v -0.058629 0.006606 0.112000
v -0.059000 0.000000 0.112000
v -0.058629 -0.006606 0.112000
v -0.057521 -0.013129 0.112000
v -0.055689 -0.019486 0.112000
v -0.053157 -0.025599 0.112000
v -0.049957 -0.031390 0.112000
v -0.046128 -0.036786 0.112000
v -0.041719 -0.041719 0.112000
v -0.036786 -0.046128 0.112000
v -0.031390 -0.049957 0.112000
v -0.025599 -0.053157 0.112000
v -0.019486 -0.055689 0.112000
v -0.013129 -0.057521 0.112000
v -0.006606 -0.058629 0.112000
v -0.000000 -0.059000 0.112000
v 0.006606 -0.058629 0.112000
v 0.013129 -0.057521 0.112000
v 0.019486 -0.055689 0.112000
v 0.025599 -0.053157 0.112000
v 0.031390 -0.049957 0.112000
v 0.036786 -0.046128 0.112000
v 0.041719 -0.041719 0.112000
v 0.046128 -0.036786 0.112000
v 0.049957 -0.031390 0.112000
v 0.053157 -0.025599 0.112000
v 0.055689 -0.019486 0.112000
v 0.057521 -0.013129 0.112000
v 0.058629 -0.006606 0.112000
v 0.059585 0.000000 0.112058
v 0.059211 0.006671 0.112058
v 0.058091 0.013259 0.112058
v 0.056242 0.019680 0.112058
v 0.053684 0.025853 0.112058
v 0.050452 0.031701 0.112058
v 0.046586 0.037151 0.112058
v 0.042133 0.042133 0.112058
v 0.037151 0.046586 0.112058
v 0.031701 0.050452 0.112058
v 0.025853 0.053684 0.112058
v 0.019680 0.056242 0.112058
v 0.013259 0.058091 0.112058
v 0.006671 0.059211 0.112058
v 0.000000 0.059585 0.112058
v -0.006671 0.059211 0.112058
v -0.013259 0.058091 0.112058
v -0.019680 0.056242 0.112058
v -0.025853 0.053684 0.112058
v -0.031701 0.050452 0.112058
v -0.037151 0.046586 0.112058
v -0.042133 0.042133 0.112058
v -0.046586 0.037151 0.112058
v -0.050452 0.031701 0.112058
v -0.053684 0.025853 0.112058
v -0.056242 0.019680 0.112058
v -0.058091 0.013259 0.112058
v -0.059211 0.006671 0.112058
v -0.059585 0.000000 0.112058
v -0.059211 -0.006671 0.112058
v -0.058091 -0.013259 0.112058
v -0.056242 -0.019680 0.112058
v -0.053684 -0.025853 0.112058
v -0.050452 -0.031701 0.112058
v -0.046586 -0.037151 0.112058
v -0.042133 -0.042133 0.112058
v -0.037151 -0.046586 0.112058
v -0.031701 -0.050452 0.112058
v -0.025853 -0.053684 0.112058
v -0.019680 -0.056242 0.112058
v -0.013259 -0.058091 0.112058
v -0.006671 -0.059211 0.112058
v -0.000000 -0.059585 0.112058
v 0.006671 -0.059211 0.112058
v 0.013259 -0.058091 0.112058
v 0.019680 -0.056242 0.112058
v 0.025853 -0.053684 0.112058
v 0.031701 -0.050452 0.112058
v 0.037151 -0.046586 0.112058
v 0.042133 -0.042133 0.112058
v 0.046586 -0.037151 0.112058
v 0.050452 -0.031701 0.112058
v 0.053684 -0.025853 0.112058
v 0.056242 -0.019680 0.112058
v 0.058091 -0.013259 0.112058
v 0.059211 -0.006671 0.112058
v 0.060148 0.000000 0.112228
v 0.059770 0.006734 0.112228
v 0.058640 0.013384 0.112228
v 0.056773 0.019866 0.112228
v 0.054192 0.026097 0.112228
v 0.050929 0.032001 0.112228
v 0.047026 0.037502 0.112228
v 0.042531 0.042531 0.112228
v 0.037502 0.047026 0.112228
v 0.032001 0.050929 0.112228
v 0.026097 0.054192 0.112228
v 0.019866 0.056773 0.112228
v 0.013384 0.058640 0.112228
v 0.006734 0.059770 0.112228
v 0.000000 0.060148 0.112228
v -0.006734 0.059770 0.112228
v -0.013384 0.058640 0.112228
v -0.019866 0.056773 0.112228
v -0.026097 0.054192 0.112228
v -0.032001 0.050929 0.112228
v -0.037502 0.047026 0.112228
v -0.042531 0.042531 0.112228
v -0.047026 0.037502 0.112228
v -0.050929 0.032001 0.112228
v -0.054192 0.026097 0.112228
v -0.056773 0.019866 0.112228
v -0.058640 0.013384 0.112228
v -0.059770 0.006734 0.112228
v -0.060148 0.000000 0.112228
v -0.059770 -0.006734 0.112228
v -0.058640 -0.013384 0.112228
v -0.056773 -0.019866 0.112228
v -0.054192 -0.026097 0.112228
v -0.050929 -0.032001 0.112228
v -0.047026 -0.037502 0.112228
v -0.042531 -0.042531 0.112228
v -0.037502 -0.047026 0.112228
v -0.032001 -0.050929 0.112228
v -0.026097 -0.054192 0.112228
v -0.019866 -0.056773 0.112228
v -0.013384 -0.058640 0.112228
v -0.006734 -0.059770 0.112228
v -0.000000 -0.060148 0.112228
v 0.006734 -0.059770 0.112228
v 0.013384 -0.058640 0.112228
v 0.019866 -0.056773 0.112228
v 0.026097 -0.054192 0.112228
v 0.032001 -0.050929 0.112228
v 0.037502 -0.047026 0.112228
v 0.042531 -0.042531 0.112228
v 0.047026 -0.037502 0.112228
v 0.050929 -0.032001 0.112228
v 0.054192 -0.026097 0.112228
v 0.056773 -0.019866 0.112228
v 0.058640 -0.013384 0.112228
v 0.059770 -0.006734 0.112228
v 0.060667 0.000000 0.112506
v 0.060285 0.006793 0.112506
v 0.059146 0.013500 0.112506
v 0.057262 0.020037 0.112506
v 0.054659 0.026322 0.112506
v 0.051368 0.032277 0.112506
v 0.047431 0.037825 0.112506
v 0.042898 0.042898 0.112506
v 0.037825 0.047431 0.112506
v 0.032277 0.051368 0.112506
v 0.026322 0.054659 0.112506
v 0.020037 0.057262 0.112506
v 0.013500 0.059146 0.112506
v 0.006793 0.060285 0.112506
v 0.000000 0.060667 0.112506
v -0.006793 0.060285 0.112506
v -0.013500 0.059146 0.112506
v -0.020037 0.057262 0.112506
v -0.026322 0.054659 0.112506
v -0.032277 0.051368 0.112506
v -0.037825 0.047431 0.112506
v -0.042898 0.042898 0.112506
v -0.047431 0.037825 0.112506
v -0.051368 0.032277 0.112506
v -0.054659 0.026322 0.112506
v -0.057262 0.020037 0.112506
v -0.059146 0.013500 0.112506
v -0.060285 0.006793 0.112506
v -0.060667 0.000000 0.112506
v -0.060285 -0.006793 0.112506
v -0.059146 -0.013500 0.112506
v -0.057262 -0.020037 0.112506
v -0.054659 -0.026322 0.112506
v -0.051368 -0.032277 0.112506
v -0.047431 -0.037825 0.112506
v -0.042898 -0.042898 0.112506
v -0.037825 -0.047431 0.112506
v -0.032277 -0.051368 0.112506
v -0.026322 -0.054659 0.112506
v -0.020037 -0.057262 0.112506
v -0.013500 -0.059146 0.112506
v -0.006793 -0.060285 0.112506
v -0.000000 -0.060667 0.112506
v 0.006793 -0.060285 0.112506
v 0.013500 -0.059146 0.112506
v 0.020037 -0.057262 0.112506
v 0.026322 -0.054659 0.112506
v 0.032277 -0.051368 0.112506
v 0.037825 -0.047431 0.112506
v 0.042898 -0.042898 0.112506
v 0.047431 -0.037825 0.112506
v 0.051368 -0.032277 0.112506
v 0.054659 -0.026322 0.112506
v 0.057262 -0.020037 0.112506
v 0.059146 -0.013500 0.112506
v 0.060285 -0.006793 0.112506
v 0.061121 0.000000 0.112879
v 0.060737 0.006843 0.112879
v 0.059589 0.013601 0.112879
v 0.057691 0.020187 0.112879
v 0.055068 0.026520 0.112879
v 0.051753 0.032519 0.112879
v 0.047787 0.038109 0.112879
v 0.043219 0.043219 0.112879
v 0.038109 0.047787 0.112879
v 0.032519 0.051753 0.112879
v 0.026520 0.055068 0.112879
v 0.020187 0.057691 0.112879
v 0.013601 0.059589 0.112879
v 0.006843 0.060737 0.112879
v 0.000000 0.061121 0.112879
v -0.006843 0.060737 0.112879
v -0.013601 0.059589 0.112879
v -0.020187 0.057691 0.112879
v -0.026520 0.055068 0.112879
v -0.032519 0.051753 0.112879
v -0.038109 0.047787 0.112879
v -0.043219 0.043219 0.112879
v -0.047787 0.038109 0.112879
v -0.051753 0.032519 0.112879
v -0.055068 0.026520 0.112879
v -0.057691 0.020187 0.112879
v -0.059589 0.013601 0.112879
v -0.060737 0.006843 0.112879
v -0.061121 0.000000 0.112879
v -0.060737 -0.006843 0.112879
v -0.059589 -0.013601 0.112879
v -0.057691 -0.020187 0.112879
v -0.055068 -0.026520 0.112879
v -0.051753 -0.032519 0.112879
v -0.047787 -0.038109 0.112879
v -0.043219 -0.043219 0.112879
v -0.038109 -0.047787 0.112879
v -0.032519 -0.051753 0.112879
v -0.026520 -0.055068 0.112879
v -0.020187 -0.057691 0.112879
v -0.013601 -0.059589 0.112879
v -0.006843 -0.060737 0.112879
v -0.000000 -0.061121 0.112879
v 0.006843 -0.060737 0.112879
v 0.013601 -0.059589 0.112879
v 0.020187 -0.057691 0.112879
v 0.026520 -0.055068 0.112879
v 0.032519 -0.051753 0.112879
v 0.038109 -0.047787 0.112879
v 0.043219 -0.043219 0.112879
v 0.047787 -0.038109 0.112879
v 0.051753 -0.032519 0.112879
v 0.055068 -0.026520 0.112879
v 0.057691 -0.020187 0.112879
v 0.059589 -0.013601 0.112879
v 0.060737 -0.006843 0.112879
v 0.061494 0.000000 0.113333
v 0.061108 0.006885 0.113333
v 0.059953 0.013684 0.113333
v 0.058044 0.020310 0.113333
v 0.055405 0.026681 0.113333
v 0.052069 0.032717 0.113333
v 0.048078 0.038341 0.113333
v 0.043483 0.043483 0.113333
v 0.038341 0.048078 0.113333
v 0.032717 0.052069 0.113333
v 0.026681 0.055405 0.113333
v 0.020310 0.058044 0.113333
v 0.013684 0.059953 0.113333
v 0.006885 0.061108 0.113333
v 0.000000 0.061494 0.113333
v -0.006885 0.061108 0.113333
v -0.013684 0.059953 0.113333
v -0.020310 0.058044 0.113333
v -0.026681 0.055405 0.113333
v -0.032717 0.052069 0.113333
v -0.038341 0.048078 0.113333
v -0.043483 0.043483 0.113333
v -0.048078 0.038341 0.113333
v -0.052069 0.032717 0.113333
v -0.055405 0.026681 0.113333
v -0.058044 0.020310 0.113333
v -0.059953 0.013684 0.113333
v -0.061108 0.006885 0.113333
v -0.061494 0.000000 0.113333
v -0.061108 -0.006885 0.113333
v -0.059953 -0.013684 0.113333
v -0.058044 -0.020310 0.113333
v -0.055405 -0.026681 0.113333
v -0.052069 -0.032717 0.113333
v -0.048078 -0.038341 0.113333
v -0.043483 -0.043483 0.113333
v -0.038341 -0.048078 0.113333
v -0.032717 -0.052069 0.113333
v -0.026681 -0.055405 0.113333
v -0.020310 -0.058044 0.113333
v -0.013684 -0.059953 0.113333
v -0.006885 -0.061108 0.113333
v -0.000000 -0.061494 0.113333
v 0.006885 -0.061108 0.113333
v 0.013684 -0.059953 0.113333
v 0.020310 -0.058044 0.113333
v 0.026681 -0.055405 0.113333
v 0.032717 -0.052069 0.113333
v 0.038341 -0.048078 0.113333
v 0.043483 -0.043483 0.113333
v 0.048078 -0.038341 0.113333
v 0.052069 -0.032717 0.113333
v 0.055405 -0.026681 0.113333
v 0.058044 -0.020310 0.113333
v 0.059953 -0.013684 0.113333
v 0.061108 -0.006885 0.113333
v 0.061772 0.000000 0.113852
v 0.061383 0.006916 0.113852
v 0.060223 0.013745 0.113852
v 0.058305 0.020402 0.113852
v 0.055654 0.026802 0.113852
v 0.052304 0.032864 0.113852
v 0.048295 0.038514 0.113852
v 0.043679 0.043679 0.113852
v 0.038514 0.048295 0.113852
v 0.032864 0.052304 0.113852
v 0.026802 0.055654 0.113852
v 0.020402 0.058305 0.113852
v 0.013745 0.060223 0.113852
v 0.006916 0.061383 0.113852
v 0.000000 0.061772 0.113852
v -0.006916 0.061383 0.113852
v -0.013745 0.060223 0.113852
v -0.020402 0.058305 0.113852
v -0.026802 0.055654 0.113852
v -0.032864 0.052304 0.113852
v -0.038514 0.048295 0.113852
v -0.043679 0.043679 0.113852
v -0.048295 0.038514 0.113852
v -0.052304 0.032864 0.113852
v -0.055654 0.026802 0.113852
v -0.058305 0.020402 0.113852
v -0.060223 0.013745 0.113852
v -0.061383 0.006916 0.113852
v -0.061772 0.000000 0.113852
v -0.061383 -0.006916 0.113852
v -0.060223 -0.013745 0.113852
v -0.058305 -0.020402 0.113852
v -0.055654 -0.026802 0.113852
v -0.052304 -0.032864 0.113852
v -0.048295 -0.038514 0.113852
v -0.043679 -0.043679 0.113852
v -0.038514 -0.048295 0.113852
v -0.032864 -0.052304 0.113852
v -0.026802 -0.055654 0.113852
v -0.020402 -0.058305 0.113852
v -0.013745 -0.060223 0.113852
v -0.006916 -0.061383 0.113852
v -0.000000 -0.061772 0.113852
v 0.006916 -0.061383 0.113852
v 0.013745 -0.060223 0.113852
v 0.020402 -0.058305 0.113852
v 0.026802 -0.055654 0.113852
v 0.032864 -0.052304 0.113852
v 0.038514 -0.048295 0.113852
v 0.043679 -0.043679 0.113852
v 0.048295 -0.038514 0.113852
v 0.052304 -0.032864 0.113852
v 0.055654 -0.026802 0.113852
v 0.058305 -0.020402 0.113852
v 0.060223 -0.013745 0.113852
v 0.061383 -0.006916 0.113852
v 0.061942 0.000000 0.114415
v 0.061553 0.006935 0.114415
v 0.060389 0.013783 0.114415
v 0.058466 0.020458 0.114415
v 0.055808 0.026876 0.114415
v 0.052448 0.032955 0.114415
v 0.048428 0.038620 0.114415
v 0.043800 0.043800 0.114415
v 0.038620 0.048428 0.114415
v 0.032955 0.052448 0.114415
v 0.026876 0.055808 0.114415
v 0.020458 0.058466 0.114415
v 0.013783 0.060389 0.114415
v 0.006935 0.061553 0.114415
v 0.000000 0.061942 0.114415
v -0.006935 0.061553 0.114415
v -0.013783 0.060389 0.114415
v -0.020458 0.058466 0.114415
v -0.026876 0.055808 0.114415
v -0.032955 0.052448 0.114415
v -0.038620 0.048428 0.114415
v -0.043800 0.043800 0.114415
v -0.048428 0.038620 0.114415
v -0.052448 0.032955 0.114415
v -0.055808 0.026876 0.114415
v -0.058466 0.020458 0.114415
v -0.060389 0.013783 0.114415
v -0.061553 0.006935 0.114415
v -0.061942 0.000000 0.114415
v -0.061553 -0.006935 0.114415
v -0.060389 -0.013783 0.114415
v -0.058466 -0.020458 0.114415
v -0.055808 -0.026876 0.114415
v -0.052448 -0.032955 0.114415
v -0.048428 -0.038620 0.114415
v -0.043800 -0.043800 0.114415
v -0.038620 -0.048428 0.114415
v -0.032955 -0.052448 0.114415
v -0.026876 -0.055808 0.114415
v -0.020458 -0.058466 0.114415
v -0.013783 -0.060389 0.114415
v -0.006935 -0.061553 0.114415
v -0.000000 -0.061942 0.114415
v 0.006935 -0.061553 0.114415
v 0.013783 -0.060389 0.114415
v 0.020458 -0.058466 0.114415
v 0.026876 -0.055808 0.114415
v 0.032955 -0.052448 0.114415
v 0.038620 -0.048428 0.114415
v 0.043800 -0.043800 0.114415
v 0.048428 -0.038620 0.114415
v 0.052448 -0.032955 0.114415
v 0.055808 -0.026876 0.114415
v 0.058466 -0.020458 0.114415
v 0.060389 -0.013783 0.114415
v 0.061553 -0.006935 0.114415
v 0.062000 0.000000 0.115000
v 0.061610 0.006942 0.115000
v 0.060446 0.013796 0.115000
v 0.058521 0.020477 0.115000
v 0.055860 0.026901 0.115000
v 0.052497 0.032986 0.115000
v 0.048474 0.038656 0.115000
v 0.043841 0.043841 0.115000
v 0.038656 0.048474 0.115000
v 0.032986 0.052497 0.115000
v 0.026901 0.055860 0.115000
v 0.020477 0.058521 0.115000
v 0.013796 0.060446 0.115000
v 0.006942 0.061610 0.115000
v 0.000000 0.062000 0.115000
v -0.006942 0.061610 0.115000
v -0.013796 0.060446 0.115000
v -0.020477 0.058521 0.115000
v -0.026901 0.055860 0.115000
v -0.032986 0.052497 0.115000
v -0.038656 0.048474 0.115000
v -0.043841 0.043841 0.115000
v -0.048474 0.038656 0.115000
v -0.052497 0.032986 0.115000
v -0.055860 0.026901 0.115000
v -0.058521 0.020477 0.115000
v -0.060446 0.013796 0.115000
v -0.061610 0.006942 0.115000
v -0.062000 0.000000 0.115000
v -0.061610 -0.006942 0.115000
v -0.060446 -0.013796 0.115000
v -0.058521 -0.020477 0.115000
v -0.055860 -0.026901 0.115000
v -0.052497 -0.032986 0.115000
v -0.048474 -0.038656 0.115000
v -0.043841 -0.043841 0.115000
v -0.038656 -0.048474 0.115000
v -0.032986 -0.052497 0.115000
v -0.026901 -0.055860 0.115000
v -0.020477 -0.058521 0.115000
v -0.013796 -0.060446 0.115000
v -0.006942 -0.061610 0.115000
v -0.000000 -0.062000 0.115000
v 0.006942 -0.061610 0.115000
v 0.013796 -0.060446 0.115000
v 0.020477 -0.058521 0.115000
v 0.026901 -0.055860 0.115000
v 0.032986 -0.052497 0.115000
v 0.038656 -0.048474 0.115000
v 0.043841 -0.043841 0.115000
v 0.048474 -0.038656 0.115000
v 0.052497 -0.032986 0.115000
v 0.055860 -0.026901 0.115000
v 0.058521 -0.020477 0.115000
v 0.060446 -0.013796 0.115000
v 0.061610 -0.006942 0.115000
v 0.062000 0.000000 0.121000
v 0.061610 0.006942 0.121000
v 0.060446 0.013796 0.121000
v 0.058521 0.020477 0.121000
v 0.055860 0.026901 0.121000
v 0.052497 0.032986 0.121000
v 0.048474 0.038656 0.121000
v 0.043841 0.043841 0.121000
v 0.038656 0.048474 0.121000
v 0.032986 0.052497 0.121000
v 0.026901 0.055860 0.121000
v 0.020477 0.058521 0.121000
v 0.013796 0.060446 0.121000
v 0.006942 0.061610 0.121000
v 0.000000 0.062000 0.121000
v -0.006942 0.061610 0.121000
v -0.013796 0.060446 0.121000
v -0.020477 0.058521 0.121000
v -0.026901 0.055860 0.121000
v -0.032986 0.052497 0.121000
v -0.038656 0.048474 0.121000
v -0.043841 0.043841 0.121000
v -0.048474 0.038656 0.121000
v -0.052497 0.032986 0.121000
v -0.055860 0.026901 0.121000
v -0.058521 0.020477 0.121000
v -0.060446 0.013796 0.121000
v -0.061610 0.006942 0.121000
v -0.062000 0.000000 0.121000
v -0.061610 -0.006942 0.121000
v -0.060446 -0.013796 0.121000
v -0.058521 -0.020477 0.121000
v -0.055860 -0.026901 0.121000
v -0.052497 -0.032986 0.121000
v -0.048474 -0.038656 0.121000
v -0.043841 -0.043841 0.121000
v -0.038656 -0.048474 0.121000
v -0.032986 -0.052497 0.121000
v -0.026901 -0.055860 0.121000
v -0.020477 -0.058521 0.121000
v -0.013796 -0.060446 0.121000
v -0.006942 -0.061610 0.121000
v -0.000000 -0.062000 0.121000
v 0.006942 -0.061610 0.121000
v 0.013796 -0.060446 0.121000
v 0.020477 -0.058521 0.121000
v 0.026901 -0.055860 0.121000
v 0.032986 -0.052497 0.121000
v 0.038656 -0.048474 0.121000
v 0.043841 -0.043841 0.121000
v 0.048474 -0.038656 0.121000
v 0.052497 -0.032986 0.121000
v 0.055860 -0.026901 0.121000
v 0.058521 -0.020477 0.121000
v 0.060446 -0.013796 0.121000
v 0.061610 -0.006942 0.121000
v 0.061942 0.000000 0.121585
v 0.061553 0.006935 0.121585
v 0.060389 0.013783 0.121585
v 0.058466 0.020458 0.121585
v 0.055808 0.026876 0.121585
v 0.052448 0.032955 0.121585
v 0.048428 0.038620 0.121585
v 0.043800 0.043800 0.121585
v 0.038620 0.048428 0.121585
v 0.032955 0.052448 0.121585
v 0.026876 0.055808 0.121585
v 0.020458 0.058466 0.121585
v 0.013783 0.060389 0.121585
v 0.006935 0.061553 0.121585
v 0.000000 0.061942 0.121585
v -0.006935 0.061553 0.121585
v -0.013783 0.060389 0.121585
v -0.020458 0.058466 0.121585
v -0.026876 0.055808 0.121585
v -0.032955 0.052448 0.121585
v -0.038620 0.048428 0.121585
v -0.043800 0.043800 0.121585
v -0.048428 0.038620 0.121585
v -0.052448 0.032955 0.121585
v -0.055808 0.026876 0.121585
v -0.058466 0.020458 0.121585
v -0.060389 0.013783 0.121585
v -0.061553 0.006935 0.121585
v -0.061942 0.000000 0.121585
v -0.061553 -0.006935 0.121585
v -0.060389 -0.013783 0.121585
v -0.058466 -0.020458 0.121585
v -0.055808 -0.026876 0.121585
v -0.052448 -0.032955 0.121585
v -0.048428 -0.038620 0.121585
v -0.043800 -0.043800 0.121585
v -0.038620 -0.048428 0.121585
v -0.032955 -0.052448 0.121585
v -0.026876 -0.055808 0.121585
v -0.020458 -0.058466 0.121585
v -0.013783 -0.060389 0.121585
v -0.006935 -0.061553 0.121585
v -0.000000 -0.061942 0.121585
v 0.006935 -0.061553 0.121585
v 0.013783 -0.060389 0.121585
v 0.020458 -0.058466 0.121585
v 0.026876 -0.055808 0.121585
v 0.032955 -0.052448 0.121585
v 0.038620 -0.048428 0.121585
v 0.043800 -0.043800 0.121585
v 0.048428 -0.038620 0.121585
v 0.052448 -0.032955 0.121585
v 0.055808 -0.026876 0.121585
v 0.058466 -0.020458 0.121585
v 0.060389 -0.013783 0.121585
v 0.061553 -0.006935 0.121585
v 0.061772 0.000000 0.122148
v 0.061383 0.006916 0.122148
v 0.060223 0.013745 0.122148
v 0.058305 0.020402 0.122148
v 0.055654 0.026802 0.122148
v 0.052304 0.032864 0.122148
v 0.048295 0.038514 0.122148
v 0.043679 0.043679 0.122148
v 0.038514 0.048295 0.122148
v 0.032864 0.052304 0.122148
v 0.026802 0.055654 0.122148
v 0.020402 0.058305 0.122148
v 0.013745 0.060223 0.122148
v 0.006916 0.061383 0.122148
v 0.000000 0.061772 0.122148
v -0.006916 0.061383 0.122148
v -0.013745 0.060223 0.122148
v -0.020402 0.058305 0.122148
v -0.026802 0.055654 0.122148
v -0.032864 0.052304 0.122148
v -0.038514 0.048295 0.122148
v -0.043679 0.043679 0.122148
v -0.048295 0.038514 0.122148
v -0.052304 0.032864 0.122148
v -0.055654 0.026802 0.122148
v -0.058305 0.020402 0.122148
v -0.060223 0.013745 0.122148
v -0.061383 0.006916 0.122148
v -0.061772 0.000000 0.122148
v -0.061383 -0.006916 0.122148
v -0.060223 -0.013745 0.122148
v -0.058305 -0.020402 0.122148
v -0.055654 -0.026802 0.122148
v -0.052304 -0.032864 0.122148
v -0.048295 -0.038514 0.122148
v -0.043679 -0.043679 0.122148
v -0.038514 -0.048295 0.122148
v -0.032864 -0.052304 0.122148
v -0.026802 -0.055654 0.122148
v -0.020402 -0.058305 0.122148
v -0.013745 -0.060223 0.122148
v -0.006916 -0.061383 0.122148
v -0.000000 -0.061772 0.122148
v 0.006916 -0.061383 0.122148
v 0.013745 -0.060223 0.122148
v 0.020402 -0.058305 0.122148
v 0.026802 -0.055654 0.122148
v 0.032864 -0.052304 0.122148
v 0.038514 -0.048295 0.122148
v 0.043679 -0.043679 0.122148
v 0.048295 -0.038514 0.122148
v 0.052304 -0.032864 0.122148
v 0.055654 -0.026802 0.122148
v 0.058305 -0.020402 0.122148
v 0.060223 -0.013745 0.122148
v 0.061383 -0.006916 0.122148
v 0.061494 0.000000 0.122667
v 0.061108 0.006885 0.122667
v 0.059953 0.013684 0.122667
v 0.058044 0.020310 0.122667
v 0.055405 0.026681 0.122667
v 0.052069 0.032717 0.122667
v 0.048078 0.038341 0.122667
v 0.043483 0.043483 0.122667
v 0.038341 0.048078 0.122667
v 0.032717 0.052069 0.122667
v 0.026681 0.055405 0.122667
v 0.020310 0.058044 0.122667
v 0.013684 0.059953 0.122667
v 0.006885 0.061108 0.122667
v 0.000000 0.061494 0.122667
v -0.006885 0.061108 0.122667
v -0.013684 0.059953 0.122667
v -0.020310 0.058044 0.122667
v -0.026681 0.055405 0.122667
v -0.032717 0.052069 0.122667
v -0.038341 0.048078 0.122667
v -0.043483 0.043483 0.122667
v -0.048078 0.038341 0.122667
v -0.052069 0.032717 0.122667
v -0.055405 0.026681 0.122667
v -0.058044 0.020310 0.122667
v -0.059953 0.013684 0.122667
v -0.061108 0.006885 0.122667
v -0.061494 0.000000 0.122667
v -0.061108 -0.006885 0.122667
v -0.059953 -0.013684 0.122667
v -0.058044 -0.020310 0.122667
v -0.055405 -0.026681 0.122667
v -0.052069 -0.032717 0.122667
v -0.048078 -0.038341 0.122667
v -0.043483 -0.043483 0.122667
v -0.038341 -0.048078 0.122667
v -0.032717 -0.052069 0.122667
v -0.026681 -0.055405 0.122667
v -0.020310 -0.058044 0.122667
v -0.013684 -0.059953 0.122667
v -0.006885 -0.061108 0.122667
v -0.000000 -0.061494 0.122667
v 0.006885 -0.061108 0.122667
v 0.013684 -0.059953 0.122667
v 0.020310 -0.058044 0.122667
v 0.026681 -0.055405 0.122667
v 0.032717 -0.052069 0.122667
v 0.038341 -0.048078 0.122667
v 0.043483 -0.043483 0.122667
v 0.048078 -0.038341 0.122667
v 0.052069 -0.032717 0.122667
v 0.055405 -0.026681 0.122667
v 0.058044 -0.020310 0.122667
v 0.059953 -0.013684 0.122667
v 0.061108 -0.006885 0.122667
v 0.061121 0.000000 0.123121
v 0.060737 0.006843 0.123121
v 0.059589 0.013601 0.123121
v 0.057691 0.020187 0.123121
v 0.055068 0.026520 0.123121
v 0.051753 0.032519 0.123121
v 0.047787 0.038109 0.123121
v 0.043219 0.043219 0.123121
v 0.038109 0.047787 0.123121
v 0.032519 0.051753 0.123121
v 0.026520 0.055068 0.123121
v 0.020187 0.057691 0.123121
v 0.013601 0.059589 0.123121
v 0.006843 0.060737 0.123121
v 0.000000 0.061121 0.123121
v -0.006843 0.060737 0.123121
v -0.013601 0.059589 0.123121
v -0.020187 0.057691 0.123121
v -0.026520 0.055068 0.123121
v -0.032519 0.051753 0.123121
v -0.038109 0.047787 0.123121
v -0.043219 0.043219 0.123121
v -0.047787 0.038109 0.123121
v -0.051753 0.032519 0.123121
v -0.055068 0.026520 0.123121
v -0.057691 0.020187 0.123121
v -0.059589 0.013601 0.123121
v -0.060737 0.006843 0.123121
v -0.061121 0.000000 0.123121
v -0.060737 -0.006843 0.123121
v -0.059589 -0.013601 0.123121
v -0.057691 -0.020187 0.123121
v -0.055068 -0.026520 0.123121
v -0.051753 -0.032519 0.123121
v -0.047787 -0.038109 0.123121
v -0.043219 -0.043219 0.123121
v -0.038109 -0.047787 0.123121
v -0.032519 -0.051753 0.123121
v -0.026520 -0.055068 0.123121
v -0.020187 -0.057691 0.123121
v -0.013601 -0.059589 0.123121
v -0.006843 -0.060737 0.123121
v -0.000000 -0.061121 0.123121
v 0.006843 -0.060737 0.123121
v 0.013601 -0.059589 0.123121
v 0.020187 -0.057691 0.123121
v 0.026520 -0.055068 0.123121
v 0.032519 -0.051753 0.123121
v 0.038109 -0.047787 0.123121
v 0.043219 -0.043219 0.123121
v 0.047787 -0.038109 0.123121
v 0.051753 -0.032519 0.123121
v 0.055068 -0.026520 0.123121
v 0.057691 -0.020187 0.123121
v 0.059589 -0.013601 0.123121
v 0.060737 -0.006843 0.123121
v 0.060667 0.000000 0.123494
v 0.060285 0.006793 0.123494
v 0.059146 0.013500 0.123494
v 0.057262 0.020037 0.123494
v 0.054659 0.026322 0.123494
v 0.051368 0.032277 0.123494
v 0.047431 0.037825 0.123494
v 0.042898 0.042898 0.123494
v 0.037825 0.047431 0.123494
v 0.032277 0.051368 0.123494
v 0.026322 0.054659 0.123494
v 0.020037 0.057262 0.123494
v 0.013500 0.059146 0.123494
v 0.006793 0.060285 0.123494
v 0.000000 0.060667 0.123494
v -0.006793 0.060285 0.123494
v -0.013500 0.059146 0.123494
v -0.020037 0.057262 0.123494
v -0.026322 0.054659 0.123494
v -0.032277 0.051368 0.123494
v -0.037825 0.047431 0.123494
v -0.042898 0.042898 0.123494
v -0.047431 0.037825 0.123494
v -0.051368 0.032277 0.123494
v -0.054659 0.026322 0.123494
v -0.057262 0.020037 0.123494
v -0.059146 0.013500 0.123494
v -0.060285 0.006793 0.123494
v -0.060667 0.000000 0.123494
v -0.060285 -0.006793 0.123494
v -0.059146 -0.013500 0.123494
v -0.057262 -0.020037 0.123494
v -0.054659 -0.026322 0.123494
v -0.051368 -0.032277 0.123494
v -0.047431 -0.037825 0.123494
v -0.042898 -0.042898 0.123494
v -0.037825 -0.047431 0.123494
v -0.032277 -0.051368 0.123494
v -0.026322 -0.054659 0.123494
v -0.020037 -0.057262 0.123494
v -0.013500 -0.059146 0.123494
v -0.006793 -0.060285 0.123494
v -0.000000 -0.060667 0.123494
v 0.006793 -0.060285 0.123494
v 0.013500 -0.059146 0.123494
v 0.020037 -0.057262 0.123494
v 0.026322 -0.054659 0.123494
v 0.032277 -0.051368 0.123494
v 0.037825 -0.047431 0.123494
v 0.042898 -0.042898 0.123494
v 0.047431 -0.037825 0.123494
v 0.051368 -0.032277 0.123494
v 0.054659 -0.026322 0.123494
v 0.057262 -0.020037 0.123494
v 0.059146 -0.013500 0.123494
v 0.060285 -0.006793 0.123494
v 0.060148 0.000000 0.123772
v 0.059770 0.006734 0.123772
v 0.058640 0.013384 0.123772
v 0.056773 0.019866 0.123772
v 0.054192 0.026097 0.123772
v 0.050929 0.032001 0.123772
v 0.047026 0.037502 0.123772
v 0.042531 0.042531 0.123772
v 0.037502 0.047026 0.123772
v 0.032001 0.050929 0.123772
v 0.026097 0.054192 0.123772
v 0.019866 0.056773 0.123772
v 0.013384 0.058640 0.123772
v 0.006734 0.059770 0.123772
v 0.000000 0.060148 0.123772
v -0.006734 0.059770 0.123772
v -0.013384 0.058640 0.123772
v -0.019866 0.056773 0.123772
v -0.026097 0.054192 0.123772
v -0.032001 0.050929 0.123772
v -0.037502 0.047026 0.123772
v -0.042531 0.042531 0.123772
v -0.047026 0.037502 0.123772
v -0.050929 0.032001 0.123772
v -0.054192 0.026097 0.123772
v -0.056773 0.019866 0.123772
v -0.058640 0.013384 0.123772
v -0.059770 0.006734 0.123772
v -0.060148 0.000000 0.123772
v -0.059770 -0.006734 0.123772
v -0.058640 -0.013384 0.123772
v -0.056773 -0.019866 0.123772
v -0.054192 -0.026097 0.123772
v -0.050929 -0.032001 0.123772
v -0.047026 -0.037502 0.123772
v -0.042531 -0.042531 0.123772
v -0.037502 -0.047026 0.123772
v -0.032001 -0.050929 0.123772
v -0.026097 -0.054192 0.123772
v -0.019866 -0.056773 0.123772
v -0.013384 -0.058640 0.123772
v -0.006734 -0.059770 0.123772
v -0.000000 -0.060148 0.123772
v 0.006734 -0.059770 0.123772
v 0.013384 -0.058640 0.123772
v 0.019866 -0.056773 0.123772
v 0.026097 -0.054192 0.123772
v 0.032001 -0.050929 0.123772
v 0.037502 -0.047026 0.123772
v 0.042531 -0.042531 0.123772
v 0.047026 -0.037502 0.123772
v 0.050929 -0.032001 0.123772
v 0.054192 -0.026097 0.123772
v 0.056773 -0.019866 0.123772
v 0.058640 -0.013384 0.123772
v 0.059770 -0.006734 0.123772
v 0.059585 0.000000 0.123942
v 0.059211 0.006671 0.123942
v 0.058091 0.013259 0.123942
v 0.056242 0.019680 0.123942
v 0.053684 0.025853 0.123942
v 0.050452 0.031701 0.123942
v 0.046586 0.037151 0.123942
v 0.042133 0.042133 0.123942
v 0.037151 0.046586 0.123942
v 0.031701 0.050452 0.123942
v 0.025853 0.053684 0.123942
v 0.019680 0.056242 0.123942
v 0.013259 0.058091 0.123942
v 0.006671 0.059211 0.123942
v 0.000000 0.059585 0.123942
v -0.006671 0.059211 0.123942
v -0.013259 0.058091 0.123942
v -0.019680 0.056242 0.123942
v -0.025853 0.053684 0.123942
v -0.031701 0.050452 0.123942
v -0.037151 0.046586 0.123942
v -0.042133 0.042133 0.123942
v -0.046586 0.037151 0.123942
v -0.050452 0.031701 0.123942
v -0.053684 0.025853 0.123942
v -0.056242 0.019680 0.123942
v -0.058091 0.013259 0.123942
v -0.059211 0.006671 0.123942
v -0.059585 0.000000 0.123942
v -0.059211 -0.006671 0.123942
v -0.058091 -0.013259 0.123942
v -0.056242 -0.019680 0.123942
v -0.053684 -0.025853 0.123942
v -0.050452 -0.031701 0.123942
v -0.046586 -0.037151 0.123942
v -0.042133 -0.042133 0.123942
v -0.037151 -0.046586 0.123942
v -0.031701 -0.050452 0.123942
v -0.025853 -0.053684 0.123942
v -0.019680 -0.056242 0.123942
v -0.013259 -0.058091 0.123942
v -0.006671 -0.059211 0.123942
v -0.000000 -0.059585 0.123942
v 0.006671 -0.059211 0.123942
v 0.013259 -0.058091 0.123942
v 0.019680 -0.056242 0.123942
v 0.025853 -0.053684 0.123942
v 0.031701 -0.050452 0.123942
v 0.037151 -0.046586 0.123942
v 0.042133 -0.042133 0.123942
v 0.046586 -0.037151 0.123942
v 0.050452 -0.031701 0.123942
v 0.053684 -0.025853 0.123942
v 0.056242 -0.019680 0.123942
v 0.058091 -0.013259 0.123942
v 0.059211 -0.006671 0.123942
v 0.059000 0.000000 0.124000
v 0.058629 0.006606 0.124000
v 0.057521 0.013129 0.124000
v 0.055689 0.019486 0.124000
v 0.053157 0.025599 0.124000
v 0.049957 0.031390 0.124000
v 0.046128 0.036786 0.124000
v 0.041719 0.041719 0.124000
v 0.036786 0.046128 0.124000
v 0.031390 0.049957 0.124000
v 0.025599 0.053157 0.124000
v 0.019486 0.055689 0.124000
v 0.013129 0.057521 0.124000
v 0.006606 0.058629 0.124000
v 0.000000 0.059000 0.124000
v -0.006606 0.058629 0.124000
v -0.013129 0.057521 0.124000
v -0.019486 0.055689 0.124000
v -0.025599 0.053157 0.124000
v -0.031390 0.049957 0.124000
v -0.036786 0.046128 0.124000
v -0.041719 0.041719 0.124000
v -0.046128 0.036786 0.124000
v -0.049957 0.031390 0.124000
v -0.053157 0.025599 0.124000
v -0.055689 0.019486 0.124000
v -0.057521 0.013129 0.124000
v -0.058629 0.006606 0.124000
v -0.059000 0.000000 0.124000
v -0.058629 -0.006606 0.124000
v -0.057521 -0.013129 0.124000
v -0.055689 -0.019486 0.124000
v -0.053157 -0.025599 0.124000
v -0.049957 -0.031390 0.124000
v -0.046128 -0.036786 0.124000
v -0.041719 -0.041719 0.124000
v -0.036786 -0.046128 0.124000
v -0.031390 -0.049957 0.124000
v -0.025599 -0.053157 0.124000
v -0.019486 -0.055689 0.124000
v -0.013129 -0.057521 0.124000
v -0.006606 -0.058629 0.124000
v -0.000000 -0.059000 0.124000
v 0.006606 -0.058629 0.124000
v 0.013129 -0.057521 0.124000
v 0.019486 -0.055689 0.124000
v 0.025599 -0.053157 0.124000
v 0.031390 -0.049957 0.124000
v 0.036786 -0.046128 0.124000
v 0.041719 -0.041719 0.124000
v 0.046128 -0.036786 0.124000
v 0.049957 -0.031390 0.124000
v 0.053157 -0.025599 0.124000
v 0.055689 -0.019486 0.124000
v 0.057521 -0.013129 0.124000
v 0.058629 -0.006606 0.124000
v 0.059000 0.000000 0.124000
v 0.058629 0.006606 0.124000
v 0.057521 0.013129 0.124000
v 0.055689 0.019486 0.124000
v 0.053157 0.025599 0.124000
v 0.049957 0.031390 0.124000
v 0.046128 0.036786 0.124000
v 0.041719 0.041719 0.124000
v 0.036786 0.046128 0.124000
v 0.031390 0.049957 0.124000
v 0.025599 0.053157 0.124000
v 0.019486 0.055689 0.124000
v 0.013129 0.057521 0.124000
v 0.006606 0.058629 0.124000
v 0.000000 0.059000 0.124000
v -0.006606 0.058629 0.124000
v -0.013129 0.057521 0.124000
v -0.019486 0.055689 0.124000
v -0.025599 0.053157 0.124000
v -0.031390 0.049957 0.124000
v -0.036786 0.046128 0.124000
v -0.041719 0.041719 0.124000
v -0.046128 0.036786 0.124000
v -0.049957 0.031390 0.124000
v -0.053157 0.025599 0.124000
v -0.055689 0.019486 0.124000
v -0.057521 0.013129 0.124000
v -0.058629 0.006606 0.124000
v -0.059000 0.000000 0.124000
v -0.058629 -0.006606 0.124000
v -0.057521 -0.013129 0.124000
v -0.055689 -0.019486 0.124000
v -0.053157 -0.025599 0.124000
v -0.049957 -0.031390 0.124000
v -0.046128 -0.036786 0.124000
v -0.041719 -0.041719 0.124000
v -0.036786 -0.046128 0.124000
v -0.031390 -0.049957 0.124000
v -0.025599 -0.053157 0.124000
v -0.019486 -0.055689 0.124000
v -0.013129 -0.057521 0.124000
v -0.006606 -0.058629 0.124000
v -0.000000 -0.059000 0.124000
v 0.006606 -0.058629 0.124000
v 0.013129 -0.057521 0.124000
v 0.019486 -0.055689 0.124000
v 0.025599 -0.053157 0.124000
v 0.031390 -0.049957 0.124000
v 0.036786 -0.046128 0.124000
v 0.041719 -0.041719 0.124000
v 0.046128 -0.036786 0.124000
v 0.049957 -0.031390 0.124000
v 0.053157 -0.025599 0.124000
v 0.055689 -0.019486 0.124000
v 0.057521 -0.013129 0.124000
v 0.058629 -0.006606 0.124000
v 0.059000 0.000000 0.124000
v 0.058629 0.006606 0.124000
v 0.057521 0.013129 0.124000
v 0.055689 0.019486 0.124000
v 0.053157 0.025599 0.124000
v 0.049957 0.031390 0.124000
v 0.046128 0.036786 0.124000
v 0.041719 0.041719 0.124000
v 0.036786 0.046128 0.124000
v 0.031390 0.049957 0.124000
v 0.025599 0.053157 0.124000
v 0.019486 0.055689 0.124000
v 0.013129 0.057521 0.124000
v 0.006606 0.058629 0.124000
v 0.000000 0.059000 0.124000
v -0.006606 0.058629 0.124000
v -0.013129 0.057521 0.124000
v -0.019486 0.055689 0.124000
v -0.025599 0.053157 0.124000
v -0.031390 0.049957 0.124000
v -0.036786 0.046128 0.124000
v -0.041719 0.041719 0.124000
v -0.046128 0.036786 0.124000
v -0.049957 0.031390 0.124000
v -0.053157 0.025599 0.124000
v -0.055689 0.019486 0.124000
v -0.057521 0.013129 0.124000
v -0.058629 0.006606 0.124000
v -0.059000 0.000000 0.124000
v -0.058629 -0.006606 0.124000
v -0.057521 -0.013129 0.124000
v -0.055689 -0.019486 0.124000
v -0.053157 -0.025599 0.124000
v -0.049957 -0.031390 0.124000
v -0.046128 -0.036786 0.124000
v -0.041719 -0.041719 0.124000
v -0.036786 -0.046128 0.124000
v -0.031390 -0.049957 0.124000
v -0.025599 -0.053157 0.124000
v -0.019486 -0.055689 0.124000
v -0.013129 -0.057521 0.124000
v -0.006606 -0.058629 0.124000
v -0.000000 -0.059000 0.124000
v 0.006606 -0.058629 0.124000
v 0.013129 -0.057521 0.124000
v 0.019486 -0.055689 0.124000
v 0.025599 -0.053157 0.124000
v 0.031390 -0.049957 0.124000
v 0.036786 -0.046128 0.124000
v 0.041719 -0.041719 0.124000
v 0.046128 -0.036786 0.124000
v 0.049957 -0.031390 0.124000
v 0.053157 -0.025599 0.124000
v 0.055689 -0.019486 0.124000
v 0.057521 -0.013129 0.124000
v 0.058629 -0.006606 0.124000
v 0.059000 0.000000 0.124000
v 0.058629 0.006606 0.124000
v 0.057521 0.013129 0.124000
v 0.055689 0.019486 0.124000
v 0.053157 0.025599 0.124000
v 0.049957 0.031390 0.124000
v 0.046128 0.036786 0.124000
v 0.041719 0.041719 0.124000
v 0.036786 0.046128 0.124000
v 0.031390 0.049957 0.124000
v 0.025599 0.053157 0.124000
v 0.019486 0.055689 0.124000
v 0.013129 0.057521 0.124000
v 0.006606 0.058629 0.124000
v 0.000000 0.059000 0.124000
v -0.006606 0.058629 0.124000
v -0.013129 0.057521 0.124000
v -0.019486 0.055689 0.124000
v -0.025599 0.053157 0.124000
v -0.031390 0.049957 0.124000
v -0.036786 0.046128 0.124000
v -0.041719 0.041719 0.124000
v -0.046128 0.036786 0.124000
v -0.049957 0.031390 0.124000
v -0.053157 0.025599 0.124000
v -0.055689 0.019486 0.124000
v -0.057521 0.013129 0.124000
v -0.058629 0.006606 0.124000
v -0.059000 0.000000 0.124000
v -0.058629 -0.006606 0.124000
v -0.057521 -0.013129 0.124000
v -0.055689 -0.019486 0.124000
v -0.053157 -0.025599 0.124000
v -0.049957 -0.031390 0.124000
v -0.046128 -0.036786 0.124000
v -0.041719 -0.041719 0.124000
v -0.036786 -0.046128 0.124000
v -0.031390 -0.049957 0.124000
v -0.025599 -0.053157 0.124000
v -0.019486 -0.055689 0.124000
v -0.013129 -0.057521 0.124000
v -0.006606 -0.058629 0.124000
v -0.000000 -0.059000 0.124000
v 0.006606 -0.058629 0.124000
v 0.013129 -0.057521 0.124000
v 0.019486 -0.055689 0.124000
v 0.025599 -0.053157 0.124000
v 0.031390 -0.049957 0.124000
v 0.036786 -0.046128 0.124000
v 0.041719 -0.041719 0.124000
v 0.046128 -0.036786 0.124000
v 0.049957 -0.031390 0.124000
v 0.053157 -0.025599 0.124000
v 0.055689 -0.019486 0.124000
v 0.057521 -0.013129 0.124000
v 0.058629 -0.006606 0.124000
v 0.000000 0.000000 0.124000
v 0.000000 0.000000 0.124000
v 0.000000 0.000000 0.124000
v 0.000000 0.000000 0.124000
v 0.000000 0.000000 0.124000
v 0.000000 0.000000 0.124000
v 0.000000 0.000000 0.124000
v 0.000000 0.000000 0.124000
v 0.000000 0.000000 0.124000
v 0.000000 0.000000 0.124000
v 0.000000 0.000000 0.124000
v 0.000000 0.000000 0.124000
v 0.000000 0.000000 0.124000
v 0.000000 0.000000 0.124000
v 0.000000 0.000000 0.124000
v 0.000000 0.000000 0.124000
v 0.000000 0.000000 0.124000
v 0.000000 0.000000 0.124000
v 0.000000 0.000000 0.124000
v 0.000000 0.000000 0.124000
v 0.000000 0.000000 0.124000
v 0.000000 0.000000 0.124000
v 0.000000 0.000000 0.124000
v 0.000000 0.000000 0.124000
v 0.000000 0.000000 0.124000
v 0.000000 0.000000 0.124000
v 0.000000 0.000000 0.124000
v 0.000000 0.000000 0.124000
v 0.000000 0.000000 0.124000
v 0.000000 0.000000 0.124000
v 0.000000 0.000000 0.124000
v 0.000000 0.000000 0.124000
v 0.000000 0.000000 0.124000
v 0.000000 0.000000 0.124000
v 0.000000 0.000000 0.124000
v 0.000000 0.000000 0.124000
v 0.000000 0.000000 0.124000
v 0.000000 0.000000 0.124000
v 0.000000 0.000000 0.124000
v 0.000000 0.000000 0.124000
v 0.000000 0.000000 0.124000
v 0.000000 0.000000 0.124000
v 0.000000 0.000000 0.124000
v 0.000000 0.000000 0.124000
v 0.000000 0.000000 0.124000
v 0.000000 0.000000 0.124000
v 0.000000 0.000000 0.124000
v 0.000000 0.000000 0.124000
v 0.000000 0.000000 0.124000
v 0.000000 0.000000 0.124000
v 0.000000 0.000000 0.124000
v 0.000000 0.000000 0.124000
v 0.000000 0.000000 0.124000
v 0.000000 0.000000 0.124000
v 0.000000 0.000000 0.124000
v 0.000000 0.000000 0.124000
vn 0.000000 0.000000 -1.000000
vn 0.000000 0.000000 -1.000000
vn 0.000000 0.000000 -1.000000
vn 0.000000 0.000000 -1.000000
vn 0.000000 0.000000 -1.000000
vn 0.000000 0.000000 -1.000000
vn 0.000000 0.000000 -1.000000
vn 0.000000 0.000000 -1.000000
vn 0.000000 0.000000 -1.000000
vn 0.000000 0.000000 -1.000000
vn 0.000000 0.000000 -1.000000
vn 0.000000 0.000000 -1.000000
vn 0.000000 0.000000 -1.000000
vn 0.000000 0.000000 -1.000000
vn 0.000000 0.000000 -1.000000
vn -0.000000 0.000000 -1.000000
vn -0.000000 0.000000 -1.000000
vn -0.000000 0.000000 -1.000000
vn -0.000000 0.000000 -1.000000
vn -0.000000 0.000000 -1.000000
vn -0.000000 0.000000 -1.000000
vn -0.000000 0.000000 -1.000000
vn -0.000000 0.000000 -1.000000
vn -0.000000 0.000000 -1.000000
vn -0.000000 0.000000 -1.000000
vn -0.000000 0.000000 -1.000000
vn -0.000000 0.000000 -1.000000
vn -0.000000 0.000000 -1.000000
vn -0.000000 0.000000 -1.000000
vn -0.000000 -0.000000 -1.000000
vn -0.000000 -0.000000 -1.000000
vn -0.000000 -0.000000 -1.000000
vn -0.000000 -0.000000 -1.000000
vn -0.000000 -0.000000 -1.000000
vn -0.000000 -0.000000 -1.000000
vn -0.000000 -0.000000 -1.000000
vn -0.000000 -0.000000 -1.000000
vn -0.000000 -0.000000 -1.000000
vn -0.000000 -0.000000 -1.000000
vn -0.000000 -0.000000 -1.000000
vn -0.000000 -0.000000 -1.000000
vn -0.000000 -0.000000 -1.000000
vn -0.000000 -0.000000 -1.000000
vn 0.000000 -0.000000 -1.000000
vn 0.000000 -0.000000 -1.000000
vn 0.000000 -0.000000 -1.000000
vn 0.000000 -0.000000 -1.000000
vn 0.000000 -0.000000 -1.000000
vn 0.000000 -0.000000 -1.000000
vn 0.000000 -0.000000 -1.000000
vn 0.000000 -0.000000 -1.000000
vn 0.000000 -0.000000 -1.000000
vn 0.000000 -0.000000 -1.000000
vn 0.000000 -0.000000 -1.000000
vn 0.000000 -0.000000 -1.000000
vn 0.000000 -0.000000 -1.000000
vn 0.000967 0.000000 -1.000000
vn 0.000961 0.000108 -1.000000
vn 0.000943 0.000215 -1.000000
vn 0.000913 0.000320 -1.000000
vn 0.000872 0.000420 -1.000000
vn 0.000819 0.000515 -1.000000
vn 0.000756 0.000603 -1.000000
vn 0.000684 0.000684 -1.000000
vn 0.000603 0.000756 -1.000000
vn 0.000515 0.000819 -1.000000
vn 0.000420 0.000872 -1.000000
vn 0.000320 0.000913 -1.000000
vn 0.000215 0.000943 -1.000000
vn 0.000108 0.000961 -1.000000
vn 0.000000 0.000967 -1.000000
vn -0.000108 0.000961 -1.000000
vn -0.000215 0.000943 -1.000000
vn -0.000320 0.000913 -1.000000
vn -0.000420 0.000872 -1.000000
vn -0.000515 0.000819 -1.000000
vn -0.000603 0.000756 -1.000000
vn -0.000684 0.000684 -1.000000
vn -0.000756 0.000603 -1.000000
vn -0.000819 0.000515 -1.000000
vn -0.000872 0.000420 -1.000000
vn -0.000913 0.000320 -1.000000
vn -0.000943 0.000215 -1.000000
vn -0.000961 0.000108 -1.000000
vn -0.000967 0.000000 -1.000000
vn -0.000961 -0.000108 -1.000000
vn -0.000943 -0.000215 -1.000000
vn -0.000913 -0.000320 -1.000000
vn -0.000872 -0.000420 -1.000000
vn -0.000819 -0.000515 -1.000000
vn -0.000756 -0.000603 -1.000000
vn -0.000684 -0.000684 -1.000000
vn -0.000603 -0.000756 -1.000000
vn -0.000515 -0.000819 -1.000000
vn -0.000420 -0.000872 -1.000000
vn -0.000320 -0.000913 -1.000000
vn -0.000215 -0.000943 -1.000000
vn -0.000108 -0.000961 -1.000000
vn -0.000000 -0.000967 -1.000000
vn 0.000108 -0.000961 -1.000000
vn 0.000215 -0.000943 -1.000000
vn 0.000320 -0.000913 -1.000000
vn 0.000420 -0.000872 -1.000000
vn 0.000515 -0.000819 -1.000000
vn 0.000603 -0.000756 -1.000000
vn 0.000684 -0.000684 -1.000000
vn 0.000756 -0.000603 -1.000000
vn 0.000819 -0.000515 -1.000000
vn 0.000872 -0.000420 -1.000000
vn 0.000913 -0.000320 -1.000000
vn 0.000943 -0.000215 -1.000000
vn 0.000961 -0.000108 -1.000000
vn 0.195090 0.000000 -0.980785
vn 0.193864 0.021843 -0.980785
vn 0.190199 0.043412 -0.980785
vn 0.184143 0.064434 -0.980785
vn 0.175770 0.084647 -0.980785
vn 0.165188 0.103794 -0.980785
vn 0.152528 0.121637 -0.980785
vn 0.137950 0.137950 -0.980785
vn 0.121637 0.152528 -0.980785
vn 0.103794 0.165188 -0.980785
vn 0.084647 0.175770 -0.980785
vn 0.064434 0.184143 -0.980785
vn 0.043412 0.190199 -0.980785
vn 0.021843 0.193864 -0.980785
vn 0.000000 0.195090 -0.980785
vn -0.021843 0.193864 -0.980785
vn -0.043412 0.190199 -0.980785
vn -0.064434 0.184143 -0.980785
vn -0.084647 0.175770 -0.980785
vn -0.103794 0.165188 -0.980785
vn -0.121637 0.152528 -0.980785
vn -0.137950 0.137950 -0.980785
vn -0.152528 0.121637 -0.980785
vn -0.165188 0.103794 -0.980785
vn -0.175770 0.084647 -0.980785
vn -0.184143 0.064434 -0.980785
vn -0.190199 0.043412 -0.980785
vn -0.193864 0.021843 -0.980785
vn -0.195090 0.000000 -0.980785
vn -0.193864 -0.021843 -0.980785
vn -0.190199 -0.043412 -0.980785
vn -0.184143 -0.064434 -0.980785
vn -0.175770 -0.084647 -0.980785
vn -0.165188 -0.103794 -0.980785
vn -0.152528 -0.121637 -0.980785
vn -0.137950 -0.137950 -0.980785
vn -0.121637 -0.152528 -0.980785
vn -0.103794 -0.165188 -0.980785
vn -0.084647 -0.175770 -0.980785
vn -0.064434 -0.184143 -0.980785
vn -0.043412 -0.190199 -0.980785
vn -0.021843 -0.193864 -0.980785
vn -0.000000 -0.195090 -0.980785
vn 0.021843 -0.193864 -0.980785
vn 0.043412 -0.190199 -0.980785
vn 0.064434 -0.184143 -0.980785
vn 0.084647 -0.175770 -0.980785
vn 0.103794 -0.165188 -0.980785
vn 0.121637 -0.152528 -0.980785
vn 0.137950 -0.137950 -0.980785
vn 0.152528 -0.121637 -0.980785
vn 0.165188 -0.103794 -0.980785
vn 0.175770 -0.084647 -0.980785
vn 0.184143 -0.064434 -0.980785
vn 0.190199 -0.043412 -0.980785
vn 0.193864 -0.021843 -0.980785
vn 0.382683 0.000000 -0.923880
vn 0.380277 0.042847 -0.923880
vn 0.373089 0.085155 -0.923880
vn 0.361209 0.126392 -0.923880
vn 0.344786 0.166040 -0.923880
vn 0.324027 0.203600 -0.923880
vn 0.299194 0.238599 -0.923880
vn 0.270598 0.270598 -0.923880
vn 0.238599 0.299194 -0.923880
vn 0.203600 0.324027 -0.923880
vn 0.166040 0.344786 -0.923880
vn 0.126392 0.361209 -0.923880
vn 0.085155 0.373089 -0.923880
vn 0.042847 0.380277 -0.923880
vn 0.000000 0.382683 -0.923880
vn -0.042847 0.380277 -0.923880
vn -0.085155 0.373089 -0.923880
vn -0.126392 0.361209 -0.923880
vn -0.166040 0.344786 -0.923880
vn -0.203600 0.324027 -0.923880
vn -0.238599 0.299194 -0.923880
vn -0.270598 0.270598 -0.923880
vn -0.299194 0.238599 -0.923880
vn -0.324027 0.203600 -0.923880
vn -0.344786 0.166040 -0.923880
vn -0.361209 0.126392 -0.923880
vn -0.373089 0.085155 -0.923880
vn -0.380277 0.042847 -0.923880
vn -0.382683 0.000000 -0.923880
vn -0.380277 -0.042847 -0.923880
vn -0.373089 -0.085155 -0.923880
vn -0.361209 -0.126392 -0.923880
vn -0.344786 -0.166040 -0.923880
vn -0.324027 -0.203600 -0.923880
vn -0.299194 -0.238599 -0.923880
vn -0.270598 -0.270598 -0.923880
vn -0.238599 -0.299194 -0.923880
vn -0.203600 -0.324027 -0.923880
vn -0.166040 -0.344786 -0.923880
vn -0.126392 -0.361209 -0.923880
vn -0.085155 -0.373089 -0.923880
vn -0.042847 -0.380277 -0.923880
vn -0.000000 -0.382683 -0.923880
vn 0.042847 -0.380277 -0.923880
vn 0.085155 -0.373089 -0.923880
vn 0.126392 -0.361209 -0.923880
vn 0.166040 -0.344786 -0.923880
vn 0.203600 -0.324027 -0.923880
vn 0.238599 -0.299194 -0.923880
vn 0.270598 -0.270598 -0.923880
vn 0.299194 -0.238599 -0.923880
vn 0.324027 -0.203600 -0.923880
vn 0.344786 -0.166040 -0.923880
vn 0.361209 -0.126392 -0.923880
vn 0.373089 -0.085155 -0.923880
vn 0.380277 -0.042847 -0.923880
vn 0.555570 0.000000 -0.831470
vn 0.552077 0.062204 -0.831470
vn 0.541641 0.123626 -0.831470
vn 0.524393 0.183493 -0.831470
vn 0.500551 0.241053 -0.831470
vn 0.470415 0.295581 -0.831470
vn 0.434362 0.346392 -0.831470
vn 0.392847 0.392847 -0.831470
vn 0.346392 0.434362 -0.831470
vn 0.295581 0.470415 -0.831470
vn 0.241053 0.500551 -0.831470
vn 0.183493 0.524393 -0.831470
vn 0.123626 0.541641 -0.831470
vn 0.062204 0.552077 -0.831470
vn 0.000000 0.555570 -0.831470
vn -0.062204 0.552077 -0.831470
vn -0.123626 0.541641 -0.831470
vn -0.183493 0.524393 -0.831470
vn -0.241053 0.500551 -0.831470
vn -0.295581 0.470415 -0.831470
vn -0.346392 0.434362 -0.831470
vn -0.392847 0.392847 -0.831470
vn -0.434362 0.346392 -0.831470
vn -0.470415 0.295581 -0.831470
vn -0.500551 0.241053 -0.831470
vn -0.524393 0.183493 -0.831470
vn -0.541641 0.123626 -0.831470
vn -0.552077 0.062204 -0.831470
vn -0.555570 0.000000 -0.831470
vn -0.552077 -0.062204 -0.831470
vn -0.541641 -0.123626 -0.831470
vn -0.524393 -0.183493 -0.831470
vn -0.500551 -0.241053 -0.831470
vn -0.470415 -0.295581 -0.831470
vn -0.434362 -0.346392 -0.831470
vn -0.392847 -0.392847 -0.831470
vn -0.346392 -0.434362 -0.831470
vn -0.295581 -0.470415 -0.831470
vn -0.241053 -0.500551 -0.831470
vn -0.183493 -0.524393 -0.831470
vn -0.123626 -0.541641 -0.831470
vn -0.062204 -0.552077 -0.831470
vn -0.000000 -0.555570 -0.831470
vn 0.062204 -0.552077 -0.831470
vn 0.123626 -0.541641 -0.831470
vn 0.183493 -0.524393 -0.831470
vn 0.241053 -0.500551 -0.831470
vn 0.295581 -0.470415 -0.831470
vn 0.346392 -0.434362 -0.831470
vn 0.392847 -0.392847 -0.831470
vn 0.434362 -0.346392 -0.831470
vn 0.470415 -0.295581 -0.831470
vn 0.500551 -0.241053 -0.831470
vn 0.524393 -0.183493 -0.831470
vn 0.541641 -0.123626 -0.831470
vn 0.552077 -0.062204 -0.831470
vn 0.707107 0.000000 -0.707107
vn 0.702661 0.079171 -0.707107
vn 0.689378 0.157346 -0.707107
vn 0.667426 0.233543 -0.707107
vn 0.637081 0.306802 -0.707107
vn 0.598724 0.376203 -0.707107
vn 0.552838 0.440874 -0.707107
vn 0.500000 0.500000 -0.707107
vn 0.440874 0.552838 -0.707107
vn 0.376203 0.598724 -0.707107
vn 0.306802 0.637081 -0.707107
vn 0.233543 0.667426 -0.707107
vn 0.157346 0.689378 -0.707107
vn 0.079171 0.702661 -0.707107
vn 0.000000 0.707107 -0.707107
vn -0.079171 0.702661 -0.707107
vn -0.157346 0.689378 -0.707107
vn -0.233543 0.667426 -0.707107
vn -0.306802 0.637081 -0.707107
vn -0.376203 0.598724 -0.707107
vn -0.440874 0.552838 -0.707107
vn -0.500000 0.500000 -0.707107
vn -0.552838 0.440874 -0.707107
vn -0.598724 0.376203 -0.707107
vn -0.637081 0.306802 -0.707107
vn -0.667426 0.233543 -0.707107
vn -0.689378 0.157346 -0.707107
vn -0.702661 0.079171 -0.707107
vn -0.707107 0.000000 -0.707107
vn -0.702661 -0.079171 -0.707107
vn -0.689378 -0.157346 -0.707107
vn -0.667426 -0.233543 -0.707107
vn -0.637081 -0.306802 -0.707107
vn -0.598724 -0.376203 -0.707107
vn -0.552838 -0.440874 -0.707107
vn -0.500000 -0.500000 -0.707107
vn -0.440874 -0.552838 -0.707107
vn -0.376203 -0.598724 -0.707107
vn -0.306802 -0.637081 -0.707107
vn -0.233543 -0.667426 -0.707107
vn -0.157346 -0.689378 -0.707107
vn -0.079171 -0.702661 -0.707107
vn -0.000000 -0.707107 -0.707107
vn 0.079171 -0.702661 -0.707107
vn 0.157346 -0.689378 -0.707107
vn 0.233543 -0.667426 -0.707107
vn 0.306802 -0.637081 -0.707107
vn 0.376203 -0.598724 -0.707107
vn 0.440874 -0.552838 -0.707107
vn 0.500000 -0.500000 -0.707107
vn 0.552838 -0.440874 -0.707107
vn 0.598724 -0.376203 -0.707107
vn 0.637081 -0.306802 -0.707107
vn 0.667426 -0.233543 -0.707107
vn 0.689378 -0.157346 -0.707107
vn 0.702661 -0.079171 -0.707107
vn 0.831470 0.000000 -0.555570
vn 0.826242 0.093095 -0.555570
vn 0.810623 0.185019 -0.555570
vn 0.784810 0.274617 -0.555570
vn 0.749128 0.360761 -0.555570
vn 0.704025 0.442369 -0.555570
vn 0.650069 0.518413 -0.555570
vn 0.587938 0.587938 -0.555570
vn 0.518413 0.650069 -0.555570
vn 0.442369 0.704025 -0.555570
vn 0.360761 0.749128 -0.555570
vn 0.274617 0.784810 -0.555570
vn 0.185019 0.810623 -0.555570
vn 0.093095 0.826242 -0.555570
vn 0.000000 0.831470 -0.555570
vn -0.093095 0.826242 -0.555570
vn -0.185019 0.810623 -0.555570
vn -0.274617 0.784810 -0.555570
vn -0.360761 0.749128 -0.555570
vn -0.442369 0.704025 -0.555570
vn -0.518413 0.650069 -0.555570
vn -0.587938 0.587938 -0.555570
vn -0.650069 0.518413 -0.555570
vn -0.704025 0.442369 -0.555570
vn -0.749128 0.360761 -0.555570
vn -0.784810 0.274617 -0.555570
vn -0.810623 0.185019 -0.555570
vn -0.826242 0.093095 -0.555570
vn -0.831470 0.000000 -0.555570
vn -0.826242 -0.093095 -0.555570
vn -0.810623 -0.185019 -0.555570
vn -0.784810 -0.274617 -0.555570
vn -0.749128 -0.360761 -0.555570
vn -0.704025 -0.442369 -0.555570
vn -0.650069 -0.518413 -0.555570
vn -0.587938 -0.587938 -0.555570
vn -0.518413 -0.650069 -0.555570
vn -0.442369 -0.704025 -0.555570
vn -0.360761 -0.749128 -0.555570
vn -0.274617 -0.784810 -0.555570
vn -0.185019 -0.810623 -0.555570
vn -0.093095 -0.826242 -0.555570
vn -0.000000 -0.831470 -0.555570
vn 0.093095 -0.826242 -0.555570
vn 0.185019 -0.810623 -0.555570
vn 0.274617 -0.784810 -0.555570
vn 0.360761 -0.749128 -0.555570
vn 0.442369 -0.704025 -0.555570
vn 0.518413 -0.650069 -0.555570
vn 0.587938 -0.587938 -0.555570
vn 0.650069 -0.518413 -0.555570
vn 0.704025 -0.442369 -0.555570
vn 0.749128 -0.360761 -0.555570
vn 0.784810 -0.274617 -0.555570
vn 0.810623 -0.185019 -0.555570
vn 0.826242 -0.093095 -0.555570
vn 0.923880 0.000000 -0.382683
vn 0.918070 0.103442 -0.382683
vn 0.900716 0.205583 -0.382683
vn 0.872034 0.305138 -0.382683
vn 0.832387 0.400856 -0.382683
vn 0.782271 0.491534 -0.382683
vn 0.722318 0.576029 -0.382683
vn 0.653281 0.653281 -0.382683
vn 0.576029 0.722318 -0.382683
vn 0.491534 0.782271 -0.382683
vn 0.400856 0.832387 -0.382683
vn 0.305138 0.872034 -0.382683
vn 0.205583 0.900716 -0.382683
vn 0.103442 0.918070 -0.382683
vn 0.000000 0.923880 -0.382683
vn -0.103442 0.918070 -0.382683
vn -0.205583 0.900716 -0.382683
vn -0.305138 0.872034 -0.382683
vn -0.400856 0.832387 -0.382683
vn -0.491534 0.782271 -0.382683
vn -0.576029 0.722318 -0.382683
vn -0.653281 0.653281 -0.382683
vn -0.722318 0.576029 -0.382683
vn -0.782271 0.491534 -0.382683
vn -0.832387 0.400856 -0.382683
vn -0.872034 0.305138 -0.382683
vn -0.900716 0.205583 -0.382683
vn -0.918070 0.103442 -0.382683
vn -0.923880 0.000000 -0.382683
vn -0.918070 -0.103442 -0.382683
vn -0.900716 -0.205583 -0.382683
vn -0.872034 -0.305138 -0.382683
vn -0.832387 -0.400856 -0.382683
vn -0.782271 -0.491534 -0.382683
vn -0.722318 -0.576029 -0.382683
vn -0.653281 -0.653281 -0.382683
vn -0.576029 -0.722318 -0.382683
vn -0.491534 -0.782271 -0.382683
vn -0.400856 -0.832387 -0.382683
vn -0.305138 -0.872034 -0.382683
vn -0.205583 -0.900716 -0.382683
vn -0.103442 -0.918070 -0.382683
vn -0.000000 -0.923880 -0.382683
vn 0.103442 -0.918070 -0.382683
vn 0.205583 -0.900716 -0.382683
vn 0.305138 -0.872034 -0.382683
vn 0.400856 -0.832387 -0.382683
vn 0.491534 -0.782271 -0.382683
vn 0.576029 -0.722318 -0.382683
vn 0.653281 -0.653281 -0.382683
vn 0.722318 -0.576029 -0.382683
vn 0.782271 -0.491534 -0.382683
vn 0.832387 -0.400856 -0.382683
vn 0.872034 -0.305138 -0.382683
vn 0.900716 -0.205583 -0.382683
vn 0.918070 -0.103442 -0.382683
vn 0.980785 0.000000 -0.195090
vn 0.974618 0.109813 -0.195090
vn 0.956195 0.218245 -0.195090
vn 0.925747 0.323933 -0.195090
vn 0.883657 0.425547 -0.195090
vn 0.830455 0.521809 -0.195090
vn 0.766809 0.611510 -0.195090
vn 0.693520 0.693520 -0.195090
vn 0.611510 0.766809 -0.195090
vn 0.521809 0.830455 -0.195090
vn 0.425547 0.883657 -0.195090
vn 0.323933 0.925747 -0.195090
vn 0.218245 0.956195 -0.195090
vn 0.109813 0.974618 -0.195090
vn 0.000000 0.980785 -0.195090
vn -0.109813 0.974618 -0.195090
vn -0.218245 0.956195 -0.195090
vn -0.323933 0.925747 -0.195090
vn -0.425547 0.883657 -0.195090
vn -0.521809 0.830455 -0.195090
vn -0.611510 0.766809 -0.195090
vn -0.693520 0.693520 -0.195090
vn -0.766809 0.611510 -0.195090
vn -0.830455 0.521809 -0.195090
vn -0.883657 0.425547 -0.195090
vn -0.925747 0.323933 -0.195090
vn -0.956195 0.218245 -0.195090
vn -0.974618 0.109813 -0.195090
vn -0.980785 0.000000 -0.195090
vn -0.974618 -0.109813 -0.195090
vn -0.956195 -0.218245 -0.195090
vn -0.925747 -0.323933 -0.195090
vn -0.883657 -0.425547 -0.195090
vn -0.830455 -0.521809 -0.195090
vn -0.766809 -0.611510 -0.195090
vn -0.693520 -0.693520 -0.195090
vn -0.611510 -0.766809 -0.195090
vn -0.521809 -0.830455 -0.195090
vn -0.425547 -0.883657 -0.195090
vn -0.323933 -0.925747 -0.195090
vn -0.218245 -0.956195 -0.195090
vn -0.109813 -0.974618 -0.195090
vn -0.000000 -0.980785 -0.195090
vn 0.109813 -0.974618 -0.195090
vn 0.218245 -0.956195 -0.195090
vn 0.323933 -0.925747 -0.195090
vn 0.425547 -0.883657 -0.195090
vn 0.521809 -0.830455 -0.195090
vn 0.611510 -0.766809 -0.195090
vn 0.693520 -0.693520 -0.195090
vn 0.766809 -0.611510 -0.195090
vn 0.830455 -0.521809 -0.195090
vn 0.883657 -0.425547 -0.195090
vn 0.925747 -0.323933 -0.195090
vn 0.956195 -0.218245 -0.195090
vn 0.974618 -0.109813 -0.195090
vn 0.999962 0.000000 -0.008753
vn 0.993674 0.111960 -0.008753
vn 0.974891 0.222512 -0.008753
vn 0.943847 0.330266 -0.008753
vn 0.900934 0.433867 -0.008753
vn 0.846692 0.532012 -0.008753
vn 0.781802 0.623466 -0.008753
vn 0.707080 0.707080 -0.008753
vn 0.623466 0.781802 -0.008753
vn 0.532012 0.846692 -0.008753
vn 0.433867 0.900934 -0.008753
vn 0.330266 0.943847 -0.008753
vn 0.222512 0.974891 -0.008753
vn 0.111960 0.993674 -0.008753
vn 0.000000 0.999962 -0.008753
vn -0.111960 0.993674 -0.008753
vn -0.222512 0.974891 -0.008753
vn -0.330266 0.943847 -0.008753
vn -0.433867 0.900934 -0.008753
vn -0.532012 0.846692 -0.008753
vn -0.623466 0.781802 -0.008753
vn -0.707080 0.707080 -0.008753
vn -0.781802 0.623466 -0.008753
vn -0.846692 0.532012 -0.008753
vn -0.900934 0.433867 -0.008753
vn -0.943847 0.330266 -0.008753
vn -0.974891 0.222512 -0.008753
vn -0.993674 0.111960 -0.008753
vn -0.999962 0.000000 -0.008753
vn -0.993674 -0.111960 -0.008753
vn -0.974891 -0.222512 -0.008753
vn -0.943847 -0.330266 -0.008753
vn -0.900934 -0.433867 -0.008753
vn -0.846692 -0.532012 -0.008753
vn -0.781802 -0.623466 -0.008753
vn -0.707080 -0.707080 -0.008753
vn -0.623466 -0.781802 -0.008753
vn -0.532012 -0.846692 -0.008753
vn -0.433867 -0.900934 -0.008753
vn -0.330266 -0.943847 -0.008753
vn -0.222512 -0.974891 -0.008753
vn -0.111960 -0.993674 -0.008753
vn -0.000000 -0.999962 -0.008753
vn 0.111960 -0.993674 -0.008753
vn 0.222512 -0.974891 -0.008753
vn 0.330266 -0.943847 -0.008753
vn 0.433867 -0.900934 -0.008753
vn 0.532012 -0.846692 -0.008753
vn 0.623466 -0.781802 -0.008753
vn 0.707080 -0.707080 -0.008753
vn 0.781802 -0.623466 -0.008753
vn 0.846692 -0.532012 -0.008753
vn 0.900934 -0.433867 -0.008753
vn 0.943847 -0.330266 -0.008753
vn 0.974891 -0.222512 -0.008753
vn 0.993674 -0.111960 -0.008753
vn 0.999962 0.000000 0.008753
vn 0.993674 0.111960 0.008753
vn 0.974891 0.222512 0.008753
vn 0.943847 0.330266 0.008753
vn 0.900934 0.433867 0.008753
vn 0.846692 0.532012 0.008753
vn 0.781802 0.623466 0.008753
vn 0.707080 0.707080 0.008753
vn 0.623466 0.781802 0.008753
vn 0.532012 0.846692 0.008753
vn 0.433867 0.900934 0.008753
vn 0.330266 0.943847 0.008753
vn 0.222512 0.974891 0.008753
vn 0.111960 0.993674 0.008753
vn 0.000000 0.999962 0.008753
vn -0.111960 0.993674 0.008753
vn -0.222512 0.974891 0.008753
vn -0.330266 0.943847 0.008753
vn -0.433867 0.900934 0.008753
vn -0.532012 0.846692 0.008753
vn -0.623466 0.781802 0.008753
vn -0.707080 0.707080 0.008753
vn -0.781802 0.623466 0.008753
vn -0.846692 0.532012 0.008753
vn -0.900934 0.433867 0.008753
vn -0.943847 0.330266 0.008753
vn -0.974891 0.222512 0.008753
vn -0.993674 0.111960 0.008753
vn -0.999962 0.000000 0.008753
vn -0.993674 -0.111960 0.008753
vn -0.974891 -0.222512 0.008753
vn -0.943847 -0.330266 0.008753
vn -0.900934 -0.433867 0.008753
vn -0.846692 -0.532012 0.008753
vn -0.781802 -0.623466 0.008753
vn -0.707080 -0.707080 0.008753
vn -0.623466 -0.781802 0.008753
vn -0.532012 -0.846692 0.008753
vn -0.433867 -0.900934 0.008753
vn -0.330266 -0.943847 0.008753
vn -0.222512 -0.974891 0.008753
vn -0.111960 -0.993674 0.008753
vn -0.000000 -0.999962 0.008753
vn 0.111960 -0.993674 0.008753
vn 0.222512 -0.974891 0.008753
vn 0.330266 -0.943847 0.008753
vn 0.433867 -0.900934 0.008753
vn 0.532012 -0.846692 0.008753
vn 0.623466 -0.781802 0.008753
vn 0.707080 -0.707080 0.008753
vn 0.781802 -0.623466 0.008753
vn 0.846692 -0.532012 0.008753
vn 0.900934 -0.433867 0.008753
vn 0.943847 -0.330266 0.008753
vn 0.974891 -0.222512 0.008753
vn 0.993674 -0.111960 0.008753
vn 0.980785 0.000000 0.195090
vn 0.974618 0.109813 0.195090
vn 0.956195 0.218245 0.195090
vn 0.925747 0.323933 0.195090
vn 0.883657 0.425547 0.195090
vn 0.830455 0.521809 0.195090
vn 0.766809 0.611510 0.195090
vn 0.693520 0.693520 0.195090
vn 0.611510 0.766809 0.195090
vn 0.521809 0.830455 0.195090
vn 0.425547 0.883657 0.195090
vn 0.323933 0.925747 0.195090
vn 0.218245 0.956195 0.195090
vn 0.109813 0.974618 0.195090
vn 0.000000 0.980785 0.195090
vn -0.109813 0.974618 0.195090
vn -0.218245 0.956195 0.195090
vn -0.323933 0.925747 0.195090
vn -0.425547 0.883657 0.195090
vn -0.521809 0.830455 0.195090
vn -0.611510 0.766809 0.195090
vn -0.693520 0.693520 0.195090
vn -0.766809 0.611510 0.195090
vn -0.830455 0.521809 0.195090
vn -0.883657 0.425547 0.195090
vn -0.925747 0.323933 0.195090
vn -0.956195 0.218245 0.195090
vn -0.974618 0.109813 0.195090
vn -0.980785 0.000000 0.195090
vn -0.974618 -0.109813 0.195090
vn -0.956195 -0.218245 0.195090
vn -0.925747 -0.323933 0.195090
vn -0.883657 -0.425547 0.195090
vn -0.830455 -0.521809 0.195090
vn -0.766809 -0.611510 0.195090
vn -0.693520 -0.693520 0.195090
vn -0.611510 -0.766809 0.195090
vn -0.521809 -0.830455 0.195090
vn -0.425547 -0.883657 0.195090
vn -0.323933 -0.925747 0.195090
vn -0.218245 -0.956195 0.195090
vn -0.109813 -0.974618 0.195090
vn -0.000000 -0.980785 0.195090
vn 0.109813 -0.974618 0.195090
vn 0.218245 -0.956195 0.195090
vn 0.323933 -0.925747 0.195090
vn 0.425547 -0.883657 0.195090
vn 0.521809 -0.830455 0.195090
vn 0.611510 -0.766809 0.195090
vn 0.693520 -0.693520 0.195090
vn 0.766809 -0.611510 0.195090
vn 0.830455 -0.521809 0.195090
vn 0.883657 -0.425547 0.195090
vn 0.925747 -0.323933 0.195090
vn 0.956195 -0.218245 0.195090
vn 0.974618 -0.109813 0.195090
vn 0.923880 0.000000 0.382683
vn 0.918070 0.103442 0.382683
vn 0.900716 0.205583 0.382683
vn 0.872034 0.305138 0.382683
vn 0.832387 0.400856 0.382683
vn 0.782271 0.491534 0.382683
vn 0.722318 0.576029 0.382683
vn 0.653281 0.653281 0.382683
vn 0.576029 0.722318 0.382683
vn 0.491534 0.782271 0.382683
vn 0.400856 0.832387 0.382683
vn 0.305138 0.872034 0.382683
vn 0.205583 0.900716 0.382683
vn 0.103442 0.918070 0.382683
vn 0.000000 0.923880 0.382683
vn -0.103442 0.918070 0.382683
vn -0.205583 0.900716 0.382683
vn -0.305138 0.872034 0.382683
vn -0.400856 0.832387 0.382683
vn -0.491534 0.782271 0.382683
vn -0.576029 0.722318 0.382683
vn -0.653281 0.653281 0.382683
vn -0.722318 0.576029 0.382683
vn -0.782271 0.491534 0.382683
vn -0.832387 0.400856 0.382683
vn -0.872034 0.305138 0.382683
vn -0.900716 0.205583 0.382683
vn -0.918070 0.103442 0.382683
vn -0.923880 0.000000 0.382683
vn -0.918070 -0.103442 0.382683
vn -0.900716 -0.205583 0.382683
vn -0.872034 -0.305138 0.382683
vn -0.832387 -0.400856 0.382683
vn -0.782271 -0.491534 0.382683
vn -0.722318 -0.576029 0.382683
vn -0.653281 -0.653281 0.382683
vn -0.576029 -0.722318 0.382683
vn -0.491534 -0.782271 0.382683
vn -0.400856 -0.832387 0.382683
vn -0.305138 -0.872034 0.382683
vn -0.205583 -0.900716 0.382683
vn -0.103442 -0.918070 0.382683
vn -0.000000 -0.923880 0.382683
vn 0.103442 -0.918070 0.382683
vn 0.205583 -0.900716 0.382683
vn 0.305138 -0.872034 0.382683
vn 0.400856 -0.832387 0.382683
vn 0.491534 -0.782271 0.382683
vn 0.576029 -0.722318 0.382683
vn 0.653281 -0.653281 0.382683
vn 0.722318 -0.576029 0.382683
vn 0.782271 -0.491534 0.382683
vn 0.832387 -0.400856 0.382683
vn 0.872034 -0.305138 0.382683
vn 0.900716 -0.205583 0.382683
vn 0.918070 -0.103442 0.382683
vn 0.831470 0.000000 0.555570
vn 0.826242 0.093095 0.555570
vn 0.810623 0.185019 0.555570
vn 0.784810 0.274617 0.555570
vn 0.749128 0.360761 0.555570
vn 0.704025 0.442369 0.555570
vn 0.650069 0.518413 0.555570
vn 0.587938 0.587938 0.555570
vn 0.518413 0.650069 0.555570
vn 0.442369 0.704025 0.555570
vn 0.360761 0.749128 0.555570
vn 0.274617 0.784810 0.555570
vn 0.185019 0.810623 0.555570
vn 0.093095 0.826242 0.555570
vn 0.000000 0.831470 0.555570
vn -0.093095 0.826242 0.555570
vn -0.185019 0.810623 0.555570
vn -0.274617 0.784810 0.555570
vn -0.360761 0.749128 0.555570
vn -0.442369 0.704025 0.555570
vn -0.518413 0.650069 0.555570
vn -0.587938 0.587938 0.555570
vn -0.650069 0.518413 0.555570
vn -0.704025 0.442369 0.555570
vn -0.749128 0.360761 0.555570
vn -0.784810 0.274617 0.555570
vn -0.810623 0.185019 0.555570
vn -0.826242 0.093095 0.555570
vn -0.831470 0.000000 0.555570
vn -0.826242 -0.093095 0.555570
vn -0.810623 -0.185019 0.555570
vn -0.784810 -0.274617 0.555570
vn -0.749128 -0.360761 0.555570
vn -0.704025 -0.442369 0.555570
vn -0.650069 -0.518413 0.555570
vn -0.587938 -0.587938 0.555570
vn -0.518413 -0.650069 0.555570
vn -0.442369 -0.704025 0.555570
vn -0.360761 -0.749128 0.555570
vn -0.274617 -0.784810 0.555570
vn -0.185019 -0.810623 0.555570
vn -0.093095 -0.826242 0.555570
vn -0.000000 -0.831470 0.555570
vn 0.093095 -0.826242 0.555570
vn 0.185019 -0.810623 0.555570
vn 0.274617 -0.784810 0.555570
vn 0.360761 -0.749128 0.555570
vn 0.442369 -0.704025 0.555570
vn 0.518413 -0.650069 0.555570
vn 0.587938 -0.587938 0.555570
vn 0.650069 -0.518413 0.555570
vn 0.704025 -0.442369 0.555570
vn 0.749128 -0.360761 0.555570
vn 0.784810 -0.274617 0.555570
vn 0.810623 -0.185019 0.555570
vn 0.826242 -0.093095 0.555570
vn 0.707107 0.000000 0.707107
vn 0.702661 0.079171 0.707107
vn 0.689378 0.157346 0.707107
vn 0.667426 0.233543 0.707107
vn 0.637081 0.306802 0.707107
vn 0.598724 0.376203 0.707107
vn 0.552838 0.440874 0.707107
vn 0.500000 0.500000 0.707107
vn 0.440874 0.552838 0.707107
vn 0.376203 0.598724 0.707107
vn 0.306802 0.637081 0.707107
vn 0.233543 0.667426 0.707107
vn 0.157346 0.689378 0.707107
vn 0.079171 0.702661 0.707107
vn 0.000000 0.707107 0.707107
vn -0.079171 0.702661 0.707107
vn -0.157346 0.689378 0.707107
vn -0.233543 0.667426 0.707107
vn -0.306802 0.637081 0.707107
vn -0.376203 0.598724 0.707107
vn -0.440874 0.552838 0.707107
vn -0.500000 0.500000 0.707107
vn -0.552838 0.440874 0.707107
vn -0.598724 0.376203 0.707107
vn -0.637081 0.306802 0.707107
vn -0.667426 0.233543 0.707107
vn -0.689378 0.157346 0.707107
vn -0.702661 0.079171 0.707107
vn -0.707107 0.000000 0.707107
vn -0.702661 -0.079171 0.707107
vn -0.689378 -0.157346 0.707107
vn -0.667426 -0.233543 0.707107
vn -0.637081 -0.306802 0.707107
vn -0.598724 -0.376203 0.707107
vn -0.552838 -0.440874 0.707107
vn -0.500000 -0.500000 0.707107
vn -0.440874 -0.552838 0.707107
vn -0.376203 -0.598724 0.707107
vn -0.306802 -0.637081 0.707107
vn -0.233543 -0.667426 0.707107
vn -0.157346 -0.689378 0.707107
vn -0.079171 -0.702661 0.707107
vn -0.000000 -0.707107 0.707107
vn 0.079171 -0.702661 0.707107
vn 0.157346 -0.689378 0.707107
vn 0.233543 -0.667426 0.707107
vn 0.306802 -0.637081 0.707107
vn 0.376203 -0.598724 0.707107
vn 0.440874 -0.552838 0.707107
vn 0.500000 -0.500000 0.707107
vn 0.552838 -0.440874 0.707107
vn 0.598724 -0.376203 0.707107
vn 0.637081 -0.306802 0.707107
vn 0.667426 -0.233543 0.707107
vn 0.689378 -0.157346 0.707107
vn 0.702661 -0.079171 0.707107
vn 0.555570 0.000000 0.831470
vn 0.552077 0.062204 0.831470
vn 0.541641 0.123626 0.831470
vn 0.524393 0.183493 0.831470
vn 0.500551 0.241053 0.831470
vn 0.470415 0.295581 0.831470
vn 0.434362 0.346392 0.831470
vn 0.392847 0.392847 0.831470
vn 0.346392 0.434362 0.831470
vn 0.295581 0.470415 0.831470
vn 0.241053 0.500551 0.831470
vn 0.183493 0.524393 0.831470
vn 0.123626 0.541641 0.831470
vn 0.062204 0.552077 0.831470
vn 0.000000 0.555570 0.831470
vn -0.062204 0.552077 0.831470
vn -0.123626 0.541641 0.831470
vn -0.183493 0.524393 0.831470
vn -0.241053 0.500551 0.831470
vn -0.295581 0.470415 0.831470
vn -0.346392 0.434362 0.831470
vn -0.392847 0.392847 0.831470
vn -0.434362 0.346392 0.831470
vn -0.470415 0.295581 0.831470
vn -0.500551 0.241053 0.831470
vn -0.524393 0.183493 0.831470
vn -0.541641 0.123626 0.831470
vn -0.552077 0.062204 0.831470
vn -0.555570 0.000000 0.831470
vn -0.552077 -0.062204 0.831470
vn -0.541641 -0.123626 0.831470
vn -0.524393 -0.183493 0.831470
vn -0.500551 -0.241053 0.831470
vn -0.470415 -0.295581 0.831470
vn -0.434362 -0.346392 0.831470
vn -0.392847 -0.392847 0.831470
vn -0.346392 -0.434362 0.831470
vn -0.295581 -0.470415 0.831470
vn -0.241053 -0.500551 0.831470
vn -0.183493 -0.524393 0.831470
vn -0.123626 -0.541641 0.831470
vn -0.062204 -0.552077 0.831470
vn -0.000000 -0.555570 0.831470
vn 0.062204 -0.552077 0.831470
vn 0.123626 -0.541641 0.831470
vn 0.183493 -0.524393 0.831470
vn 0.241053 -0.500551 0.831470
vn 0.295581 -0.470415 0.831470
vn 0.346392 -0.434362 0.831470
vn 0.392847 -0.392847 0.831470
vn 0.434362 -0.346392 0.831470
vn 0.470415 -0.295581 0.831470
vn 0.500551 -0.241053 0.831470
vn 0.524393 -0.183493 0.831470
vn 0.541641 -0.123626 0.831470
vn 0.552077 -0.062204 0.831470
vn 0.382683 0.000000 0.923880
vn 0.380277 0.042847 0.923880
vn 0.373089 0.085155 0.923880
vn 0.361209 0.126392 0.923880
vn 0.344786 0.166040 0.923880
vn 0.324027 0.203600 0.923880
vn 0.299194 0.238599 0.923880
vn 0.270598 0.270598 0.923880
vn 0.238599 0.299194 0.923880
vn 0.203600 0.324027 0.923880
vn 0.166040 0.344786 0.923880
vn 0.126392 0.361209 0.923880
vn 0.085155 0.373089 0.923880
vn 0.042847 0.380277 0.923880
vn 0.000000 0.382683 0.923880
vn -0.042847 0.380277 0.923880
vn -0.085155 0.373089 0.923880
vn -0.126392 0.361209 0.923880
vn -0.166040 0.344786 0.923880
vn -0.203600 0.324027 0.923880
vn -0.238599 0.299194 0.923880
vn -0.270598 0.270598 0.923880
vn -0.299194 0.238599 0.923880
vn -0.324027 0.203600 0.923880
vn -0.344786 0.166040 0.923880
vn -0.361209 0.126392 0.923880
vn -0.373089 0.085155 0.923880
vn -0.380277 0.042847 0.923880
vn -0.382683 0.000000 0.923880
vn -0.380277 -0.042847 0.923880
vn -0.373089 -0.085155 0.923880
vn -0.361209 -0.126392 0.923880
vn -0.344786 -0.166040 0.923880
vn -0.324027 -0.203600 0.923880
vn -0.299194 -0.238599 0.923880
vn -0.270598 -0.270598 0.923880
vn -0.238599 -0.299194 0.923880
vn -0.203600 -0.324027 0.923880
vn -0.166040 -0.344786 0.923880
vn -0.126392 -0.361209 0.923880
vn -0.085155 -0.373089 0.923880
vn -0.042847 -0.380277 0.923880
vn -0.000000 -0.382683 0.923880
vn 0.042847 -0.380277 0.923880
vn 0.085155 -0.373089 0.923880
vn 0.126392 -0.361209 0.923880
vn 0.166040 -0.344786 0.923880
vn 0.203600 -0.324027 0.923880
vn 0.238599 -0.299194 0.923880
vn 0.270598 -0.270598 0.923880
vn 0.299194 -0.238599 0.923880
vn 0.324027 -0.203600 0.923880
vn 0.344786 -0.166040 0.923880
vn 0.361209 -0.126392 0.923880
vn 0.373089 -0.085155 0.923880
vn 0.380277 -0.042847 0.923880
vn 0.195090 0.000000 0.980785
vn 0.193864 0.021843 0.980785
vn 0.190199 0.043412 0.980785
vn 0.184143 0.064434 0.980785
vn 0.175770 0.084647 0.980785
vn 0.165188 0.103794 0.980785
vn 0.152528 0.121637 0.980785
vn 0.137950 0.137950 0.980785
vn 0.121637 0.152528 0.980785
vn 0.103794 0.165188 0.980785
vn 0.084647 0.175770 0.980785
vn 0.064434 0.184143 0.980785
vn 0.043412 0.190199 0.980785
vn 0.021843 0.193864 0.980785
vn 0.000000 0.195090 0.980785
vn -0.021843 0.193864 0.980785
vn -0.043412 0.190199 0.980785
vn -0.064434 0.184143 0.980785
vn -0.084647 0.175770 0.980785
vn -0.103794 0.165188 0.980785
vn -0.121637 0.152528 0.980785
vn -0.137950 0.137950 0.980785
vn -0.152528 0.121637 0.980785
vn -0.165188 0.103794 0.980785
vn -0.175770 0.084647 0.980785
vn -0.184143 0.064434 0.980785
vn -0.190199 0.043412 0.980785
vn -0.193864 0.021843 0.980785
vn -0.195090 0.000000 0.980785
vn -0.193864 -0.021843 0.980785
vn -0.190199 -0.043412 0.980785
vn -0.184143 -0.064434 0.980785
vn -0.175770 -0.084647 0.980785
vn -0.165188 -0.103794 0.980785
vn -0.152528 -0.121637 0.980785
vn -0.137950 -0.137950 0.980785
vn -0.121637 -0.152528 0.980785
vn -0.103794 -0.165188 0.980785
vn -0.084647 -0.175770 0.980785
vn -0.064434 -0.184143 0.980785
vn -0.043412 -0.190199 0.980785
vn -0.021843 -0.193864 0.980785
vn -0.000000 -0.195090 0.980785
vn 0.021843 -0.193864 0.980785
vn 0.043412 -0.190199 0.980785
vn 0.064434 -0.184143 0.980785
vn 0.084647 -0.175770 0.980785
vn 0.103794 -0.165188 0.980785
vn 0.121637 -0.152528 0.980785
vn 0.137950 -0.137950 0.980785
vn 0.152528 -0.121637 0.980785
vn 0.165188 -0.103794 0.980785
vn 0.175770 -0.084647 0.980785
vn 0.184143 -0.064434 0.980785
vn 0.190199 -0.043412 0.980785
vn 0.193864 -0.021843 0.980785
vn 0.098017 0.000000 0.995185
vn 0.097401 0.010974 0.995185
vn 0.095560 0.021811 0.995185
vn 0.092517 0.032373 0.995185
vn 0.088310 0.042528 0.995185
vn 0.082993 0.052148 0.995185
vn 0.076633 0.061113 0.995185
vn 0.069309 0.069309 0.995185
vn 0.061113 0.076633 0.995185
vn 0.052148 0.082993 0.995185
vn 0.042528 0.088310 0.995185
vn 0.032373 0.092517 0.995185
vn 0.021811 0.095560 0.995185
vn 0.010974 0.097401 0.995185
vn 0.000000 0.098017 0.995185
vn -0.010974 0.097401 0.995185
vn -0.021811 0.095560 0.995185
vn -0.032373 0.092517 0.995185
vn -0.042528 0.088310 0.995185
vn -0.052148 0.082993 0.995185
vn -0.061113 0.076633 0.995185
vn -0.069309 0.069309 0.995185
vn -0.076633 0.061113 0.995185
vn -0.082993 0.052148 0.995185
vn -0.088310 0.042528 0.995185
vn -0.092517 0.032373 0.995185
vn -0.095560 0.021811 0.995185
vn -0.097401 0.010974 0.995185
vn -0.098017 0.000000 0.995185
vn -0.097401 -0.010974 0.995185
vn -0.095560 -0.021811 0.995185
vn -0.092517 -0.032373 0.995185
vn -0.088310 -0.042528 0.995185
vn -0.082993 -0.052148 0.995185
vn -0.076633 -0.061113 0.995185
vn -0.069309 -0.069309 0.995185
vn -0.061113 -0.076633 0.995185
vn -0.052148 -0.082993 0.995185
vn -0.042528 -0.088310 0.995185
vn -0.032373 -0.092517 0.995185
vn -0.021811 -0.095560 0.995185
vn -0.010974 -0.097401 0.995185
vn -0.000000 -0.098017 0.995185
vn 0.010974 -0.097401 0.995185
vn 0.021811 -0.095560 0.995185
vn 0.032373 -0.092517 0.995185
vn 0.042528 -0.088310 0.995185
vn 0.052148 -0.082993 0.995185
vn 0.061113 -0.076633 0.995185
vn 0.069309 -0.069309 0.995185
vn 0.076633 -0.061113 0.995185
vn 0.082993 -0.052148 0.995185
vn 0.088310 -0.042528 0.995185
vn 0.092517 -0.032373 0.995185
vn 0.095560 -0.021811 0.995185
vn 0.097401 -0.010974 0.995185
vn 0.000000 0.000000 -0.000000
vn 0.000000 0.000000 -0.000000
vn 0.000000 0.000000 -0.000000
vn 0.000000 0.000000 -0.000000
vn 0.000000 0.000000 -0.000000
vn 0.000000 0.000000 -0.000000
vn 0.000000 0.000000 -0.000000
vn 0.000000 0.000000 -0.000000
vn 0.000000 0.000000 -0.000000
vn 0.000000 0.000000 -0.000000
vn 0.000000 0.000000 -0.000000
vn 0.000000 0.000000 -0.000000
vn 0.000000 0.000000 -0.000000
vn 0.000000 0.000000 -0.000000
vn 0.000000 0.000000 -0.000000
vn -0.000000 0.000000 -0.000000
vn -0.000000 0.000000 -0.000000
vn -0.000000 0.000000 -0.000000
vn -0.000000 0.000000 -0.000000
vn -0.000000 0.000000 -0.000000
vn -0.000000 0.000000 -0.000000
vn -0.000000 0.000000 -0.000000
vn -0.000000 0.000000 -0.000000
vn -0.000000 0.000000 -0.000000
vn -0.000000 0.000000 -0.000000
vn -0.000000 0.000000 -0.000000
vn -0.000000 0.000000 -0.000000
vn -0.000000 0.000000 -0.000000
vn -0.000000 0.000000 -0.000000
vn -0.000000 -0.000000 -0.000000
vn -0.000000 -0.000000 -0.000000
vn -0.000000 -0.000000 -0.000000
vn -0.000000 -0.000000 -0.000000
vn -0.000000 -0.000000 -0.000000
vn -0.000000 -0.000000 -0.000000
vn -0.000000 -0.000000 -0.000000
vn -0.000000 -0.000000 -0.000000
vn -0.000000 -0.000000 -0.000000
vn -0.000000 -0.000000 -0.000000
vn -0.000000 -0.000000 -0.000000
vn -0.000000 -0.000000 -0.000000
vn -0.000000 -0.000000 -0.000000
vn -0.000000 -0.000000 -0.000000
vn 0.000000 -0.000000 -0.000000
vn 0.000000 -0.000000 -0.000000
vn 0.000000 -0.000000 -0.000000
vn 0.000000 -0.000000 -0.000000
vn 0.000000 -0.000000 -0.000000
vn 0.000000 -0.000000 -0.000000
vn 0.000000 -0.000000 -0.000000
vn 0.000000 -0.000000 -0.000000
vn 0.000000 -0.000000 -0.000000
vn 0.000000 -0.000000 -0.000000
vn 0.000000 -0.000000 -0.000000
vn 0.000000 -0.000000 -0.000000
vn 0.000000 -0.000000 -0.000000
vn 0.000000 0.000000 -0.000000
vn 0.000000 0.000000 -0.000000
vn 0.000000 0.000000 -0.000000
vn 0.000000 0.000000 -0.000000
vn 0.000000 0.000000 -0.000000
vn 0.000000 0.000000 -0.000000
vn 0.000000 0.000000 -0.000000
vn 0.000000 0.000000 -0.000000
vn 0.000000 0.000000 -0.000000
vn 0.000000 0.000000 -0.000000
vn 0.000000 0.000000 -0.000000
vn 0.000000 0.000000 -0.000000
vn 0.000000 0.000000 -0.000000
vn 0.000000 0.000000 -0.000000
vn 0.000000 0.000000 -0.000000
vn -0.000000 0.000000 -0.000000
vn -0.000000 0.000000 -0.000000
vn -0.000000 0.000000 -0.000000
vn -0.000000 0.000000 -0.000000
vn -0.000000 0.000000 -0.000000
vn -0.000000 0.000000 -0.000000
vn -0.000000 0.000000 -0.000000
vn -0.000000 0.000000 -0.000000
vn -0.000000 0.000000 -0.000000
vn -0.000000 0.000000 -0.000000
vn -0.000000 0.000000 -0.000000
vn -0.000000 0.000000 -0.000000
vn -0.000000 0.000000 -0.000000
vn -0.000000 0.000000 -0.000000
vn -0.000000 -0.000000 -0.000000
vn -0.000000 -0.000000 -0.000000
vn -0.000000 -0.000000 -0.000000
vn -0.000000 -0.000000 -0.000000
vn -0.000000 -0.000000 -0.000000
vn -0.000000 -0.000000 -0.000000
vn -0.000000 -0.000000 -0.000000
vn -0.000000 -0.000000 -0.000000
vn -0.000000 -0.000000 -0.000000
vn -0.000000 -0.000000 -0.000000
vn -0.000000 -0.000000 -0.000000
vn -0.000000 -0.000000 -0.000000
vn -0.000000 -0.000000 -0.000000
vn -0.000000 -0.000000 -0.000000
vn 0.000000 -0.000000 -0.000000
vn 0.000000 -0.000000 -0.000000
vn 0.000000 -0.000000 -0.000000
vn 0.000000 -0.000000 -0.000000
vn 0.000000 -0.000000 -0.000000
vn 0.000000 -0.000000 -0.000000
vn 0.000000 -0.000000 -0.000000
vn 0.000000 -0.000000 -0.000000
vn 0.000000 -0.000000 -0.000000
vn 0.000000 -0.000000 -0.000000
vn 0.000000 -0.000000 -0.000000
vn 0.000000 -0.000000 -0.000000
vn 0.000000 -0.000000 -0.000000
vn 0.000000 0.000000 1.000000
vn 0.000000 0.000000 1.000000
vn 0.000000 0.000000 1.000000
vn 0.000000 0.000000 1.000000
vn 0.000000 0.000000 1.000000
vn 0.000000 0.000000 1.000000
vn 0.000000 0.000000 1.000000
vn 0.000000 0.000000 1.000000
vn 0.000000 0.000000 1.000000
vn 0.000000 0.000000 1.000000
vn 0.000000 0.000000 1.000000
vn 0.000000 0.000000 1.000000
vn 0.000000 0.000000 1.000000
vn 0.000000 0.000000 1.000000
vn 0.000000 0.000000 1.000000
vn -0.000000 0.000000 1.000000
vn -0.000000 0.000000 1.000000
vn -0.000000 0.000000 1.000000
vn -0.000000 0.000000 1.000000
vn -0.000000 0.000000 1.000000
vn -0.000000 0.000000 1.000000
vn -0.000000 0.000000 1.000000
vn -0.000000 0.000000 1.000000
vn -0.000000 0.000000 1.000000
vn -0.000000 0.000000 1.000000
vn -0.000000 0.000000 1.000000
vn -0.000000 0.000000 1.000000
vn -0.000000 0.000000 1.000000
vn -0.000000 0.000000 1.000000
vn -0.000000 -0.000000 1.000000
vn -0.000000 -0.000000 1.000000
vn -0.000000 -0.000000 1.000000
vn -0.000000 -0.000000 1.000000
vn -0.000000 -0.000000 1.000000
vn -0.000000 -0.000000 1.000000
vn -0.000000 -0.000000 1.000000
vn -0.000000 -0.000000 1.000000
vn -0.000000 -0.000000 1.000000
vn -0.000000 -0.000000 1.000000
vn -0.000000 -0.000000 1.000000
vn -0.000000 -0.000000 1.000000
vn -0.000000 -0.000000 1.000000
vn -0.000000 -0.000000 1.000000
vn 0.000000 -0.000000 1.000000
vn 0.000000 -0.000000 1.000000
vn 0.000000 -0.000000 1.000000
vn 0.000000 -0.000000 1.000000
vn 0.000000 -0.000000 1.000000
vn 0.000000 -0.000000 1.000000
vn 0.000000 -0.000000 1.000000
vn 0.000000 -0.000000 1.000000
vn 0.000000 -0.000000 1.000000
vn 0.000000 -0.000000 1.000000
vn 0.000000 -0.000000 1.000000
vn 0.000000 -0.000000 1.000000
vn 0.000000 -0.000000 1.000000
vn 0.000000 0.000000 1.000000
vn 0.000000 0.000000 1.000000
vn 0.000000 0.000000 1.000000
vn 0.000000 0.000000 1.000000
vn 0.000000 0.000000 1.000000
vn 0.000000 0.000000 1.000000
vn 0.000000 0.000000 1.000000
vn 0.000000 0.000000 1.000000
vn 0.000000 0.000000 1.000000
vn 0.000000 0.000000 1.000000
vn 0.000000 0.000000 1.000000
vn 0.000000 0.000000 1.000000
vn 0.000000 0.000000 1.000000
vn 0.000000 0.000000 1.000000
vn 0.000000 0.000000 1.000000
vn -0.000000 0.000000 1.000000
vn -0.000000 0.000000 1.000000
vn -0.000000 0.000000 1.000000
vn -0.000000 0.000000 1.000000
vn -0.000000 0.000000 1.000000
vn -0.000000 0.000000 1.000000
vn -0.000000 0.000000 1.000000
vn -0.000000 0.000000 1.000000
vn -0.000000 0.000000 1.000000
vn -0.000000 0.000000 1.000000
vn -0.000000 0.000000 1.000000
vn -0.000000 0.000000 1.000000
vn -0.000000 0.000000 1.000000
vn -0.000000 0.000000 1.000000
vn -0.000000 -0.000000 1.000000
vn -0.000000 -0.000000 1.000000
vn -0.000000 -0.000000 1.000000
vn -0.000000 -0.000000 1.000000
vn -0.000000 -0.000000 1.000000
vn -0.000000 -0.000000 1.000000
vn -0.000000 -0.000000 1.000000
vn -0.000000 -0.000000 1.000000
vn -0.000000 -0.000000 1.000000
vn -0.000000 -0.000000 1.000000
vn -0.000000 -0.000000 1.000000
vn -0.000000 -0.000000 1.000000
vn -0.000000 -0.000000 1.000000
vn -0.000000 -0.000000 1.000000
vn 0.000000 -0.000000 1.000000
vn 0.000000 -0.000000 1.000000
vn 0.000000 -0.000000 1.000000
vn 0.000000 -0.000000 1.000000
vn 0.000000 -0.000000 1.000000
vn 0.000000 -0.000000 1.000000
vn 0.000000 -0.000000 1.000000
vn 0.000000 -0.000000 1.000000
vn 0.000000 -0.000000 1.000000
vn 0.000000 -0.000000 1.000000
vn 0.000000 -0.000000 1.000000
vn 0.000000 -0.000000 1.000000
vn 0.000000 -0.000000 1.000000
g collar
f 1//1 2//2 58//58 57//57
f 2//2 3//3 59//59 58//58
f 3//3 4//4 60//60 59//59
f 4//4 5//5 61//61 60//60
f 5//5 6//6 62//62 61//61
f 6//6 7//7 63//63 62//62
f 7//7 8//8 64//64 63//63
f 8//8 9//9 65//65 64//64
f 9//9 10//10 66//66 65//65
f 10//10 11//11 67//67 66//66
f 11//11 12//12 68//68 67//67
f 12//12 13//13 69//69 68//68
f 13//13 14//14 70//70 69//69
f 14//14 15//15 71//71 70//70
f 15//15 16//16 72//72 71//71
f 16//16 17//17 73//73 72//72
f 17//17 18//18 74//74 73//73
f 18//18 19//19 75//75 74//74
f 19//19 20//20 76//76 75//75
f 20//20 21//21 77//77 76//76
f 21//21 22//22 78//78 77//77
f 22//22 23//23 79//79 78//78
f 23//23 24//24 80//80 79//79
f 24//24 25//25 81//81 80//80
f 25//25 26//26 82//82 81//81
f 26//26 27//27 83//83 82//82
f 27//27 28//28 84//84 83//83
f 28//28 29//29 85//85 84//84
f 29//29 30//30 86//86 85//85
f 30//30 31//31 87//87 86//86
f 31//31 32//32 88//88 87//87
f 32//32 33//33 89//89 88//88
f 33//33 34//34 90//90 89//89
f 34//34 35//35 91//91 90//90
f 35//35 36//36 92//92 91//91
f 36//36 37//37 93//93 92//92
f 37//37 38//38 94//94 93//93
f 38//38 39//39 95//95 94//94
f 39//39 40//40 96//96 95//95
f 40//40 41//41 97//97 96//96
f 41//41 42//42 98//98 97//97
f 42//42 43//43 99//99 98//98
f 43//43 44//44 100//100 99//99
f 44//44 45//45 101//101 100//100
f 45//45 46//46 102//102 101//101
f 46//46 47//47 103//103 102//102
f 47//47 48//48 104//104 103//103
f 48//48 49//49 105//105 104//104
f 49//49 50//50 106//106 105//105
f 50//50 51//51 107//107 106//106
f 51//51 52//52 108//108 107//107
f 52//52 53//53 109//109 108//108
f 53//53 54//54 110//110 109//109
f 54//54 55//55 111//111 110//110
f 55//55 56//56 112//112 111//111
f 56//56 1//1 57//57 112//112
f 57//57 58//58 114//114 113//113
f 58//58 59//59 115//115 114//114
f 59//59 60//60 116//116 115//115
f 60//60 61//61 117//117 116//116
f 61//61 62//62 118//118 117//117
f 62//62 63//63 119//119 118//118
f 63//63 64//64 120//120 119//119
f 64//64 65//65 121//121 120//120
f 65//65 66//66 122//122 121//121
f 66//66 67//67 123//123 122//122
f 67//67 68//68 124//124 123//123
f 68//68 69//69 125//125 124//124
f 69//69 70//70 126//126 125//125
f 70//70 71//71 127//127 126//126
f 71//71 72//72 128//128 127//127
f 72//72 73//73 129//129 128//128
f 73//73 74//74 130//130 129//129
f 74//74 75//75 131//131 130//130
f 75//75 76//76 132//132 131//131
f 76//76 77//77 133//133 132//132
f 77//77 78//78 134//134 133//133
f 78//78 79//79 135//135 134//134
f 79//79 80//80 136//136 135//135
f 80//80 81//81 137//137 136//136
f 81//81 82//82 138//138 137//137
f 82//82 83//83 139//139 138//138
f 83//83 84//84 140//140 139//139
f 84//84 85//85 141//141 140//140
f 85//85 86//86 142//142 141//141
f 86//86 87//87 143//143 142//142
f 87//87 88//88 144//144 143//143
f 88//88 89//89 145//145 144//144
f 89//89 90//90 146//146 145//145
f 90//90 91//91 147//147 146//146
f 91//91 92//92 148//148 147//147
f 92//92 93//93 149//149 148//148
f 93//93 94//94 150//150 149//149
f 94//94 95//95 151//151 150//150
f 95//95 96//96 152//152 151//151
f 96//96 97//97 153//153 152//152
f 97//97 98//98 154//154 153//153
f 98//98 99//99 155//155 154//154
f 99//99 100//100 156//156 155//155
f 100//100 101//101 157//157 156//156
f 101//101 102//102 158//158 157//157
f 102//102 103//103 159//159 158//158
f 103//103 104//104 160//160 159//159
f 104//104 105//105 161//161 160//160
f 105//105 106//106 162//162 161//161
f 106//106 107//107 163//163 162//162
f 107//107 108//108 164//164 163//163
f 108//108 109//109 165//165 164//164
f 109//109 110//110 166//166 165//165
f 110//110 111//111 167//167 166//166
f 111//111 112//112 168//168 167//167
f 112//112 57//57 113//113 168//168
f 113//113 114//114 170//170 169//169
f 114//114 115//115 171//171 170//170
f 115//115 116//116 172//172 171//171
f 116//116 117//117 173//173 172//172
f 117//117 118//118 174//174 173//173
f 118//118 119//119 175//175 174//174
f 119//119 120//120 176//176 175//175
f 120//120 121//121 177//177 176//176
f 121//121 122//122 178//178 177//177
f 122//122 123//123 179//179 178//178
f 123//123 124//124 180//180 179//179
f 124//124 125//125 181//181 180//180
f 125//125 126//126 182//182 181//181
f 126//126 127//127 183//183 182//182
f 127//127 128//128 184//184 183//183
f 128//128 129//129 185//185 184//184
f 129//129 130//130 186//186 185//185
f 130//130 131//131 187//187 186//186
f 131//131 132//132 188//188 187//187
f 132//132 133//133 189//189 188//188
f 133//133 134//134 190//190 189//189
f 134//134 135//135 191//191 190//190
f 135//135 136//136 192//192 191//191
f 136//136 137//137 193//193 192//192
f 137//137 138//138 194//194 193//193
f 138//138 139//139 195//195 194//194
f 139//139 140//140 196//196 195//195
f 140//140 141//141 197//197 196//196
f 141//141 142//142 198//198 197//197
f 142//142 143//143 199//199 198//198
f 143//143 144//144 200//200 199//199
f 144//144 145//145 201//201 200//200
f 145//145 146//146 202//202 201//201
f 146//146 147//147 203//203 202//202
f 147//147 148//148 204//204 203//203
f 148//148 149//149 205//205 204//204
f 149//149 150//150 206//206 205//205
f 150//150 151//151 207//207 206//206
f 151//151 152//152 208//208 207//207
f 152//152 153//153 209//209 208//208
f 153//153 154//154 210//210 209//209
f 154//154 155//155 211//211 210//210
f 155//155 156//156 212//212 211//211
f 156//156 157//157 213//213 212//212
f 157//157 158//158 214//214 213//213
f 158//158 159//159 215//215 214//214
f 159//159 160//160 216//216 215//215
f 160//160 161//161 217//217 216//216
f 161//161 162//162 218//218 217//217
f 162//162 163//163 219//219 218//218
f 163//163 164//164 220//220 219//219
f 164//164 165//165 221//221 220//220
f 165//165 166//166 222//222 221//221
f 166//166 167//167 223//223 222//222
f 167//167 168//168 224//224 223//223
f 168//168 113//113 169//169 224//224
f 169//169 170//170 226//226 225//225
f 170//170 171//171 227//227 226//226
f 171//171 172//172 228//228 227//227
f 172//172 173//173 229//229 228//228
f 173//173 174//174 230//230 229//229
f 174//174 175//175 231//231 230//230
f 175//175 176//176 232//232 231//231
f 176//176 177//177 233//233 232//232
f 177//177 178//178 234//234 233//233
f 178//178 179//179 235//235 234//234
f 179//179 180//180 236//236 235//235
f 180//180 181//181 237//237 236//236
f 181//181 182//182 238//238 237//237
f 182//182 183//183 239//239 238//238
f 183//183 184//184 240//240 239//239
f 184//184 185//185 241//241 240//240
f 185//185 186//186 242//242 241//241
f 186//186 187//187 243//243 242//242
f 187//187 188//188 244//244 243//243
f 188//188 189//189 245//245 244//244
f 189//189 190//190 246//246 245//245
f 190//190 191//191 247//247 246//246
f 191//191 192//192 248//248 247//247
f 192//192 193//193 249//249 248//248
f 193//193 194//194 250//250 249//249
f 194//194 195//195 251//251 250//250
f 195//195 196//196 252//252 251//251
f 196//196 197//197 253//253 252//252
f 197//197 198//198 254//254 253//253
f 198//198 199//199 255//255 254//254
f 199//199 200//200 256//256 255//255
f 200//200 201//201 257//257 256//256
f 201//201 202//202 258//258 257//257
f 202//202 203//203 259//259 258//258
f 203//203 204//204 260//260 259//259
f 204//204 205//205 261//261 260//260
f 205//205 206//206 262//262 261//261
f 206//206 207//207 263//263 262//262
f 207//207 208//208 264//264 263//263
f 208//208 209//209 265//265 264//264
f 209//209 210//210 266//266 265//265
f 210//210 211//211 267//267 266//266
f 211//211 212//212 268//268 267//267
f 212//212 213//213 269//269 268//268
f 213//213 214//214 270//270 269//269
f 214//214 215//215 271//271 270//270
f 215//215 216//216 272//272 271//271
f 216//216 217//217 273//273 272//272
f 217//217 218//218 274//274 273//273
f 218//218 219//219 275//275 274//274
f 219//219 220//220 276//276 275//275
f 220//220 221//221 277//277 276//276
f 221//221 222//222 278//278 277//277
f 222//222 223//223 279//279 278//278
f 223//223 224//224 280//280 279//279
f 224//224 169//169 225//225 280//280
f 225//225 226//226 282//282 281//281
f 226//226 227//227 283//283 282//282
f 227//227 228//228 284//284 283//283
f 228//228 229//229 285//285 284//284
f 229//229 230//230 286//286 285//285
f 230//230 231//231 287//287 286//286
f 231//231 232//232 288//288 287//287
f 232//232 233//233 289//289 288//288
f 233//233 234//234 290//290 289//289
f 234//234 235//235 291//291 290//290
f 235//235 236//236 292//292 291//291
f 236//236 237//237 293//293 292//292
f 237//237 238//238 294//294 293//293
f 238//238 239//239 295//295 294//294
f 239//239 240//240 296//296 295//295
f 240//240 241//241 297//297 296//296
f 241//241 242//242 298//298 297//297
f 242//242 243//243 299//299 298//298
f 243//243 244//244 300//300 299//299
f 244//244 245//245 301//301 300//300
f 245//245 246//246 302//302 301//301
f 246//246 247//247 303//303 302//302
f 247//247 248//248 304//304 303//303
f 248//248 249//249 305//305 304//304
f 249//249 250//250 306//306 305//305
f 250//250 251//251 307//307 306//306
f 251//251 252//252 308//308 307//307
f 252//252 253//253 309//309 308//308
f 253//253 254//254 310//310 309//309
f 254//254 255//255 311//311 310//310
f 255//255 256//256 312//312 311//311
f 256//256 257//257 313//313 312//312
f 257//257 258//258 314//314 313//313
f 258//258 259//259 315//315 314//314
f 259//259 260//260 316//316 315//315
f 260//260 261//261 317//317 316//316
f 261//261 262//262 318//318 317//317
f 262//262 263//263 319//319 318//318
f 263//263 264//264 320//320 319//319
f 264//264 265//265 321//321 320//320
f 265//265 266//266 322//322 321//321
f 266//266 267//267 323//323 322//322
f 267//267 268//268 324//324 323//323
f 268//268 269//269 325//325 324//324
f 269//269 270//270 326//326 325//325
f 270//270 271//271 327//327 326//326
f 271//271 272//272 328//328 327//327
f 272//272 273//273 329//329 328//328
f 273//273 274//274 330//330 329//329
f 274//274 275//275 331//331 330//330
f 275//275 276//276 332//332 331//331
f 276//276 277//277 333//333 332//332
f 277//277 278//278 334//334 333//333
f 278//278 279//279 335//335 334//334
f 279//279 280//280 336//336 335//335
f 280//280 225//225 281//281 336//336
f 281//281 282//282 338//338 337//337
f 282//282 283//283 339//339 338//338
f 283//283 284//284 340//340 339//339
f 284//284 285//285 341//341 340//340
f 285//285 286//286 342//342 341//341
f 286//286 287//287 343//343 342//342
f 287//287 288//288 344//344 343//343
f 288//288 289//289 345//345 344//344
f 289//289 290//290 346//346 345//345
f 290//290 291//291 347//347 346//346
f 291//291 292//292 348//348 347//347
f 292//292 293//293 349//349 348//348
f 293//293 294//294 350//350 349//349
f 294//294 295//295 351//351 350//350
f 295//295 296//296 352//352 351//351
f 296//296 297//297 353//353 352//352
f 297//297 298//298 354//354 353//353
f 298//298 299//299 355//355 354//354
f 299//299 300//300 356//356 355//355
f 300//300 301//301 357//357 356//356
f 301//301 302//302 358//358 357//357
f 302//302 303//303 359//359 358//358
f 303//303 304//304 360//360 359//359
f 304//304 305//305 361//361 360//360
f 305//305 306//306 362//362 361//361
f 306//306 307//307 363//363 362//362
f 307//307 308//308 364//364 363//363
f 308//308 309//309 365//365 364//364
f 309//309 310//310 366//366 365//365
f 310//310 311//311 367//367 366//366
f 311//311 312//312 368//368 367//367
f 312//312 313//313 369//369 368//368
f 313//313 314//314 370//370 369//369
f 314//314 315//315 371//371 370//370
f 315//315 316//316 372//372 371//371
f 316//316 317//317 373//373 372//372
f 317//317 318//318 374//374 373//373
f 318//318 319//319 375//375 374//374
f 319//319 320//320 376//376 375//375
f 320//320 321//321 377//377 376//376
f 321//321 322//322 378//378 377//377
f 322//322 323//323 379//379 378//378
f 323//323 324//324 380//380 379//379
f 324//324 325//325 381//381 380//380
f 325//325 326//326 382//382 381//381
f 326//326 327//327 383//383 382//382
f 327//327 328//328 384//384 383//383
f 328//328 329//329 385//385 384//384
f 329//329 330//330 386//386 385//385
f 330//330 331//331 387//387 386//386
f 331//331 332//332 388//388 387//387
f 332//332 333//333 389//389 388//388
f 333//333 334//334 390//390 389//389
f 334//334 335//335 391//391 390//390
f 335//335 336//336 392//392 391//391
f 336//336 281//281 337//337 392//392
f 337//337 338//338 394//394 393//393
f 338//338 339//339 395//395 394//394
f 339//339 340//340 396//396 395//395
f 340//340 341//341 397//397 396//396
f 341//341 342//342 398//398 397//397
f 342//342 343//343 399//399 398//398
f 343//343 344//344 400//400 399//399
f 344//344 345//345 401//401 400//400
f 345//345 346//346 402//402 401//401
f 346//346 347//347 403//403 402//402
f 347//347 348//348 404//404 403//403
f 348//348 349//349 405//405 404//404
f 349//349 350//350 406//406 405//405
f 350//350 351//351 407//407 406//406
f 351//351 352//352 408//408 407//407
f 352//352 353//353 409//409 408//408
f 353//353 354//354 410//410 409//409
f 354//354 355//355 411//411 410//410
f 355//355 356//356 412//412 411//411
f 356//356 357//357 413//413 412//412
f 357//357 358//358 414//414 413//413
f 358//358 359//359 415//415 414//414
f 359//359 360//360 416//416 415//415
f 360//360 361//361 417//417 416//416
f 361//361 362//362 418//418 417//417
f 362//362 363//363 419//419 418//418
f 363//363 364//364 420//420 419//419
f 364//364 365//365 421//421 420//420
f 365//365 366//366 422//422 421//421
f 366//366 367//367 423//423 422//422
f 367//367 368//368 424//424 423//423
f 368//368 369//369 425//425 424//424
f 369//369 370//370 426//426 425//425
f 370//370 371//371 427//427 426//426
f 371//371 372//372 428//428 427//427
f 372//372 373//373 429//429 428//428
f 373//373 374//374 430//430 429//429
f 374//374 375//375 431//431 430//430
f 375//375 376//376 432//432 431//431
f 376//376 377//377 433//433 432//432
f 377//377 378//378 434//434 433//433
f 378//378 379//379 435//435 434//434
f 379//379 380//380 436//436 435//435
f 380//380 381//381 437//437 436//436
f 381//381 382//382 438//438 437//437
f 382//382 383//383 439//439 438//438
f 383//383 384//384 440//440 439//439
f 384//384 385//385 441//441 440//440
f 385//385 386//386 442//442 441//441
f 386//386 387//387 443//443 442//442
f 387//387 388//388 444//444 443//443
f 388//388 389//389 445//445 444//444
f 389//389 390//390 446//446 445//445
f 390//390 391//391 447//447 446//446
f 391//391 392//392 448//448 447//447
f 392//392 337//337 393//393 448//448
f 393//393 394//394 450//450 449//449
f 394//394 395//395 451//451 450//450
f 395//395 396//396 452//452 451//451
f 396//396 397//397 453//453 452//452
f 397//397 398//398 454//454 453//453
f 398//398 399//399 455//455 454//454
f 399//399 400//400 456//456 455//455
f 400//400 401//401 457//457 456//456
f 401//401 402//402 458//458 457//457
f 402//402 403//403 459//459 458//458
f 403//403 404//404 460//460 459//459
f 404//404 405//405 461//461 460//460
f 405//405 406//406 462//462 461//461
f 406//406 407//407 463//463 462//462
f 407//407 408//408 464//464 463//463
f 408//408 409//409 465//465 464//464
f 409//409 410//410 466//466 465//465
f 410//410 411//411 467//467 466//466
f 411//411 412//412 468//468 467//467
f 412//412 413//413 469//469 468//468
f 413//413 414//414 470//470 469//469
f 414//414 415//415 471//471 470//470
f 415//415 416//416 472//472 471//471
f 416//416 417//417 473//473 472//472
f 417//417 418//418 474//474 473//473
f 418//418 419//419 475//475 474//474
f 419//419 420//420 476//476 475//475
f 420//420 421//421 477//477 476//476
f 421//421 422//422 478//478 477//477
f 422//422 423//423 479//479 478//478
f 423//423 424//424 480//480 479//479
f 424//424 425//425 481//481 480//480
f 425//425 426//426 482//482 481//481
f 426//426 427//427 483//483 482//482
f 427//427 428//428 484//484 483//483
f 428//428 429//429 485//485 484//484
f 429//429 430//430 486//486 485//485
f 430//430 431//431 487//487 486//486
f 431//431 432//432 488//488 487//487
f 432//432 433//433 489//489 488//488
f 433//433 434//434 490//490 489//489
f 434//434 435//435 491//491 490//490
f 435//435 436//436 492//492 491//491
f 436//436 437//437 493//493 492//492
f 437//437 438//438 494//494 493//493
f 438//438 439//439 495//495 494//494
f 439//439 440//440 496//496 495//495
f 440//440 441//441 497//497 496//496
f 441//441 442//442 498//498 497//497
f 442//442 443//443 499//499 498//498
f 443//443 444//444 500//500 499//499
f 444//444 445//445 501//501 500//500
f 445//445 446//446 502//502 501//501
f 446//446 447//447 503//503 502//502
f 447//447 448//448 504//504 503//503
f 448//448 393//393 449//449 504//504
f 449//449 450//450 506//506 505//505
f 450//450 451//451 507//507 506//506
f 451//451 452//452 508//508 507//507
f 452//452 453//453 509//509 508//508
f 453//453 454//454 510//510 509//509
f 454//454 455//455 511//511 510//510
f 455//455 456//456 512//512 511//511
f 456//456 457//457 513//513 512//512
f 457//457 458//458 514//514 513//513
f 458//458 459//459 515//515 514//514
f 459//459 460//460 516//516 515//515
f 460//460 461//461 517//517 516//516
f 461//461 462//462 518//518 517//517
f 462//462 463//463 519//519 518//518
f 463//463 464//464 520//520 519//519
f 464//464 465//465 521//521 520//520
f 465//465 466//466 522//522 521//521
f 466//466 467//467 523//523 522//522
f 467//467 468//468 524//524 523//523
f 468//468 469//469 525//525 524//524
f 469//469 470//470 526//526 525//525
f 470//470 471//471 527//527 526//526
f 471//471 472//472 528//528 527//527
f 472//472 473//473 529//529 528//528
f 473//473 474//474 530//530 529//529
f 474//474 475//475 531//531 530//530
f 475//475 476//476 532//532 531//531
f 476//476 477//477 533//533 532//532
f 477//477 478//478 534//534 533//533
f 478//478 479//479 535//535 534//534
f 479//479 480//480 536//536 535//535
f 480//480 481//481 537//537 536//536
f 481//481 482//482 538//538 537//537
f 482//482 483//483 539//539 538//538
f 483//483 484//484 540//540 539//539
f 484//484 485//485 541//541 540//540
f 485//485 486//486 542//542 541//541
f 486//486 487//487 543//543 542//542
f 487//487 488//488 544//544 543//543
f 488//488 489//489 545//545 544//544
f 489//489 490//490 546//546 545//545
f 490//490 491//491 547//547 546//546
f 491//491 492//492 548//548 547//547
f 492//492 493//493 549//549 548//548
f 493//493 494//494 550//550 549//549
f 494//494 495//495 551//551 550//550
f 495//495 496//496 552//552 551//551
f 496//496 497//497 553//553 552//552
f 497//497 498//498 554//554 553//553
f 498//498 499//499 555//555 554//554
f 499//499 500//500 556//556 555//555
f 500//500 501//501 557//557 556//556
f 501//501 502//502 558//558 557//557
f 502//502 503//503 559//559 558//558
f 503//503 504//504 560//560 559//559
f 504//504 449//449 505//505 560//560
f 505//505 506//506 562//562 561//561
f 506//506 507//507 563//563 562//562
f 507//507 508//508 564//564 563//563
f 508//508 509//509 565//565 564//564
f 509//509 510//510 566//566 565//565
f 510//510 511//511 567//567 566//566
f 511//511 512//512 568//568 567//567
f 512//512 513//513 569//569 568//568
f 513//513 514//514 570//570 569//569
f 514//514 515//515 571//571 570//570
f 515//515 516//516 572//572 571//571
f 516//516 517//517 573//573 572//572
f 517//517 518//518 574//574 573//573
f 518//518 519//519 575//575 574//574
f 519//519 520//520 576//576 575//575
f 520//520 521//521 577//577 576//576
f 521//521 522//522 578//578 577//577
f 522//522 523//523 579//579 578//578
f 523//523 524//524 580//580 579//579
f 524//524 525//525 581//581 580//580
f 525//525 526//526 582//582 581//581
f 526//526 527//527 583//583 582//582
f 527//527 528//528 584//584 583//583
f 528//528 529//529 585//585 584//584
f 529//529 530//530 586//586 585//585
f 530//530 531//531 587//587 586//586
f 531//531 532//532 588//588 587//587
f 532//532 533//533 589//589 588//588
f 533//533 534//534 590//590 589//589
f 534//534 535//535 591//591 590//590
f 535//535 536//536 592//592 591//591
f 536//536 537//537 593//593 592//592
f 537//537 538//538 594//594 593//593
f 538//538 539//539 595//595 594//594
f 539//539 540//540 596//596 595//595
f 540//540 541//541 597//597 596//596
f 541//541 542//542 598//598 597//597
f 542//542 543//543 599//599 598//598
f 543//543 544//544 600//600 599//599
f 544//544 545//545 601//601 600//600
f 545//545 546//546 602//602 601//601
f 546//546 547//547 603//603 602//602
f 547//547 548//548 604//604 603//603
f 548//548 549//549 605//605 604//604
f 549//549 550//550 606//606 605//605
f 550//550 551//551 607//607 606//606
f 551//551 552//552 608//608 607//607
f 552//552 553//553 609//609 608//608
f 553//553 554//554 610//610 609//609
f 554//554 555//555 611//611 610//610
f 555//555 556//556 612//612 611//611
f 556//556 557//557 613//613 612//612
f 557//557 558//558 614//614 613//613
f 558//558 559//559 615//615 614//614
f 559//559 560//560 616//616 615//615
f 560//560 505//505 561//561 616//616
f 561//561 562//562 618//618 617//617
f 562//562 563//563 619//619 618//618
f 563//563 564//564 620//620 619//619
f 564//564 565//565 621//621 620//620
f 565//565 566//566 622//622 621//621
f 566//566 567//567 623//623 622//622
f 567//567 568//568 624//624 623//623
f 568//568 569//569 625//625 624//624
f 569//569 570//570 626//626 625//625
f 570//570 571//571 627//627 626//626
f 571//571 572//572 628//628 627//627
f 572//572 573//573 629//629 628//628
f 573//573 574//574 630//630 629//629
f 574//574 575//575 631//631 630//630
f 575//575 576//576 632//632 631//631
f 576//576 577//577 633//633 632//632
f 577//577 578//578 634//634 633//633
f 578//578 579//579 635//635 634//634
f 579//579 580//580 636//636 635//635
f 580//580 581//581 637//637 636//636
f 581//581 582//582 638//638 637//637
f 582//582 583//583 639//639 638//638
f 583//583 584//584 640//640 639//639
f 584//584 585//585 641//641 640//640
f 585//585 586//586 642//642 641//641
f 586//586 587//587 643//643 642//642
f 587//587 588//588 644//644 643//643
f 588//588 589//589 645//645 644//644
f 589//589 590//590 646//646 645//645
f 590//590 591//591 647//647 646//646
f 591//591 592//592 648//648 647//647
f 592//592 593//593 649//649 648//648
f 593//593 594//594 650//650 649//649
f 594//594 595//595 651//651 650//650
f 595//595 596//596 652//652 651//651
f 596//596 597//597 653//653 652//652
f 597//597 598//598 654//654 653//653
f 598//598 599//599 655//655 654//654
f 599//599 600//600 656//656 655//655
f 600//600 601//601 657//657 656//656
f 601//601 602//602 658//658 657//657
f 602//602 603//603 659//659 658//658
f 603//603 604//604 660//660 659//659
f 604//604 605//605 661//661 660//660
f 605//605 606//606 662//662 661//661
f 606//606 607//607 663//663 662//662
f 607//607 608//608 664//664 663//663
f 608//608 609//609 665//665 664//664
f 609//609 610//610 666//666 665//665
f 610//610 611//611 667//667 666//666
f 611//611 612//612 668//668 667//667
f 612//612 613//613 669//669 668//668
f 613//613 614//614 670//670 669//669
f 614//614 615//615 671//671 670//670
f 615//615 616//616 672//672 671//671
f 616//616 561//561 617//617 672//672
f 617//617 618//618 674//674 673//673
f 618//618 619//619 675//675 674//674
f 619//619 620//620 676//676 675//675
f 620//620 621//621 677//677 676//676
f 621//621 622//622 678//678 677//677
f 622//622 623//623 679//679 678//678
f 623//623 624//624 680//680 679//679
f 624//624 625//625 681//681 680//680
f 625//625 626//626 682//682 681//681
f 626//626 627//627 683//683 682//682
f 627//627 628//628 684//684 683//683
f 628//628 629//629 685//685 684//684
f 629//629 630//630 686//686 685//685
f 630//630 631//631 687//687 686//686
f 631//631 632//632 688//688 687//687
f 632//632 633//633 689//689 688//688
f 633//633 634//634 690//690 689//689
f 634//634 635//635 691//691 690//690
f 635//635 636//636 692//692 691//691
f 636//636 637//637 693//693 692//692
f 637//637 638//638 694//694 693//693
f 638//638 639//639 695//695 694//694
f 639//639 640//640 696//696 695//695
f 640//640 641//641 697//697 696//696
f 641//641 642//642 698//698 697//697
f 642//642 643//643 699//699 698//698
f 643//643 644//644 700//700 699//699
f 644//644 645//645 701//701 700//700
f 645//645 646//646 702//702 701//701
f 646//646 647//647 703//703 702//702
f 647//647 648//648 704//704 703//703
f 648//648 649//649 705//705 704//704
f 649//649 650//650 706//706 705//705
f 650//650 651//651 707//707 706//706
f 651//651 652//652 708//708 707//707
f 652//652 653//653 709//709 708//708
f 653//653 654//654 710//710 709//709
f 654//654 655//655 711//711 710//710
f 655//655 656//656 712//712 711//711
f 656//656 657//657 713//713 712//712
f 657//657 658//658 714//714 713//713
f 658//658 659//659 715//715 714//714
f 659//659 660//660 716//716 715//715
f 660//660 661//661 717//717 716//716
f 661//661 662//662 718//718 717//717
f 662//662 663//663 719//719 718//718
f 663//663 664//664 720//720 719//719
f 664//664 665//665 721//721 720//720
f 665//665 666//666 722//722 721//721
f 666//666 667//667 723//723 722//722
f 667//667 668//668 724//724 723//723
f 668//668 669//669 725//725 724//724
f 669//669 670//670 726//726 725//725
f 670//670 671//671 727//727 726//726
f 671//671 672//672 728//728 727//727
f 672//672 617//617 673//673 728//728
f 673//673 674//674 730//730 729//729
f 674//674 675//675 731//731 730//730
f 675//675 676//676 732//732 731//731
f 676//676 677//677 733//733 732//732
f 677//677 678//678 734//734 733//733
f 678//678 679//679 735//735 734//734
f 679//679 680//680 736//736 735//735
f 680//680 681//681 737//737 736//736
f 681//681 682//682 738//738 737//737
f 682//682 683//683 739//739 738//738
f 683//683 684//684 740//740 739//739
f 684//684 685//685 741//741 740//740
f 685//685 686//686 742//742 741//741
f 686//686 687//687 743//743 742//742
f 687//687 688//688 744//744 743//743
f 688//688 689//689 745//745 744//744
f 689//689 690//690 746//746 745//745
f 690//690 691//691 747//747 746//746
f 691//691 692//692 748//748 747//747
f 692//692 693//693 749//749 748//748
f 693//693 694//694 750//750 749//749
f 694//694 695//695 751//751 750//750
f 695//695 696//696 752//752 751//751
f 696//696 697//697 753//753 752//752
f 697//697 698//698 754//754 753//753
f 698//698 699//699 755//755 754//754
f 699//699 700//700 756//756 755//755
f 700//700 701//701 757//757 756//756
f 701//701 702//702 758//758 757//757
f 702//702 703//703 759//759 758//758
f 703//703 704//704 760//760 759//759
f 704//704 705//705 761//761 760//760
f 705//705 706//706 762//762 761//761
f 706//706 707//707 763//763 762//762
f 707//707 708//708 764//764 763//763
f 708//708 709//709 765//765 764//764
f 709//709 710//710 766//766 765//765
f 710//710 711//711 767//767 766//766
f 711//711 712//712 768//768 767//767
f 712//712 713//713 769//769 768//768
f 713//713 714//714 770//770 769//769
f 714//714 715//715 771//771 770//770
f 715//715 716//716 772//772 771//771
f 716//716 717//717 773//773 772//772
f 717//717 718//718 774//774 773//773
f 718//718 719//719 775//775 774//774
f 719//719 720//720 776//776 775//775
f 720//720 721//721 777//777 776//776
f 721//721 722//722 778//778 777//777
f 722//722 723//723 779//779 778//778
f 723//723 724//724 780//780 779//779
f 724//724 725//725 781//781 780//780
f 725//725 726//726 782//782 781//781
f 726//726 727//727 783//783 782//782
f 727//727 728//728 784//784 783//783
f 728//728 673//673 729//729 784//784
f 729//729 730//730 786//786 785//785
f 730//730 731//731 787//787 786//786
f 731//731 732//732 788//788 787//787
f 732//732 733//733 789//789 788//788
f 733//733 734//734 790//790 789//789
f 734//734 735//735 791//791 790//790
f 735//735 736//736 792//792 791//791
f 736//736 737//737 793//793 792//792
f 737//737 738//738 794//794 793//793
f 738//738 739//739 795//795 794//794
f 739//739 740//740 796//796 795//795
f 740//740 741//741 797//797 796//796
f 741//741 742//742 798//798 797//797
f 742//742 743//743 799//799 798//798
f 743//743 744//744 800//800 799//799
f 744//744 745//745 801//801 800//800
f 745//745 746//746 802//802 801//801
f 746//746 747//747 803//803 802//802
f 747//747 748//748 804//804 803//803
f 748//748 749//749 805//805 804//804
f 749//749 750//750 806//806 805//805
f 750//750 751//751 807//807 806//806
f 751//751 752//752 808//808 807//807
f 752//752 753//753 809//809 808//808
f 753//753 754//754 810//810 809//809
f 754//754 755//755 811//811 810//810
f 755//755 756//756 812//812 811//811
f 756//756 757//757 813//813 812//812
f 757//757 758//758 814//814 813//813
f 758//758 759//759 815//815 814//814
f 759//759 760//760 816//816 815//815
f 760//760 761//761 817//817 816//816
f 761//761 762//762 818//818 817//817
f 762//762 763//763 819//819 818//818
f 763//763 764//764 820//820 819//819
f 764//764 765//765 821//821 820//820
f 765//765 766//766 822//822 821//821
f 766//766 767//767 823//823 822//822
f 767//767 768//768 824//824 823//823
f 768//768 769//769 825//825 824//824
f 769//769 770//770 826//826 825//825
f 770//770 771//771 827//827 826//826
f 771//771 772//772 828//828 827//827
f 772//772 773//773 829//829 828//828
f 773//773 774//774 830//830 829//829
f 774//774 775//775 831//831 830//830
f 775//775 776//776 832//832 831//831
f 776//776 777//777 833//833 832//832
f 777//777 778//778 834//834 833//833
f 778//778 779//779 835//835 834//834
f 779//779 780//780 836//836 835//835
f 780//780 781//781 837//837 836//836
f 781//781 782//782 838//838 837//837
f 782//782 783//783 839//839 838//838
f 783//783 784//784 840//840 839//839
f 784//784 729//729 785//785 840//840
f 785//785 786//786 842//842 841//841
f 786//786 787//787 843//843 842//842
f 787//787 788//788 844//844 843//843
f 788//788 789//789 845//845 844//844
f 789//789 790//790 846//846 845//845
f 790//790 791//791 847//847 846//846
f 791//791 792//792 848//848 847//847
f 792//792 793//793 849//849 848//848
f 793//793 794//794 850//850 849//849
f 794//794 795//795 851//851 850//850
f 795//795 796//796 852//852 851//851
f 796//796 797//797 853//853 852//852
f 797//797 798//798 854//854 853//853
f 798//798 799//799 855//855 854//854
f 799//799 800//800 856//856 855//855
f 800//800 801//801 857//857 856//856
f 801//801 802//802 858//858 857//857
f 802//802 803//803 859//859 858//858
f 803//803 804//804 860//860 859//859
f 804//804 805//805 861//861 860//860
f 805//805 806//806 862//862 861//861
f 806//806 807//807 863//863 862//862
f 807//807 808//808 864//864 863//863
f 808//808 809//809 865//865 864//864
f 809//809 810//810 866//866 865//865
f 810//810 811//811 867//867 866//866
f 811//811 812//812 868//868 867//867
f 812//812 813//813 869//869 868//868
f 813//813 814//814 870//870 869//869
f 814//814 815//815 871//871 870//870
f 815//815 816//816 872//872 871//871
f 816//816 817//817 873//873 872//872
f 817//817 818//818 874//874 873//873
f 818//818 819//819 875//875 874//874
f 819//819 820//820 876//876 875//875
f 820//820 821//821 877//877 876//876
f 821//821 822//822 878//878 877//877
f 822//822 823//823 879//879 878//878
f 823//823 824//824 880//880 879//879
f 824//824 825//825 881//881 880//880
f 825//825 826//826 882//882 881//881
f 826//826 827//827 883//883 882//882
f 827//827 828//828 884//884 883//883
f 828//828 829//829 885//885 884//884
f 829//829 830//830 886//886 885//885
f 830//830 831//831 887//887 886//886
f 831//831 832//832 888//888 887//887
f 832//832 833//833 889//889 888//888
f 833//833 834//834 890//890 889//889
f 834//834 835//835 891//891 890//890
f 835//835 836//836 892//892 891//891
f 836//836 837//837 893//893 892//892
f 837//837 838//838 894//894 893//893
f 838//838 839//839 895//895 894//894
f 839//839 840//840 896//896 895//895
f 840//840 785//785 841//841 896//896
f 841//841 842//842 898//898 897//897
f 842//842 843//843 899//899 898//898
f 843//843 844//844 900//900 899//899
f 844//844 845//845 901//901 900//900
f 845//845 846//846 902//902 901//901
f 846//846 847//847 903//903 902//902
f 847//847 848//848 904//904 903//903
f 848//848 849//849 905//905 904//904
f 849//849 850//850 906//906 905//905
f 850//850 851//851 907//907 906//906
f 851//851 852//852 908//908 907//907
f 852//852 853//853 909//909 908//908
f 853//853 854//854 910//910 909//909
f 854//854 855//855 911//911 910//910
f 855//855 856//856 912//912 911//911
f 856//856 857//857 913//913 912//912
f 857//857 858//858 914//914 913//913
f 858//858 859//859 915//915 914//914
f 859//859 860//860 916//916 915//915
f 860//860 861//861 917//917 916//916
f 861//861 862//862 918//918 917//917
f 862//862 863//863 919//919 918//918
f 863//863 864//864 920//920 919//919
f 864//864 865//865 921//921 920//920
f 865//865 866//866 922//922 921//921
f 866//866 867//867 923//923 922//922
f 867//867 868//868 924//924 923//923
f 868//868 869//869 925//925 924//924
f 869//869 870//870 926//926 925//925
f 870//870 871//871 927//927 926//926
f 871//871 872//872 928//928 927//927
f 872//872 873//873 929//929 928//928
f 873//873 874//874 930//930 929//929
f 874//874 875//875 931//931 930//930
f 875//875 876//876 932//932 931//931
f 876//876 877//877 933//933 932//932
f 877//877 878//878 934//934 933//933
f 878//878 879//879 935//935 934//934
f 879//879 880//880 936//936 935//935
f 880//880 881//881 937//937 936//936
f 881//881 882//882 938//938 937//937
f 882//882 883//883 939//939 938//938
f 883//883 884//884 940//940 939//939
f 884//884 885//885 941//941 940//940
f 885//885 886//886 942//942 941//941
f 886//886 887//887 943//943 942//942
f 887//887 888//888 944//944 943//943
f 888//888 889//889 945//945 944//944
f 889//889 890//890 946//946 945//945
f 890//890 891//891 947//947 946//946
f 891//891 892//892 948//948 947//947
f 892//892 893//893 949//949 948//948
f 893//893 894//894 950//950 949//949
f 894//894 895//895 951//951 950//950
f 895//895 896//896 952//952 951//951
f 896//896 841//841 897//897 952//952
f 897//897 898//898 954//954 953//953
f 898//898 899//899 955//955 954//954
f 899//899 900//900 956//956 955//955
f 900//900 901//901 957//957 956//956
f 901//901 902//902 958//958 957//957
f 902//902 903//903 959//959 958//958
f 903//903 904//904 960//960 959//959
f 904//904 905//905 961//961 960//960
f 905//905 906//906 962//962 961//961
f 906//906 907//907 963//963 962//962
f 907//907 908//908 964//964 963//963
f 908//908 909//909 965//965 964//964
f 909//909 910//910 966//966 965//965
f 910//910 911//911 967//967 966//966
f 911//911 912//912 968//968 967//967
f 912//912 913//913 969//969 968//968
f 913//913 914//914 970//970 969//969
f 914//914 915//915 971//971 970//970
f 915//915 916//916 972//972 971//971
f 916//916 917//917 973//973 972//972
f 917//917 918//918 974//974 973//973
f 918//918 919//919 975//975 974//974
f 919//919 920//920 976//976 975//975
f 920//920 921//921 977//977 976//976
f 921//921 922//922 978//978 977//977
f 922//922 923//923 979//979 978//978
f 923//923 924//924 980//980 979//979
f 924//924 925//925 981//981 980//980
f 925//925 926//926 982//982 981//981
f 926//926 927//927 983//983 982//982
f 927//927 928//928 984//984 983//983
f 928//928 929//929 985//985 984//984
f 929//929 930//930 986//986 985//985
f 930//930 931//931 987//987 986//986
f 931//931 932//932 988//988 987//987
f 932//932 933//933 989//989 988//988
f 933//933 934//934 990//990 989//989
f 934//934 935//935 991//991 990//990
f 935//935 936//936 992//992 991//991
f 936//936 937//937 993//993 992//992
f 937//937 938//938 994//994 993//993
f 938//938 939//939 995//995 994//994
f 939//939 940//940 996//996 995//995
f 940//940 941//941 997//997 996//996
f 941//941 942//942 998//998 997//997
f 942//942 943//943 999//999 998//998
f 943//943 944//944 1000//1000 999//999
f 944//944 945//945 1001//1001 1000//1000
f 945//945 946//946 1002//1002 1001//1001
f 946//946 947//947 1003//1003 1002//1002
f 947//947 948//948 1004//1004 1003//1003
f 948//948 949//949 1005//1005 1004//1004
f 949//949 950//950 1006//1006 1005//1005
f 950//950 951//951 1007//1007 1006//1006
f 951//951 952//952 1008//1008 1007//1007
f 952//952 897//897 953//953 1008//1008
f 953//953 954//954 1010//1010 1009//1009
f 954//954 955//955 1011//1011 1010//1010
f 955//955 956//956 1012//1012 1011//1011
f 956//956 957//957 1013//1013 1012//1012
f 957//957 958//958 1014//1014 1013//1013
f 958//958 959//959 1015//1015 1014//1014
f 959//959 960//960 1016//1016 1015//1015
f 960//960 961//961 1017//1017 1016//1016
f 961//961 962//962 1018//1018 1017//1017
f 962//962 963//963 1019//1019 1018//1018
f 963//963 964//964 1020//1020 1019//1019
f 964//964 965//965 1021//1021 1020//1020
f 965//965 966//966 1022//1022 1021//1021
f 966//966 967//967 1023//1023 1022//1022
f 967//967 968//968 1024//1024 1023//1023
f 968//968 969//969 1025//1025 1024//1024
f 969//969 970//970 1026//1026 1025//1025
f 970//970 971//971 1027//1027 1026//1026
f 971//971 972//972 1028//1028 1027//1027
f 972//972 973//973 1029//1029 1028//1028
f 973//973 974//974 1030//1030 1029//1029
f 974//974 975//975 1031//1031 1030//1030
f 975//975 976//976 1032//1032 1031//1031
f 976//976 977//977 1033//1033 1032//1032
f 977//977 978//978 1034//1034 1033//1033
f 978//978 979//979 1035//1035 1034//1034
f 979//979 980//980 1036//1036 1035//1035
f 980//980 981//981 1037//1037 1036//1036
f 981//981 982//982 1038//1038 1037//1037
f 982//982 983//983 1039//1039 1038//1038
f 983//983 984//984 1040//1040 1039//1039
f 984//984 985//985 1041//1041 1040//1040
f 985//985 986//986 1042//1042 1041//1041
f 986//986 987//987 1043//1043 1042//1042
f 987//987 988//988 1044//1044 1043//1043
f 988//988 989//989 1045//1045 1044//1044
f 989//989 990//990 1046//1046 1045//1045
f 990//990 991//991 1047//1047 1046//1046
f 991//991 992//992 1048//1048 1047//1047
f 992//992 993//993 1049//1049 1048//1048
f 993//993 994//994 1050//1050 1049//1049
f 994//994 995//995 1051//1051 1050//1050
f 995//995 996//996 1052//1052 1051//1051
f 996//996 997//997 1053//1053 1052//1052
f 997//997 998//998 1054//1054 1053//1053
f 998//998 999//999 1055//1055 1054//1054
f 999//999 1000//1000 1056//1056 1055//1055
f 1000//1000 1001//1001 1057//1057 1056//1056
f 1001//1001 1002//1002 1058//1058 1057//1057
f 1002//1002 1003//1003 1059//1059 1058//1058
f 1003//1003 1004//1004 1060//1060 1059//1059
f 1004//1004 1005//1005 1061//1061 1060//1060
f 1005//1005 1006//1006 1062//1062 1061//1061
f 1006//1006 1007//1007 1063//1063 1062//1062
f 1007//1007 1008//1008 1064//1064 1063//1063
f 1008//1008 953//953 1009//1009 1064//1064
f 1009//1009 1010//1010 1066//1066 1065//1065
f 1010//1010 1011//1011 1067//1067 1066//1066
f 1011//1011 1012//1012 1068//1068 1067//1067
f 1012//1012 1013//1013 1069//1069 1068//1068
f 1013//1013 1014//1014 1070//1070 1069//1069
f 1014//1014 1015//1015 1071//1071 1070//1070
f 1015//1015 1016//1016 1072//1072 1071//1071
f 1016//1016 1017//1017 1073//1073 1072//1072
f 1017//1017 1018//1018 1074//1074 1073//1073
f 1018//1018 1019//1019 1075//1075 1074//1074
f 1019//1019 1020//1020 1076//1076 1075//1075
f 1020//1020 1021//1021 1077//1077 1076//1076
f 1021//1021 1022//1022 1078//1078 1077//1077
f 1022//1022 1023//1023 1079//1079 1078//1078
f 1023//1023 1024//1024 1080//1080 1079//1079
f 1024//1024 1025//1025 1081//1081 1080//1080
f 1025//1025 1026//1026 1082//1082 1081//1081
f 1026//1026 1027//1027 1083//1083 1082//1082
f 1027//1027 1028//1028 1084//1084 1083//1083
f 1028//1028 1029//1029 1085//1085 1084//1084
f 1029//1029 1030//1030 1086//1086 1085//1085
f 1030//1030 1031//1031 1087//1087 1086//1086
f 1031//1031 1032//1032 1088//1088 1087//1087
f 1032//1032 1033//1033 1089//1089 1088//1088
f 1033//1033 1034//1034 1090//1090 1089//1089
f 1034//1034 1035//1035 1091//1091 1090//1090
f 1035//1035 1036//1036 1092//1092 1091//1091
f 1036//1036 1037//1037 1093//1093 1092//1092
f 1037//1037 1038//1038 1094//1094 1093//1093
f 1038//1038 1039//1039 1095//1095 1094//1094
f 1039//1039 1040//1040 1096//1096 1095//1095
f 1040//1040 1041//1041 1097//1097 1096//1096
f 1041//1041 1042//1042 1098//1098 1097//1097
f 1042//1042 1043//1043 1099//1099 1098//1098
f 1043//1043 1044//1044 1100//1100 1099//1099
f 1044//1044 1045//1045 1101//1101 1100//1100
f 1045//1045 1046//1046 1102//1102 1101//1101
f 1046//1046 1047//1047 1103//1103 1102//1102
f 1047//1047 1048//1048 1104//1104 1103//1103
f 1048//1048 1049//1049 1105//1105 1104//1104
f 1049//1049 1050//1050 1106//1106 1105//1105
f 1050//1050 1051//1051 1107//1107 1106//1106
f 1051//1051 1052//1052 1108//1108 1107//1107
f 1052//1052 1053//1053 1109//1109 1108//1108
f 1053//1053 1054//1054 1110//1110 1109//1109
f 1054//1054 1055//1055 1111//1111 1110//1110
f 1055//1055 1056//1056 1112//1112 1111//1111
f 1056//1056 1057//1057 1113//1113 1112//1112
f 1057//1057 1058//1058 1114//1114 1113//1113
f 1058//1058 1059//1059 1115//1115 1114//1114
f 1059//1059 1060//1060 1116//1116 1115//1115
f 1060//1060 1061//1061 1117//1117 1116//1116
f 1061//1061 1062//1062 1118//1118 1117//1117
f 1062//1062 1063//1063 1119//1119 1118//1118
f 1063//1063 1064//1064 1120//1120 1119//1119
f 1064//1064 1009//1009 1065//1065 1120//1120
f 1065//1065 1066//1066 1122//1122 1121//1121
f 1066//1066 1067//1067 1123//1123 1122//1122
f 1067//1067 1068//1068 1124//1124 1123//1123
f 1068//1068 1069//1069 1125//1125 1124//1124
f 1069//1069 1070//1070 1126//1126 1125//1125
f 1070//1070 1071//1071 1127//1127 1126//1126
f 1071//1071 1072//1072 1128//1128 1127//1127
f 1072//1072 1073//1073 1129//1129 1128//1128
f 1073//1073 1074//1074 1130//1130 1129//1129
f 1074//1074 1075//1075 1131//1131 1130//1130
f 1075//1075 1076//1076 1132//1132 1131//1131
f 1076//1076 1077//1077 1133//1133 1132//1132
f 1077//1077 1078//1078 1134//1134 1133//1133
f 1078//1078 1079//1079 1135//1135 1134//1134
f 1079//1079 1080//1080 1136//1136 1135//1135
f 1080//1080 1081//1081 1137//1137 1136//1136
f 1081//1081 1082//1082 1138//1138 1137//1137
f 1082//1082 1083//1083 1139//1139 1138//1138
f 1083//1083 1084//1084 1140//1140 1139//1139
f 1084//1084 1085//1085 1141//1141 1140//1140
f 1085//1085 1086//1086 1142//1142 1141//1141
f 1086//1086 1087//1087 1143//1143 1142//1142
f 1087//1087 1088//1088 1144//1144 1143//1143
f 1088//1088 1089//1089 1145//1145 1144//1144
f 1089//1089 1090//1090 1146//1146 1145//1145
f 1090//1090 1091//1091 1147//1147 1146//1146
f 1091//1091 1092//1092 1148//1148 1147//1147
f 1092//1092 1093//1093 1149//1149 1148//1148
f 1093//1093 1094//1094 1150//1150 1149//1149
f 1094//1094 1095//1095 1151//1151 1150//1150
f 1095//1095 1096//1096 1152//1152 1151//1151
f 1096//1096 1097//1097 1153//1153 1152//1152
f 1097//1097 1098//1098 1154//1154 1153//1153
f 1098//1098 1099//1099 1155//1155 1154//1154
f 1099//1099 1100//1100 1156//1156 1155//1155
f 1100//1100 1101//1101 1157//1157 1156//1156
f 1101//1101 1102//1102 1158//1158 1157//1157
f 1102//1102 1103//1103 1159//1159 1158//1158
f 1103//1103 1104//1104 1160//1160 1159//1159
f 1104//1104 1105//1105 1161//1161 1160//1160
f 1105//1105 1106//1106 1162//1162 1161//1161
f 1106//1106 1107//1107 1163//1163 1162//1162
f 1107//1107 1108//1108 1164//1164 1163//1163
f 1108//1108 1109//1109 1165//1165 1164//1164
f 1109//1109 1110//1110 1166//1166 1165//1165
f 1110//1110 1111//1111 1167//1167 1166//1166
f 1111//1111 1112//1112 1168//1168 1167//1167
f 1112//1112 1113//1113 1169//1169 1168//1168
f 1113//1113 1114//1114 1170//1170 1169//1169
f 1114//1114 1115//1115 1171//1171 1170//1170
f 1115//1115 1116//1116 1172//1172 1171//1171
f 1116//1116 1117//1117 1173//1173 1172//1172
f 1117//1117 1118//1118 1174//1174 1173//1173
f 1118//1118 1119//1119 1175//1175 1174//1174
f 1119//1119 1120//1120 1176//1176 1175//1175
f 1120//1120 1065//1065 1121//1121 1176//1176
f 1121//1121 1122//1122 1178//1178 1177//1177
f 1122//1122 1123//1123 1179//1179 1178//1178
f 1123//1123 1124//1124 1180//1180 1179//1179
f 1124//1124 1125//1125 1181//1181 1180//1180
f 1125//1125 1126//1126 1182//1182 1181//1181
f 1126//1126 1127//1127 1183//1183 1182//1182
f 1127//1127 1128//1128 1184//1184 1183//1183
f 1128//1128 1129//1129 1185//1185 1184//1184
f 1129//1129 1130//1130 1186//1186 1185//1185
f 1130//1130 1131//1131 1187//1187 1186//1186
f 1131//1131 1132//1132 1188//1188 1187//1187
f 1132//1132 1133//1133 1189//1189 1188//1188
f 1133//1133 1134//1134 1190//1190 1189//1189
f 1134//1134 1135//1135 1191//1191 1190//1190
f 1135//1135 1136//1136 1192//1192 1191//1191
f 1136//1136 1137//1137 1193//1193 1192//1192
f 1137//1137 1138//1138 1194//1194 1193//1193
f 1138//1138 1139//1139 1195//1195 1194//1194
f 1139//1139 1140//1140 1196//1196 1195//1195
f 1140//1140 1141//1141 1197//1197 1196//1196
f 1141//1141 1142//1142 1198//1198 1197//1197
f 1142//1142 1143//1143 1199//1199 1198//1198
f 1143//1143 1144//1144 1200//1200 1199//1199
f 1144//1144 1145//1145 1201//1201 1200//1200
f 1145//1145 1146//1146 1202//1202 1201//1201
f 1146//1146 1147//1147 1203//1203 1202//1202
f 1147//1147 1148//1148 1204//1204 1203//1203
f 1148//1148 1149//1149 1205//1205 1204//1204
f 1149//1149 1150//1150 1206//1206 1205//1205
f 1150//1150 1151//1151 1207//1207 1206//1206
f 1151//1151 1152//1152 1208//1208 1207//1207
f 1152//1152 1153//1153 1209//1209 1208//1208
f 1153//1153 1154//1154 1210//1210 1209//1209
f 1154//1154 1155//1155 1211//1211 1210//1210
f 1155//1155 1156//1156 1212//1212 1211//1211
f 1156//1156 1157//1157 1213//1213 1212//1212
f 1157//1157 1158//1158 1214//1214 1213//1213
f 1158//1158 1159//1159 1215//1215 1214//1214
f 1159//1159 1160//1160 1216//1216 1215//1215
f 1160//1160 1161//1161 1217//1217 1216//1216
f 1161//1161 1162//1162 1218//1218 1217//1217
f 1162//1162 1163//1163 1219//1219 1218//1218
f 1163//1163 1164//1164 1220//1220 1219//1219
f 1164//1164 1165//1165 1221//1221 1220//1220
f 1165//1165 1166//1166 1222//1222 1221//1221
f 1166//1166 1167//1167 1223//1223 1222//1222
f 1167//1167 1168//1168 1224//1224 1223//1223
f 1168//1168 1169//1169 1225//1225 1224//1224
f 1169//1169 1170//1170 1226//1226 1225//1225
f 1170//1170 1171//1171 1227//1227 1226//1226
f 1171//1171 1172//1172 1228//1228 1227//1227
f 1172//1172 1173//1173 1229//1229 1228//1228
f 1173//1173 1174//1174 1230//1230 1229//1229
f 1174//1174 1175//1175 1231//1231 1230//1230
f 1175//1175 1176//1176 1232//1232 1231//1231
f 1176//1176 1121//1121 1177//1177 1232//1232
f 1177//1177 1178//1178 1234//1234 1233//1233
f 1178//1178 1179//1179 1235//1235 1234//1234
f 1179//1179 1180//1180 1236//1236 1235//1235
f 1180//1180 1181//1181 1237//1237 1236//1236
f 1181//1181 1182//1182 1238//1238 1237//1237
f 1182//1182 1183//1183 1239//1239 1238//1238
f 1183//1183 1184//1184 1240//1240 1239//1239
f 1184//1184 1185//1185 1241//1241 1240//1240
f 1185//1185 1186//1186 1242//1242 1241//1241
f 1186//1186 1187//1187 1243//1243 1242//1242
f 1187//1187 1188//1188 1244//1244 1243//1243
f 1188//1188 1189//1189 1245//1245 1244//1244
f 1189//1189 1190//1190 1246//1246 1245//1245
f 1190//1190 1191//1191 1247//1247 1246//1246
f 1191//1191 1192//1192 1248//1248 1247//1247
f 1192//1192 1193//1193 1249//1249 1248//1248
f 1193//1193 1194//1194 1250//1250 1249//1249
f 1194//1194 1195//1195 1251//1251 1250//1250
f 1195//1195 1196//1196 1252//1252 1251//1251
f 1196//1196 1197//1197 1253//1253 1252//1252
f 1197//1197 1198//1198 1254//1254 1253//1253
f 1198//1198 1199//1199 1255//1255 1254//1254
f 1199//1199 1200//1200 1256//1256 1255//1255
f 1200//1200 1201//1201 1257//1257 1256//1256
f 1201//1201 1202//1202 1258//1258 1257//1257
f 1202//1202 1203//1203 1259//1259 1258//1258
f 1203//1203 1204//1204 1260//1260 1259//1259
f 1204//1204 1205//1205 1261//1261 1260//1260
f 1205//1205 1206//1206 1262//1262 1261//1261
f 1206//1206 1207//1207 1263//1263 1262//1262
f 1207//1207 1208//1208 1264//1264 1263//1263
f 1208//1208 1209//1209 1265//1265 1264//1264
f 1209//1209 1210//1210 1266//1266 1265//1265
f 1210//1210 1211//1211 1267//1267 1266//1266
f 1211//1211 1212//1212 1268//1268 1267//1267
f 1212//1212 1213//1213 1269//1269 1268//1268
f 1213//1213 1214//1214 1270//1270 1269//1269
f 1214//1214 1215//1215 1271//1271 1270//1270
f 1215//1215 1216//1216 1272//1272 1271//1271
f 1216//1216 1217//1217 1273//1273 1272//1272
f 1217//1217 1218//1218 1274//1274 1273//1273
f 1218//1218 1219//1219 1275//1275 1274//1274
f 1219//1219 1220//1220 1276//1276 1275//1275
f 1220//1220 1221//1221 1277//1277 1276//1276
f 1221//1221 1222//1222 1278//1278 1277//1277
f 1222//1222 1223//1223 1279//1279 1278//1278
f 1223//1223 1224//1224 1280//1280 1279//1279
f 1224//1224 1225//1225 1281//1281 1280//1280
f 1225//1225 1226//1226 1282//1282 1281//1281
f 1226//1226 1227//1227 1283//1283 1282//1282
f 1227//1227 1228//1228 1284//1284 1283//1283
f 1228//1228 1229//1229 1285//1285 1284//1284
f 1229//1229 1230//1230 1286//1286 1285//1285
f 1230//1230 1231//1231 1287//1287 1286//1286
f 1231//1231 1232//1232 1288//1288 1287//1287
f 1232//1232 1177//1177 1233//1233 1288//1288
