# TorusKnot
# Generated by scripts/dev/gen_mesh_fixtures.py -- OmniLink own work,
# Apache-2.0 with the rest of this repository. Regenerate with:
#   python scripts/dev/gen_mesh_fixtures.py
o TorusKnot
v 1.142309 0.830279 0.019302
v 1.116276 0.947314 0.077884
v 1.042140 1.046531 0.127547
v 0.931187 1.112826 0.160731
v 0.800309 1.136106 0.172383
v 0.669431 1.112826 0.160731
v 0.558479 1.046531 0.127547
v 0.484342 0.947314 0.077884
v 0.458309 0.830279 0.019302
v 0.484342 0.713244 -0.039279
v 0.558479 0.614026 -0.088942
v 0.669431 0.547731 -0.122126
v 0.800309 0.524452 -0.133778
v 0.931187 0.547731 -0.122126
v 1.042140 0.614026 -0.088942
v 1.116276 0.713244 -0.039279
v 1.121098 0.725461 0.228537
v 1.095488 0.844520 0.283088
v 1.022557 0.949649 0.320977
v 0.913409 1.024844 0.336436
v 0.784659 1.058657 0.327111
v 0.655910 1.045940 0.294423
v 0.546761 0.988629 0.243348
v 0.473830 0.895449 0.181661
v 0.448220 0.780586 0.118753
v 0.473830 0.661527 0.064203
v 0.546761 0.556397 0.026314
v 0.655910 0.481202 0.010855
v 0.784659 0.447389 0.020179
v 0.913409 0.460106 0.052867
v 1.022557 0.517418 0.103943
v 1.095488 0.610598 0.165630
v 1.058479 0.624183 0.429270
v 1.034052 0.745095 0.480166
v 0.964653 0.855904 0.506847
v 0.860847 0.939741 0.505250
v 0.738439 0.983842 0.475619
v 0.616064 0.981494 0.422465
v 0.512351 0.933053 0.353879
v 0.443091 0.845895 0.280304
v 0.418828 0.733289 0.212941
v 0.443255 0.612378 0.162045
v 0.512654 0.501569 0.135364
v 0.616459 0.417732 0.136961
v 0.738868 0.373631 0.166592
v 0.861243 0.375979 0.219746
v 0.964956 0.424419 0.288332
v 1.034216 0.511577 0.361907
v 0.957422 0.530017 0.613576
v 0.934861 0.652619 0.661184
v 0.871222 0.768774 0.677457
v 0.776193 0.860799 0.659916
v 0.664242 0.914683 0.611234
v 0.552411 0.922224 0.538820
v 0.457726 0.882273 0.453700
v 0.394603 0.800913 0.368832
v 0.372650 0.690529 0.297136
v 0.395211 0.567927 0.249528
v 0.458849 0.451772 0.233256
v 0.553878 0.359748 0.250796
v 0.665830 0.305863 0.299478
v 0.777661 0.298322 0.371892
v 0.872346 0.338273 0.457012
v 0.935469 0.419634 0.541880
v 0.822656 0.446443 0.774556
v 0.802672 0.570609 0.819166
v 0.746976 0.691678 0.826014
v 0.664047 0.791219 0.794057
v 0.566510 0.854076 0.728162
v 0.469215 0.870680 0.638359
v 0.386973 0.838505 0.538320
v 0.332305 0.762447 0.443276
v 0.313534 0.654087 0.367696
v 0.333518 0.529920 0.323086
v 0.389214 0.408851 0.316238
v 0.472144 0.309311 0.348194
v 0.569680 0.246453 0.414090
v 0.666976 0.229849 0.503893
v 0.749218 0.262024 0.603931
v 0.803885 0.338082 0.698976
v 0.660394 0.376809 0.906739
v 0.643868 0.502448 0.948552
v 0.598325 0.627870 0.947135
v 0.530698 0.733979 0.902703
v 0.451283 0.804622 0.822022
v 0.372170 0.829044 0.717372
v 0.305404 0.803526 0.604688
v 0.261148 0.731955 0.501123
v 0.246141 0.625225 0.422445
v 0.262666 0.499585 0.380632
v 0.308209 0.374164 0.382049
v 0.375836 0.268055 0.426481
v 0.455251 0.197412 0.507163
v 0.534364 0.172990 0.611812
v 0.601130 0.198508 0.724496
v 0.645386 0.270079 0.828061
v 0.478035 0.324276 1.006397
v 0.466181 0.451280 1.045591
v 0.433081 0.580285 1.037291
v 0.383777 0.691651 0.982762
v 0.325774 0.768423 0.890305
v 0.267902 0.798915 0.773996
v 0.218972 0.778482 0.651541
v 0.186434 0.710237 0.541584
v 0.175240 0.604569 0.460864
v 0.187095 0.477565 0.421671
v 0.220194 0.348560 0.429970
v 0.269498 0.237194 0.484500
v 0.327501 0.160422 0.576957
v 0.385373 0.129931 0.693266
v 0.434303 0.150363 0.815720
v 0.466841 0.218608 0.925678
v 0.283910 0.291681 1.071817
v 0.278379 0.419808 1.108689
v 0.260062 0.551297 1.095200
v 0.231749 0.666129 1.033405
v 0.197749 0.746823 0.932711
v 0.163240 0.781092 0.808447
v 0.133474 0.763722 0.679533
v 0.112983 0.697354 0.565593
v 0.104887 0.592095 0.483975
v 0.110418 0.463967 0.447103
v 0.128735 0.332479 0.460592
v 0.157048 0.217647 0.522387
v 0.191047 0.136953 0.623081
v 0.225557 0.102683 0.747344
v 0.255323 0.120054 0.876259
v 0.275814 0.186421 0.990198
v 0.086997 0.281240 1.103575
v 0.089845 0.409932 1.138744
v 0.088501 0.542331 1.122149
v 0.083170 0.658280 1.056315
v 0.074662 0.740127 0.951265
v 0.064274 0.775411 0.822993
v 0.053587 0.758761 0.691026
v 0.044228 0.692712 0.575455
v 0.037621 0.587318 0.493875
v 0.034773 0.458626 0.458706
v 0.036117 0.326227 0.475302
v 0.041449 0.210278 0.541136
v 0.049956 0.128431 0.646185
v 0.060344 0.093147 0.774458
v 0.071031 0.109797 0.906425
v 0.080391 0.175846 1.021995
v -0.103542 0.293991 1.104806
v -0.090137 0.422179 1.139373
v -0.072872 0.553368 1.122104
v -0.054374 0.667584 1.055628
v -0.037459 0.747441 0.950065
v -0.024704 0.780779 0.821486
v -0.018050 0.762525 0.689466
v -0.018509 0.695456 0.574104
v -0.026012 0.589784 0.492963
v -0.039417 0.461596 0.458396
v -0.056683 0.330408 0.475666
v -0.075181 0.216192 0.542142
v -0.092095 0.136335 0.647705
v -0.104850 0.102997 0.776284
v -0.111505 0.121251 0.908304
v -0.111046 0.188320 1.023665
v -0.279305 0.329097 1.081226
v -0.253585 0.455127 1.116745
v -0.217161 0.582573 1.101328
v -0.175579 0.692031 1.037324
v -0.135169 0.766838 0.934476
v -0.102084 0.795605 0.808442
v -0.081359 0.773952 0.678410
v -0.076151 0.705176 0.564175
v -0.087252 0.599748 0.483130
v -0.112973 0.473718 0.447612
v -0.149396 0.346273 0.463029
v -0.190978 0.236814 0.527033
v -0.231388 0.162007 0.629881
v -0.264474 0.133241 0.755914
v -0.285199 0.154893 0.885947
v -0.290407 0.223669 1.000181
v -0.434077 0.383395 1.040521
v -0.395320 0.505251 1.078674
v -0.340697 0.626463 1.067241
v -0.278523 0.728577 1.007962
v -0.218265 0.796047 0.909863
v -0.169095 0.818601 0.787878
v -0.138500 0.792806 0.660578
v -0.131137 0.722589 0.547344
v -0.148127 0.618639 0.465414
v -0.186884 0.496783 0.427261
v -0.241507 0.375571 0.438694
v -0.303681 0.273457 0.497973
v -0.363939 0.205987 0.596072
v -0.413109 0.183433 0.718057
v -0.443704 0.209228 0.845357
v -0.451067 0.279445 0.958591
v -0.565174 0.451773 0.990907
v -0.514058 0.567634 1.032978
v -0.443704 0.680851 1.026740
v -0.364823 0.774188 0.973142
v -0.289423 0.833434 0.880344
v -0.228983 0.849570 0.762474
v -0.192706 0.820140 0.637476
v -0.186113 0.749624 0.524380
v -0.210208 0.648757 0.440404
v -0.261324 0.532895 0.398333
v -0.331677 0.419678 0.404571
v -0.410559 0.326341 0.458169
v -0.485959 0.267095 0.550967
v -0.546398 0.250959 0.668837
v -0.582676 0.280389 0.793835
v -0.589269 0.350906 0.906931
v -0.673798 0.528429 0.939347
v -0.612277 0.637363 0.985772
v -0.529690 0.742173 0.984760
v -0.438611 0.826902 0.936467
v -0.352906 0.878652 0.848244
v -0.285622 0.889543 0.733522
v -0.247003 0.857918 0.609768
v -0.242928 0.788591 0.495821
v -0.274018 0.692117 0.409029
v -0.335539 0.583183 0.362605
v -0.418126 0.478373 0.363616
v -0.509205 0.393644 0.411910
v -0.594911 0.341894 0.500133
v -0.662194 0.331003 0.614854
v -0.700813 0.362628 0.738608
v -0.704888 0.431955 0.852555
v -0.764095 0.608344 0.890321
v -0.694908 0.710789 0.940568
v -0.603928 0.808354 0.943782
v -0.505006 0.886187 0.899472
v -0.413202 0.932436 0.814385
v -0.342493 0.940062 0.701475
v -0.303643 0.907904 0.577930
v -0.302567 0.840857 0.462560
v -0.339429 0.749128 0.372929
v -0.408616 0.646683 0.322682
v -0.499596 0.549118 0.319468
v -0.598518 0.471286 0.363777
v -0.690322 0.425036 0.448864
v -0.761031 0.417410 0.561775
v -0.799881 0.449568 0.685319
v -0.800957 0.516616 0.800689
v -0.841601 0.688159 0.845586
v -0.767778 0.785979 0.898389
v -0.672069 0.878782 0.904216
v -0.569043 0.952440 0.862181
v -0.474385 0.995738 0.778683
v -0.402507 1.002085 0.666434
v -0.364350 0.970514 0.542522
v -0.365725 0.905833 0.425813
v -0.406421 0.817888 0.334073
v -0.480243 0.720067 0.281270
v -0.575953 0.627264 0.275442
v -0.678979 0.553607 0.317477
v -0.773636 0.510308 0.400975
v -0.845515 0.503961 0.513225
v -0.883671 0.535532 0.637136
v -0.882297 0.600213 0.753846
v -0.912008 0.766218 0.804648
v -0.836626 0.862345 0.858349
v -0.739483 0.953590 0.865002
v -0.635369 1.026063 0.823593
v -0.540133 1.068728 0.740427
v -0.468276 1.075093 0.628166
v -0.430735 1.044186 0.503899
v -0.433228 0.980714 0.386546
v -0.475373 0.894340 0.293972
v -0.550756 0.798213 0.240271
v -0.647899 0.706967 0.233618
v -0.752013 0.634495 0.275027
v -0.847248 0.591829 0.358193
v -0.919106 0.585465 0.470454
v -0.956646 0.616372 0.594721
v -0.954154 0.679844 0.712074
v -0.980596 0.842038 0.765342
v -0.906754 0.939841 0.818148
v -0.811120 1.032726 0.823923
v -0.708256 1.106552 0.781788
v -0.613820 1.150079 0.698158
v -0.542191 1.156681 0.585764
v -0.504272 1.125353 0.461718
v -0.505837 1.060864 0.344905
v -0.546647 0.973032 0.253108
v -0.620490 0.875228 0.200302
v -0.716123 0.782343 0.194527
v -0.818987 0.708517 0.236662
v -0.913423 0.664990 0.320292
v -0.985052 0.658388 0.432686
v -1.022971 0.689716 0.556731
v -1.021406 0.754205 0.673545
v -1.052043 0.915481 0.724192
v -0.982879 1.018034 0.774249
v -0.891345 1.115075 0.777615
v -0.791376 1.191829 0.733777
v -0.698192 1.236611 0.649409
v -0.625979 1.242604 0.537355
v -0.585731 1.208895 0.414674
v -0.583576 1.140616 0.300044
v -0.619841 1.048162 0.210915
v -0.689005 0.945609 0.160858
v -0.780539 0.848568 0.157492
v -0.880508 0.771814 0.201330
v -0.973692 0.727032 0.285698
v -1.045905 0.721039 0.397752
v -1.086153 0.754748 0.520433
v -1.088308 0.823027 0.635063
v -1.130146 0.985853 0.676572
v -1.068671 1.095262 0.721929
v -0.983303 1.197823 0.721535
v -0.887038 1.277923 0.675449
v -0.794533 1.323367 0.590689
v -0.719870 1.327237 0.480158
v -0.674416 1.288943 0.360683
v -0.665090 1.214316 0.250454
v -0.693314 1.114716 0.166251
v -0.754789 1.005308 0.120894
v -0.840157 0.902746 0.121289
v -0.936421 0.822646 0.167374
v -1.028927 0.777202 0.252135
v -1.103590 0.773332 0.362666
v -1.149044 0.811626 0.482141
v -1.158369 0.886253 0.592370
v -1.217085 1.051169 0.616960
v -1.165769 1.168148 0.655550
v -1.087809 1.276320 0.650284
v -0.995072 1.359215 0.601964
v -0.901677 1.404215 0.517945
v -0.821843 1.404467 0.411019
v -0.767723 1.359935 0.297464
v -0.747558 1.277396 0.194569
v -0.764416 1.169418 0.117998
v -0.815731 1.052438 0.079408
v -0.893692 0.944266 0.084674
v -0.986429 0.861371 0.132994
v -1.079824 0.816371 0.217013
v -1.159658 0.816119 0.323939
v -1.213778 0.860652 0.437494
v -1.233943 0.943190 0.540389
v -1.312359 1.107965 0.539599
v -1.272621 1.231823 0.569381
v -1.202243 1.344676 0.558530
v -1.111939 1.429344 0.508698
v -1.015457 1.472937 0.427473
v -0.927485 1.468819 0.327220
v -0.861416 1.417615 0.223201
v -0.827310 1.327122 0.131253
v -0.830357 1.211117 0.065374
v -0.870095 1.087259 0.035592
v -0.940473 0.974406 0.046443
v -1.030777 0.889737 0.096275
v -1.127259 0.846144 0.177500
v -1.215231 0.850263 0.277753
v -1.281299 0.901466 0.381772
v -1.315406 0.991959 0.473720
v -1.412039 1.151903 0.439677
v -1.383924 1.280923 0.458916
v -1.320282 1.397034 0.442347
v -1.230802 1.482561 0.392494
v -1.129108 1.524482 0.316946
v -1.030680 1.516415 0.227204
v -0.950504 1.459588 0.136930
v -0.900786 1.362653 0.059869
v -0.889094 1.240368 0.007752
v -0.917210 1.111348 -0.011487
v -0.980851 0.995236 0.005081
v -1.070331 0.909710 0.054935
v -1.172025 0.867789 0.130483
v -1.270453 0.875856 0.220225
v -1.350629 0.932682 0.310498
v -1.400348 1.029617 0.387559
v -1.509058 1.178898 0.314609
v -1.491314 1.310938 0.322177
v -1.432916 1.428931 0.300403
v -1.342757 1.514914 0.252601
v -1.234562 1.555796 0.186050
v -1.124802 1.545354 0.110881
v -1.030187 1.485177 0.038537
v -0.965123 1.384427 -0.019967
v -0.939513 1.258442 -0.055725
v -0.957258 1.126402 -0.063292
v -1.015655 1.008409 -0.041518
v -1.105815 0.922426 0.006283
v -1.214010 0.881544 0.072835
v -1.323770 0.891986 0.148004
v -1.418385 0.952163 0.220347
v -1.483449 1.052913 0.278851
v -1.594574 1.186154 0.164825
v -1.585088 1.319182 0.160327
v -1.530326 1.438066 0.134359
v -1.438626 1.524708 0.090875
v -1.323946 1.565917 0.036495
v -1.203747 1.555419 -0.020503
v -1.096328 1.494812 -0.071441
v -1.018042 1.393324 -0.108564
v -0.980808 1.266404 -0.126220
v -0.990293 1.133376 -0.121722
v -1.045055 1.014491 -0.095754
v -1.136756 0.927850 -0.052270
v -1.251435 0.886641 0.002110
v -1.371634 0.897139 0.059108
v -1.479053 0.957746 0.110046
v -1.557339 1.059234 0.147168
v -1.659724 1.172601 -0.006267
v -1.656068 1.304990 -0.022590
v -1.603639 1.424238 -0.051536
v -1.510418 1.512190 -0.088698
v -1.390597 1.555456 -0.128418
v -1.262418 1.547449 -0.164651
v -1.145395 1.489389 -0.191879
v -1.057344 1.390114 -0.205957
v -1.011669 1.264739 -0.204743
v -1.015325 1.132349 -0.188420
v -1.067754 1.013102 -0.159474
v -1.160975 0.925150 -0.122312
v -1.280796 0.881884 -0.082591
v -1.408975 0.889890 -0.046359
v -1.525998 0.947951 -0.019131
v -1.614049 1.047225 -0.005053
v -1.697015 1.138759 -0.192894
v -1.696847 1.269334 -0.220405
v -1.645927 1.388765 -0.251227
v -1.552007 1.478870 -0.280670
v -1.429386 1.525931 -0.304249
v -1.296732 1.522784 -0.318376
v -1.174239 1.469908 -0.320900
v -1.080557 1.375352 -0.311436
v -1.029948 1.253512 -0.291426
v -1.030116 1.122937 -0.263915
v -1.081036 1.003505 -0.233092
v -1.174956 0.913400 -0.203650
v -1.297577 0.866339 -0.180071
v -1.430231 0.869486 -0.165944
v -1.552724 0.922363 -0.163420
v -1.646406 1.016919 -0.172884
v -1.701074 1.086319 -0.387712
v -1.702309 1.214257 -0.425620
v -1.652498 1.333865 -0.457549
v -1.559223 1.426933 -0.478638
v -1.436685 1.479294 -0.485676
v -1.303539 1.482975 -0.477591
v -1.180056 1.437417 -0.455614
v -1.085034 1.349554 -0.423092
v -1.032940 1.232763 -0.384975
v -1.031705 1.104825 -0.347067
v -1.081516 0.985217 -0.315138
v -1.174791 0.892148 -0.294049
v -1.297329 0.839788 -0.287012
v -1.430475 0.836106 -0.295096
v -1.553958 0.881665 -0.317073
v -1.648980 0.969528 -0.349595
v -1.668898 1.017741 -0.582513
v -1.669703 1.142435 -0.630026
v -1.620844 1.262236 -0.662694
v -1.529758 1.358905 -0.675544
v -1.410312 1.417725 -0.666621
v -1.280691 1.429741 -0.637282
v -1.160629 1.393125 -0.591994
v -1.068404 1.313449 -0.537652
v -1.018056 1.202845 -0.482529
v -1.017250 1.078151 -0.435016
v -1.066110 0.958350 -0.402348
v -1.157196 0.861681 -0.389498
v -1.276642 0.802861 -0.398421
v -1.406263 0.790845 -0.427760
v -1.526325 0.827462 -0.473048
v -1.618550 0.907137 -0.527390
v -1.599865 0.935966 -0.768815
v -1.598569 1.056917 -0.825169
v -1.550553 1.176859 -0.858564
v -1.463128 1.277531 -0.863915
v -1.349602 1.343607 -0.840408
v -1.227259 1.365027 -0.791621
v -1.114725 1.338530 -0.724982
v -1.029132 1.268151 -0.650636
v -0.983511 1.164603 -0.579902
v -0.984806 1.043652 -0.523548
v -1.032822 0.923710 -0.490154
v -1.120248 0.823038 -0.484803
v -1.233774 0.756963 -0.508310
v -1.356117 0.735543 -0.557097
v -1.468651 0.762039 -0.623735
v -1.554244 0.832419 -0.698081
v -1.495617 0.844234 -0.938380
v -1.490621 0.960991 -1.002798
v -1.443243 1.080919 -1.037139
v -1.360696 1.185760 -1.036175
v -1.255546 1.259554 -1.000053
v -1.143802 1.291065 -0.934273
v -1.042476 1.275497 -0.848848
v -0.966994 1.215219 -0.756784
v -0.928847 1.119409 -0.672097
v -0.933843 1.002652 -0.607680
v -0.981221 0.882724 -0.573339
v -1.063768 0.777883 -0.574302
v -1.168918 0.704089 -0.610424
v -1.280662 0.672578 -0.676204
v -1.381988 0.688146 -0.761629
v -1.457470 0.748424 -0.853693
v -1.359859 0.745966 -1.083705
v -1.349591 0.858106 -1.155301
v -1.302472 0.977771 -1.190894
v -1.225674 1.086743 -1.185064
v -1.130891 1.168432 -1.138700
v -1.032551 1.210402 -1.058859
v -0.945626 1.206263 -0.957698
v -0.883350 1.156646 -0.850616
v -0.855203 1.069103 -0.753917
v -0.865470 0.956964 -0.682321
v -0.912590 0.837299 -0.646728
v -0.989387 0.728327 -0.652558
v -1.084170 0.646637 -0.698923
v -1.182510 0.604667 -0.778763
v -1.269435 0.608806 -0.879924
v -1.331712 0.658424 -0.987006
v -1.198056 0.644671 -1.198480
v -1.180980 0.751816 -1.276166
v -1.133564 0.870906 -1.313259
v -1.063027 0.983812 -1.304114
v -0.980107 1.073343 -1.250121
v -0.897428 1.125870 -1.159502
v -0.827578 1.133396 -1.046052
v -0.781189 1.094775 -0.927042
v -0.765326 1.015887 -0.820591
v -0.782402 0.908742 -0.742906
v -0.829818 0.789651 -0.705812
v -0.900355 0.676746 -0.714958
v -0.983275 0.587215 -0.768950
v -1.065954 0.534688 -0.859569
v -1.135804 0.527162 -0.973020
v -1.182192 0.565783 -1.092029
v -1.017025 0.543860 -1.277966
v -0.991701 0.645713 -1.360375
v -0.943313 0.763903 -1.399058
v -0.879226 0.880437 -1.388125
v -0.809198 0.977573 -1.329240
v -0.743891 1.040523 -1.231369
v -0.693245 1.059704 -1.109410
v -0.664972 1.032196 -0.981932
v -0.663377 0.962186 -0.868342
v -0.688701 0.860333 -0.785932
v -0.737090 0.742143 -0.747249
v -0.801176 0.625610 -0.758183
v -0.871204 0.528473 -0.817067
v -0.936512 0.465523 -0.914939
v -0.987157 0.446342 -1.036897
v -1.015430 0.473850 -1.164375
v -0.824435 0.446964 -1.319260
v -0.789620 0.543357 -1.404718
v -0.739562 0.660360 -1.444857
v -0.681882 0.780160 -1.433568
v -0.625360 0.884520 -1.372567
v -0.578602 0.957551 -1.271143
v -0.548727 0.988135 -1.144736
v -0.540282 0.971616 -1.012590
v -0.554553 0.910509 -0.894824
v -0.589367 0.814116 -0.809366
v -0.639425 0.697113 -0.769226
v -0.697106 0.577312 -0.780516
v -0.753627 0.472952 -0.841516
v -0.800385 0.399921 -0.942940
v -0.830261 0.369337 -1.069348
v -0.838706 0.385856 -1.201493
v -0.628253 0.357265 -1.321405
v -0.583030 0.448213 -1.407949
v -0.530711 0.563833 -1.449197
v -0.479261 0.686523 -1.438867
v -0.436513 0.797605 -1.378534
v -0.408975 0.880168 -1.277381
v -0.400839 0.921641 -1.150809
v -0.413345 0.915711 -1.018087
v -0.444588 0.863281 -0.899421
v -0.489811 0.772333 -0.812876
v -0.542131 0.656713 -0.771628
v -0.593581 0.534023 -0.781958
v -0.636329 0.422941 -0.842291
v -0.663866 0.340379 -0.943444
v -0.672002 0.298905 -1.070016
v -0.659496 0.304835 -1.202738
v -0.436210 0.277847 -1.285338
v -0.380118 0.363605 -1.370814
v -0.325179 0.477780 -1.412677
v -0.279757 0.602990 -1.404554
v -0.250767 0.720173 -1.347683
v -0.242623 0.811489 -1.250720
v -0.256563 0.863036 -1.128429
v -0.290467 0.866967 -0.999425
v -0.339172 0.822682 -0.883350
v -0.395264 0.736925 -0.797875
v -0.450202 0.622750 -0.756012
v -0.495624 0.497539 -0.764134
v -0.524614 0.380356 -0.821006
v -0.532759 0.289040 -0.917968
v -0.518818 0.237493 -1.040260
v -0.484915 0.233562 -1.169263
v -0.255323 0.211577 -1.213712
v -0.188485 0.292681 -1.295940
v -0.130911 0.405503 -1.337930
v -0.091365 0.532866 -1.333289
v -0.075869 0.655380 -1.282723
v -0.086780 0.754394 -1.193932
v -0.122439 0.814833 -1.080432
v -0.177416 0.827497 -0.959503
v -0.243342 0.790457 -0.849555
v -0.310180 0.709352 -0.767327
v -0.367754 0.596531 -0.725337
v -0.407300 0.469168 -0.729978
v -0.422796 0.346654 -0.780543
v -0.411885 0.247640 -0.869335
v -0.376226 0.187200 -0.982835
v -0.321249 0.174537 -1.103764
v -0.091549 0.161111 -1.110642
v -0.014749 0.238399 -1.187680
v 0.045080 0.350097 -1.229521
v 0.078829 0.479201 -1.229796
v 0.081359 0.606054 -1.188462
v 0.052286 0.711346 -1.111812
v -0.003964 0.779045 -1.011516
v -0.078828 0.798846 -0.902842
v -0.160908 0.767734 -0.802335
v -0.237708 0.690446 -0.725297
v -0.297537 0.578748 -0.683455
v -0.331286 0.449644 -0.683180
v -0.333816 0.322791 -0.724514
v -0.304743 0.217500 -0.801164
v -0.248493 0.149800 -0.901461
v -0.173629 0.129999 -1.010135
v 0.050455 0.128894 -0.981494
v 0.135777 0.203462 -1.051967
v 0.197113 0.314328 -1.093839
v 0.225126 0.444614 -1.100735
v 0.215550 0.574485 -1.071605
v 0.169844 0.684169 -1.010884
v 0.094966 0.756968 -0.927817
v 0.002315 0.781799 -0.835049
v -0.094003 0.754882 -0.746703
v -0.179325 0.680314 -0.676230
v -0.240662 0.569448 -0.634358
v -0.268674 0.439162 -0.627462
v -0.259099 0.309291 -0.656591
v -0.213393 0.199607 -0.717312
v -0.138515 0.126808 -0.800380
v -0.045864 0.101976 -0.893148
v 0.167504 0.117072 -0.832770
v 0.259380 0.190142 -0.896223
v 0.321255 0.300379 -0.938955
v 0.343707 0.431001 -0.954461
v 0.323319 0.562122 -0.940381
v 0.263195 0.673780 -0.898857
v 0.172488 0.748977 -0.836212
v 0.065007 0.776263 -0.761983
v -0.042885 0.751486 -0.687471
v -0.134762 0.678416 -0.624018
v -0.196637 0.568179 -0.581286
v -0.219089 0.437557 -0.565780
v -0.198701 0.306436 -0.579860
v -0.138577 0.194777 -0.621384
v -0.047869 0.119581 -0.684028
v 0.059612 0.092295 -0.758258
v 0.258105 0.127199 -0.672062
v 0.354331 0.199870 -0.729211
v 0.415794 0.309387 -0.774322
v 0.433138 0.439076 -0.800528
v 0.403721 0.569193 -0.803839
v 0.332022 0.679928 -0.783751
v 0.228957 0.754425 -0.743321
v 0.110216 0.781340 -0.688706
v -0.006124 0.756577 -0.628219
v -0.102350 0.683905 -0.571070
v -0.163813 0.574389 -0.525958
v -0.181157 0.444700 -0.499752
v -0.151740 0.314583 -0.496441
v -0.080041 0.203847 -0.516530
v 0.023024 0.129351 -0.556959
v 0.141765 0.102436 -0.611575
v 0.322760 0.159659 -0.507809
v 0.421292 0.232587 -0.560531
v 0.481685 0.340810 -0.609999
v 0.494744 0.467852 -0.648684
v 0.458482 0.594372 -0.670694
v 0.378418 0.701109 -0.672680
v 0.266743 0.771812 -0.654339
v 0.140457 0.795717 -0.618463
v 0.018786 0.769187 -0.570514
v -0.079746 0.696258 -0.517792
v -0.140138 0.588035 -0.468323
v -0.153198 0.460993 -0.429639
v -0.116936 0.334473 -0.407629
v -0.036872 0.227737 -0.405643
v 0.074803 0.157034 -0.423984
v 0.201089 0.133128 -0.459860
v 0.364185 0.212961 -0.348539
v 0.463515 0.286089 -0.399456
v 0.522634 0.391938 -0.455202
v 0.532542 0.514393 -0.507291
v 0.491730 0.634812 -0.547793
v 0.406411 0.734862 -0.570541
v 0.289575 0.799311 -0.572072
v 0.159008 0.818347 -0.552154
v 0.034589 0.789073 -0.513818
v -0.064741 0.715945 -0.462901
v -0.123860 0.610096 -0.407155
v -0.133767 0.487641 -0.355066
v -0.092955 0.367222 -0.314564
v -0.007636 0.267172 -0.291816
v 0.109200 0.202723 -0.290285
v 0.239766 0.183687 -0.310203
v 0.387085 0.283334 -0.201494
v 0.486407 0.355892 -0.253235
v 0.544467 0.458041 -0.316492
v 0.552424 0.574230 -0.381633
v 0.509067 0.686771 -0.438743
v 0.420998 0.778530 -0.479126
v 0.301623 0.835537 -0.496635
v 0.169117 0.849115 -0.488603
v 0.043653 0.817195 -0.456255
v -0.055670 0.744637 -0.404513
v -0.113729 0.642488 -0.341257
v -0.121686 0.526299 -0.276115
v -0.078330 0.413758 -0.219005
v 0.009740 0.321999 -0.178622
v 0.129114 0.264992 -0.161114
v 0.261620 0.251415 -0.169145
v 0.397250 0.365101 -0.071178
v 0.496341 0.435977 -0.125622
v 0.553752 0.533389 -0.196486
v 0.560744 0.642505 -0.272980
v 0.516250 0.746714 -0.343461
v 0.427046 0.830152 -0.397197
v 0.306712 0.880115 -0.426007
v 0.173567 0.888996 -0.425506
v 0.047882 0.855445 -0.395770
v -0.051210 0.784569 -0.341326
v -0.108621 0.687157 -0.270463
v -0.115612 0.578041 -0.193968
v -0.071119 0.473832 -0.123487
v 0.018085 0.390395 -0.069751
v 0.138419 0.340432 -0.040941
v 0.271564 0.331550 -0.041442
v 0.400259 0.451829 0.041328
v 0.499187 0.520204 -0.016508
v 0.556316 0.612713 -0.093871
v 0.562949 0.715274 -0.178982
v 0.518076 0.812273 -0.258885
v 0.428529 0.888941 -0.321414
v 0.307940 0.933608 -0.357051
v 0.174669 0.939473 -0.360370
v 0.049004 0.905643 -0.330866
v -0.049924 0.837269 -0.273030
v -0.107053 0.744759 -0.195667
v -0.113686 0.642198 -0.110556
v -0.068813 0.545200 -0.030653
v 0.020734 0.468531 0.031877
v 0.141323 0.423864 0.067514
v 0.274594 0.417999 0.070833
v 0.400393 0.537711 0.137915
v 0.499264 0.603640 0.077214
v 0.556313 0.692312 -0.004575
v 0.562856 0.790226 -0.095000
v 0.517897 0.882477 -0.180294
v 0.428279 0.955019 -0.247473
v 0.307648 0.996810 -0.286310
v 0.174367 1.001486 -0.290890
v 0.048727 0.968336 -0.260518
v -0.050144 0.902406 -0.199818
v -0.107193 0.813734 -0.118029
v -0.113736 0.715820 -0.027604
v -0.068777 0.623569 0.057691
v 0.020840 0.551027 0.124870
v 0.141472 0.509236 0.163706
v 0.274753 0.504560 0.168287
v 0.400162 0.618515 0.222269
v 0.499027 0.683218 0.160254
v 0.556068 0.770310 0.076780
v 0.562602 0.866532 -0.015445
v 0.517634 0.957235 -0.102379
v 0.428010 1.028610 -0.170789
v 0.307375 1.069790 -0.210259
v 0.174093 1.074508 -0.214780
v 0.048456 1.042043 -0.183664
v -0.050409 0.977340 -0.121649
v -0.107450 0.890247 -0.038175
v -0.113984 0.794026 0.054050
v -0.069016 0.703323 0.140984
v 0.020608 0.631948 0.209394
v 0.141244 0.590767 0.248864
v 0.274526 0.586050 0.253385
v 0.400429 0.691894 0.298736
v 0.499289 0.757638 0.237817
v 0.556323 0.846204 0.155903
v 0.562850 0.944106 0.065464
v 0.517875 1.036441 -0.019732
v 0.428246 1.109150 -0.086714
v 0.307607 1.151166 -0.125284
v 0.174325 1.156091 -0.129571
v 0.048691 1.123176 -0.098922
v -0.050169 1.057431 -0.038004
v -0.107203 0.968866 0.043911
v -0.113730 0.870963 0.134350
v -0.068755 0.778629 0.219546
v 0.020874 0.705919 0.286527
v 0.141513 0.663903 0.325098
v 0.274795 0.658978 0.329385
v 0.400769 0.757152 0.371690
v 0.499540 0.826784 0.315102
v 0.556460 0.920019 0.238459
v 0.562861 1.022663 0.153430
v 0.517770 1.119089 0.072959
v 0.428052 1.194617 0.009298
v 0.307364 1.237750 -0.027861
v 0.174081 1.241919 -0.032862
v 0.048494 1.206491 -0.004943
v -0.050278 1.136859 0.051645
v -0.107197 1.043624 0.128288
v -0.113598 0.940981 0.213318
v -0.068507 0.844554 0.293788
v 0.021211 0.769026 0.357449
v 0.141899 0.725893 0.394608
v 0.275182 0.721724 0.399609
v 0.399730 0.814643 0.445427
v 0.498063 0.890867 0.397184
v 0.554453 0.991361 0.329895
v 0.560316 1.100825 0.253804
v 0.514760 1.202595 0.180495
v 0.424720 1.281178 0.121129
v 0.303904 1.324609 0.084744
v 0.170705 1.326276 0.076878
v 0.045401 1.285926 0.098731
v -0.052932 1.209703 0.146974
v -0.109322 1.109209 0.214263
v -0.115185 0.999744 0.290354
v -0.069629 0.897974 0.363663
v 0.020411 0.819392 0.423029
v 0.141227 0.775961 0.459414
v 0.274426 0.774293 0.467279
v 0.394811 0.864888 0.524133
v 0.491764 0.949476 0.488754
v 0.546638 1.058548 0.434912
v 0.551079 1.175497 0.370804
v 0.504411 1.282520 0.306189
v 0.413740 1.363322 0.250906
v 0.292868 1.405603 0.213369
v 0.160197 1.402926 0.199295
v 0.035926 1.355699 0.210825
v -0.061026 1.271110 0.246204
v -0.115900 1.162039 0.300046
v -0.120342 1.045089 0.364155
v -0.073674 0.938067 0.428769
v 0.016998 0.857264 0.484052
v 0.137870 0.814983 0.521589
v 0.270540 0.817660 0.535663
v 0.382274 0.907627 0.611403
v 0.476032 1.000827 0.593241
v 0.527674 1.118190 0.556283
v 0.529337 1.241848 0.506157
v 0.480768 1.352975 0.450493
v 0.389361 1.434654 0.397766
v 0.269033 1.474450 0.356003
v 0.138102 1.466303 0.331562
v 0.016501 1.411455 0.328164
v -0.077257 1.318255 0.346326
v -0.128899 1.200892 0.383283
v -0.130562 1.077234 0.433410
v -0.081993 0.966106 0.489073
v 0.009413 0.884428 0.541800
v 0.129741 0.844632 0.583563
v 0.260672 0.852779 0.608004
v 0.357236 0.941283 0.709090
v 0.445089 1.041698 0.711423
v 0.491180 1.165624 0.693407
v 0.488491 1.294196 0.657786
v 0.437433 1.407839 0.609983
v 0.345779 1.489251 0.557275
v 0.227481 1.526040 0.507687
v 0.100550 1.512603 0.468768
v -0.015690 1.450987 0.446442
v -0.103543 1.350573 0.444110
v -0.149634 1.226646 0.462126
v -0.146945 1.098074 0.497747
v -0.095887 0.984432 0.545550
v -0.004233 0.903019 0.598258
v 0.114065 0.866231 0.647846
v 0.240996 0.879667 0.686765
v 0.314428 0.963251 0.816090
v 0.393100 1.068262 0.840382
v 0.431108 1.196171 0.841590
v 0.422663 1.327505 0.819528
v 0.369053 1.442270 0.777555
v 0.278439 1.522994 0.722062
v 0.164616 1.557387 0.661497
v 0.044913 1.540214 0.605080
v -0.062447 1.474088 0.561400
v -0.141119 1.369078 0.537108
v -0.179126 1.241169 0.535901
v -0.170682 1.109834 0.557963
v -0.117072 0.995069 0.599935
v -0.026458 0.914346 0.655428
v 0.087365 0.879952 0.715993
v 0.207068 0.897126 0.772410
v 0.249444 0.970855 0.927965
v 0.315629 1.077330 0.973674
v 0.343248 1.206481 0.992749
v 0.328097 1.338646 0.982285
v 0.272482 1.453705 0.943876
v 0.184870 1.534140 0.883369
v 0.078600 1.567705 0.809976
v -0.030151 1.549292 0.734870
v -0.124826 1.481703 0.669485
v -0.191011 1.375228 0.623776
v -0.218630 1.246077 0.604702
v -0.203479 1.113912 0.615165
v -0.147864 0.998853 0.653574
v -0.060252 0.918418 0.714081
v 0.046019 0.884852 0.787475
v 0.154770 0.903266 0.862581
v 0.159872 0.962289 1.037750
v 0.210700 1.067218 1.102658
v 0.226136 1.195204 1.137126
v 0.203830 1.326763 1.135904
v 0.147178 1.441865 1.099180
v 0.064804 1.522988 1.032544
v -0.030750 1.557781 0.946141
v -0.124938 1.540948 0.853125
v -0.203420 1.475051 0.767656
v -0.254248 1.370122 0.702748
v -0.269684 1.242136 0.668281
v -0.247378 1.110577 0.669502
v -0.190726 0.995475 0.706226
v -0.108353 0.914352 0.772862
v -0.012798 0.879558 0.859266
v 0.081390 0.896392 0.952282
v 0.045835 0.937068 1.137369
v 0.079119 1.037915 1.218169
v 0.081140 1.162850 1.265009
v 0.051591 1.292852 1.270756
v -0.005029 1.408130 1.234536
v -0.080100 1.491134 1.161863
v -0.162195 1.529226 1.063801
v -0.238813 1.516609 0.955278
v -0.298292 1.455202 0.852818
v -0.331576 1.354355 0.772017
v -0.333597 1.229420 0.725178
v -0.304048 1.099418 0.719430
v -0.247428 0.984140 0.755650
v -0.172357 0.901137 0.828323
v -0.090262 0.863044 0.926385
v -0.013644 0.875661 1.034908
v -0.090059 0.895970 1.218987
v -0.075787 0.990763 1.311816
v -0.087936 1.111251 1.367868
v -0.124656 1.239091 1.378607
v -0.180357 1.354820 1.342401
v -0.246558 1.440819 1.264760
v -0.313182 1.483997 1.157505
v -0.370086 1.477779 1.036964
v -0.408606 1.423112 0.921489
v -0.422878 1.328319 0.828660
v -0.410729 1.207831 0.772609
v -0.374009 1.079991 0.761869
v -0.318308 0.964262 0.798075
v -0.252107 0.878262 0.875716
v -0.185483 0.835085 0.982971
v -0.128579 0.841303 1.103512
v -0.243125 0.840750 1.275956
v -0.248678 0.928020 1.376752
v -0.275395 1.043040 1.438909
v -0.319207 1.168298 1.452963
v -0.373445 1.284726 1.416776
v -0.429853 1.374597 1.335857
v -0.479841 1.424231 1.222524
v -0.515801 1.426071 1.094032
v -0.532256 1.379837 0.969942
v -0.526703 1.292566 0.869146
v -0.499987 1.177547 0.806990
v -0.456175 1.052288 0.792935
v -0.401936 0.935861 0.829122
v -0.345529 0.845989 0.910042
v -0.295541 0.796355 1.023374
v -0.259581 0.794515 1.151867
v -0.407134 0.773837 1.303372
v -0.432752 0.852516 1.408062
v -0.474154 0.961303 1.473315
v -0.525034 1.083637 1.489197
v -0.577649 1.200893 1.453289
v -0.623986 1.295221 1.371059
v -0.656993 1.352259 1.255025
v -0.671644 1.363325 1.122852
v -0.665708 1.326733 0.994663
v -0.640089 1.248054 0.889973
v -0.598688 1.139267 0.824720
v -0.547807 1.016932 0.808838
v -0.495193 0.899676 0.844746
v -0.448855 0.805348 0.926976
v -0.415848 0.748310 1.043010
v -0.401198 0.737245 1.175183
v -0.574891 0.698081 1.298361
v -0.620298 0.767411 1.402948
v -0.676239 0.869382 1.468363
v -0.734197 0.988472 1.484647
v -0.785351 1.106549 1.449322
v -0.821910 1.205637 1.367764
v -0.838311 1.270652 1.252392
v -0.832055 1.291694 1.120768
v -0.804096 1.265562 0.992932
v -0.758690 1.196232 0.888345
v -0.702749 1.094261 0.822930
v -0.644790 0.975171 0.806646
v -0.593637 0.857094 0.841972
v -0.557077 0.758006 0.923529
v -0.540677 0.692991 1.038901
v -0.546932 0.671949 1.170525
v -0.738827 0.616573 1.260179
v -0.803242 0.676046 1.360779
v -0.873284 0.770762 1.423468
v -0.938289 0.886299 1.438702
v -0.988361 1.005070 1.404162
v -1.015877 1.108992 1.325106
v -1.016648 1.182244 1.213570
v -0.990557 1.213673 1.086534
v -0.941575 1.198496 0.963338
v -0.877160 1.139023 0.862738
v -0.807119 1.044308 0.800049
v -0.742113 0.928770 0.784815
v -0.692041 0.809999 0.819356
v -0.664525 0.706078 0.898412
v -0.663754 0.632826 1.009948
v -0.689845 0.601396 1.136984
v -0.891566 0.532495 1.190149
v -0.973703 0.581828 1.283028
v -1.057056 0.668984 1.340148
v -1.128935 0.780697 1.352812
v -1.178398 0.899958 1.319093
v -1.197914 1.008611 1.244124
v -1.184512 1.090114 1.139318
v -1.140232 1.132060 1.020631
v -1.071816 1.128063 0.906132
v -0.989679 1.078730 0.813253
v -0.906326 0.991573 0.756133
v -0.834446 0.879861 0.743469
v -0.784983 0.760600 0.777188
v -0.765468 0.651947 0.852158
v -0.778870 0.570444 0.956963
v -0.823150 0.528498 1.075650
v -1.026462 0.449004 1.091447
v -1.124512 0.488129 1.173070
v -1.219976 0.567582 1.221862
v -1.298321 0.675266 1.230394
v -1.347620 0.794788 1.197367
v -1.360368 0.907952 1.127810
v -1.334624 0.997529 1.032312
v -1.274306 1.049883 0.925412
v -1.188599 1.057042 0.823384
v -1.090550 1.017917 0.741761
v -0.995086 0.938464 0.692970
v -0.916740 0.830780 0.684438
v -0.867441 0.711258 0.717465
v -0.854693 0.598094 0.787021
v -0.880438 0.508517 0.882519
v -0.940755 0.456163 0.989420
v -1.138048 0.369127 0.968756
v -1.249664 0.398212 1.035857
v -1.355581 0.470004 1.073726
v -1.439675 0.573574 1.076598
v -1.489143 0.693154 1.044034
v -1.496454 0.810538 0.980994
v -1.460494 0.907857 0.897074
v -1.386739 0.970295 0.805049
v -1.286416 0.988345 0.718931
v -1.174800 0.959260 0.651830
v -1.068883 0.887468 0.613961
v -0.984789 0.783898 0.611090
v -0.935321 0.664319 0.643653
v -0.928010 0.546934 0.706693
v -0.963970 0.449615 0.790614
v -1.037725 0.387178 0.882638
v -1.222347 0.295678 0.827793
v -1.344653 0.315156 0.877477
v -1.458896 0.379563 0.902115
v -1.547683 0.479093 0.897957
v -1.597497 0.598595 0.865635
v -1.600754 0.719874 0.810071
v -1.556959 0.824468 0.739722
v -1.472778 0.896452 0.665300
v -1.361029 0.924868 0.598135
v -1.238722 0.905390 0.548451
v -1.124480 0.840983 0.523812
v -1.035693 0.741453 0.527971
v -0.985879 0.621951 0.560292
v -0.982622 0.500672 0.615857
v -1.026417 0.396079 0.686205
v -1.110597 0.324094 0.760627
v -1.277031 0.231198 0.674785
v -1.406653 0.241813 0.704656
v -1.526657 0.299387 0.714198
v -1.618773 0.395155 0.701958
v -1.668978 0.514537 0.669801
v -1.669628 0.639358 0.622621
v -1.620625 0.750616 0.567602
v -1.529428 0.831372 0.513119
v -1.409923 0.869332 0.467467
v -1.280301 0.858717 0.437596
v -1.160297 0.801142 0.428054
v -1.068181 0.705374 0.440293
v -1.017976 0.585992 0.472451
v -1.017326 0.461171 0.519630
v -1.066329 0.349913 0.574650
v -1.157525 0.269158 0.629133
v -1.301389 0.177940 0.515942
v -1.434540 0.180800 0.524270
v -1.557410 0.232411 0.517477
v -1.651292 0.324914 0.496597
v -1.701895 0.444227 0.464810
v -1.701514 0.572186 0.426954
v -1.650207 0.689310 0.388793
v -1.555786 0.777768 0.356136
v -1.432625 0.824094 0.333955
v -1.299474 0.821233 0.325627
v -1.176604 0.769623 0.332420
v -1.082722 0.677120 0.353300
v -1.032119 0.557807 0.385087
v -1.032500 0.429848 0.422943
v -1.083807 0.312724 0.461104
v -1.178228 0.224266 0.493761
v -1.296145 0.137903 0.357019
v -1.428799 0.134526 0.342940
v -1.551509 0.181373 0.319396
v -1.645594 0.271311 0.289971
v -1.696729 0.390649 0.259144
v -1.697131 0.521219 0.231608
v -1.646737 0.643141 0.211557
v -1.553221 0.737856 0.202041
v -1.430818 0.790942 0.204511
v -1.298164 0.794319 0.218589
v -1.175454 0.747472 0.242133
v -1.081369 0.657534 0.271559
v -1.030234 0.538196 0.302386
v -1.029832 0.407626 0.329921
v -1.080226 0.285704 0.349973
v -1.173742 0.190990 0.359488
v -1.263214 0.112895 0.203050
v -1.391401 0.105217 0.166777
v -1.511108 0.148795 0.127053
v -1.604110 0.236993 0.089926
v -1.656249 0.356384 0.061048
v -1.659586 0.488793 0.044815
v -1.613614 0.614061 0.043699
v -1.525332 0.713117 0.057870
v -1.408179 0.770881 0.085170
v -1.279992 0.778559 0.121443
v -1.160285 0.734981 0.161166
v -1.067283 0.646783 0.198293
v -1.015144 0.527392 0.227171
v -1.011807 0.394983 0.243404
v -1.057779 0.269715 0.244520
v -1.146061 0.170659 0.230349
v -1.205523 0.104591 0.058266
v -1.325777 0.094886 0.001242
v -1.440232 0.136851 -0.053032
v -1.531464 0.224097 -0.096293
v -1.585584 0.343341 -0.121957
v -1.594352 0.476430 -0.126115
v -1.556434 0.603101 -0.108134
v -1.477602 0.704071 -0.070753
v -1.369858 0.763967 -0.019661
v -1.249605 0.773671 0.037362
v -1.135150 0.731706 0.091636
v -1.043918 0.644461 0.134898
v -0.989798 0.525217 0.160562
v -0.981029 0.392128 0.164720
v -1.018947 0.265457 0.146739
v -1.097779 0.164487 0.109358
v -1.127024 0.114449 -0.073878
v -1.236928 0.105104 -0.148982
v -1.344907 0.147032 -0.215234
v -1.434522 0.233849 -0.262547
v -1.492131 0.352338 -0.283720
v -1.508963 0.484460 -0.275527
v -1.482456 0.610101 -0.239218
v -1.416644 0.710133 -0.180319
v -1.321547 0.769327 -0.107797
v -1.211644 0.778672 -0.032693
v -1.103665 0.736744 0.033559
v -1.014049 0.649927 0.080873
v -0.956440 0.531438 0.102045
v -0.939609 0.399316 0.093853
v -0.966116 0.273675 0.057543
v -1.031928 0.173643 -0.001356
v -1.032843 0.143373 -0.190774
v -1.131527 0.136499 -0.280334
v -1.233109 0.179549 -0.355397
v -1.322125 0.265969 -0.404536
v -1.385022 0.382601 -0.420268
v -1.412226 0.511690 -0.400200
v -1.399595 0.633583 -0.347387
v -1.349051 0.729722 -0.269868
v -1.268290 0.785473 -0.179445
v -1.169606 0.792346 -0.089885
v -1.068024 0.749296 -0.014822
v -0.979008 0.662877 0.034317
v -0.916111 0.546244 0.050049
v -0.888907 0.417155 0.029981
v -0.901539 0.295263 -0.022832
v -0.952082 0.199123 -0.100351
v -0.929262 0.191115 -0.290964
v -1.017580 0.188087 -0.390951
v -1.114086 0.232699 -0.471593
v -1.204086 0.318161 -0.520613
v -1.273880 0.431461 -0.530548
v -1.312841 0.555350 -0.499885
v -1.315039 0.670967 -0.433293
v -1.280139 0.760711 -0.340910
v -1.213453 0.810919 -0.236800
v -1.125135 0.813947 -0.136813
v -1.028630 0.769335 -0.056170
v -0.938630 0.683873 -0.007151
v -0.868836 0.570573 0.002784
v -0.829874 0.446684 -0.027878
v -0.827676 0.331067 -0.094470
v -0.862577 0.241323 -0.186854
v -0.823143 0.255670 -0.374546
v -0.903355 0.256789 -0.481183
v -0.996872 0.302586 -0.564633
v -1.089458 0.386091 -0.612190
v -1.167015 0.494589 -0.616615
v -1.217738 0.611564 -0.577235
v -1.233905 0.719206 -0.500043
v -1.213053 0.801129 -0.396793
v -1.158357 0.844859 -0.283203
v -1.078145 0.843741 -0.176565
v -0.984628 0.797943 -0.093116
v -0.892043 0.714438 -0.045558
v -0.814485 0.605940 -0.041133
v -0.763762 0.488965 -0.080514
v -0.747596 0.381323 -0.157705
v -0.768448 0.299401 -0.260956
v -0.720777 0.333066 -0.443283
v -0.795793 0.337566 -0.553551
v -0.888460 0.383583 -0.637825
v -0.984669 0.464112 -0.683275
v -1.069773 0.566892 -0.682981
v -1.130818 0.676277 -0.636988
v -1.158508 0.775613 -0.552299
v -1.148628 0.849778 -0.441806
v -1.102683 0.887480 -0.322331
v -1.027666 0.882980 -0.212063
v -0.935000 0.836963 -0.127789
v -0.838791 0.756434 -0.082339
v -0.753686 0.653654 -0.082633
v -0.692642 0.544269 -0.128626
v -0.664952 0.444933 -0.213315
v -0.674832 0.370768 -0.323808
v -0.626647 0.417793 -0.500138
v -0.699172 0.424250 -0.611964
v -0.792519 0.469451 -0.695928
v -0.892477 0.546513 -0.739246
v -0.983828 0.643705 -0.735325
v -1.052665 0.746231 -0.684760
v -1.088507 0.838481 -0.595251
v -1.085899 0.906411 -0.480423
v -1.045237 0.939680 -0.357759
v -0.972712 0.933223 -0.245933
v -0.879364 0.888022 -0.161969
v -0.779406 0.810960 -0.118651
v -0.688055 0.713767 -0.122572
v -0.619219 0.611242 -0.173137
v -0.583376 0.518992 -0.262646
v -0.585985 0.451062 -0.377474
v -0.542763 0.503750 -0.548390
v -0.614686 0.510741 -0.660572
v -0.709284 0.554618 -0.743836
v -0.812153 0.628700 -0.785505
v -0.907635 0.721710 -0.779236
v -0.981191 0.819486 -0.725983
v -1.021625 0.907144 -0.633853
v -1.022780 0.971339 -0.516872
v -0.984480 1.002297 -0.392850
v -0.912557 0.995305 -0.280668
v -0.817960 0.951428 -0.197404
v -0.715090 0.877346 -0.155735
v -0.619608 0.784337 -0.162004
v -0.546052 0.686560 -0.215258
v -0.505618 0.598902 -0.307387
v -0.504463 0.534708 -0.424368
v -0.468838 0.585341 -0.590772
v -0.540991 0.592082 -0.702823
v -0.636391 0.635087 -0.785625
v -0.740514 0.707807 -0.826573
v -0.837509 0.799173 -0.819433
v -0.912609 0.895274 -0.765292
v -0.954381 0.981481 -0.672392
v -0.956465 1.044668 -0.554878
v -0.918544 1.075216 -0.430638
v -0.846391 1.068475 -0.318588
v -0.750991 1.025471 -0.235786
v -0.646868 0.952750 -0.194838
v -0.549873 0.861385 -0.201977
v -0.474773 0.765283 -0.256118
v -0.433001 0.679077 -0.349018
v -0.430917 0.615890 -0.466533
v -0.403063 0.658348 -0.629019
v -0.475226 0.665072 -0.741063
v -0.570039 0.708709 -0.824207
v -0.673070 0.782615 -0.865791
v -0.768632 0.875540 -0.859486
v -0.842176 0.973335 -0.806250
v -0.882507 1.061113 -0.714189
v -0.883484 1.125509 -0.597319
v -0.844959 1.156722 -0.473430
v -0.772796 1.149997 -0.361385
v -0.677982 1.106360 -0.278242
v -0.574952 1.032454 -0.236657
v -0.479390 0.939530 -0.242963
v -0.405845 0.841734 -0.296199
v -0.365515 0.753957 -0.388259
v -0.364538 0.689560 -0.505130
v -0.342976 0.720389 -0.663910
v -0.413918 0.728360 -0.776651
v -0.505845 0.774918 -0.861435
v -0.604763 0.852976 -0.905356
v -0.695612 0.950649 -0.901726
v -0.764561 1.053068 -0.851099
v -0.801113 1.144640 -0.761181
v -0.799704 1.211425 -0.645662
v -0.760548 1.243254 -0.522130
v -0.689606 1.235283 -0.409389
v -0.597679 1.188725 -0.324605
v -0.498761 1.110667 -0.280684
v -0.407912 1.012994 -0.284314
v -0.338963 0.910575 -0.334941
v -0.302411 0.819003 -0.424859
v -0.303820 0.752218 -0.540377
v -0.285956 0.770950 -0.695669
v -0.353388 0.782104 -0.810278
v -0.439168 0.834086 -0.898291
v -0.530237 0.918982 -0.946309
v -0.612731 1.023868 -0.947023
v -0.674090 1.132776 -0.900322
v -0.704973 1.229125 -0.813317
v -0.700678 1.298247 -0.699254
v -0.661860 1.329619 -0.575498
v -0.594428 1.318465 -0.460889
v -0.508648 1.266483 -0.372876
v -0.417579 1.181587 -0.324857
v -0.335086 1.076701 -0.324144
v -0.273727 0.967794 -0.370845
v -0.242844 0.871445 -0.457849
v -0.247138 0.802322 -0.571912
v -0.229166 0.810963 -0.724326
v -0.289679 0.827266 -0.842136
v -0.365113 0.886657 -0.934813
v -0.443985 0.980095 -0.988248
v -0.514286 1.093355 -0.994306
v -0.565315 1.209193 -0.952065
v -0.589302 1.309975 -0.867955
v -0.582595 1.380356 -0.754782
v -0.546216 1.409624 -0.629775
v -0.485703 1.393321 -0.511966
v -0.410268 1.333929 -0.419289
v -0.331397 1.240491 -0.365854
v -0.261095 1.127232 -0.359796
v -0.210067 1.011394 -0.402037
v -0.186080 0.910612 -0.486147
v -0.192787 0.840230 -0.599319
v -0.169225 0.841952 -0.749678
v -0.218442 0.864658 -0.871615
v -0.278722 0.932257 -0.969613
v -0.340886 1.034458 -1.028750
v -0.395471 1.155701 -1.040025
v -0.434167 1.277530 -1.001721
v -0.451083 1.381395 -0.919669
v -0.443642 1.451485 -0.806361
v -0.412979 1.477130 -0.679047
v -0.363762 1.454424 -0.557110
v -0.303482 1.386825 -0.459113
v -0.241318 1.284624 -0.399975
v -0.186733 1.163380 -0.388700
v -0.148037 1.041552 -0.427004
v -0.131121 0.937687 -0.509056
v -0.138561 0.867596 -0.622364
v -0.102262 0.864978 -0.770686
v -0.135413 0.894065 -0.896630
v -0.175851 0.969139 -0.999271
v -0.217420 1.078771 -1.062985
v -0.253791 1.206271 -1.078072
v -0.279427 1.332228 -1.042234
v -0.290426 1.437466 -0.960928
v -0.285112 1.505964 -0.846531
v -0.264295 1.527293 -0.716460
v -0.231145 1.498206 -0.590517
v -0.190707 1.423132 -0.487875
v -0.149138 1.313499 -0.424161
v -0.112767 1.185999 -0.409075
v -0.087130 1.060042 -0.444913
v -0.076132 0.954804 -0.526219
v -0.081446 0.886307 -0.640615
v -0.024847 0.879894 -0.784788
v -0.037677 0.913951 -0.913171
v -0.054633 0.994398 -1.018278
v -0.073133 1.108988 -1.084107
v -0.090362 1.240277 -1.100637
v -0.103695 1.368276 -1.065350
v -0.111103 1.473499 -0.983619
v -0.111459 1.539926 -0.867886
v -0.104708 1.557445 -0.735772
v -0.091877 1.523389 -0.607389
v -0.074921 1.442942 -0.502282
v -0.056421 1.328351 -0.436453
v -0.039193 1.197063 -0.419923
v -0.025860 1.069064 -0.455210
v -0.018451 0.963841 -0.536941
v -0.018096 0.897413 -0.652674
v 0.064555 0.885412 -0.787852
v 0.074913 0.922006 -0.915759
v 0.083353 1.004923 -1.019972
v 0.088589 1.121539 -1.084625
v 0.089824 1.254101 -1.099875
v 0.086870 1.382427 -1.063400
v 0.080177 1.486981 -0.980754
v 0.070764 1.551845 -0.864518
v 0.060063 1.567145 -0.732389
v 0.049705 1.530551 -0.604482
v 0.041265 1.447635 -0.500269
v 0.036029 1.331019 -0.435616
v 0.034794 1.198457 -0.420366
v 0.037748 1.070131 -0.456841
v 0.044441 0.965577 -0.539487
v 0.053855 0.900712 -0.655722
v 0.164568 0.879856 -0.775055
v 0.199160 0.916142 -0.898721
v 0.233028 0.998485 -0.998116
v 0.261015 1.114349 -1.058107
v 0.278859 1.246095 -1.069561
v 0.283846 1.373666 -1.030734
v 0.275215 1.477641 -0.947538
v 0.254280 1.542189 -0.832638
v 0.224229 1.557484 -0.703527
v 0.189636 1.521198 -0.579861
v 0.155769 1.438855 -0.480466
v 0.127782 1.322991 -0.420475
v 0.109937 1.191244 -0.409021
v 0.104951 1.063673 -0.447848
v 0.113582 0.959699 -0.531044
v 0.134517 0.895151 -0.645944
v 0.270959 0.862009 -0.742183
v 0.329075 0.895262 -0.857610
v 0.386821 0.974321 -0.948285
v 0.435404 1.087148 -1.000404
v 0.467428 1.216568 -1.006032
v 0.478018 1.342877 -0.964312
v 0.465562 1.446846 -0.881595
v 0.431956 1.512646 -0.770475
v 0.382316 1.530261 -0.647869
v 0.324200 1.497008 -0.532442
v 0.266454 1.417950 -0.441767
v 0.217871 1.305122 -0.389648
v 0.185847 1.175703 -0.384020
v 0.175257 1.049393 -0.425740
v 0.187713 0.945424 -0.508457
v 0.221319 0.879624 -0.619577
v 0.377523 0.831602 -0.686674
v 0.457066 0.859522 -0.790115
v 0.536031 0.933117 -0.868569
v 0.602396 1.041183 -0.910093
v 0.646058 1.167268 -0.908363
v 0.660368 1.292176 -0.863645
v 0.643150 1.396892 -0.782745
v 0.597023 1.465474 -0.677980
v 0.529011 1.487480 -0.565300
v 0.449468 1.459560 -0.461859
v 0.370503 1.385965 -0.383405
v 0.304138 1.277899 -0.341882
v 0.260477 1.151814 -0.343611
v 0.246166 1.026906 -0.388330
v 0.263385 0.922189 -0.469230
v 0.309511 0.853608 -0.573994
v 0.477224 0.789372 -0.608124
v 0.575141 0.810176 -0.696363
v 0.671986 0.876671 -0.759659
v 0.753014 0.978733 -0.788374
v 0.805890 1.100823 -0.778139
v 0.822564 1.224355 -0.730510
v 0.800497 1.330522 -0.652739
v 0.743049 1.403162 -0.556667
v 0.658967 1.431215 -0.456918
v 0.561049 1.410410 -0.368679
v 0.464205 1.343915 -0.305383
v 0.383177 1.241854 -0.276667
v 0.330301 1.119763 -0.286903
v 0.313627 0.996231 -0.334532
v 0.335694 0.890064 -0.412302
v 0.393141 0.817425 -0.508375
v 0.563204 0.736900 -0.508315
v 0.675842 0.749298 -0.578783
v 0.786834 0.807519 -0.624583
v 0.879284 0.902699 -0.638743
v 0.939117 1.020348 -0.619106
v 0.957223 1.142554 -0.568663
v 0.930847 1.250713 -0.495092
v 0.864003 1.328359 -0.409595
v 0.766868 1.363670 -0.325187
v 0.654230 1.351271 -0.254719
v 0.543238 1.293050 -0.208919
v 0.450788 1.197870 -0.194760
v 0.390955 1.080222 -0.214397
v 0.372849 0.958016 -0.264840
v 0.399225 0.849857 -0.338410
v 0.466069 0.772211 -0.423908
v 0.629544 0.676374 -0.390948
v 0.752899 0.679494 -0.441747
v 0.874085 0.728642 -0.468302
v 0.974653 0.816333 -0.466571
v 1.039292 0.929219 -0.436816
v 1.058162 1.050113 -0.383569
v 1.028389 1.160610 -0.314935
v 0.954507 1.243888 -0.241363
v 0.847763 1.287269 -0.174054
v 0.724408 1.284149 -0.123255
v 0.603222 1.235002 -0.096699
v 0.502654 1.147310 -0.098431
v 0.438015 1.034424 -0.128185
v 0.419145 0.913530 -0.181432
v 0.448918 0.803033 -0.250067
v 0.522800 0.719755 -0.323639
v 0.671785 0.610368 -0.261196
v 0.801664 0.603685 -0.291085
v 0.928955 0.643260 -0.297218
v 1.034278 0.723068 -0.278660
v 1.101599 0.830960 -0.238238
v 1.120668 0.950510 -0.182105
v 1.088583 1.063517 -0.118807
v 1.010229 1.152777 -0.057980
v 0.897534 1.204702 -0.008885
v 0.767654 1.211385 0.021004
v 0.640363 1.171810 0.027137
v 0.535041 1.092001 0.008580
v 0.467720 0.984109 -0.031842
v 0.448650 0.864559 -0.087976
v 0.480735 0.751552 -0.151274
v 0.559089 0.662292 -0.212101
vt 0.000000 0.000000
vt 0.000000 0.062500
vt 0.000000 0.125000
vt 0.000000 0.187500
vt 0.000000 0.250000
vt 0.000000 0.312500
vt 0.000000 0.375000
vt 0.000000 0.437500
vt 0.000000 0.500000
vt 0.000000 0.562500
vt 0.000000 0.625000
vt 0.000000 0.687500
vt 0.000000 0.750000
vt 0.000000 0.812500
vt 0.000000 0.875000
vt 0.000000 0.937500
vt 0.000000 1.000000
vt 0.010417 0.000000
vt 0.010417 0.062500
vt 0.010417 0.125000
vt 0.010417 0.187500
vt 0.010417 0.250000
vt 0.010417 0.312500
vt 0.010417 0.375000
vt 0.010417 0.437500
vt 0.010417 0.500000
vt 0.010417 0.562500
vt 0.010417 0.625000
vt 0.010417 0.687500
vt 0.010417 0.750000
vt 0.010417 0.812500
vt 0.010417 0.875000
vt 0.010417 0.937500
vt 0.010417 1.000000
vt 0.020833 0.000000
vt 0.020833 0.062500
vt 0.020833 0.125000
vt 0.020833 0.187500
vt 0.020833 0.250000
vt 0.020833 0.312500
vt 0.020833 0.375000
vt 0.020833 0.437500
vt 0.020833 0.500000
vt 0.020833 0.562500
vt 0.020833 0.625000
vt 0.020833 0.687500
vt 0.020833 0.750000
vt 0.020833 0.812500
vt 0.020833 0.875000
vt 0.020833 0.937500
vt 0.020833 1.000000
vt 0.031250 0.000000
vt 0.031250 0.062500
vt 0.031250 0.125000
vt 0.031250 0.187500
vt 0.031250 0.250000
vt 0.031250 0.312500
vt 0.031250 0.375000
vt 0.031250 0.437500
vt 0.031250 0.500000
vt 0.031250 0.562500
vt 0.031250 0.625000
vt 0.031250 0.687500
vt 0.031250 0.750000
vt 0.031250 0.812500
vt 0.031250 0.875000
vt 0.031250 0.937500
vt 0.031250 1.000000
vt 0.041667 0.000000
vt 0.041667 0.062500
vt 0.041667 0.125000
vt 0.041667 0.187500
vt 0.041667 0.250000
vt 0.041667 0.312500
vt 0.041667 0.375000
vt 0.041667 0.437500
vt 0.041667 0.500000
vt 0.041667 0.562500
vt 0.041667 0.625000
vt 0.041667 0.687500
vt 0.041667 0.750000
vt 0.041667 0.812500
vt 0.041667 0.875000
vt 0.041667 0.937500
vt 0.041667 1.000000
vt 0.052083 0.000000
vt 0.052083 0.062500
vt 0.052083 0.125000
vt 0.052083 0.187500
vt 0.052083 0.250000
vt 0.052083 0.312500
vt 0.052083 0.375000
vt 0.052083 0.437500
vt 0.052083 0.500000
vt 0.052083 0.562500
vt 0.052083 0.625000
vt 0.052083 0.687500
vt 0.052083 0.750000
vt 0.052083 0.812500
vt 0.052083 0.875000
vt 0.052083 0.937500
vt 0.052083 1.000000
vt 0.062500 0.000000
vt 0.062500 0.062500
vt 0.062500 0.125000
vt 0.062500 0.187500
vt 0.062500 0.250000
vt 0.062500 0.312500
vt 0.062500 0.375000
vt 0.062500 0.437500
vt 0.062500 0.500000
vt 0.062500 0.562500
vt 0.062500 0.625000
vt 0.062500 0.687500
vt 0.062500 0.750000
vt 0.062500 0.812500
vt 0.062500 0.875000
vt 0.062500 0.937500
vt 0.062500 1.000000
vt 0.072917 0.000000
vt 0.072917 0.062500
vt 0.072917 0.125000
vt 0.072917 0.187500
vt 0.072917 0.250000
vt 0.072917 0.312500
vt 0.072917 0.375000
vt 0.072917 0.437500
vt 0.072917 0.500000
vt 0.072917 0.562500
vt 0.072917 0.625000
vt 0.072917 0.687500
vt 0.072917 0.750000
vt 0.072917 0.812500
vt 0.072917 0.875000
vt 0.072917 0.937500
vt 0.072917 1.000000
vt 0.083333 0.000000
vt 0.083333 0.062500
vt 0.083333 0.125000
vt 0.083333 0.187500
vt 0.083333 0.250000
vt 0.083333 0.312500
vt 0.083333 0.375000
vt 0.083333 0.437500
vt 0.083333 0.500000
vt 0.083333 0.562500
vt 0.083333 0.625000
vt 0.083333 0.687500
vt 0.083333 0.750000
vt 0.083333 0.812500
vt 0.083333 0.875000
vt 0.083333 0.937500
vt 0.083333 1.000000
vt 0.093750 0.000000
vt 0.093750 0.062500
vt 0.093750 0.125000
vt 0.093750 0.187500
vt 0.093750 0.250000
vt 0.093750 0.312500
vt 0.093750 0.375000
vt 0.093750 0.437500
vt 0.093750 0.500000
vt 0.093750 0.562500
vt 0.093750 0.625000
vt 0.093750 0.687500
vt 0.093750 0.750000
vt 0.093750 0.812500
vt 0.093750 0.875000
vt 0.093750 0.937500
vt 0.093750 1.000000
vt 0.104167 0.000000
vt 0.104167 0.062500
vt 0.104167 0.125000
vt 0.104167 0.187500
vt 0.104167 0.250000
vt 0.104167 0.312500
vt 0.104167 0.375000
vt 0.104167 0.437500
vt 0.104167 0.500000
vt 0.104167 0.562500
vt 0.104167 0.625000
vt 0.104167 0.687500
vt 0.104167 0.750000
vt 0.104167 0.812500
vt 0.104167 0.875000
vt 0.104167 0.937500
vt 0.104167 1.000000
vt 0.114583 0.000000
vt 0.114583 0.062500
vt 0.114583 0.125000
vt 0.114583 0.187500
vt 0.114583 0.250000
vt 0.114583 0.312500
vt 0.114583 0.375000
vt 0.114583 0.437500
vt 0.114583 0.500000
vt 0.114583 0.562500
vt 0.114583 0.625000
vt 0.114583 0.687500
vt 0.114583 0.750000
vt 0.114583 0.812500
vt 0.114583 0.875000
vt 0.114583 0.937500
vt 0.114583 1.000000
vt 0.125000 0.000000
vt 0.125000 0.062500
vt 0.125000 0.125000
vt 0.125000 0.187500
vt 0.125000 0.250000
vt 0.125000 0.312500
vt 0.125000 0.375000
vt 0.125000 0.437500
vt 0.125000 0.500000
vt 0.125000 0.562500
vt 0.125000 0.625000
vt 0.125000 0.687500
vt 0.125000 0.750000
vt 0.125000 0.812500
vt 0.125000 0.875000
vt 0.125000 0.937500
vt 0.125000 1.000000
vt 0.135417 0.000000
vt 0.135417 0.062500
vt 0.135417 0.125000
vt 0.135417 0.187500
vt 0.135417 0.250000
vt 0.135417 0.312500
vt 0.135417 0.375000
vt 0.135417 0.437500
vt 0.135417 0.500000
vt 0.135417 0.562500
vt 0.135417 0.625000
vt 0.135417 0.687500
vt 0.135417 0.750000
vt 0.135417 0.812500
vt 0.135417 0.875000
vt 0.135417 0.937500
vt 0.135417 1.000000
vt 0.145833 0.000000
vt 0.145833 0.062500
vt 0.145833 0.125000
vt 0.145833 0.187500
vt 0.145833 0.250000
vt 0.145833 0.312500
vt 0.145833 0.375000
vt 0.145833 0.437500
vt 0.145833 0.500000
vt 0.145833 0.562500
vt 0.145833 0.625000
vt 0.145833 0.687500
vt 0.145833 0.750000
vt 0.145833 0.812500
vt 0.145833 0.875000
vt 0.145833 0.937500
vt 0.145833 1.000000
vt 0.156250 0.000000
vt 0.156250 0.062500
vt 0.156250 0.125000
vt 0.156250 0.187500
vt 0.156250 0.250000
vt 0.156250 0.312500
vt 0.156250 0.375000
vt 0.156250 0.437500
vt 0.156250 0.500000
vt 0.156250 0.562500
vt 0.156250 0.625000
vt 0.156250 0.687500
vt 0.156250 0.750000
vt 0.156250 0.812500
vt 0.156250 0.875000
vt 0.156250 0.937500
vt 0.156250 1.000000
vt 0.166667 0.000000
vt 0.166667 0.062500
vt 0.166667 0.125000
vt 0.166667 0.187500
vt 0.166667 0.250000
vt 0.166667 0.312500
vt 0.166667 0.375000
vt 0.166667 0.437500
vt 0.166667 0.500000
vt 0.166667 0.562500
vt 0.166667 0.625000
vt 0.166667 0.687500
vt 0.166667 0.750000
vt 0.166667 0.812500
vt 0.166667 0.875000
vt 0.166667 0.937500
vt 0.166667 1.000000
vt 0.177083 0.000000
vt 0.177083 0.062500
vt 0.177083 0.125000
vt 0.177083 0.187500
vt 0.177083 0.250000
vt 0.177083 0.312500
vt 0.177083 0.375000
vt 0.177083 0.437500
vt 0.177083 0.500000
vt 0.177083 0.562500
vt 0.177083 0.625000
vt 0.177083 0.687500
vt 0.177083 0.750000
vt 0.177083 0.812500
vt 0.177083 0.875000
vt 0.177083 0.937500
vt 0.177083 1.000000
vt 0.187500 0.000000
vt 0.187500 0.062500
vt 0.187500 0.125000
vt 0.187500 0.187500
vt 0.187500 0.250000
vt 0.187500 0.312500
vt 0.187500 0.375000
vt 0.187500 0.437500
vt 0.187500 0.500000
vt 0.187500 0.562500
vt 0.187500 0.625000
vt 0.187500 0.687500
vt 0.187500 0.750000
vt 0.187500 0.812500
vt 0.187500 0.875000
vt 0.187500 0.937500
vt 0.187500 1.000000
vt 0.197917 0.000000
vt 0.197917 0.062500
vt 0.197917 0.125000
vt 0.197917 0.187500
vt 0.197917 0.250000
vt 0.197917 0.312500
vt 0.197917 0.375000
vt 0.197917 0.437500
vt 0.197917 0.500000
vt 0.197917 0.562500
vt 0.197917 0.625000
vt 0.197917 0.687500
vt 0.197917 0.750000
vt 0.197917 0.812500
vt 0.197917 0.875000
vt 0.197917 0.937500
vt 0.197917 1.000000
vt 0.208333 0.000000
vt 0.208333 0.062500
vt 0.208333 0.125000
vt 0.208333 0.187500
vt 0.208333 0.250000
vt 0.208333 0.312500
vt 0.208333 0.375000
vt 0.208333 0.437500
vt 0.208333 0.500000
vt 0.208333 0.562500
vt 0.208333 0.625000
vt 0.208333 0.687500
vt 0.208333 0.750000
vt 0.208333 0.812500
vt 0.208333 0.875000
vt 0.208333 0.937500
vt 0.208333 1.000000
vt 0.218750 0.000000
vt 0.218750 0.062500
vt 0.218750 0.125000
vt 0.218750 0.187500
vt 0.218750 0.250000
vt 0.218750 0.312500
vt 0.218750 0.375000
vt 0.218750 0.437500
vt 0.218750 0.500000
vt 0.218750 0.562500
vt 0.218750 0.625000
vt 0.218750 0.687500
vt 0.218750 0.750000
vt 0.218750 0.812500
vt 0.218750 0.875000
vt 0.218750 0.937500
vt 0.218750 1.000000
vt 0.229167 0.000000
vt 0.229167 0.062500
vt 0.229167 0.125000
vt 0.229167 0.187500
vt 0.229167 0.250000
vt 0.229167 0.312500
vt 0.229167 0.375000
vt 0.229167 0.437500
vt 0.229167 0.500000
vt 0.229167 0.562500
vt 0.229167 0.625000
vt 0.229167 0.687500
vt 0.229167 0.750000
vt 0.229167 0.812500
vt 0.229167 0.875000
vt 0.229167 0.937500
vt 0.229167 1.000000
vt 0.239583 0.000000
vt 0.239583 0.062500
vt 0.239583 0.125000
vt 0.239583 0.187500
vt 0.239583 0.250000
vt 0.239583 0.312500
vt 0.239583 0.375000
vt 0.239583 0.437500
vt 0.239583 0.500000
vt 0.239583 0.562500
vt 0.239583 0.625000
vt 0.239583 0.687500
vt 0.239583 0.750000
vt 0.239583 0.812500
vt 0.239583 0.875000
vt 0.239583 0.937500
vt 0.239583 1.000000
vt 0.250000 0.000000
vt 0.250000 0.062500
vt 0.250000 0.125000
vt 0.250000 0.187500
vt 0.250000 0.250000
vt 0.250000 0.312500
vt 0.250000 0.375000
vt 0.250000 0.437500
vt 0.250000 0.500000
vt 0.250000 0.562500
vt 0.250000 0.625000
vt 0.250000 0.687500
vt 0.250000 0.750000
vt 0.250000 0.812500
vt 0.250000 0.875000
vt 0.250000 0.937500
vt 0.250000 1.000000
vt 0.260417 0.000000
vt 0.260417 0.062500
vt 0.260417 0.125000
vt 0.260417 0.187500
vt 0.260417 0.250000
vt 0.260417 0.312500
vt 0.260417 0.375000
vt 0.260417 0.437500
vt 0.260417 0.500000
vt 0.260417 0.562500
vt 0.260417 0.625000
vt 0.260417 0.687500
vt 0.260417 0.750000
vt 0.260417 0.812500
vt 0.260417 0.875000
vt 0.260417 0.937500
vt 0.260417 1.000000
vt 0.270833 0.000000
vt 0.270833 0.062500
vt 0.270833 0.125000
vt 0.270833 0.187500
vt 0.270833 0.250000
vt 0.270833 0.312500
vt 0.270833 0.375000
vt 0.270833 0.437500
vt 0.270833 0.500000
vt 0.270833 0.562500
vt 0.270833 0.625000
vt 0.270833 0.687500
vt 0.270833 0.750000
vt 0.270833 0.812500
vt 0.270833 0.875000
vt 0.270833 0.937500
vt 0.270833 1.000000
vt 0.281250 0.000000
vt 0.281250 0.062500
vt 0.281250 0.125000
vt 0.281250 0.187500
vt 0.281250 0.250000
vt 0.281250 0.312500
vt 0.281250 0.375000
vt 0.281250 0.437500
vt 0.281250 0.500000
vt 0.281250 0.562500
vt 0.281250 0.625000
vt 0.281250 0.687500
vt 0.281250 0.750000
vt 0.281250 0.812500
vt 0.281250 0.875000
vt 0.281250 0.937500
vt 0.281250 1.000000
vt 0.291667 0.000000
vt 0.291667 0.062500
vt 0.291667 0.125000
vt 0.291667 0.187500
vt 0.291667 0.250000
vt 0.291667 0.312500
vt 0.291667 0.375000
vt 0.291667 0.437500
vt 0.291667 0.500000
vt 0.291667 0.562500
vt 0.291667 0.625000
vt 0.291667 0.687500
vt 0.291667 0.750000
vt 0.291667 0.812500
vt 0.291667 0.875000
vt 0.291667 0.937500
vt 0.291667 1.000000
vt 0.302083 0.000000
vt 0.302083 0.062500
vt 0.302083 0.125000
vt 0.302083 0.187500
vt 0.302083 0.250000
vt 0.302083 0.312500
vt 0.302083 0.375000
vt 0.302083 0.437500
vt 0.302083 0.500000
vt 0.302083 0.562500
vt 0.302083 0.625000
vt 0.302083 0.687500
vt 0.302083 0.750000
vt 0.302083 0.812500
vt 0.302083 0.875000
vt 0.302083 0.937500
vt 0.302083 1.000000
vt 0.312500 0.000000
vt 0.312500 0.062500
vt 0.312500 0.125000
vt 0.312500 0.187500
vt 0.312500 0.250000
vt 0.312500 0.312500
vt 0.312500 0.375000
vt 0.312500 0.437500
vt 0.312500 0.500000
vt 0.312500 0.562500
vt 0.312500 0.625000
vt 0.312500 0.687500
vt 0.312500 0.750000
vt 0.312500 0.812500
vt 0.312500 0.875000
vt 0.312500 0.937500
vt 0.312500 1.000000
vt 0.322917 0.000000
vt 0.322917 0.062500
vt 0.322917 0.125000
vt 0.322917 0.187500
vt 0.322917 0.250000
vt 0.322917 0.312500
vt 0.322917 0.375000
vt 0.322917 0.437500
vt 0.322917 0.500000
vt 0.322917 0.562500
vt 0.322917 0.625000
vt 0.322917 0.687500
vt 0.322917 0.750000
vt 0.322917 0.812500
vt 0.322917 0.875000
vt 0.322917 0.937500
vt 0.322917 1.000000
vt 0.333333 0.000000
vt 0.333333 0.062500
vt 0.333333 0.125000
vt 0.333333 0.187500
vt 0.333333 0.250000
vt 0.333333 0.312500
vt 0.333333 0.375000
vt 0.333333 0.437500
vt 0.333333 0.500000
vt 0.333333 0.562500
vt 0.333333 0.625000
vt 0.333333 0.687500
vt 0.333333 0.750000
vt 0.333333 0.812500
vt 0.333333 0.875000
vt 0.333333 0.937500
vt 0.333333 1.000000
vt 0.343750 0.000000
vt 0.343750 0.062500
vt 0.343750 0.125000
vt 0.343750 0.187500
vt 0.343750 0.250000
vt 0.343750 0.312500
vt 0.343750 0.375000
vt 0.343750 0.437500
vt 0.343750 0.500000
vt 0.343750 0.562500
vt 0.343750 0.625000
vt 0.343750 0.687500
vt 0.343750 0.750000
vt 0.343750 0.812500
vt 0.343750 0.875000
vt 0.343750 0.937500
vt 0.343750 1.000000
vt 0.354167 0.000000
vt 0.354167 0.062500
vt 0.354167 0.125000
vt 0.354167 0.187500
vt 0.354167 0.250000
vt 0.354167 0.312500
vt 0.354167 0.375000
vt 0.354167 0.437500
vt 0.354167 0.500000
vt 0.354167 0.562500
vt 0.354167 0.625000
vt 0.354167 0.687500
vt 0.354167 0.750000
vt 0.354167 0.812500
vt 0.354167 0.875000
vt 0.354167 0.937500
vt 0.354167 1.000000
vt 0.364583 0.000000
vt 0.364583 0.062500
vt 0.364583 0.125000
vt 0.364583 0.187500
vt 0.364583 0.250000
vt 0.364583 0.312500
vt 0.364583 0.375000
vt 0.364583 0.437500
vt 0.364583 0.500000
vt 0.364583 0.562500
vt 0.364583 0.625000
vt 0.364583 0.687500
vt 0.364583 0.750000
vt 0.364583 0.812500
vt 0.364583 0.875000
vt 0.364583 0.937500
vt 0.364583 1.000000
vt 0.375000 0.000000
vt 0.375000 0.062500
vt 0.375000 0.125000
vt 0.375000 0.187500
vt 0.375000 0.250000
vt 0.375000 0.312500
vt 0.375000 0.375000
vt 0.375000 0.437500
vt 0.375000 0.500000
vt 0.375000 0.562500
vt 0.375000 0.625000
vt 0.375000 0.687500
vt 0.375000 0.750000
vt 0.375000 0.812500
vt 0.375000 0.875000
vt 0.375000 0.937500
vt 0.375000 1.000000
vt 0.385417 0.000000
vt 0.385417 0.062500
vt 0.385417 0.125000
vt 0.385417 0.187500
vt 0.385417 0.250000
vt 0.385417 0.312500
vt 0.385417 0.375000
vt 0.385417 0.437500
vt 0.385417 0.500000
vt 0.385417 0.562500
vt 0.385417 0.625000
vt 0.385417 0.687500
vt 0.385417 0.750000
vt 0.385417 0.812500
vt 0.385417 0.875000
vt 0.385417 0.937500
vt 0.385417 1.000000
vt 0.395833 0.000000
vt 0.395833 0.062500
vt 0.395833 0.125000
vt 0.395833 0.187500
vt 0.395833 0.250000
vt 0.395833 0.312500
vt 0.395833 0.375000
vt 0.395833 0.437500
vt 0.395833 0.500000
vt 0.395833 0.562500
vt 0.395833 0.625000
vt 0.395833 0.687500
vt 0.395833 0.750000
vt 0.395833 0.812500
vt 0.395833 0.875000
vt 0.395833 0.937500
vt 0.395833 1.000000
vt 0.406250 0.000000
vt 0.406250 0.062500
vt 0.406250 0.125000
vt 0.406250 0.187500
vt 0.406250 0.250000
vt 0.406250 0.312500
vt 0.406250 0.375000
vt 0.406250 0.437500
vt 0.406250 0.500000
vt 0.406250 0.562500
vt 0.406250 0.625000
vt 0.406250 0.687500
vt 0.406250 0.750000
vt 0.406250 0.812500
vt 0.406250 0.875000
vt 0.406250 0.937500
vt 0.406250 1.000000
vt 0.416667 0.000000
vt 0.416667 0.062500
vt 0.416667 0.125000
vt 0.416667 0.187500
vt 0.416667 0.250000
vt 0.416667 0.312500
vt 0.416667 0.375000
vt 0.416667 0.437500
vt 0.416667 0.500000
vt 0.416667 0.562500
vt 0.416667 0.625000
vt 0.416667 0.687500
vt 0.416667 0.750000
vt 0.416667 0.812500
vt 0.416667 0.875000
vt 0.416667 0.937500
vt 0.416667 1.000000
vt 0.427083 0.000000
vt 0.427083 0.062500
vt 0.427083 0.125000
vt 0.427083 0.187500
vt 0.427083 0.250000
vt 0.427083 0.312500
vt 0.427083 0.375000
vt 0.427083 0.437500
vt 0.427083 0.500000
vt 0.427083 0.562500
vt 0.427083 0.625000
vt 0.427083 0.687500
vt 0.427083 0.750000
vt 0.427083 0.812500
vt 0.427083 0.875000
vt 0.427083 0.937500
vt 0.427083 1.000000
vt 0.437500 0.000000
vt 0.437500 0.062500
vt 0.437500 0.125000
vt 0.437500 0.187500
vt 0.437500 0.250000
vt 0.437500 0.312500
vt 0.437500 0.375000
vt 0.437500 0.437500
vt 0.437500 0.500000
vt 0.437500 0.562500
vt 0.437500 0.625000
vt 0.437500 0.687500
vt 0.437500 0.750000
vt 0.437500 0.812500
vt 0.437500 0.875000
vt 0.437500 0.937500
vt 0.437500 1.000000
vt 0.447917 0.000000
vt 0.447917 0.062500
vt 0.447917 0.125000
vt 0.447917 0.187500
vt 0.447917 0.250000
vt 0.447917 0.312500
vt 0.447917 0.375000
vt 0.447917 0.437500
vt 0.447917 0.500000
vt 0.447917 0.562500
vt 0.447917 0.625000
vt 0.447917 0.687500
vt 0.447917 0.750000
vt 0.447917 0.812500
vt 0.447917 0.875000
vt 0.447917 0.937500
vt 0.447917 1.000000
vt 0.458333 0.000000
vt 0.458333 0.062500
vt 0.458333 0.125000
vt 0.458333 0.187500
vt 0.458333 0.250000
vt 0.458333 0.312500
vt 0.458333 0.375000
vt 0.458333 0.437500
vt 0.458333 0.500000
vt 0.458333 0.562500
vt 0.458333 0.625000
vt 0.458333 0.687500
vt 0.458333 0.750000
vt 0.458333 0.812500
vt 0.458333 0.875000
vt 0.458333 0.937500
vt 0.458333 1.000000
vt 0.468750 0.000000
vt 0.468750 0.062500
vt 0.468750 0.125000
vt 0.468750 0.187500
vt 0.468750 0.250000
vt 0.468750 0.312500
vt 0.468750 0.375000
vt 0.468750 0.437500
vt 0.468750 0.500000
vt 0.468750 0.562500
vt 0.468750 0.625000
vt 0.468750 0.687500
vt 0.468750 0.750000
vt 0.468750 0.812500
vt 0.468750 0.875000
vt 0.468750 0.937500
vt 0.468750 1.000000
vt 0.479167 0.000000
vt 0.479167 0.062500
vt 0.479167 0.125000
vt 0.479167 0.187500
vt 0.479167 0.250000
vt 0.479167 0.312500
vt 0.479167 0.375000
vt 0.479167 0.437500
vt 0.479167 0.500000
vt 0.479167 0.562500
vt 0.479167 0.625000
vt 0.479167 0.687500
vt 0.479167 0.750000
vt 0.479167 0.812500
vt 0.479167 0.875000
vt 0.479167 0.937500
vt 0.479167 1.000000
vt 0.489583 0.000000
vt 0.489583 0.062500
vt 0.489583 0.125000
vt 0.489583 0.187500
vt 0.489583 0.250000
vt 0.489583 0.312500
vt 0.489583 0.375000
vt 0.489583 0.437500
vt 0.489583 0.500000
vt 0.489583 0.562500
vt 0.489583 0.625000
vt 0.489583 0.687500
vt 0.489583 0.750000
vt 0.489583 0.812500
vt 0.489583 0.875000
vt 0.489583 0.937500
vt 0.489583 1.000000
vt 0.500000 0.000000
vt 0.500000 0.062500
vt 0.500000 0.125000
vt 0.500000 0.187500
vt 0.500000 0.250000
vt 0.500000 0.312500
vt 0.500000 0.375000
vt 0.500000 0.437500
vt 0.500000 0.500000
vt 0.500000 0.562500
vt 0.500000 0.625000
vt 0.500000 0.687500
vt 0.500000 0.750000
vt 0.500000 0.812500
vt 0.500000 0.875000
vt 0.500000 0.937500
vt 0.500000 1.000000
vt 0.510417 0.000000
vt 0.510417 0.062500
vt 0.510417 0.125000
vt 0.510417 0.187500
vt 0.510417 0.250000
vt 0.510417 0.312500
vt 0.510417 0.375000
vt 0.510417 0.437500
vt 0.510417 0.500000
vt 0.510417 0.562500
vt 0.510417 0.625000
vt 0.510417 0.687500
vt 0.510417 0.750000
vt 0.510417 0.812500
vt 0.510417 0.875000
vt 0.510417 0.937500
vt 0.510417 1.000000
vt 0.520833 0.000000
vt 0.520833 0.062500
vt 0.520833 0.125000
vt 0.520833 0.187500
vt 0.520833 0.250000
vt 0.520833 0.312500
vt 0.520833 0.375000
vt 0.520833 0.437500
vt 0.520833 0.500000
vt 0.520833 0.562500
vt 0.520833 0.625000
vt 0.520833 0.687500
vt 0.520833 0.750000
vt 0.520833 0.812500
vt 0.520833 0.875000
vt 0.520833 0.937500
vt 0.520833 1.000000
vt 0.531250 0.000000
vt 0.531250 0.062500
vt 0.531250 0.125000
vt 0.531250 0.187500
vt 0.531250 0.250000
vt 0.531250 0.312500
vt 0.531250 0.375000
vt 0.531250 0.437500
vt 0.531250 0.500000
vt 0.531250 0.562500
vt 0.531250 0.625000
vt 0.531250 0.687500
vt 0.531250 0.750000
vt 0.531250 0.812500
vt 0.531250 0.875000
vt 0.531250 0.937500
vt 0.531250 1.000000
vt 0.541667 0.000000
vt 0.541667 0.062500
vt 0.541667 0.125000
vt 0.541667 0.187500
vt 0.541667 0.250000
vt 0.541667 0.312500
vt 0.541667 0.375000
vt 0.541667 0.437500
vt 0.541667 0.500000
vt 0.541667 0.562500
vt 0.541667 0.625000
vt 0.541667 0.687500
vt 0.541667 0.750000
vt 0.541667 0.812500
vt 0.541667 0.875000
vt 0.541667 0.937500
vt 0.541667 1.000000
vt 0.552083 0.000000
vt 0.552083 0.062500
vt 0.552083 0.125000
vt 0.552083 0.187500
vt 0.552083 0.250000
vt 0.552083 0.312500
vt 0.552083 0.375000
vt 0.552083 0.437500
vt 0.552083 0.500000
vt 0.552083 0.562500
vt 0.552083 0.625000
vt 0.552083 0.687500
vt 0.552083 0.750000
vt 0.552083 0.812500
vt 0.552083 0.875000
vt 0.552083 0.937500
vt 0.552083 1.000000
vt 0.562500 0.000000
vt 0.562500 0.062500
vt 0.562500 0.125000
vt 0.562500 0.187500
vt 0.562500 0.250000
vt 0.562500 0.312500
vt 0.562500 0.375000
vt 0.562500 0.437500
vt 0.562500 0.500000
vt 0.562500 0.562500
vt 0.562500 0.625000
vt 0.562500 0.687500
vt 0.562500 0.750000
vt 0.562500 0.812500
vt 0.562500 0.875000
vt 0.562500 0.937500
vt 0.562500 1.000000
vt 0.572917 0.000000
vt 0.572917 0.062500
vt 0.572917 0.125000
vt 0.572917 0.187500
vt 0.572917 0.250000
vt 0.572917 0.312500
vt 0.572917 0.375000
vt 0.572917 0.437500
vt 0.572917 0.500000
vt 0.572917 0.562500
vt 0.572917 0.625000
vt 0.572917 0.687500
vt 0.572917 0.750000
vt 0.572917 0.812500
vt 0.572917 0.875000
vt 0.572917 0.937500
vt 0.572917 1.000000
vt 0.583333 0.000000
vt 0.583333 0.062500
vt 0.583333 0.125000
vt 0.583333 0.187500
vt 0.583333 0.250000
vt 0.583333 0.312500
vt 0.583333 0.375000
vt 0.583333 0.437500
vt 0.583333 0.500000
vt 0.583333 0.562500
vt 0.583333 0.625000
vt 0.583333 0.687500
vt 0.583333 0.750000
vt 0.583333 0.812500
vt 0.583333 0.875000
vt 0.583333 0.937500
vt 0.583333 1.000000
vt 0.593750 0.000000
vt 0.593750 0.062500
vt 0.593750 0.125000
vt 0.593750 0.187500
vt 0.593750 0.250000
vt 0.593750 0.312500
vt 0.593750 0.375000
vt 0.593750 0.437500
vt 0.593750 0.500000
vt 0.593750 0.562500
vt 0.593750 0.625000
vt 0.593750 0.687500
vt 0.593750 0.750000
vt 0.593750 0.812500
vt 0.593750 0.875000
vt 0.593750 0.937500
vt 0.593750 1.000000
vt 0.604167 0.000000
vt 0.604167 0.062500
vt 0.604167 0.125000
vt 0.604167 0.187500
vt 0.604167 0.250000
vt 0.604167 0.312500
vt 0.604167 0.375000
vt 0.604167 0.437500
vt 0.604167 0.500000
vt 0.604167 0.562500
vt 0.604167 0.625000
vt 0.604167 0.687500
vt 0.604167 0.750000
vt 0.604167 0.812500
vt 0.604167 0.875000
vt 0.604167 0.937500
vt 0.604167 1.000000
vt 0.614583 0.000000
vt 0.614583 0.062500
vt 0.614583 0.125000
vt 0.614583 0.187500
vt 0.614583 0.250000
vt 0.614583 0.312500
vt 0.614583 0.375000
vt 0.614583 0.437500
vt 0.614583 0.500000
vt 0.614583 0.562500
vt 0.614583 0.625000
vt 0.614583 0.687500
vt 0.614583 0.750000
vt 0.614583 0.812500
vt 0.614583 0.875000
vt 0.614583 0.937500
vt 0.614583 1.000000
vt 0.625000 0.000000
vt 0.625000 0.062500
vt 0.625000 0.125000
vt 0.625000 0.187500
vt 0.625000 0.250000
vt 0.625000 0.312500
vt 0.625000 0.375000
vt 0.625000 0.437500
vt 0.625000 0.500000
vt 0.625000 0.562500
vt 0.625000 0.625000
vt 0.625000 0.687500
vt 0.625000 0.750000
vt 0.625000 0.812500
vt 0.625000 0.875000
vt 0.625000 0.937500
vt 0.625000 1.000000
vt 0.635417 0.000000
vt 0.635417 0.062500
vt 0.635417 0.125000
vt 0.635417 0.187500
vt 0.635417 0.250000
vt 0.635417 0.312500
vt 0.635417 0.375000
vt 0.635417 0.437500
vt 0.635417 0.500000
vt 0.635417 0.562500
vt 0.635417 0.625000
vt 0.635417 0.687500
vt 0.635417 0.750000
vt 0.635417 0.812500
vt 0.635417 0.875000
vt 0.635417 0.937500
vt 0.635417 1.000000
vt 0.645833 0.000000
vt 0.645833 0.062500
vt 0.645833 0.125000
vt 0.645833 0.187500
vt 0.645833 0.250000
vt 0.645833 0.312500
vt 0.645833 0.375000
vt 0.645833 0.437500
vt 0.645833 0.500000
vt 0.645833 0.562500
vt 0.645833 0.625000
vt 0.645833 0.687500
vt 0.645833 0.750000
vt 0.645833 0.812500
vt 0.645833 0.875000
vt 0.645833 0.937500
vt 0.645833 1.000000
vt 0.656250 0.000000
vt 0.656250 0.062500
vt 0.656250 0.125000
vt 0.656250 0.187500
vt 0.656250 0.250000
vt 0.656250 0.312500
vt 0.656250 0.375000
vt 0.656250 0.437500
vt 0.656250 0.500000
vt 0.656250 0.562500
vt 0.656250 0.625000
vt 0.656250 0.687500
vt 0.656250 0.750000
vt 0.656250 0.812500
vt 0.656250 0.875000
vt 0.656250 0.937500
vt 0.656250 1.000000
vt 0.666667 0.000000
vt 0.666667 0.062500
vt 0.666667 0.125000
vt 0.666667 0.187500
vt 0.666667 0.250000
vt 0.666667 0.312500
vt 0.666667 0.375000
vt 0.666667 0.437500
vt 0.666667 0.500000
vt 0.666667 0.562500
vt 0.666667 0.625000
vt 0.666667 0.687500
vt 0.666667 0.750000
vt 0.666667 0.812500
vt 0.666667 0.875000
vt 0.666667 0.937500
vt 0.666667 1.000000
vt 0.677083 0.000000
vt 0.677083 0.062500
vt 0.677083 0.125000
vt 0.677083 0.187500
vt 0.677083 0.250000
vt 0.677083 0.312500
vt 0.677083 0.375000
vt 0.677083 0.437500
vt 0.677083 0.500000
vt 0.677083 0.562500
vt 0.677083 0.625000
vt 0.677083 0.687500
vt 0.677083 0.750000
vt 0.677083 0.812500
vt 0.677083 0.875000
vt 0.677083 0.937500
vt 0.677083 1.000000
vt 0.687500 0.000000
vt 0.687500 0.062500
vt 0.687500 0.125000
vt 0.687500 0.187500
vt 0.687500 0.250000
vt 0.687500 0.312500
vt 0.687500 0.375000
vt 0.687500 0.437500
vt 0.687500 0.500000
vt 0.687500 0.562500
vt 0.687500 0.625000
vt 0.687500 0.687500
vt 0.687500 0.750000
vt 0.687500 0.812500
vt 0.687500 0.875000
vt 0.687500 0.937500
vt 0.687500 1.000000
vt 0.697917 0.000000
vt 0.697917 0.062500
vt 0.697917 0.125000
vt 0.697917 0.187500
vt 0.697917 0.250000
vt 0.697917 0.312500
vt 0.697917 0.375000
vt 0.697917 0.437500
vt 0.697917 0.500000
vt 0.697917 0.562500
vt 0.697917 0.625000
vt 0.697917 0.687500
vt 0.697917 0.750000
vt 0.697917 0.812500
vt 0.697917 0.875000
vt 0.697917 0.937500
vt 0.697917 1.000000
vt 0.708333 0.000000
vt 0.708333 0.062500
vt 0.708333 0.125000
vt 0.708333 0.187500
vt 0.708333 0.250000
vt 0.708333 0.312500
vt 0.708333 0.375000
vt 0.708333 0.437500
vt 0.708333 0.500000
vt 0.708333 0.562500
vt 0.708333 0.625000
vt 0.708333 0.687500
vt 0.708333 0.750000
vt 0.708333 0.812500
vt 0.708333 0.875000
vt 0.708333 0.937500
vt 0.708333 1.000000
vt 0.718750 0.000000
vt 0.718750 0.062500
vt 0.718750 0.125000
vt 0.718750 0.187500
vt 0.718750 0.250000
vt 0.718750 0.312500
vt 0.718750 0.375000
vt 0.718750 0.437500
vt 0.718750 0.500000
vt 0.718750 0.562500
vt 0.718750 0.625000
vt 0.718750 0.687500
vt 0.718750 0.750000
vt 0.718750 0.812500
vt 0.718750 0.875000
vt 0.718750 0.937500
vt 0.718750 1.000000
vt 0.729167 0.000000
vt 0.729167 0.062500
vt 0.729167 0.125000
vt 0.729167 0.187500
vt 0.729167 0.250000
vt 0.729167 0.312500
vt 0.729167 0.375000
vt 0.729167 0.437500
vt 0.729167 0.500000
vt 0.729167 0.562500
vt 0.729167 0.625000
vt 0.729167 0.687500
vt 0.729167 0.750000
vt 0.729167 0.812500
vt 0.729167 0.875000
vt 0.729167 0.937500
vt 0.729167 1.000000
vt 0.739583 0.000000
vt 0.739583 0.062500
vt 0.739583 0.125000
vt 0.739583 0.187500
vt 0.739583 0.250000
vt 0.739583 0.312500
vt 0.739583 0.375000
vt 0.739583 0.437500
vt 0.739583 0.500000
vt 0.739583 0.562500
vt 0.739583 0.625000
vt 0.739583 0.687500
vt 0.739583 0.750000
vt 0.739583 0.812500
vt 0.739583 0.875000
vt 0.739583 0.937500
vt 0.739583 1.000000
vt 0.750000 0.000000
vt 0.750000 0.062500
vt 0.750000 0.125000
vt 0.750000 0.187500
vt 0.750000 0.250000
vt 0.750000 0.312500
vt 0.750000 0.375000
vt 0.750000 0.437500
vt 0.750000 0.500000
vt 0.750000 0.562500
vt 0.750000 0.625000
vt 0.750000 0.687500
vt 0.750000 0.750000
vt 0.750000 0.812500
vt 0.750000 0.875000
vt 0.750000 0.937500
vt 0.750000 1.000000
vt 0.760417 0.000000
vt 0.760417 0.062500
vt 0.760417 0.125000
vt 0.760417 0.187500
vt 0.760417 0.250000
vt 0.760417 0.312500
vt 0.760417 0.375000
vt 0.760417 0.437500
vt 0.760417 0.500000
vt 0.760417 0.562500
vt 0.760417 0.625000
vt 0.760417 0.687500
vt 0.760417 0.750000
vt 0.760417 0.812500
vt 0.760417 0.875000
vt 0.760417 0.937500
vt 0.760417 1.000000
vt 0.770833 0.000000
vt 0.770833 0.062500
vt 0.770833 0.125000
vt 0.770833 0.187500
vt 0.770833 0.250000
vt 0.770833 0.312500
vt 0.770833 0.375000
vt 0.770833 0.437500
vt 0.770833 0.500000
vt 0.770833 0.562500
vt 0.770833 0.625000
vt 0.770833 0.687500
vt 0.770833 0.750000
vt 0.770833 0.812500
vt 0.770833 0.875000
vt 0.770833 0.937500
vt 0.770833 1.000000
vt 0.781250 0.000000
vt 0.781250 0.062500
vt 0.781250 0.125000
vt 0.781250 0.187500
vt 0.781250 0.250000
vt 0.781250 0.312500
vt 0.781250 0.375000
vt 0.781250 0.437500
vt 0.781250 0.500000
vt 0.781250 0.562500
vt 0.781250 0.625000
vt 0.781250 0.687500
vt 0.781250 0.750000
vt 0.781250 0.812500
vt 0.781250 0.875000
vt 0.781250 0.937500
vt 0.781250 1.000000
vt 0.791667 0.000000
vt 0.791667 0.062500
vt 0.791667 0.125000
vt 0.791667 0.187500
vt 0.791667 0.250000
vt 0.791667 0.312500
vt 0.791667 0.375000
vt 0.791667 0.437500
vt 0.791667 0.500000
vt 0.791667 0.562500
vt 0.791667 0.625000
vt 0.791667 0.687500
vt 0.791667 0.750000
vt 0.791667 0.812500
vt 0.791667 0.875000
vt 0.791667 0.937500
vt 0.791667 1.000000
vt 0.802083 0.000000
vt 0.802083 0.062500
vt 0.802083 0.125000
vt 0.802083 0.187500
vt 0.802083 0.250000
vt 0.802083 0.312500
vt 0.802083 0.375000
vt 0.802083 0.437500
vt 0.802083 0.500000
vt 0.802083 0.562500
vt 0.802083 0.625000
vt 0.802083 0.687500
vt 0.802083 0.750000
vt 0.802083 0.812500
vt 0.802083 0.875000
vt 0.802083 0.937500
vt 0.802083 1.000000
vt 0.812500 0.000000
vt 0.812500 0.062500
vt 0.812500 0.125000
vt 0.812500 0.187500
vt 0.812500 0.250000
vt 0.812500 0.312500
vt 0.812500 0.375000
vt 0.812500 0.437500
vt 0.812500 0.500000
vt 0.812500 0.562500
vt 0.812500 0.625000
vt 0.812500 0.687500
vt 0.812500 0.750000
vt 0.812500 0.812500
vt 0.812500 0.875000
vt 0.812500 0.937500
vt 0.812500 1.000000
vt 0.822917 0.000000
vt 0.822917 0.062500
vt 0.822917 0.125000
vt 0.822917 0.187500
vt 0.822917 0.250000
vt 0.822917 0.312500
vt 0.822917 0.375000
vt 0.822917 0.437500
vt 0.822917 0.500000
vt 0.822917 0.562500
vt 0.822917 0.625000
vt 0.822917 0.687500
vt 0.822917 0.750000
vt 0.822917 0.812500
vt 0.822917 0.875000
vt 0.822917 0.937500
vt 0.822917 1.000000
vt 0.833333 0.000000
vt 0.833333 0.062500
vt 0.833333 0.125000
vt 0.833333 0.187500
vt 0.833333 0.250000
vt 0.833333 0.312500
vt 0.833333 0.375000
vt 0.833333 0.437500
vt 0.833333 0.500000
vt 0.833333 0.562500
vt 0.833333 0.625000
vt 0.833333 0.687500
vt 0.833333 0.750000
vt 0.833333 0.812500
vt 0.833333 0.875000
vt 0.833333 0.937500
vt 0.833333 1.000000
vt 0.843750 0.000000
vt 0.843750 0.062500
vt 0.843750 0.125000
vt 0.843750 0.187500
vt 0.843750 0.250000
vt 0.843750 0.312500
vt 0.843750 0.375000
vt 0.843750 0.437500
vt 0.843750 0.500000
vt 0.843750 0.562500
vt 0.843750 0.625000
vt 0.843750 0.687500
vt 0.843750 0.750000
vt 0.843750 0.812500
vt 0.843750 0.875000
vt 0.843750 0.937500
vt 0.843750 1.000000
vt 0.854167 0.000000
vt 0.854167 0.062500
vt 0.854167 0.125000
vt 0.854167 0.187500
vt 0.854167 0.250000
vt 0.854167 0.312500
vt 0.854167 0.375000
vt 0.854167 0.437500
vt 0.854167 0.500000
vt 0.854167 0.562500
vt 0.854167 0.625000
vt 0.854167 0.687500
vt 0.854167 0.750000
vt 0.854167 0.812500
vt 0.854167 0.875000
vt 0.854167 0.937500
vt 0.854167 1.000000
vt 0.864583 0.000000
vt 0.864583 0.062500
vt 0.864583 0.125000
vt 0.864583 0.187500
vt 0.864583 0.250000
vt 0.864583 0.312500
vt 0.864583 0.375000
vt 0.864583 0.437500
vt 0.864583 0.500000
vt 0.864583 0.562500
vt 0.864583 0.625000
vt 0.864583 0.687500
vt 0.864583 0.750000
vt 0.864583 0.812500
vt 0.864583 0.875000
vt 0.864583 0.937500
vt 0.864583 1.000000
vt 0.875000 0.000000
vt 0.875000 0.062500
vt 0.875000 0.125000
vt 0.875000 0.187500
vt 0.875000 0.250000
vt 0.875000 0.312500
vt 0.875000 0.375000
vt 0.875000 0.437500
vt 0.875000 0.500000
vt 0.875000 0.562500
vt 0.875000 0.625000
vt 0.875000 0.687500
vt 0.875000 0.750000
vt 0.875000 0.812500
vt 0.875000 0.875000
vt 0.875000 0.937500
vt 0.875000 1.000000
vt 0.885417 0.000000
vt 0.885417 0.062500
vt 0.885417 0.125000
vt 0.885417 0.187500
vt 0.885417 0.250000
vt 0.885417 0.312500
vt 0.885417 0.375000
vt 0.885417 0.437500
vt 0.885417 0.500000
vt 0.885417 0.562500
vt 0.885417 0.625000
vt 0.885417 0.687500
vt 0.885417 0.750000
vt 0.885417 0.812500
vt 0.885417 0.875000
vt 0.885417 0.937500
vt 0.885417 1.000000
vt 0.895833 0.000000
vt 0.895833 0.062500
vt 0.895833 0.125000
vt 0.895833 0.187500
vt 0.895833 0.250000
vt 0.895833 0.312500
vt 0.895833 0.375000
vt 0.895833 0.437500
vt 0.895833 0.500000
vt 0.895833 0.562500
vt 0.895833 0.625000
vt 0.895833 0.687500
vt 0.895833 0.750000
vt 0.895833 0.812500
vt 0.895833 0.875000
vt 0.895833 0.937500
vt 0.895833 1.000000
vt 0.906250 0.000000
vt 0.906250 0.062500
vt 0.906250 0.125000
vt 0.906250 0.187500
vt 0.906250 0.250000
vt 0.906250 0.312500
vt 0.906250 0.375000
vt 0.906250 0.437500
vt 0.906250 0.500000
vt 0.906250 0.562500
vt 0.906250 0.625000
vt 0.906250 0.687500
vt 0.906250 0.750000
vt 0.906250 0.812500
vt 0.906250 0.875000
vt 0.906250 0.937500
vt 0.906250 1.000000
vt 0.916667 0.000000
vt 0.916667 0.062500
vt 0.916667 0.125000
vt 0.916667 0.187500
vt 0.916667 0.250000
vt 0.916667 0.312500
vt 0.916667 0.375000
vt 0.916667 0.437500
vt 0.916667 0.500000
vt 0.916667 0.562500
vt 0.916667 0.625000
vt 0.916667 0.687500
vt 0.916667 0.750000
vt 0.916667 0.812500
vt 0.916667 0.875000
vt 0.916667 0.937500
vt 0.916667 1.000000
vt 0.927083 0.000000
vt 0.927083 0.062500
vt 0.927083 0.125000
vt 0.927083 0.187500
vt 0.927083 0.250000
vt 0.927083 0.312500
vt 0.927083 0.375000
vt 0.927083 0.437500
vt 0.927083 0.500000
vt 0.927083 0.562500
vt 0.927083 0.625000
vt 0.927083 0.687500
vt 0.927083 0.750000
vt 0.927083 0.812500
vt 0.927083 0.875000
vt 0.927083 0.937500
vt 0.927083 1.000000
vt 0.937500 0.000000
vt 0.937500 0.062500
vt 0.937500 0.125000
vt 0.937500 0.187500
vt 0.937500 0.250000
vt 0.937500 0.312500
vt 0.937500 0.375000
vt 0.937500 0.437500
vt 0.937500 0.500000
vt 0.937500 0.562500
vt 0.937500 0.625000
vt 0.937500 0.687500
vt 0.937500 0.750000
vt 0.937500 0.812500
vt 0.937500 0.875000
vt 0.937500 0.937500
vt 0.937500 1.000000
vt 0.947917 0.000000
vt 0.947917 0.062500
vt 0.947917 0.125000
vt 0.947917 0.187500
vt 0.947917 0.250000
vt 0.947917 0.312500
vt 0.947917 0.375000
vt 0.947917 0.437500
vt 0.947917 0.500000
vt 0.947917 0.562500
vt 0.947917 0.625000
vt 0.947917 0.687500
vt 0.947917 0.750000
vt 0.947917 0.812500
vt 0.947917 0.875000
vt 0.947917 0.937500
vt 0.947917 1.000000
vt 0.958333 0.000000
vt 0.958333 0.062500
vt 0.958333 0.125000
vt 0.958333 0.187500
vt 0.958333 0.250000
vt 0.958333 0.312500
vt 0.958333 0.375000
vt 0.958333 0.437500
vt 0.958333 0.500000
vt 0.958333 0.562500
vt 0.958333 0.625000
vt 0.958333 0.687500
vt 0.958333 0.750000
vt 0.958333 0.812500
vt 0.958333 0.875000
vt 0.958333 0.937500
vt 0.958333 1.000000
vt 0.968750 0.000000
vt 0.968750 0.062500
vt 0.968750 0.125000
vt 0.968750 0.187500
vt 0.968750 0.250000
vt 0.968750 0.312500
vt 0.968750 0.375000
vt 0.968750 0.437500
vt 0.968750 0.500000
vt 0.968750 0.562500
vt 0.968750 0.625000
vt 0.968750 0.687500
vt 0.968750 0.750000
vt 0.968750 0.812500
vt 0.968750 0.875000
vt 0.968750 0.937500
vt 0.968750 1.000000
vt 0.979167 0.000000
vt 0.979167 0.062500
vt 0.979167 0.125000
vt 0.979167 0.187500
vt 0.979167 0.250000
vt 0.979167 0.312500
vt 0.979167 0.375000
vt 0.979167 0.437500
vt 0.979167 0.500000
vt 0.979167 0.562500
vt 0.979167 0.625000
vt 0.979167 0.687500
vt 0.979167 0.750000
vt 0.979167 0.812500
vt 0.979167 0.875000
vt 0.979167 0.937500
vt 0.979167 1.000000
vt 0.989583 0.000000
vt 0.989583 0.062500
vt 0.989583 0.125000
vt 0.989583 0.187500
vt 0.989583 0.250000
vt 0.989583 0.312500
vt 0.989583 0.375000
vt 0.989583 0.437500
vt 0.989583 0.500000
vt 0.989583 0.562500
vt 0.989583 0.625000
vt 0.989583 0.687500
vt 0.989583 0.750000
vt 0.989583 0.812500
vt 0.989583 0.875000
vt 0.989583 0.937500
vt 0.989583 1.000000
vt 1.000000 0.000000
vt 1.000000 0.062500
vt 1.000000 0.125000
vt 1.000000 0.187500
vt 1.000000 0.250000
vt 1.000000 0.312500
vt 1.000000 0.375000
vt 1.000000 0.437500
vt 1.000000 0.500000
vt 1.000000 0.562500
vt 1.000000 0.625000
vt 1.000000 0.687500
vt 1.000000 0.750000
vt 1.000000 0.812500
vt 1.000000 0.875000
vt 1.000000 0.937500
vt 1.000000 1.000000
vn 1.000000 0.000000 0.000000
vn 0.923880 0.342208 0.171291
vn 0.707107 0.632317 0.316504
vn 0.382683 0.826162 0.413533
vn 0.000000 0.894232 0.447605
vn -0.382683 0.826162 0.413533
vn -0.707107 0.632317 0.316504
vn -0.923880 0.342208 0.171291
vn -1.000000 0.000000 0.000000
vn -0.923880 -0.342208 -0.171291
vn -0.707107 -0.632317 -0.316504
vn -0.382683 -0.826162 -0.413533
vn 0.000000 -0.894232 -0.447605
vn 0.382683 -0.826162 -0.413533
vn 0.707107 -0.632317 -0.316504
vn 0.923880 -0.342208 -0.171291
vn 0.983740 -0.080592 0.160502
vn 0.908857 0.267534 0.320007
vn 0.695609 0.574930 0.430794
vn 0.376461 0.794799 0.475996
vn 0.000000 0.893667 0.448732
vn -0.376461 0.856482 0.353152
vn -0.695609 0.688905 0.203809
vn -0.908857 0.416449 0.023437
vn -0.983740 0.080592 -0.160502
vn -0.908857 -0.267534 -0.320007
vn -0.695609 -0.574930 -0.430794
vn -0.376461 -0.794799 -0.475996
vn 0.000000 -0.893667 -0.448732
vn 0.376461 -0.856482 -0.353152
vn 0.695609 -0.688905 -0.203809
vn 0.908857 -0.416449 -0.023437
vn 0.935163 -0.159512 0.316271
vn 0.863738 0.194031 0.465090
vn 0.660817 0.518034 0.543104
vn 0.357293 0.763171 0.538435
vn -0.000626 0.892122 0.451795
vn -0.358450 0.885255 0.296372
vn -0.661703 0.743617 0.095830
vn -0.864217 0.488770 -0.119302
vn -0.935163 0.159512 -0.316271
vn -0.863738 -0.194031 -0.465090
vn -0.660817 -0.518034 -0.543104
vn -0.357293 -0.763171 -0.538435
vn 0.000626 -0.892122 -0.451795
vn 0.358450 -0.885255 -0.296372
vn 0.661703 -0.743617 -0.095830
vn 0.864217 -0.488770 0.119302
vn 0.854929 -0.234667 0.462631
vn 0.788963 0.123818 0.601836
vn 0.602884 0.463453 0.649417
vn 0.325022 0.732531 0.598130
vn -0.002322 0.890088 0.455783
vn -0.329313 0.912137 0.244047
vn -0.606168 0.795322 -0.004842
vn -0.790740 0.557426 -0.252994
vn -0.854929 0.234667 -0.462631
vn -0.788963 -0.123818 -0.601836
vn -0.602884 -0.463453 -0.649417
vn -0.325022 -0.732531 -0.598130
vn 0.002322 -0.890088 -0.455783
vn 0.329313 -0.912137 -0.244047
vn 0.606168 -0.795322 0.004842
vn 0.790740 -0.557426 0.252994
vn 0.744330 -0.303573 0.594825
vn 0.685897 0.059487 0.725263
vn 0.523043 0.413490 0.745286
vn 0.280561 0.704544 0.651846
vn -0.004635 0.888337 0.459169
vn -0.289125 0.936889 0.196587
vn -0.529598 0.842807 -0.095923
vn -0.689445 0.620417 -0.373830
vn -0.744330 0.303573 -0.594825
vn -0.685897 -0.059487 -0.725263
vn -0.523043 -0.413490 -0.745286
vn -0.280561 -0.704544 -0.651846
vn 0.004635 -0.888337 -0.459169
vn 0.289125 -0.936889 -0.196587
vn 0.529598 -0.842807 0.095923
vn 0.689445 -0.620417 0.373830
vn 0.605633 -0.363181 0.708031
vn 0.557312 0.004186 0.830293
vn 0.424146 0.370915 0.826149
vn 0.226407 0.681176 0.696232
vn -0.005801 0.887734 0.460320
vn -0.237125 0.959143 0.154328
vn -0.432349 0.884530 -0.175158
vn -0.561752 0.675256 -0.477979
vn -0.605633 0.363181 -0.708031
vn -0.557312 -0.004186 -0.830293
vn -0.424146 -0.370915 -0.826149
vn -0.226407 -0.681176 -0.696232
vn 0.005801 -0.887734 -0.460320
vn 0.237125 -0.959143 -0.154328
vn 0.432349 -0.884530 0.175158
vn 0.561752 -0.675256 0.477979
vn 0.442684 -0.409786 0.797563
vn 0.408021 -0.038429 0.912164
vn 0.311240 0.338779 0.887896
vn 0.167075 0.664410 0.728454
vn -0.002525 0.888891 0.458111
vn -0.171740 0.978047 0.118026
vn -0.314810 0.918303 -0.240028
vn -0.409953 0.718757 -0.561540
vn -0.442684 0.409786 -0.797563
vn -0.408021 0.038429 -0.912164
vn -0.311240 -0.338779 -0.887896
vn -0.167075 -0.664410 -0.728454
vn 0.002525 -0.888891 -0.458111
vn 0.171740 -0.978047 -0.118026
vn 0.314810 -0.918303 0.240028
vn 0.409953 -0.718757 0.561540
vn 0.261730 -0.439201 0.859418
vn 0.245556 -0.064560 0.967230
vn 0.191999 0.319910 0.927790
vn 0.109212 0.655676 0.747102
vn 0.009798 0.891622 0.452675
vn -0.091108 0.991826 0.089332
vn -0.178143 0.941034 -0.287611
vn -0.238057 0.746978 -0.620768
vn -0.261730 0.439201 -0.859418
vn -0.245556 0.064560 -0.967230
vn -0.191999 -0.319910 -0.927790
vn -0.109212 -0.655676 -0.747102
vn -0.009798 -0.891622 -0.452675
vn 0.091108 -0.991826 -0.089332
vn 0.178143 -0.941034 0.287611
vn 0.238057 -0.746978 0.620768
vn 0.072187 -0.447483 0.891374
vn 0.080515 -0.071190 0.994208
vn 0.076585 0.315942 0.945683
vn 0.060996 0.654974 0.753186
vn 0.036121 0.894292 0.446023
vn 0.005746 0.997463 0.070957
vn -0.025503 0.948779 -0.314911
vn -0.052869 0.755651 -0.652837
vn -0.072187 0.447483 -0.891374
vn -0.080515 0.071190 -0.994208
vn -0.076585 -0.315942 -0.945683
vn -0.060996 -0.654974 -0.753186
vn -0.036121 -0.894292 -0.446023
vn -0.005746 -0.997463 -0.070957
vn 0.025503 -0.948779 0.314911
vn 0.052869 -0.755651 0.652837
vn -0.113348 -0.432446 0.894507
vn -0.074153 -0.057627 0.995580
vn -0.023668 0.325964 0.945086
vn 0.030420 0.659931 0.750710
vn 0.079876 0.893429 0.442046
vn 0.117173 0.990910 0.066084
vn 0.136630 0.937535 -0.319938
vn 0.135287 0.741428 -0.657253
vn 0.113348 0.432446 -0.894507
vn 0.074153 0.057627 -0.995580
vn 0.023668 -0.325964 -0.945086
vn -0.030420 -0.659931 -0.750710
vn -0.079876 -0.893429 -0.442046
vn -0.117173 -0.990910 -0.066084
vn -0.136630 -0.937535 0.319938
vn -0.135287 -0.741428 0.657253
vn -0.280780 -0.395689 0.874410
vn -0.205574 -0.027179 0.978264
vn -0.099072 0.345468 0.933186
vn 0.022514 0.665521 0.746039
vn 0.140671 0.884255 0.445315
vn 0.237413 0.968369 0.076795
vn 0.298011 0.905057 -0.303416
vn 0.313239 0.703959 -0.637435
vn 0.280780 0.395689 -0.874410
vn 0.205574 0.027179 -0.978264
vn 0.099072 -0.345468 -0.933186
vn -0.022514 -0.665521 -0.746039
vn -0.140671 -0.884255 -0.445315
vn -0.237413 -0.968369 -0.076795
vn -0.298011 -0.905057 0.303416
vn -0.313239 -0.703959 0.637435
vn -0.418055 -0.343925 0.840801
vn -0.304731 0.012380 0.952358
vn -0.145014 0.366801 0.918928
vn 0.036780 0.665379 0.745599
vn 0.212975 0.862660 0.458759
vn 0.356746 0.928608 0.102078
vn 0.446205 0.853184 -0.270144
vn 0.467734 0.647871 -0.601239
vn 0.418055 0.343925 -0.840801
vn 0.304731 -0.012380 -0.952358
vn 0.145014 -0.366801 -0.918928
vn -0.036780 -0.665379 -0.745599
vn -0.212975 -0.862660 -0.458759
vn -0.356746 -0.928608 -0.102078
vn -0.446205 -0.853184 0.270144
vn -0.467734 -0.647871 0.601239
vn -0.518955 -0.287988 0.804828
vn -0.369495 0.050788 0.927844
vn -0.163782 0.381833 0.909604
vn 0.066865 0.654747 0.752885
vn 0.287333 0.827981 0.481546
vn 0.464057 0.875163 0.136896
vn 0.570132 0.789110 -0.228595
vn 0.589410 0.582921 -0.559284
vn 0.518955 0.287988 -0.804828
vn 0.369495 -0.050788 -0.927844
vn 0.163782 -0.381833 -0.909604
vn -0.066865 -0.654747 -0.752885
vn -0.287333 -0.827981 -0.481546
vn -0.464057 -0.875163 -0.136896
vn -0.570132 -0.789110 0.228595
vn -0.589410 -0.582921 0.559284
vn -0.584474 -0.239311 0.775319
vn -0.404587 0.079210 0.911062
vn -0.163106 0.385672 0.908104
vn 0.103207 0.633419 0.766896
vn 0.353808 0.784733 0.508934
vn 0.550545 0.816579 0.173492
vn 0.663466 0.724108 -0.188363
vn 0.675380 0.521398 -0.521541
vn 0.584474 0.239311 -0.775319
vn 0.404587 -0.079210 -0.911062
vn 0.163106 -0.385672 -0.908104
vn -0.103207 -0.633419 -0.766896
vn -0.353808 -0.784733 -0.508934
vn -0.550545 -0.816579 -0.173492
vn -0.663466 -0.724108 0.188363
vn -0.675380 -0.521398 0.521541
vn -0.620858 -0.205825 0.756420
vn -0.418555 0.093722 0.903343
vn -0.152531 0.379001 0.912739
vn 0.136714 0.606580 0.783179
vn 0.405146 0.741813 0.534388
vn 0.611898 0.764112 0.204240
vn 0.725494 0.670081 -0.157001
vn 0.728640 0.474037 -0.494340
vn 0.620858 0.205825 -0.756420
vn 0.418555 -0.093722 -0.903343
vn 0.152531 -0.379001 -0.912739
vn -0.136714 -0.606580 -0.783179
vn -0.405146 -0.741813 -0.534388
vn -0.611898 -0.764112 -0.204240
vn -0.725494 -0.670081 0.157001
vn -0.728640 -0.474037 0.494340
vn -0.636228 -0.189662 0.747825
vn -0.420373 0.096362 0.902220
vn -0.140521 0.367717 0.919260
vn 0.160725 0.583089 0.796351
vn 0.437502 0.709692 0.552204
vn 0.647673 0.728251 0.223990
vn 0.759241 0.635940 -0.138325
vn 0.755222 0.446812 -0.479581
vn 0.636228 0.189662 -0.747825
vn 0.420373 -0.096362 -0.902220
vn 0.140521 -0.367717 -0.919260
vn -0.160725 -0.583089 -0.796351
vn -0.437502 -0.709692 -0.552204
vn -0.647673 -0.728251 -0.223990
vn -0.759241 -0.635940 0.138325
vn -0.755222 -0.446812 0.479581
vn -0.638356 -0.187312 0.746603
vn -0.417939 0.093761 0.903624
vn -0.133895 0.360560 0.923076
vn 0.170533 0.572467 0.801998
vn 0.448999 0.697221 0.558823
vn 0.659109 0.715829 0.230572
vn 0.768876 0.625459 -0.132781
vn 0.761588 0.439869 -0.475919
vn 0.638356 0.187312 -0.746603
vn 0.417939 -0.093761 -0.903624
vn 0.133895 -0.360560 -0.923076
vn -0.170533 -0.572467 -0.801998
vn -0.448999 -0.697221 -0.558823
vn -0.659109 -0.715829 -0.230572
vn -0.768876 -0.625459 0.132781
vn -0.761588 -0.439869 0.475919
vn -0.634429 -0.191512 0.748881
vn -0.418515 0.094463 0.903284
vn -0.138886 0.366057 0.920170
vn 0.161888 0.581922 0.796968
vn 0.438015 0.709195 0.552436
vn 0.647458 0.728499 0.223800
vn 0.758332 0.636896 -0.138908
vn 0.753757 0.448331 -0.480468
vn 0.634429 0.191512 -0.748881
vn 0.418515 -0.094463 -0.903284
vn 0.138886 -0.366057 -0.920170
vn -0.161888 -0.581922 -0.796968
vn -0.438015 -0.709195 -0.552436
vn -0.647458 -0.728499 -0.223800
vn -0.758332 -0.636896 0.138908
vn -0.753757 -0.448331 0.480468
vn -0.631875 -0.193979 0.750404
vn -0.429640 0.105885 0.896771
vn -0.161996 0.389629 0.906613
vn 0.130310 0.614056 0.778431
vn 0.402778 0.744998 0.531740
vn 0.613926 0.762521 0.204097
vn 0.731610 0.663957 -0.154619
vn 0.737913 0.464312 -0.489795
vn 0.631875 0.193979 -0.750404
vn 0.429640 -0.105885 -0.896771
vn 0.161996 -0.389629 -0.906613
vn -0.130310 -0.614056 -0.778431
vn -0.402778 -0.744998 -0.531740
vn -0.613926 -0.762521 -0.204097
vn -0.731610 -0.663957 0.154619
vn -0.737913 -0.464312 0.489795
vn -0.638644 -0.188397 0.746084
vn -0.458892 0.131512 0.878705
vn -0.209277 0.431399 0.877552
vn 0.072197 0.665610 0.742799
vn 0.342681 0.798487 0.494962
vn 0.560994 0.809802 0.171772
vn 0.693901 0.697832 -0.177570
vn 0.721168 0.479624 -0.499878
vn 0.638644 0.188397 -0.746084
vn 0.458892 -0.131512 -0.878705
vn 0.209277 -0.431399 -0.877552
vn -0.072197 -0.665610 -0.742799
vn -0.342681 -0.798487 -0.494962
vn -0.560994 -0.809802 -0.171772
vn -0.693901 -0.697832 0.177570
vn -0.721168 -0.479624 0.499878
vn -0.661797 -0.172879 0.729477
vn -0.511752 0.169167 0.842314
vn -0.283796 0.485458 0.826916
vn -0.012636 0.727843 0.685627
vn 0.260448 0.859420 0.439958
vn 0.493882 0.860159 0.127310
vn 0.652126 0.729946 -0.204721
vn 0.711090 0.488605 -0.505585
vn 0.661797 0.172879 -0.729477
vn 0.511752 -0.169167 -0.842314
vn 0.283796 -0.485458 -0.826916
vn 0.012636 -0.727843 -0.685627
vn -0.260448 -0.859420 -0.439958
vn -0.493882 -0.860159 -0.127310
vn -0.652126 -0.729946 0.204721
vn -0.711090 -0.488605 0.505585
vn -0.704681 -0.150807 0.693313
vn -0.588489 0.211350 0.780392
vn -0.382705 0.541331 0.748664
vn -0.118658 0.788899 0.602958
vn 0.163454 0.916364 0.365458
vn 0.420681 0.904321 0.072320
vn 0.613864 0.754604 -0.231828
vn 0.713591 0.490005 -0.500683
vn 0.704681 0.150807 -0.693313
vn 0.588489 -0.211350 -0.780392
vn 0.382705 -0.541331 -0.748664
vn 0.118658 -0.788899 -0.602958
vn -0.163454 -0.916364 -0.365458
vn -0.420681 -0.904321 -0.072320
vn -0.613864 -0.754604 0.231828
vn -0.713591 -0.490005 0.500683
vn -0.764539 -0.129335 0.631469
vn -0.682330 0.247916 0.687723
vn -0.496243 0.587424 0.639277
vn -0.234607 0.837502 0.493508
vn 0.062745 0.960078 0.272606
vn 0.350545 0.936490 0.010203
vn 0.584978 0.770331 -0.253754
vn 0.730353 0.486895 -0.479079
vn 0.764539 0.129335 -0.631469
vn 0.682330 -0.247916 -0.687723
vn 0.496243 -0.587424 -0.639277
vn 0.234607 -0.837502 -0.493508
vn -0.062745 -0.960078 -0.272606
vn -0.350545 -0.936490 -0.010203
vn -0.584978 -0.770331 0.253754
vn -0.730353 -0.486895 0.479079
vn -0.832668 -0.116291 0.541424
vn -0.780783 0.269790 0.563552
vn -0.610031 0.614799 0.499884
vn -0.346407 0.866210 0.360114
vn -0.030046 0.985749 0.165519
vn 0.290890 0.955216 -0.054274
vn 0.567540 0.779260 -0.265805
vn 0.757787 0.484669 -0.436869
vn 0.832668 0.116291 -0.541424
vn 0.780783 -0.269790 -0.563552
vn 0.610031 -0.614799 -0.499884
vn 0.346407 -0.866210 -0.360114
vn 0.030046 -0.985749 -0.165519
vn -0.290890 -0.955216 0.054274
vn -0.567540 -0.779260 0.265805
vn -0.757787 -0.484669 0.436869
vn -0.897319 -0.117325 0.425504
vn -0.869583 0.271646 0.412352
vn -0.709461 0.619262 0.336422
vn -0.441330 0.872600 0.209276
vn -0.106010 0.993094 0.050269
vn 0.245449 0.962397 -0.116390
vn 0.559540 0.785185 -0.265331
vn 0.788446 0.488435 -0.373877
vn 0.897319 0.117325 -0.425504
vn 0.869583 -0.271646 -0.412352
vn 0.709461 -0.619262 -0.336422
vn 0.441330 -0.872600 -0.209276
vn 0.106010 -0.993094 -0.050269
vn -0.245449 -0.962397 0.116390
vn -0.559540 -0.785185 0.265331
vn -0.788446 -0.488435 0.373877
vn -0.947448 -0.134704 0.290169
vn -0.936759 0.252399 0.242442
vn -0.783457 0.601076 0.157805
vn -0.510881 0.858246 0.049144
vn -0.160528 0.984755 -0.066999
vn 0.214264 0.961344 -0.172942
vn 0.556436 0.791577 -0.252555
vn 0.813896 0.501300 -0.293720
vn 0.947448 0.134704 -0.290169
vn 0.936759 -0.252399 -0.242442
vn 0.783457 -0.601076 -0.157805
vn 0.510881 -0.858246 -0.049144
vn 0.160528 -0.984755 0.066999
vn -0.214264 -0.961344 0.172942
vn -0.556436 -0.791577 0.252555
vn -0.813896 -0.501300 0.293720
vn -0.975245 -0.167768 0.144052
vn -0.974754 0.214031 0.063612
vn -0.825865 0.563245 -0.026513
vn -0.551245 0.826710 -0.112601
vn -0.192704 0.964316 -0.181547
vn 0.195175 0.955114 -0.222854
vn 0.553340 0.800504 -0.230233
vn 0.827264 0.524025 -0.202562
vn 0.975245 0.167768 -0.144052
vn 0.974754 -0.214031 -0.063612
vn 0.825865 -0.563245 0.026513
vn 0.551245 -0.826710 0.112601
vn 0.192704 -0.964316 0.181547
vn -0.195175 -0.955114 0.222854
vn -0.553340 -0.800504 0.230233
vn -0.827264 -0.524025 0.202562
vn -0.976803 -0.214100 -0.004001
vn -0.980416 0.159987 -0.114845
vn -0.834768 0.509718 -0.208204
vn -0.562035 0.781849 -0.269867
vn -0.203737 0.934951 -0.290444
vn 0.185578 0.945715 -0.266805
vn 0.546640 0.812502 -0.202546
vn 0.824482 0.555593 -0.107452
vn 0.976803 0.214100 0.004001
vn 0.980416 -0.159987 0.114845
vn 0.834768 -0.509718 0.208204
vn 0.562035 -0.781849 0.269867
vn 0.203737 -0.934951 0.290444
vn -0.185578 -0.945715 0.266805
vn -0.546640 -0.812502 0.202546
vn -0.824482 -0.555593 0.107452
vn -0.951523 -0.270621 -0.146176
vn -0.953879 0.093982 -0.285101
vn -0.811014 0.444277 -0.380622
vn -0.544681 0.726935 -0.418197
vn -0.195424 0.898923 -0.392105
vn 0.183584 0.934059 -0.306318
vn 0.534643 0.826993 -0.173897
vn 0.804307 0.594024 -0.015002
vn 0.951523 0.270621 0.146176
vn 0.953879 -0.093982 0.285101
vn 0.811014 -0.444277 0.380622
vn 0.544681 -0.726935 0.418197
vn 0.195424 -0.898923 0.392105
vn -0.183584 -0.934059 0.306318
vn -0.534643 -0.826993 0.173897
vn -0.804307 -0.594024 0.015002
vn -0.901103 -0.334265 -0.276189
vn -0.897314 0.019394 -0.440967
vn -0.756917 0.370101 -0.538612
vn -0.501286 0.664463 -0.554258
vn -0.169339 0.857666 -0.485523
vn 0.188388 0.920298 -0.342872
vn 0.517435 0.842823 -0.148022
vn 0.767707 0.637036 0.069364
vn 0.901103 0.334265 0.276189
vn 0.897314 -0.019394 0.440967
vn 0.756917 -0.370101 0.538612
vn 0.501286 -0.664463 0.554258
vn 0.169339 -0.857666 0.485523
vn -0.188388 -0.920298 0.342872
vn -0.517435 -0.842823 0.148022
vn -0.767707 -0.637036 -0.069364
vn -0.828611 -0.402303 -0.389303
vn -0.814003 -0.060909 -0.577658
vn -0.675471 0.289758 -0.678070
vn -0.434105 0.596311 -0.675252
vn -0.126650 0.812082 -0.569634
vn 0.200087 0.904221 -0.377293
vn 0.496362 0.858700 -0.127513
vn 0.717070 0.682450 0.141679
vn 0.828611 0.402303 0.389303
vn 0.814003 0.060909 0.577658
vn 0.675471 -0.289758 0.678070
vn 0.434105 -0.596311 0.675252
vn 0.126650 -0.812082 0.569634
vn -0.200087 -0.904221 0.377293
vn -0.496362 -0.858700 0.127513
vn -0.717070 -0.682450 -0.141679
vn -0.737801 -0.472423 -0.482147
vn -0.707778 -0.144529 -0.691492
vn -0.570003 0.205368 -0.795563
vn -0.345450 0.524000 -0.778517
vn -0.068305 0.762857 -0.642949
vn 0.219239 0.885577 -0.409497
vn 0.473405 0.873475 -0.113704
vn 0.655500 0.728395 0.199400
vn 0.737801 0.472423 0.482147
vn 0.707778 0.144529 0.691492
vn 0.570003 -0.205368 0.795563
vn 0.345450 -0.524000 0.778517
vn 0.068305 -0.762857 0.642949
vn -0.219239 -0.885577 0.409497
vn -0.473405 -0.873475 0.113704
vn -0.655500 -0.728395 -0.199400
vn -0.632646 -0.542713 -0.552469
vn -0.582716 -0.229423 -0.779620
vn -0.444073 0.118794 -0.888081
vn -0.237824 0.448926 -0.861339
vn 0.004632 0.710713 -0.703467
vn 0.246383 0.864300 -0.438498
vn 0.450624 0.886306 -0.106772
vn 0.586261 0.773379 0.241209
vn 0.632646 0.542713 0.552469
vn 0.582716 0.229423 0.779620
vn 0.444073 -0.118794 0.888081
vn 0.237824 -0.448926 0.861339
vn -0.004632 -0.710713 0.703467
vn -0.246383 -0.864300 0.438498
vn -0.450624 -0.886306 0.106772
vn -0.586261 -0.773379 -0.241209
vn -0.517030 -0.611588 -0.598865
vn -0.442983 -0.313772 -0.839829
vn -0.301496 0.031813 -0.952937
vn -0.114108 0.372554 -0.920968
vn 0.090651 0.656578 -0.748791
vn 0.281610 0.840644 -0.462617
vn 0.429696 0.896729 -0.106013
vn 0.512364 0.816295 0.266730
vn 0.517030 0.611588 0.598865
vn 0.442983 0.313772 0.839829
vn 0.301496 -0.031813 0.952937
vn 0.114108 -0.372554 0.920968
vn -0.090651 -0.656578 0.748791
vn -0.281610 -0.840644 0.462617
vn -0.429696 -0.896729 0.106013
vn -0.512364 -0.816295 -0.266730
vn -0.394565 -0.677697 -0.620520
vn -0.292768 -0.395847 -0.870398
vn -0.146399 -0.053733 -0.987765
vn 0.022257 0.296562 -0.954754
vn 0.187525 0.601708 -0.776391
vn 0.324244 0.815249 -0.479829
vn 0.411600 0.904676 -0.110217
vn 0.436293 0.856374 0.276174
vn 0.394565 0.677697 0.620520
vn 0.292768 0.395847 0.870398
vn 0.146399 0.053733 0.987765
vn -0.022257 -0.296562 0.954754
vn -0.187525 -0.601708 0.776391
vn -0.324244 -0.815249 0.479829
vn -0.411600 -0.904676 0.110217
vn -0.436293 -0.856374 -0.276174
vn -0.268517 -0.739790 -0.616936
vn -0.136284 -0.473860 -0.869990
vn 0.016696 -0.135789 -0.990597
vn 0.167135 0.222954 -0.960394
vn 0.292129 0.547755 -0.783980
vn 0.372649 0.789165 -0.488212
vn 0.396436 0.910432 -0.118118
vn 0.359870 0.893094 0.269958
vn 0.268517 0.739790 0.616936
vn 0.136284 0.473860 0.869990
vn -0.016696 0.135789 0.990597
vn -0.167135 -0.222954 0.960394
vn -0.292129 -0.547755 0.783980
vn -0.372649 -0.789165 0.488212
vn -0.396436 -0.910432 0.118118
vn -0.359870 -0.893094 -0.269958
vn -0.141868 -0.796543 -0.587701
vn 0.022143 -0.545789 -0.837630
vn 0.182783 -0.211945 -0.960036
vn 0.315595 0.154167 -0.936286
vn 0.400361 0.496808 -0.769995
vn 0.424176 0.763815 -0.486479
vn 0.383414 0.914537 -0.128901
vn 0.284280 0.926030 0.248301
vn 0.141868 0.796543 0.587701
vn -0.022143 0.545789 0.837630
vn -0.182783 0.211945 0.960036
vn -0.315595 -0.154167 0.936286
vn -0.400361 -0.496808 0.769995
vn -0.424176 -0.763815 0.486479
vn -0.383414 -0.914537 0.128901
vn -0.284280 -0.926030 -0.248301
vn -0.017516 -0.846316 -0.532393
vn 0.177916 -0.609168 -0.772826
vn 0.346262 -0.279280 -0.895603
vn 0.461893 0.093127 -0.882033
vn 0.507204 0.451355 -0.734182
vn 0.475299 0.740869 -0.474557
vn 0.371033 0.917592 -0.142686
vn 0.210281 0.954620 0.210908
vn 0.017516 0.846316 0.532393
vn -0.177916 0.609168 0.772826
vn -0.346262 0.279280 0.895603
vn -0.461893 -0.093127 0.882033
vn -0.507204 -0.451355 0.734182
vn -0.475299 -0.740869 0.474557
vn -0.371033 -0.917592 0.142686
vn -0.210281 -0.954620 -0.210908
vn 0.101402 -0.886877 -0.450741
vn 0.325965 -0.660887 -0.675999
vn 0.500902 -0.334284 -0.798343
vn 0.599582 0.043211 -0.799146
vn 0.606981 0.414128 -0.678286
vn 0.521973 0.721997 -0.454163
vn 0.357499 0.919949 -0.160899
vn 0.138599 0.977847 0.156862
vn -0.101402 0.886877 0.450741
vn -0.325965 0.660887 0.675999
vn -0.500902 0.334284 0.798343
vn -0.599582 -0.043211 0.799146
vn -0.606981 -0.414128 0.678286
vn -0.521973 -0.721997 0.454163
vn -0.357499 -0.919949 0.160899
vn -0.138599 -0.977847 -0.156862
vn 0.211195 -0.915188 -0.343261
vn 0.460675 -0.697153 -0.549323
vn 0.640021 -0.372983 -0.671756
vn 0.721930 0.007970 -0.691920
vn 0.693932 0.387710 -0.606745
vn 0.560288 0.708424 -0.429199
vn 0.341346 0.921288 -0.186312
vn 0.070437 0.993893 0.084940
vn -0.211195 0.915188 0.343261
vn -0.460675 0.697153 0.549323
vn -0.640021 0.372983 0.671756
vn -0.721930 -0.007970 0.691920
vn -0.693932 -0.387710 0.606745
vn -0.560288 -0.708424 0.429199
vn -0.341346 -0.921288 0.186312
vn -0.070437 -0.993893 -0.084940
vn 0.307586 -0.927505 -0.212427
vn 0.576232 -0.713852 -0.397960
vn 0.757151 -0.391521 -0.522908
vn 0.822802 -0.009585 -0.568248
vn 0.763188 0.373810 -0.527077
vn 0.587386 0.700297 -0.405663
vn 0.322159 0.920169 -0.222491
vn 0.007887 0.999954 -0.005447
vn -0.307586 0.927505 0.212427
vn -0.576232 0.713852 0.397960
vn -0.757151 0.391521 0.522908
vn -0.822802 0.009585 0.568248
vn -0.763188 -0.373810 0.527077
vn -0.587386 -0.700297 0.405663
vn -0.322159 -0.920169 0.222491
vn -0.007887 -0.999954 0.005447
vn 0.386299 -0.920144 -0.064097
vn 0.667662 -0.707654 -0.231201
vn 0.847380 -0.387429 -0.363106
vn 0.898092 -0.008223 -0.439731
vn 0.812077 0.372236 -0.449412
vn 0.602431 0.696025 -0.390673
vn 0.301071 0.913850 -0.272458
vn -0.046125 0.992551 -0.112764
vn -0.386299 0.920144 0.064097
vn -0.667662 0.707654 0.231201
vn -0.847380 0.387429 0.363106
vn -0.898092 0.008223 0.439731
vn -0.812077 -0.372236 0.449412
vn -0.602431 -0.696025 0.390673
vn -0.301071 -0.913850 0.272458
vn 0.046125 -0.992551 0.112764
vn 0.444406 -0.891123 0.091675
vn 0.732511 -0.677882 -0.062483
vn 0.909098 -0.361440 -0.207129
vn 0.947283 0.010028 -0.320241
vn 0.841253 0.379970 -0.384599
vn 0.607150 0.692064 -0.390405
vn 0.280614 0.898798 -0.336776
vn -0.088644 0.968698 -0.231876
vn -0.444406 0.891123 -0.091675
vn -0.732511 0.677882 0.062483
vn -0.909098 0.361440 0.207129
vn -0.947283 -0.010028 0.320241
vn -0.841253 -0.379970 0.384599
vn -0.607150 -0.692064 0.390405
vn -0.280614 -0.898798 0.336776
vn 0.088644 -0.968698 0.231876
vn 0.481866 -0.842269 0.241636
vn 0.772305 -0.628444 0.092756
vn 0.945167 -0.318944 -0.070245
vn 0.974136 0.039112 -0.222552
vn 0.854802 0.391214 -0.340977
vn 0.605332 0.683757 -0.407492
vn 0.263706 0.872204 -0.411969
vn -0.118068 0.927866 -0.353729
vn -0.481866 0.842269 -0.241636
vn -0.772305 0.628444 -0.092756
vn -0.945167 0.318944 0.070245
vn -0.974136 -0.039112 0.222552
vn -0.854802 -0.391214 0.340977
vn -0.605332 -0.683757 0.407492
vn -0.263706 -0.872204 0.411969
vn 0.118068 -0.927866 0.353729
vn 0.502094 -0.780498 0.372458
vn 0.792511 -0.568341 0.221167
vn 0.962275 -0.269660 0.036206
vn 0.985541 0.070075 -0.154267
vn 0.858768 0.399141 -0.321254
vn 0.601255 0.667442 -0.439334
vn 0.252206 0.834131 -0.490528
vn -0.135238 0.873831 -0.467045
vn -0.502094 0.780498 -0.372458
vn -0.792511 0.568341 -0.221167
vn -0.962275 0.269660 -0.036206
vn -0.985541 -0.070075 0.154267
vn -0.858768 -0.399141 0.321254
vn -0.601255 -0.667442 0.439334
vn -0.252206 -0.834131 0.490528
vn 0.135238 -0.873831 0.467045
vn 0.510772 -0.716878 0.474551
vn 0.800512 -0.509637 0.315357
vn 0.968382 -0.224808 0.108154
vn 0.988825 0.094245 -0.115516
vn 0.858727 0.398951 -0.321599
vn 0.597897 0.642920 -0.478721
vn 0.246042 0.789010 -0.562963
vn -0.143271 0.814981 -0.561498
vn -0.510772 0.716878 -0.474551
vn -0.800512 0.509637 -0.315357
vn -0.968382 0.224808 -0.108154
vn -0.988825 -0.094245 0.115516
vn -0.858727 -0.398951 0.321599
vn -0.597897 -0.642920 0.478721
vn -0.246042 -0.789010 0.562963
vn 0.143271 -0.814981 0.561498
vn 0.513532 -0.663471 0.544143
vn 0.802793 -0.463545 0.375032
vn 0.969837 -0.193049 0.148825
vn 0.989231 0.106837 -0.100038
vn 0.858024 0.390458 -0.333672
vn 0.596191 0.614635 -0.516508
vn 0.243593 0.745240 -0.620709
vn -0.146090 0.762389 -0.630414
vn -0.513532 0.663471 -0.544143
vn -0.802793 0.463545 -0.375032
vn -0.969837 0.193049 -0.148825
vn -0.989231 -0.106837 0.100038
vn -0.858024 -0.390458 0.333672
vn -0.596191 -0.614635 0.516508
vn -0.243593 -0.745240 0.620709
vn 0.146090 -0.762389 0.630414
vn 0.514132 -0.629569 0.582505
vn 0.803227 -0.436793 0.405017
vn 0.970039 -0.177518 0.165868
vn 0.989170 0.108781 -0.098532
vn 0.857710 0.378520 -0.347931
vn 0.595671 0.590633 -0.544361
vn 0.242947 0.712827 -0.657917
vn -0.146764 0.726499 -0.671311
vn -0.514132 0.629569 -0.582505
vn -0.803227 0.436793 -0.405017
vn -0.970039 0.177518 -0.165868
vn -0.989170 -0.108781 0.098532
vn -0.857710 -0.378520 0.347931
vn -0.595671 -0.590633 0.544361
vn -0.242947 -0.712827 0.657917
vn 0.146764 -0.726499 0.671311
vn 0.514190 -0.619194 0.593471
vn 0.803268 -0.430002 0.412138
vn 0.970056 -0.175347 0.168062
vn 0.989162 0.106004 -0.101600
vn 0.857676 0.371216 -0.355795
vn 0.595617 0.579915 -0.555823
vn 0.242881 0.700326 -0.671232
vn -0.146831 0.714119 -0.684452
vn -0.514190 0.619194 -0.593471
vn -0.803268 0.430002 -0.412138
vn -0.970056 0.175347 -0.168062
vn -0.989162 -0.106004 0.101600
vn -0.857676 -0.371216 0.355795
vn -0.595617 -0.579915 0.555823
vn -0.242881 -0.700326 0.671232
vn 0.146831 -0.714119 0.684452
vn 0.514237 -0.630529 0.581372
vn 0.803300 -0.438293 0.403247
vn 0.970068 -0.179330 0.163731
vn 0.989152 0.106934 -0.100711
vn 0.857647 0.376918 -0.349821
vn 0.595572 0.589520 -0.545674
vn 0.242827 0.712373 -0.658452
vn -0.146886 0.726774 -0.670988
vn -0.514237 0.630529 -0.581372
vn -0.803300 0.438293 -0.403247
vn -0.970068 0.179330 -0.163731
vn -0.989152 -0.106934 0.100711
vn -0.857647 -0.376918 0.349821
vn -0.595572 -0.589520 0.545674
vn -0.242827 -0.712373 0.658452
vn 0.146886 -0.726774 0.670988
vn 0.515021 -0.656929 0.550634
vn 0.803827 -0.453327 0.385170
vn 0.970258 -0.180710 0.161068
vn 0.988976 0.119418 -0.087555
vn 0.857131 0.401366 -0.322849
vn 0.594796 0.622210 -0.508992
vn 0.241908 0.748328 -0.617646
vn -0.147808 0.760519 -0.632268
vn -0.515021 0.656929 -0.550634
vn -0.803827 0.453327 -0.385170
vn -0.970258 0.180710 -0.161068
vn -0.988976 -0.119418 0.087555
vn -0.857131 -0.401366 0.322849
vn -0.594796 -0.622210 0.508992
vn -0.241908 -0.748328 0.617646
vn 0.147808 -0.760519 0.632268
vn 0.518026 -0.689011 0.506866
vn 0.805547 -0.466134 0.365804
vn 0.970431 -0.172292 0.169053
vn 0.987576 0.147779 -0.053436
vn 0.854371 0.445353 -0.267789
vn 0.591096 0.675126 -0.441374
vn 0.237832 0.802116 -0.547764
vn -0.151640 0.806992 -0.570761
vn -0.518026 0.689011 -0.506866
vn -0.805547 0.466134 -0.365804
vn -0.970431 0.172292 -0.169053
vn -0.987576 -0.147779 0.053436
vn -0.854371 -0.445353 0.267789
vn -0.591096 -0.675126 0.441374
vn -0.237832 -0.802116 0.547764
vn 0.151640 -0.806992 0.570761
vn 0.524686 -0.717560 0.458053
vn 0.808173 -0.470225 0.354605
vn 0.968623 -0.151302 0.197172
vn 0.981609 0.190655 0.009721
vn 0.845154 0.503586 -0.179210
vn 0.580032 0.739851 -0.340858
vn 0.226605 0.863480 -0.450613
vn -0.161321 0.855653 -0.491767
vn -0.524686 0.717560 -0.458053
vn -0.808173 0.470225 -0.354605
vn -0.968623 0.151302 -0.197172
vn -0.981609 -0.190655 -0.009721
vn -0.845154 -0.503586 0.179210
vn -0.580032 -0.739851 0.340858
vn -0.226605 -0.863480 0.450613
vn 0.161321 -0.855653 0.491767
vn 0.534755 -0.736590 0.414092
vn 0.808902 -0.464076 0.360986
vn 0.959901 -0.120910 0.252924
vn 0.964764 0.240663 0.106356
vn 0.822750 0.565598 -0.056403
vn 0.555480 0.804425 -0.210576
vn 0.203643 0.920786 -0.332690
vn -0.179196 0.896965 -0.404155
vn -0.534755 0.736590 -0.414092
vn -0.808902 0.464076 -0.360986
vn -0.959901 0.120910 -0.252924
vn -0.964764 -0.240663 -0.106356
vn -0.822750 -0.565598 0.056403
vn -0.555480 -0.804425 0.210576
vn -0.203643 -0.920786 0.332690
vn 0.179196 -0.896965 0.404155
vn 0.545213 -0.745182 0.383988
vn 0.802093 -0.451571 0.390808
vn 0.936861 -0.089213 0.338130
vn 0.929001 0.286727 0.233976
vn 0.779709 0.619016 0.094200
vn 0.511713 0.857065 -0.059916
vn 0.165814 0.964633 -0.204911
vn -0.205330 0.925345 -0.318710
vn -0.545213 0.745182 -0.383988
vn -0.802093 0.451571 -0.390808
vn -0.936861 0.089213 -0.338130
vn -0.929001 -0.286727 -0.233976
vn -0.779709 -0.619016 -0.094200
vn -0.511713 -0.857065 0.059916
vn -0.165814 -0.964633 0.204911
vn 0.205330 -0.925345 0.318710
vn 0.550987 -0.746838 0.372353
vn 0.781023 -0.439788 0.443384
vn 0.892155 -0.065785 0.446914
vn 0.867464 0.318233 0.382405
vn 0.710710 0.653803 0.259679
vn 0.445757 0.889837 0.097419
vn 0.112941 0.990402 -0.079673
vn -0.237069 0.940187 -0.244634
vn -0.550987 0.746838 -0.372353
vn -0.781023 0.439788 -0.443384
vn -0.892155 0.065785 -0.446914
vn -0.867464 -0.318233 -0.382405
vn -0.710710 -0.653803 -0.259679
vn -0.445757 -0.889837 -0.097419
vn -0.112941 -0.990402 0.079673
vn 0.237069 -0.940187 0.244634
vn 0.547178 -0.746854 0.377895
vn 0.740701 -0.435524 0.511547
vn 0.821460 -0.057889 0.567321
vn 0.777158 0.328560 0.536725
vn 0.614541 0.664988 0.424418
vn 0.358366 0.900177 0.247497
vn 0.047633 0.998323 0.032897
vn -0.270352 0.944483 -0.186712
vn -0.547178 0.746854 -0.377895
vn -0.740701 0.435524 -0.511547
vn -0.821460 0.057889 -0.567321
vn -0.777158 -0.328560 -0.536725
vn -0.614541 -0.664988 -0.424418
vn -0.358366 -0.900177 -0.247497
vn -0.047633 -0.998323 -0.032897
vn 0.270352 -0.944483 0.186712
vn 0.531129 -0.749651 0.394874
vn 0.679749 -0.442842 0.584665
vn 0.724883 -0.068613 0.685446
vn 0.659661 0.316061 0.681875
vn 0.494011 0.652618 0.574494
vn 0.253153 0.889819 0.379651
vn -0.026246 0.991554 0.127011
vn -0.301649 0.942334 -0.144966
vn -0.531129 0.749651 -0.394874
vn -0.679749 0.442842 -0.584665
vn -0.724883 0.068613 -0.685446
vn -0.659661 -0.316061 -0.681875
vn -0.494011 -0.652618 -0.574494
vn -0.253153 -0.889819 -0.379651
vn 0.026246 -0.991554 -0.127011
vn 0.301649 -0.942334 0.144966
vn 0.503110 -0.757506 0.416010
vn 0.600431 -0.462631 0.652269
vn 0.606341 -0.097325 0.789227
vn 0.519941 0.282798 0.806031
vn 0.354385 0.619868 0.700125
vn 0.134877 0.862568 0.487631
vn -0.105164 0.973951 0.200899
vn -0.329196 0.937058 -0.116417
vn -0.503110 0.757506 -0.416010
vn -0.600431 0.462631 -0.652269
vn -0.606341 0.097325 -0.789227
vn -0.519941 -0.282798 -0.806031
vn -0.354385 -0.619868 -0.700125
vn -0.134877 -0.862568 -0.487631
vn 0.105164 -0.973951 -0.200899
vn 0.329196 -0.937058 0.116417
vn 0.465711 -0.770676 0.434938
vn 0.507442 -0.493504 0.706369
vn 0.471919 -0.141199 0.870262
vn 0.364551 0.232601 0.901665
vn 0.201683 0.570990 0.795798
vn 0.008111 0.822451 0.568777
vn -0.186696 0.948702 0.255166
vn -0.353080 0.930521 -0.097292
vn -0.465711 0.770676 -0.434938
vn -0.507442 0.493504 -0.706369
vn -0.471919 0.141199 -0.870262
vn -0.364551 -0.232601 -0.901665
vn -0.201683 -0.570990 -0.795798
vn -0.008111 -0.822451 -0.568777
vn 0.186696 -0.948702 -0.255166
vn 0.353080 -0.930521 0.097292
vn 0.422706 -0.788138 0.447389
vn 0.406470 -0.532963 0.742114
vn 0.328352 -0.196648 0.923859
vn 0.200245 0.169604 0.964954
vn 0.041653 0.510036 0.859144
vn -0.123280 0.772819 0.622537
vn -0.269445 0.917948 0.291154
vn -0.374590 0.923327 -0.084554
vn -0.422706 0.788138 -0.447389
vn -0.406470 0.532963 -0.742114
vn -0.328352 0.196648 -0.923859
vn -0.200245 -0.169604 -0.964954
vn -0.041653 -0.510036 -0.859144
vn 0.123280 -0.772819 -0.622537
vn 0.269445 -0.917948 -0.291154
vn 0.374590 -0.923327 0.084554
vn 0.378032 -0.808328 0.451329
vn 0.303124 -0.578273 0.757441
vn 0.182067 -0.260181 0.948239
vn 0.033293 0.097521 0.994676
vn -0.120550 0.440376 0.889683
vn -0.256040 0.716188 0.649244
vn -0.352551 0.882967 0.309963
vn -0.395389 0.915322 -0.076507
vn -0.378032 0.808328 -0.451329
vn -0.303124 0.578273 -0.757441
vn -0.182067 0.260181 -0.948239
vn -0.033293 -0.097521 -0.994676
vn 0.120550 -0.440376 -0.889683
vn 0.256040 -0.716188 -0.649244
vn 0.352551 -0.882967 -0.309963
vn 0.395389 -0.915322 0.076507
vn 0.335095 -0.829650 0.446534
vn 0.202328 -0.626932 0.752343
vn 0.038758 -0.328769 0.943615
vn -0.130712 0.019446 0.991230
vn -0.280283 0.364700 0.887939
vn -0.387183 0.654432 0.649467
vn -0.435138 0.844533 0.312121
vn -0.416847 0.906061 -0.072744
vn -0.335095 0.829650 -0.446534
vn -0.202328 0.626932 -0.752343
vn -0.038758 0.328769 -0.943615
vn 0.130712 -0.019446 -0.991230
vn 0.280283 -0.364700 -0.887939
vn 0.387183 -0.654432 -0.649467
vn 0.435138 -0.844533 -0.312121
vn 0.416847 -0.906061 0.072744
vn 0.296415 -0.850765 0.433978
vn 0.108068 -0.676866 0.728130
vn -0.096732 -0.399921 0.911431
vn -0.286806 -0.062091 0.955974
vn -0.433216 0.285191 0.854980
vn -0.513672 0.589056 0.623822
vn -0.515927 0.803242 0.297693
vn -0.439637 0.895142 -0.073757
vn -0.296415 0.850765 -0.433978
vn -0.108068 0.676866 -0.728130
vn 0.096732 0.399921 -0.911431
vn 0.286806 0.062091 -0.955974
vn 0.433216 -0.285191 -0.854980
vn 0.513672 -0.589056 -0.623822
vn 0.515927 -0.803242 -0.297693
vn 0.439637 -0.895142 0.073757
vn 0.263523 -0.870713 0.415229
vn 0.023357 -0.726466 0.686805
vn -0.220366 -0.471622 0.853822
vn -0.430540 -0.144977 0.890852
vn -0.575168 0.203739 0.792258
vn -0.632232 0.521438 0.573050
vn -0.593044 0.759752 0.266600
vn -0.463571 0.882401 -0.080437
vn -0.263523 0.870713 -0.415229
vn -0.023357 0.726466 -0.686805
vn 0.220366 0.471622 -0.853822
vn 0.430540 0.144977 -0.890852
vn 0.575168 -0.203739 -0.792258
vn 0.632232 -0.521438 -0.573050
vn 0.593044 -0.759752 -0.266600
vn 0.463571 -0.882401 0.080437
vn 0.237042 -0.888944 0.391905
vn -0.049652 -0.774544 0.630569
vn -0.328787 -0.542226 0.773233
vn -0.557867 -0.227360 0.798181
vn -0.702016 0.122120 0.701612
vn -0.739291 0.453009 0.498229
vn -0.664014 0.714931 0.218996
vn -0.487648 0.868011 -0.093578
vn -0.237042 0.888944 -0.391905
vn 0.049652 0.774544 -0.630569
vn 0.328787 0.542226 -0.773233
vn 0.557867 0.227360 -0.798181
vn 0.702016 -0.122120 -0.701612
vn 0.739291 -0.453009 -0.498229
vn 0.664014 -0.714931 -0.218996
vn 0.487648 -0.868011 0.093578
vn 0.216914 -0.905289 0.365240
vn -0.109450 -0.820245 0.561443
vn -0.419150 -0.610327 0.672171
vn -0.665039 -0.307492 0.680567
vn -0.809682 0.042156 0.585353
vn -0.831058 0.385386 0.401024
vn -0.725912 0.669945 0.155643
vn -0.510254 0.852510 -0.113433
vn -0.216914 0.905289 -0.365240
vn 0.109450 0.820245 -0.561443
vn 0.419150 0.610327 -0.672171
vn 0.665039 0.307492 -0.680567
vn 0.809682 -0.042156 -0.585353
vn 0.831058 -0.385386 -0.401024
vn 0.725912 -0.669945 -0.155643
vn 0.510254 -0.852510 0.113433
vn 0.202751 -0.919869 0.335757
vn -0.154869 -0.862916 0.481032
vn -0.488912 -0.674591 0.553074
vn -0.748523 -0.383567 0.540916
vn -0.894178 -0.034147 0.446408
vn -0.903702 0.320471 0.283938
vn -0.775646 0.626300 0.078242
vn -0.529505 0.836781 -0.139367
vn -0.202751 0.919869 -0.335757
vn 0.154869 0.862916 -0.481032
vn 0.488912 0.674591 -0.553074
vn 0.748523 0.383567 -0.540916
vn 0.894178 0.034147 -0.446408
vn 0.903702 -0.320471 -0.283938
vn 0.775646 -0.626300 -0.078242
vn 0.529505 -0.836781 0.139367
vn 0.194285 -0.932945 0.303097
vn -0.184725 -0.901906 0.390438
vn -0.535613 -0.733561 0.418339
vn -0.804959 -0.453537 0.382551
vn -0.951757 -0.104467 0.288524
vn -0.953658 0.260508 0.150571
vn -0.810374 0.585822 -0.010305
vn -0.543718 0.821951 -0.169612
vn -0.194285 0.932945 -0.303097
vn 0.184725 0.901906 -0.390438
vn 0.535613 0.733561 -0.418339
vn 0.804959 0.453537 -0.382551
vn 0.951757 0.104467 -0.288524
vn 0.953658 -0.260508 -0.150571
vn 0.810374 -0.585822 0.010305
vn 0.543718 -0.821951 0.169612
vn 0.191865 -0.944669 0.266062
vn -0.197465 -0.936306 0.290413
vn -0.556733 -0.785399 0.270551
vn -0.831243 -0.514922 0.209500
vn -0.979205 -0.166053 0.116554
vn -0.978091 0.208096 0.005865
vn -0.828072 0.550565 -0.105718
vn -0.551986 0.809214 -0.201206
vn -0.191865 0.944669 -0.266062
vn 0.197465 0.936306 -0.290413
vn 0.556733 0.785399 -0.270551
vn 0.831243 0.514922 -0.209500
vn 0.979205 0.166053 -0.116554
vn 0.978091 -0.208096 -0.005865
vn 0.828072 -0.550565 0.105718
vn 0.551986 -0.809214 0.201206
vn 0.196890 -0.954736 0.222965
vn -0.190987 -0.964610 0.181800
vn -0.549789 -0.827631 0.112958
vn -0.824890 -0.564653 0.026918
vn -0.974409 -0.215711 -0.063219
vn -0.975583 0.166071 -0.143732
vn -0.828233 0.522569 -0.202363
vn -0.554793 0.799512 -0.230186
vn -0.196890 0.954736 -0.222965
vn 0.190987 0.964610 -0.181800
vn 0.549789 0.827631 -0.112958
vn 0.824890 0.564653 -0.026918
vn 0.974409 0.215711 0.063219
vn 0.975583 -0.166071 0.143732
vn 0.828233 -0.522569 0.202363
vn 0.554793 -0.799512 0.230186
vn 0.211937 -0.961968 0.172339
vn -0.162880 -0.984417 0.066278
vn -0.512900 -0.856998 -0.049873
vn -0.784836 -0.599109 -0.158432
vn -0.937288 -0.250011 -0.242870
vn -0.947046 0.137149 -0.290334
vn -0.812625 0.503429 -0.293597
vn -0.554489 0.793067 -0.252163
vn -0.211937 0.961968 -0.172339
vn 0.162880 0.984417 -0.066278
vn 0.512900 0.856998 0.049873
vn 0.784836 0.599109 0.158432
vn 0.937288 0.250011 0.242870
vn 0.947046 -0.137149 0.290334
vn 0.812625 -0.503429 0.293597
vn 0.554489 -0.793067 0.252163
vn 0.240256 -0.964001 0.113928
vn -0.111362 -0.992376 -0.052807
vn -0.446026 -0.869671 -0.211503
vn -0.712786 -0.614566 -0.337999
vn -0.871032 -0.265900 -0.413039
vn -0.896671 0.123248 -0.425196
vn -0.785799 0.493632 -0.372622
vn -0.555297 0.788865 -0.263319
vn -0.240256 0.964001 -0.113928
vn 0.111362 0.992376 0.052807
vn 0.446026 0.869671 0.211503
vn 0.712786 0.614566 0.337999
vn 0.871032 0.265900 0.413039
vn 0.896671 -0.123248 0.425196
vn 0.785799 -0.493632 0.372622
vn 0.555297 -0.788865 0.263319
vn 0.284390 -0.957425 0.049588
vn -0.036965 -0.984748 -0.170013
vn -0.352693 -0.862152 -0.363732
vn -0.614727 -0.608301 -0.502076
vn -0.783174 -0.261842 -0.563983
vn -0.832390 0.124480 -0.540029
vn -0.754882 0.491852 -0.433861
vn -0.562450 0.784343 -0.261641
vn -0.284390 0.957425 -0.049588
vn 0.036965 0.984748 0.170013
vn 0.352693 0.862152 0.363732
vn 0.614727 0.608301 0.502076
vn 0.783174 0.261842 0.563983
vn 0.832390 -0.124480 0.540029
vn 0.754882 -0.491852 0.433861
vn 0.562450 -0.784343 0.261641
vn 0.344220 -0.938743 -0.016562
vn 0.055672 -0.958840 -0.278435
vn -0.241352 -0.832963 -0.497917
vn -0.501632 -0.580275 -0.641597
vn -0.685543 -0.239245 -0.687599
vn -0.765087 0.138208 -0.628921
vn -0.728152 0.494620 -0.474495
vn -0.580364 0.775730 -0.247831
vn -0.344220 0.938743 0.016562
vn -0.055672 0.958840 0.278435
vn 0.241352 0.832963 0.497917
vn 0.501632 0.580275 0.641597
vn 0.685543 0.239245 0.687599
vn 0.765087 -0.138208 0.628921
vn 0.728152 -0.494620 0.474495
vn 0.580364 -0.775730 0.247831
vn 0.415484 -0.906147 -0.079187
vn 0.157244 -0.915001 -0.371547
vn -0.124935 -0.784555 -0.607343
vn -0.388094 -0.534667 -0.750676
vn -0.592170 -0.203381 -0.779725
vn -0.706092 0.158868 -0.690069
vn -0.712519 0.496931 -0.495355
vn -0.610471 0.759340 -0.225228
vn -0.415484 0.906147 0.079187
vn -0.157244 0.915001 0.371547
vn 0.124935 0.784555 0.607343
vn 0.388094 0.534667 0.750676
vn 0.592170 0.203381 0.779725
vn 0.706092 -0.158868 0.690069
vn 0.712519 -0.496931 0.495355
vn 0.610471 -0.759340 0.225228
vn 0.490079 -0.861388 -0.133543
vn 0.255541 -0.858117 -0.445348
vn -0.017901 -0.724205 -0.689352
vn -0.288617 -0.480040 -0.828409
vn -0.515395 -0.162793 -0.841348
vn -0.663708 0.179238 -0.726200
vn -0.710977 0.493981 -0.500494
vn -0.650007 0.733520 -0.198592
vn -0.490079 0.861388 0.133543
vn -0.255541 0.858117 0.445348
vn 0.017901 0.724205 0.689352
vn 0.288617 0.480040 0.828409
vn 0.515395 0.162793 0.841348
vn 0.663708 -0.179238 0.726200
vn 0.710977 -0.493981 0.500494
vn 0.650007 -0.733520 0.198592
vn 0.558341 -0.810547 -0.176831
vn 0.338996 -0.797389 -0.499252
vn 0.068042 -0.662836 -0.745667
vn -0.213271 -0.427372 -0.878560
vn -0.462116 -0.126845 -0.877701
vn -0.640607 0.192994 -0.743220
vn -0.721572 0.483450 -0.495590
vn -0.692684 0.700306 -0.172511
vn -0.558341 0.810547 0.176831
vn -0.338996 0.797389 0.499252
vn -0.068042 0.662836 0.745667
vn 0.213271 0.427372 0.878560
vn 0.462116 0.126845 0.877701
vn 0.640607 -0.192994 0.743220
vn 0.721572 -0.483450 0.495590
vn 0.692684 -0.700306 0.172511
vn 0.611974 -0.762993 -0.208157
vn 0.399912 -0.744112 -0.535134
vn 0.126966 -0.611947 -0.780641
vn -0.165309 -0.386618 -0.907304
vn -0.432417 -0.102430 -0.895837
vn -0.633693 0.197352 -0.747987
vn -0.738496 0.467089 -0.486264
vn -0.730869 0.665716 -0.150510
vn -0.611974 0.762993 0.208157
vn -0.399912 0.744112 0.535134
vn -0.126966 0.611947 0.780641
vn 0.165309 0.386618 0.907304
vn 0.432417 0.102430 0.895837
vn 0.633693 -0.197352 0.747987
vn 0.738496 -0.467089 0.486264
vn 0.730869 -0.665716 0.150510
vn 0.645786 -0.728870 -0.227397
vn 0.435484 -0.708426 -0.555415
vn 0.158883 -0.580131 -0.798877
vn -0.141906 -0.363517 -0.920716
vn -0.421091 -0.091560 -0.902385
vn -0.636169 0.194336 -0.746674
vn -0.754396 0.450646 -0.477289
vn -0.757773 0.638350 -0.135241
vn -0.645786 0.728870 0.227397
vn -0.435484 0.708426 0.555415
vn -0.158883 0.580131 0.798877
vn 0.141906 0.363517 0.920716
vn 0.421091 0.091560 0.902385
vn 0.636169 -0.194336 0.746674
vn 0.754396 -0.450646 0.477289
vn 0.757773 -0.638350 0.135241
vn 0.657465 -0.716192 -0.234115
vn 0.446492 -0.696481 -0.561747
vn 0.167544 -0.570737 -0.803858
vn -0.136910 -0.358104 -0.923589
vn -0.420521 -0.090953 -0.902712
vn -0.640112 0.190045 -0.744406
vn -0.762251 0.442111 -0.472770
vn -0.768345 0.626869 -0.129159
vn -0.657465 0.716192 0.234115
vn -0.446492 0.696481 0.561747
vn -0.167544 0.570737 0.803858
vn 0.136910 0.358104 0.923589
vn 0.420521 0.090953 0.902712
vn 0.640112 -0.190045 0.744406
vn 0.762251 -0.442111 0.472770
vn 0.768345 -0.626869 0.129159
vn 0.646046 -0.728617 -0.227468
vn 0.435044 -0.708955 -0.555085
vn 0.157811 -0.581362 -0.798194
vn -0.143448 -0.365261 -0.919786
vn -0.422868 -0.093553 -0.901349
vn -0.637910 0.192398 -0.745690
vn -0.755837 0.449058 -0.476506
vn -0.758694 0.637353 -0.134778
vn -0.646046 0.728617 0.227468
vn -0.435044 0.708955 0.555085
vn -0.157811 0.581362 0.798194
vn 0.143448 0.365261 0.919786
vn 0.422868 0.093553 0.901349
vn 0.637910 -0.192398 0.745690
vn 0.755837 -0.449058 0.476506
vn 0.758694 -0.637353 0.134778
vn 0.610485 -0.764423 -0.207282
vn 0.403053 -0.741116 -0.536932
vn 0.134259 -0.604980 -0.784840
vn -0.154974 -0.376741 -0.913263
vn -0.420614 -0.091148 -0.902650
vn -0.622219 0.208323 -0.754616
vn -0.729097 0.476078 -0.491699
vn -0.724976 0.671354 -0.153926
vn -0.610485 0.764423 0.207282
vn -0.403053 0.741116 0.536932
vn -0.134259 0.604980 0.784840
vn 0.154974 0.376741 0.913263
vn 0.420614 0.091148 0.902650
vn 0.622219 -0.208323 0.754616
vn 0.729097 -0.476078 0.491699
vn 0.724976 -0.671354 0.153926
vn 0.549567 -0.816768 -0.175688
vn 0.352398 -0.784154 -0.510802
vn 0.101578 -0.632160 -0.768151
vn -0.164705 -0.383925 -0.908556
vn -0.405914 -0.077241 -0.910641
vn -0.585326 0.241202 -0.774090
vn -0.675627 0.522924 -0.519690
vn -0.663071 0.725036 -0.186173
vn -0.549567 0.816768 0.175688
vn -0.352398 0.784154 0.510802
vn -0.101578 0.632160 0.768151
vn 0.164705 0.383925 0.908556
vn 0.405914 0.077241 0.910641
vn 0.585326 -0.241202 0.774090
vn 0.675627 -0.522924 0.519690
vn 0.663071 -0.725036 0.186173
vn 0.463524 -0.875236 -0.138232
vn 0.286585 -0.827566 -0.482705
vn 0.066016 -0.653907 -0.753690
vn -0.164603 -0.380696 -0.909932
vn -0.370163 -0.049528 -0.927646
vn -0.519369 0.289180 -0.804134
vn -0.589505 0.583864 -0.558200
vn -0.569895 0.789659 -0.227285
vn -0.463524 0.875236 0.138232
vn -0.286585 0.827566 0.482705
vn -0.066016 0.653907 0.753690
vn 0.164603 0.380696 0.909932
vn 0.370163 0.049528 0.927646
vn 0.519369 -0.289180 0.804134
vn 0.589505 -0.583864 0.558200
vn 0.569895 -0.789659 0.227285
vn 0.356367 -0.928623 -0.103261
vn 0.212455 -0.862232 -0.459803
vn 0.036199 -0.664574 -0.746345
vn -0.145568 -0.365741 -0.919263
vn -0.305173 -0.011227 -0.952231
vn -0.418319 0.344996 -0.840230
vn -0.467780 0.648697 -0.600312
vn -0.446025 0.853639 -0.269002
vn -0.356367 0.928623 0.103261
vn -0.212455 0.862232 0.459803
vn -0.036199 0.664574 0.746345
vn 0.145568 0.365741 0.919263
vn 0.305173 0.011227 0.952231
vn 0.418319 -0.344996 0.840230
vn 0.467780 -0.648697 0.600312
vn 0.446025 -0.853639 0.269002
vn 0.236890 -0.968296 -0.079277
vn 0.139958 -0.883248 -0.447532
vn 0.021718 -0.663732 -0.747655
vn -0.099828 -0.343170 -0.933953
vn -0.206176 0.029637 -0.978066
vn -0.281136 0.397932 -0.873277
vn -0.313295 0.705646 -0.635539
vn -0.297758 0.905931 -0.301047
vn -0.236890 0.968296 0.079277
vn -0.139958 0.883248 0.447532
vn -0.021718 0.663732 0.747655
vn 0.099828 0.343170 0.933953
vn 0.206176 -0.029637 0.978066
vn 0.281136 -0.397932 0.873277
vn 0.313295 -0.705646 0.635539
vn 0.297758 -0.905931 0.301047
vn 0.116755 -0.990572 -0.071661
vn 0.079240 -0.890992 -0.447051
vn 0.029661 -0.655766 -0.754381
vn -0.024433 -0.320706 -0.946863
vn -0.074808 0.063178 -0.995195
vn -0.113794 0.437445 -0.892016
vn -0.135456 0.745114 -0.653037
vn -0.136496 0.939346 -0.314638
vn -0.116755 0.990572 0.071661
vn -0.079240 0.890992 0.447051
vn -0.029661 0.655766 0.754381
vn 0.024433 0.320706 0.946863
vn 0.074808 -0.063178 0.995195
vn 0.113794 -0.437445 0.892016
vn 0.135456 -0.745114 0.653037
vn 0.136496 -0.939346 0.314638
vn 0.006567 -0.996686 -0.081085
vn 0.036855 -0.889686 -0.455083
vn 0.061532 -0.647239 -0.759799
vn 0.076841 -0.306257 -0.948843
vn 0.080452 0.081351 -0.993433
vn 0.071815 0.456573 -0.886783
vn 0.052245 0.762287 -0.645127
vn 0.024721 0.951949 -0.305257
vn -0.006567 0.996686 0.081085
vn -0.036855 0.889686 0.455083
vn -0.061532 0.647239 0.759799
vn -0.076841 0.306257 0.948843
vn -0.080452 -0.081351 0.993433
vn -0.071815 -0.456573 0.886783
vn -0.052245 -0.762287 0.645127
vn -0.024721 -0.951949 0.305257
vn -0.087224 -0.990685 -0.104572
vn 0.013924 -0.884585 -0.466170
vn 0.112952 -0.643816 -0.756798
vn 0.194784 -0.305031 -0.932210
vn 0.246962 0.080192 -0.965701
vn 0.261543 0.453206 -0.852173
vn 0.236306 0.757224 -0.608910
vn 0.175093 0.945962 -0.272945
vn 0.087224 0.990685 0.104572
vn -0.013924 0.884585 0.466170
vn -0.112952 0.643816 0.756798
vn -0.194784 0.305031 0.932210
vn -0.246962 -0.080192 0.965701
vn -0.261543 -0.453206 0.852173
vn -0.236306 -0.757224 0.608910
vn -0.175093 -0.945962 0.272945
vn -0.162803 -0.976976 -0.137886
vn 0.007128 -0.879745 -0.475392
vn 0.175974 -0.648581 -0.740524
vn 0.318030 -0.318676 -0.892918
vn 0.411668 0.059745 -0.909373
vn 0.442634 0.429069 -0.787385
vn 0.406212 0.733072 -0.545524
vn 0.307949 0.925472 -0.220612
vn 0.162803 0.976976 0.137886
vn -0.007128 0.879745 0.475392
vn -0.175974 0.648581 0.740524
vn -0.318030 0.318676 0.892918
vn -0.411668 -0.059745 0.909373
vn -0.442634 -0.429069 0.787385
vn -0.406212 -0.733072 0.545524
vn -0.307949 -0.925472 0.220612
vn -0.221474 -0.958886 -0.177448
vn 0.011109 -0.877249 -0.479907
vn 0.242001 -0.662059 -0.709305
vn 0.436050 -0.346077 -0.830717
vn 0.563715 0.022593 -0.825660
vn 0.605559 0.387823 -0.694904
vn 0.555212 0.694010 -0.458356
vn 0.420339 0.894541 -0.152026
vn 0.221474 0.958886 0.177448
vn -0.011109 0.877249 0.479907
vn -0.242001 0.662059 0.709305
vn -0.436050 0.346077 0.830717
vn -0.563715 -0.022593 0.825660
vn -0.605559 -0.387823 0.694904
vn -0.555212 -0.694010 0.458356
vn -0.420339 -0.894541 0.152026
vn -0.265706 -0.938367 -0.221062
vn 0.020602 -0.877534 -0.479071
vn 0.303773 -0.683106 -0.664145
vn 0.540697 -0.384680 -0.748110
vn 0.695305 -0.027690 -0.718181
vn 0.744059 0.333515 -0.578916
vn 0.679537 0.643945 -0.351516
vn 0.511562 0.856341 -0.070601
vn 0.265706 0.938367 0.221062
vn -0.020602 0.877534 0.479071
vn -0.303773 0.683106 0.664145
vn -0.540697 0.384680 0.748110
vn -0.695305 0.027690 0.718181
vn -0.744059 -0.333515 0.578916
vn -0.679537 -0.643945 0.351516
vn -0.511562 -0.856341 0.070601
vn -0.297754 -0.916331 -0.267731
vn 0.031596 -0.880078 -0.473777
vn 0.356136 -0.709841 -0.607695
vn 0.626457 -0.431537 -0.649097
vn 0.801406 -0.087535 -0.591680
vn 0.854349 0.269793 -0.444185
vn 0.777224 0.586047 -0.229067
vn 0.581774 0.813081 0.020925
vn 0.297754 0.916331 0.267731
vn -0.031596 0.880078 0.473777
vn -0.356136 0.709841 0.607695
vn -0.626457 0.431537 0.649097
vn -0.801406 0.087535 0.591680
vn -0.854349 -0.269793 0.444185
vn -0.777224 -0.586047 0.229067
vn -0.581774 -0.813081 -0.020925
vn -0.319033 -0.893123 -0.317097
vn 0.041654 -0.883998 -0.465632
vn 0.396000 -0.740292 -0.543279
vn 0.690058 -0.483884 -0.538216
vn 0.879061 -0.153809 -0.451215
vn 0.934235 0.199682 -0.295521
vn 0.847180 0.522774 -0.094836
vn 0.631150 0.766278 0.120286
vn 0.319033 0.893123 0.317097
vn -0.041654 0.883998 0.465632
vn -0.396000 0.740292 0.543279
vn -0.690058 0.483884 0.538216
vn -0.879061 0.153809 0.451215
vn -0.934235 -0.199682 0.295521
vn -0.847180 -0.522774 0.094836
vn -0.631150 -0.766278 -0.120286
vn -0.330042 -0.868909 -0.368876
vn 0.049722 -0.888451 -0.456271
vn 0.421917 -0.772734 -0.474203
vn 0.729879 -0.539375 -0.419942
vn 0.926723 -0.223902 -0.301748
vn 0.982482 0.125659 -0.137616
vn 0.888667 0.456089 0.047466
vn 0.659561 0.717084 0.225323
vn 0.330042 0.868909 0.368876
vn -0.049722 0.888451 0.456271
vn -0.421917 0.772734 0.474203
vn -0.729879 0.539375 0.419942
vn -0.926723 0.223902 0.301748
vn -0.982482 -0.125659 0.137616
vn -0.888667 -0.456089 -0.047466
vn -0.659561 -0.717084 -0.225323
s off
f 1/1/1 17/18/17 18/19/18 2/2/2
f 2/2/2 18/19/18 19/20/19 3/3/3
f 3/3/3 19/20/19 20/21/20 4/4/4
f 4/4/4 20/21/20 21/22/21 5/5/5
f 5/5/5 21/22/21 22/23/22 6/6/6
f 6/6/6 22/23/22 23/24/23 7/7/7
f 7/7/7 23/24/23 24/25/24 8/8/8
f 8/8/8 24/25/24 25/26/25 9/9/9
f 9/9/9 25/26/25 26/27/26 10/10/10
f 10/10/10 26/27/26 27/28/27 11/11/11
f 11/11/11 27/28/27 28/29/28 12/12/12
f 12/12/12 28/29/28 29/30/29 13/13/13
f 13/13/13 29/30/29 30/31/30 14/14/14
f 14/14/14 30/31/30 31/32/31 15/15/15
f 15/15/15 31/32/31 32/33/32 16/16/16
f 16/16/16 32/33/32 17/34/17 1/17/1
f 17/18/17 33/35/33 34/36/34 18/19/18
f 18/19/18 34/36/34 35/37/35 19/20/19
f 19/20/19 35/37/35 36/38/36 20/21/20
f 20/21/20 36/38/36 37/39/37 21/22/21
f 21/22/21 37/39/37 38/40/38 22/23/22
f 22/23/22 38/40/38 39/41/39 23/24/23
f 23/24/23 39/41/39 40/42/40 24/25/24
f 24/25/24 40/42/40 41/43/41 25/26/25
f 25/26/25 41/43/41 42/44/42 26/27/26
f 26/27/26 42/44/42 43/45/43 27/28/27
f 27/28/27 43/45/43 44/46/44 28/29/28
f 28/29/28 44/46/44 45/47/45 29/30/29
f 29/30/29 45/47/45 46/48/46 30/31/30
f 30/31/30 46/48/46 47/49/47 31/32/31
f 31/32/31 47/49/47 48/50/48 32/33/32
f 32/33/32 48/50/48 33/51/33 17/34/17
f 33/35/33 49/52/49 50/53/50 34/36/34
f 34/36/34 50/53/50 51/54/51 35/37/35
f 35/37/35 51/54/51 52/55/52 36/38/36
f 36/38/36 52/55/52 53/56/53 37/39/37
f 37/39/37 53/56/53 54/57/54 38/40/38
f 38/40/38 54/57/54 55/58/55 39/41/39
f 39/41/39 55/58/55 56/59/56 40/42/40
f 40/42/40 56/59/56 57/60/57 41/43/41
f 41/43/41 57/60/57 58/61/58 42/44/42
f 42/44/42 58/61/58 59/62/59 43/45/43
f 43/45/43 59/62/59 60/63/60 44/46/44
f 44/46/44 60/63/60 61/64/61 45/47/45
f 45/47/45 61/64/61 62/65/62 46/48/46
f 46/48/46 62/65/62 63/66/63 47/49/47
f 47/49/47 63/66/63 64/67/64 48/50/48
f 48/50/48 64/67/64 49/68/49 33/51/33
f 49/52/49 65/69/65 66/70/66 50/53/50
f 50/53/50 66/70/66 67/71/67 51/54/51
f 51/54/51 67/71/67 68/72/68 52/55/52
f 52/55/52 68/72/68 69/73/69 53/56/53
f 53/56/53 69/73/69 70/74/70 54/57/54
f 54/57/54 70/74/70 71/75/71 55/58/55
f 55/58/55 71/75/71 72/76/72 56/59/56
f 56/59/56 72/76/72 73/77/73 57/60/57
f 57/60/57 73/77/73 74/78/74 58/61/58
f 58/61/58 74/78/74 75/79/75 59/62/59
f 59/62/59 75/79/75 76/80/76 60/63/60
f 60/63/60 76/80/76 77/81/77 61/64/61
f 61/64/61 77/81/77 78/82/78 62/65/62
f 62/65/62 78/82/78 79/83/79 63/66/63
f 63/66/63 79/83/79 80/84/80 64/67/64
f 64/67/64 80/84/80 65/85/65 49/68/49
f 65/69/65 81/86/81 82/87/82 66/70/66
f 66/70/66 82/87/82 83/88/83 67/71/67
f 67/71/67 83/88/83 84/89/84 68/72/68
f 68/72/68 84/89/84 85/90/85 69/73/69
f 69/73/69 85/90/85 86/91/86 70/74/70
f 70/74/70 86/91/86 87/92/87 71/75/71
f 71/75/71 87/92/87 88/93/88 72/76/72
f 72/76/72 88/93/88 89/94/89 73/77/73
f 73/77/73 89/94/89 90/95/90 74/78/74
f 74/78/74 90/95/90 91/96/91 75/79/75
f 75/79/75 91/96/91 92/97/92 76/80/76
f 76/80/76 92/97/92 93/98/93 77/81/77
f 77/81/77 93/98/93 94/99/94 78/82/78
f 78/82/78 94/99/94 95/100/95 79/83/79
f 79/83/79 95/100/95 96/101/96 80/84/80
f 80/84/80 96/101/96 81/102/81 65/85/65
f 81/86/81 97/103/97 98/104/98 82/87/82
f 82/87/82 98/104/98 99/105/99 83/88/83
f 83/88/83 99/105/99 100/106/100 84/89/84
f 84/89/84 100/106/100 101/107/101 85/90/85
f 85/90/85 101/107/101 102/108/102 86/91/86
f 86/91/86 102/108/102 103/109/103 87/92/87
f 87/92/87 103/109/103 104/110/104 88/93/88
f 88/93/88 104/110/104 105/111/105 89/94/89
f 89/94/89 105/111/105 106/112/106 90/95/90
f 90/95/90 106/112/106 107/113/107 91/96/91
f 91/96/91 107/113/107 108/114/108 92/97/92
f 92/97/92 108/114/108 109/115/109 93/98/93
f 93/98/93 109/115/109 110/116/110 94/99/94
f 94/99/94 110/116/110 111/117/111 95/100/95
f 95/100/95 111/117/111 112/118/112 96/101/96
f 96/101/96 112/118/112 97/119/97 81/102/81
f 97/103/97 113/120/113 114/121/114 98/104/98
f 98/104/98 114/121/114 115/122/115 99/105/99
f 99/105/99 115/122/115 116/123/116 100/106/100
f 100/106/100 116/123/116 117/124/117 101/107/101
f 101/107/101 117/124/117 118/125/118 102/108/102
f 102/108/102 118/125/118 119/126/119 103/109/103
f 103/109/103 119/126/119 120/127/120 104/110/104
f 104/110/104 120/127/120 121/128/121 105/111/105
f 105/111/105 121/128/121 122/129/122 106/112/106
f 106/112/106 122/129/122 123/130/123 107/113/107
f 107/113/107 123/130/123 124/131/124 108/114/108
f 108/114/108 124/131/124 125/132/125 109/115/109
f 109/115/109 125/132/125 126/133/126 110/116/110
f 110/116/110 126/133/126 127/134/127 111/117/111
f 111/117/111 127/134/127 128/135/128 112/118/112
f 112/118/112 128/135/128 113/136/113 97/119/97
f 113/120/113 129/137/129 130/138/130 114/121/114
f 114/121/114 130/138/130 131/139/131 115/122/115
f 115/122/115 131/139/131 132/140/132 116/123/116
f 116/123/116 132/140/132 133/141/133 117/124/117
f 117/124/117 133/141/133 134/142/134 118/125/118
f 118/125/118 134/142/134 135/143/135 119/126/119
f 119/126/119 135/143/135 136/144/136 120/127/120
f 120/127/120 136/144/136 137/145/137 121/128/121
f 121/128/121 137/145/137 138/146/138 122/129/122
f 122/129/122 138/146/138 139/147/139 123/130/123
f 123/130/123 139/147/139 140/148/140 124/131/124
f 124/131/124 140/148/140 141/149/141 125/132/125
f 125/132/125 141/149/141 142/150/142 126/133/126
f 126/133/126 142/150/142 143/151/143 127/134/127
f 127/134/127 143/151/143 144/152/144 128/135/128
f 128/135/128 144/152/144 129/153/129 113/136/113
f 129/137/129 145/154/145 146/155/146 130/138/130
f 130/138/130 146/155/146 147/156/147 131/139/131
f 131/139/131 147/156/147 148/157/148 132/140/132
f 132/140/132 148/157/148 149/158/149 133/141/133
f 133/141/133 149/158/149 150/159/150 134/142/134
f 134/142/134 150/159/150 151/160/151 135/143/135
f 135/143/135 151/160/151 152/161/152 136/144/136
f 136/144/136 152/161/152 153/162/153 137/145/137
f 137/145/137 153/162/153 154/163/154 138/146/138
f 138/146/138 154/163/154 155/164/155 139/147/139
f 139/147/139 155/164/155 156/165/156 140/148/140
f 140/148/140 156/165/156 157/166/157 141/149/141
f 141/149/141 157/166/157 158/167/158 142/150/142
f 142/150/142 158/167/158 159/168/159 143/151/143
f 143/151/143 159/168/159 160/169/160 144/152/144
f 144/152/144 160/169/160 145/170/145 129/153/129
f 145/154/145 161/171/161 162/172/162 146/155/146
f 146/155/146 162/172/162 163/173/163 147/156/147
f 147/156/147 163/173/163 164/174/164 148/157/148
f 148/157/148 164/174/164 165/175/165 149/158/149
f 149/158/149 165/175/165 166/176/166 150/159/150
f 150/159/150 166/176/166 167/177/167 151/160/151
f 151/160/151 167/177/167 168/178/168 152/161/152
f 152/161/152 168/178/168 169/179/169 153/162/153
f 153/162/153 169/179/169 170/180/170 154/163/154
f 154/163/154 170/180/170 171/181/171 155/164/155
f 155/164/155 171/181/171 172/182/172 156/165/156
f 156/165/156 172/182/172 173/183/173 157/166/157
f 157/166/157 173/183/173 174/184/174 158/167/158
f 158/167/158 174/184/174 175/185/175 159/168/159
f 159/168/159 175/185/175 176/186/176 160/169/160
f 160/169/160 176/186/176 161/187/161 145/170/145
f 161/171/161 177/188/177 178/189/178 162/172/162
f 162/172/162 178/189/178 179/190/179 163/173/163
f 163/173/163 179/190/179 180/191/180 164/174/164
f 164/174/164 180/191/180 181/192/181 165/175/165
f 165/175/165 181/192/181 182/193/182 166/176/166
f 166/176/166 182/193/182 183/194/183 167/177/167
f 167/177/167 183/194/183 184/195/184 168/178/168
f 168/178/168 184/195/184 185/196/185 169/179/169
f 169/179/169 185/196/185 186/197/186 170/180/170
f 170/180/170 186/197/186 187/198/187 171/181/171
f 171/181/171 187/198/187 188/199/188 172/182/172
f 172/182/172 188/199/188 189/200/189 173/183/173
f 173/183/173 189/200/189 190/201/190 174/184/174
f 174/184/174 190/201/190 191/202/191 175/185/175
f 175/185/175 191/202/191 192/203/192 176/186/176
f 176/186/176 192/203/192 177/204/177 161/187/161
f 177/188/177 193/205/193 194/206/194 178/189/178
f 178/189/178 194/206/194 195/207/195 179/190/179
f 179/190/179 195/207/195 196/208/196 180/191/180
f 180/191/180 196/208/196 197/209/197 181/192/181
f 181/192/181 197/209/197 198/210/198 182/193/182
f 182/193/182 198/210/198 199/211/199 183/194/183
f 183/194/183 199/211/199 200/212/200 184/195/184
f 184/195/184 200/212/200 201/213/201 185/196/185
f 185/196/185 201/213/201 202/214/202 186/197/186
f 186/197/186 202/214/202 203/215/203 187/198/187
f 187/198/187 203/215/203 204/216/204 188/199/188
f 188/199/188 204/216/204 205/217/205 189/200/189
f 189/200/189 205/217/205 206/218/206 190/201/190
f 190/201/190 206/218/206 207/219/207 191/202/191
f 191/202/191 207/219/207 208/220/208 192/203/192
f 192/203/192 208/220/208 193/221/193 177/204/177
f 193/205/193 209/222/209 210/223/210 194/206/194
f 194/206/194 210/223/210 211/224/211 195/207/195
f 195/207/195 211/224/211 212/225/212 196/208/196
f 196/208/196 212/225/212 213/226/213 197/209/197
f 197/209/197 213/226/213 214/227/214 198/210/198
f 198/210/198 214/227/214 215/228/215 199/211/199
f 199/211/199 215/228/215 216/229/216 200/212/200
f 200/212/200 216/229/216 217/230/217 201/213/201
f 201/213/201 217/230/217 218/231/218 202/214/202
f 202/214/202 218/231/218 219/232/219 203/215/203
f 203/215/203 219/232/219 220/233/220 204/216/204
f 204/216/204 220/233/220 221/234/221 205/217/205
f 205/217/205 221/234/221 222/235/222 206/218/206
f 206/218/206 222/235/222 223/236/223 207/219/207
f 207/219/207 223/236/223 224/237/224 208/220/208
f 208/220/208 224/237/224 209/238/209 193/221/193
f 209/222/209 225/239/225 226/240/226 210/223/210
f 210/223/210 226/240/226 227/241/227 211/224/211
f 211/224/211 227/241/227 228/242/228 212/225/212
f 212/225/212 228/242/228 229/243/229 213/226/213
f 213/226/213 229/243/229 230/244/230 214/227/214
f 214/227/214 230/244/230 231/245/231 215/228/215
f 215/228/215 231/245/231 232/246/232 216/229/216
f 216/229/216 232/246/232 233/247/233 217/230/217
f 217/230/217 233/247/233 234/248/234 218/231/218
f 218/231/218 234/248/234 235/249/235 219/232/219
f 219/232/219 235/249/235 236/250/236 220/233/220
f 220/233/220 236/250/236 237/251/237 221/234/221
f 221/234/221 237/251/237 238/252/238 222/235/222
f 222/235/222 238/252/238 239/253/239 223/236/223
f 223/236/223 239/253/239 240/254/240 224/237/224
f 224/237/224 240/254/240 225/255/225 209/238/209
f 225/239/225 241/256/241 242/257/242 226/240/226
f 226/240/226 242/257/242 243/258/243 227/241/227
f 227/241/227 243/258/243 244/259/244 228/242/228
f 228/242/228 244/259/244 245/260/245 229/243/229
f 229/243/229 245/260/245 246/261/246 230/244/230
f 230/244/230 246/261/246 247/262/247 231/245/231
f 231/245/231 247/262/247 248/263/248 232/246/232
f 232/246/232 248/263/248 249/264/249 233/247/233
f 233/247/233 249/264/249 250/265/250 234/248/234
f 234/248/234 250/265/250 251/266/251 235/249/235
f 235/249/235 251/266/251 252/267/252 236/250/236
f 236/250/236 252/267/252 253/268/253 237/251/237
f 237/251/237 253/268/253 254/269/254 238/252/238
f 238/252/238 254/269/254 255/270/255 239/253/239
f 239/253/239 255/270/255 256/271/256 240/254/240
f 240/254/240 256/271/256 241/272/241 225/255/225
f 241/256/241 257/273/257 258/274/258 242/257/242
f 242/257/242 258/274/258 259/275/259 243/258/243
f 243/258/243 259/275/259 260/276/260 244/259/244
f 244/259/244 260/276/260 261/277/261 245/260/245
f 245/260/245 261/277/261 262/278/262 246/261/246
f 246/261/246 262/278/262 263/279/263 247/262/247
f 247/262/247 263/279/263 264/280/264 248/263/248
f 248/263/248 264/280/264 265/281/265 249/264/249
f 249/264/249 265/281/265 266/282/266 250/265/250
f 250/265/250 266/282/266 267/283/267 251/266/251
f 251/266/251 267/283/267 268/284/268 252/267/252
f 252/267/252 268/284/268 269/285/269 253/268/253
f 253/268/253 269/285/269 270/286/270 254/269/254
f 254/269/254 270/286/270 271/287/271 255/270/255
f 255/270/255 271/287/271 272/288/272 256/271/256
f 256/271/256 272/288/272 257/289/257 241/272/241
f 257/273/257 273/290/273 274/291/274 258/274/258
f 258/274/258 274/291/274 275/292/275 259/275/259
f 259/275/259 275/292/275 276/293/276 260/276/260
f 260/276/260 276/293/276 277/294/277 261/277/261
f 261/277/261 277/294/277 278/295/278 262/278/262
f 262/278/262 278/295/278 279/296/279 263/279/263
f 263/279/263 279/296/279 280/297/280 264/280/264
f 264/280/264 280/297/280 281/298/281 265/281/265
f 265/281/265 281/298/281 282/299/282 266/282/266
f 266/282/266 282/299/282 283/300/283 267/283/267
f 267/283/267 283/300/283 284/301/284 268/284/268
f 268/284/268 284/301/284 285/302/285 269/285/269
f 269/285/269 285/302/285 286/303/286 270/286/270
f 270/286/270 286/303/286 287/304/287 271/287/271
f 271/287/271 287/304/287 288/305/288 272/288/272
f 272/288/272 288/305/288 273/306/273 257/289/257
f 273/290/273 289/307/289 290/308/290 274/291/274
f 274/291/274 290/308/290 291/309/291 275/292/275
f 275/292/275 291/309/291 292/310/292 276/293/276
f 276/293/276 292/310/292 293/311/293 277/294/277
f 277/294/277 293/311/293 294/312/294 278/295/278
f 278/295/278 294/312/294 295/313/295 279/296/279
f 279/296/279 295/313/295 296/314/296 280/297/280
f 280/297/280 296/314/296 297/315/297 281/298/281
f 281/298/281 297/315/297 298/316/298 282/299/282
f 282/299/282 298/316/298 299/317/299 283/300/283
f 283/300/283 299/317/299 300/318/300 284/301/284
f 284/301/284 300/318/300 301/319/301 285/302/285
f 285/302/285 301/319/301 302/320/302 286/303/286
f 286/303/286 302/320/302 303/321/303 287/304/287
f 287/304/287 303/321/303 304/322/304 288/305/288
f 288/305/288 304/322/304 289/323/289 273/306/273
f 289/307/289 305/324/305 306/325/306 290/308/290
f 290/308/290 306/325/306 307/326/307 291/309/291
f 291/309/291 307/326/307 308/327/308 292/310/292
f 292/310/292 308/327/308 309/328/309 293/311/293
f 293/311/293 309/328/309 310/329/310 294/312/294
f 294/312/294 310/329/310 311/330/311 295/313/295
f 295/313/295 311/330/311 312/331/312 296/314/296
f 296/314/296 312/331/312 313/332/313 297/315/297
f 297/315/297 313/332/313 314/333/314 298/316/298
f 298/316/298 314/333/314 315/334/315 299/317/299
f 299/317/299 315/334/315 316/335/316 300/318/300
f 300/318/300 316/335/316 317/336/317 301/319/301
f 301/319/301 317/336/317 318/337/318 302/320/302
f 302/320/302 318/337/318 319/338/319 303/321/303
f 303/321/303 319/338/319 320/339/320 304/322/304
f 304/322/304 320/339/320 305/340/305 289/323/289
f 305/324/305 321/341/321 322/342/322 306/325/306
f 306/325/306 322/342/322 323/343/323 307/326/307
f 307/326/307 323/343/323 324/344/324 308/327/308
f 308/327/308 324/344/324 325/345/325 309/328/309
f 309/328/309 325/345/325 326/346/326 310/329/310
f 310/329/310 326/346/326 327/347/327 311/330/311
f 311/330/311 327/347/327 328/348/328 312/331/312
f 312/331/312 328/348/328 329/349/329 313/332/313
f 313/332/313 329/349/329 330/350/330 314/333/314
f 314/333/314 330/350/330 331/351/331 315/334/315
f 315/334/315 331/351/331 332/352/332 316/335/316
f 316/335/316 332/352/332 333/353/333 317/336/317
f 317/336/317 333/353/333 334/354/334 318/337/318
f 318/337/318 334/354/334 335/355/335 319/338/319
f 319/338/319 335/355/335 336/356/336 320/339/320
f 320/339/320 336/356/336 321/357/321 305/340/305
f 321/341/321 337/358/337 338/359/338 322/342/322
f 322/342/322 338/359/338 339/360/339 323/343/323
f 323/343/323 339/360/339 340/361/340 324/344/324
f 324/344/324 340/361/340 341/362/341 325/345/325
f 325/345/325 341/362/341 342/363/342 326/346/326
f 326/346/326 342/363/342 343/364/343 327/347/327
f 327/347/327 343/364/343 344/365/344 328/348/328
f 328/348/328 344/365/344 345/366/345 329/349/329
f 329/349/329 345/366/345 346/367/346 330/350/330
f 330/350/330 346/367/346 347/368/347 331/351/331
f 331/351/331 347/368/347 348/369/348 332/352/332
f 332/352/332 348/369/348 349/370/349 333/353/333
f 333/353/333 349/370/349 350/371/350 334/354/334
f 334/354/334 350/371/350 351/372/351 335/355/335
f 335/355/335 351/372/351 352/373/352 336/356/336
f 336/356/336 352/373/352 337/374/337 321/357/321
f 337/358/337 353/375/353 354/376/354 338/359/338
f 338/359/338 354/376/354 355/377/355 339/360/339
f 339/360/339 355/377/355 356/378/356 340/361/340
f 340/361/340 356/378/356 357/379/357 341/362/341
f 341/362/341 357/379/357 358/380/358 342/363/342
f 342/363/342 358/380/358 359/381/359 343/364/343
f 343/364/343 359/381/359 360/382/360 344/365/344
f 344/365/344 360/382/360 361/383/361 345/366/345
f 345/366/345 361/383/361 362/384/362 346/367/346
f 346/367/346 362/384/362 363/385/363 347/368/347
f 347/368/347 363/385/363 364/386/364 348/369/348
f 348/369/348 364/386/364 365/387/365 349/370/349
f 349/370/349 365/387/365 366/388/366 350/371/350
f 350/371/350 366/388/366 367/389/367 351/372/351
f 351/372/351 367/389/367 368/390/368 352/373/352
f 352/373/352 368/390/368 353/391/353 337/374/337
f 353/375/353 369/392/369 370/393/370 354/376/354
f 354/376/354 370/393/370 371/394/371 355/377/355
f 355/377/355 371/394/371 372/395/372 356/378/356
f 356/378/356 372/395/372 373/396/373 357/379/357
f 357/379/357 373/396/373 374/397/374 358/380/358
f 358/380/358 374/397/374 375/398/375 359/381/359
f 359/381/359 375/398/375 376/399/376 360/382/360
f 360/382/360 376/399/376 377/400/377 361/383/361
f 361/383/361 377/400/377 378/401/378 362/384/362
f 362/384/362 378/401/378 379/402/379 363/385/363
f 363/385/363 379/402/379 380/403/380 364/386/364
f 364/386/364 380/403/380 381/404/381 365/387/365
f 365/387/365 381/404/381 382/405/382 366/388/366
f 366/388/366 382/405/382 383/406/383 367/389/367
f 367/389/367 383/406/383 384/407/384 368/390/368
f 368/390/368 384/407/384 369/408/369 353/391/353
f 369/392/369 385/409/385 386/410/386 370/393/370
f 370/393/370 386/410/386 387/411/387 371/394/371
f 371/394/371 387/411/387 388/412/388 372/395/372
f 372/395/372 388/412/388 389/413/389 373/396/373
f 373/396/373 389/413/389 390/414/390 374/397/374
f 374/397/374 390/414/390 391/415/391 375/398/375
f 375/398/375 391/415/391 392/416/392 376/399/376
f 376/399/376 392/416/392 393/417/393 377/400/377
f 377/400/377 393/417/393 394/418/394 378/401/378
f 378/401/378 394/418/394 395/419/395 379/402/379
f 379/402/379 395/419/395 396/420/396 380/403/380
f 380/403/380 396/420/396 397/421/397 381/404/381
f 381/404/381 397/421/397 398/422/398 382/405/382
f 382/405/382 398/422/398 399/423/399 383/406/383
f 383/406/383 399/423/399 400/424/400 384/407/384
f 384/407/384 400/424/400 385/425/385 369/408/369
f 385/409/385 401/426/401 402/427/402 386/410/386
f 386/410/386 402/427/402 403/428/403 387/411/387
f 387/411/387 403/428/403 404/429/404 388/412/388
f 388/412/388 404/429/404 405/430/405 389/413/389
f 389/413/389 405/430/405 406/431/406 390/414/390
f 390/414/390 406/431/406 407/432/407 391/415/391
f 391/415/391 407/432/407 408/433/408 392/416/392
f 392/416/392 408/433/408 409/434/409 393/417/393
f 393/417/393 409/434/409 410/435/410 394/418/394
f 394/418/394 410/435/410 411/436/411 395/419/395
f 395/419/395 411/436/411 412/437/412 396/420/396
f 396/420/396 412/437/412 413/438/413 397/421/397
f 397/421/397 413/438/413 414/439/414 398/422/398
f 398/422/398 414/439/414 415/440/415 399/423/399
f 399/423/399 415/440/415 416/441/416 400/424/400
f 400/424/400 416/441/416 401/442/401 385/425/385
f 401/426/401 417/443/417 418/444/418 402/427/402
f 402/427/402 418/444/418 419/445/419 403/428/403
f 403/428/403 419/445/419 420/446/420 404/429/404
f 404/429/404 420/446/420 421/447/421 405/430/405
f 405/430/405 421/447/421 422/448/422 406/431/406
f 406/431/406 422/448/422 423/449/423 407/432/407
f 407/432/407 423/449/423 424/450/424 408/433/408
f 408/433/408 424/450/424 425/451/425 409/434/409
f 409/434/409 425/451/425 426/452/426 410/435/410
f 410/435/410 426/452/426 427/453/427 411/436/411
f 411/436/411 427/453/427 428/454/428 412/437/412
f 412/437/412 428/454/428 429/455/429 413/438/413
f 413/438/413 429/455/429 430/456/430 414/439/414
f 414/439/414 430/456/430 431/457/431 415/440/415
f 415/440/415 431/457/431 432/458/432 416/441/416
f 416/441/416 432/458/432 417/459/417 401/442/401
f 417/443/417 433/460/433 434/461/434 418/444/418
f 418/444/418 434/461/434 435/462/435 419/445/419
f 419/445/419 435/462/435 436/463/436 420/446/420
f 420/446/420 436/463/436 437/464/437 421/447/421
f 421/447/421 437/464/437 438/465/438 422/448/422
f 422/448/422 438/465/438 439/466/439 423/449/423
f 423/449/423 439/466/439 440/467/440 424/450/424
f 424/450/424 440/467/440 441/468/441 425/451/425
f 425/451/425 441/468/441 442/469/442 426/452/426
f 426/452/426 442/469/442 443/470/443 427/453/427
f 427/453/427 443/470/443 444/471/444 428/454/428
f 428/454/428 444/471/444 445/472/445 429/455/429
f 429/455/429 445/472/445 446/473/446 430/456/430
f 430/456/430 446/473/446 447/474/447 431/457/431
f 431/457/431 447/474/447 448/475/448 432/458/432
f 432/458/432 448/475/448 433/476/433 417/459/417
f 433/460/433 449/477/449 450/478/450 434/461/434
f 434/461/434 450/478/450 451/479/451 435/462/435
f 435/462/435 451/479/451 452/480/452 436/463/436
f 436/463/436 452/480/452 453/481/453 437/464/437
f 437/464/437 453/481/453 454/482/454 438/465/438
f 438/465/438 454/482/454 455/483/455 439/466/439
f 439/466/439 455/483/455 456/484/456 440/467/440
f 440/467/440 456/484/456 457/485/457 441/468/441
f 441/468/441 457/485/457 458/486/458 442/469/442
f 442/469/442 458/486/458 459/487/459 443/470/443
f 443/470/443 459/487/459 460/488/460 444/471/444
f 444/471/444 460/488/460 461/489/461 445/472/445
f 445/472/445 461/489/461 462/490/462 446/473/446
f 446/473/446 462/490/462 463/491/463 447/474/447
f 447/474/447 463/491/463 464/492/464 448/475/448
f 448/475/448 464/492/464 449/493/449 433/476/433
f 449/477/449 465/494/465 466/495/466 450/478/450
f 450/478/450 466/495/466 467/496/467 451/479/451
f 451/479/451 467/496/467 468/497/468 452/480/452
f 452/480/452 468/497/468 469/498/469 453/481/453
f 453/481/453 469/498/469 470/499/470 454/482/454
f 454/482/454 470/499/470 471/500/471 455/483/455
f 455/483/455 471/500/471 472/501/472 456/484/456
f 456/484/456 472/501/472 473/502/473 457/485/457
f 457/485/457 473/502/473 474/503/474 458/486/458
f 458/486/458 474/503/474 475/504/475 459/487/459
f 459/487/459 475/504/475 476/505/476 460/488/460
f 460/488/460 476/505/476 477/506/477 461/489/461
f 461/489/461 477/506/477 478/507/478 462/490/462
f 462/490/462 478/507/478 479/508/479 463/491/463
f 463/491/463 479/508/479 480/509/480 464/492/464
f 464/492/464 480/509/480 465/510/465 449/493/449
f 465/494/465 481/511/481 482/512/482 466/495/466
f 466/495/466 482/512/482 483/513/483 467/496/467
f 467/496/467 483/513/483 484/514/484 468/497/468
f 468/497/468 484/514/484 485/515/485 469/498/469
f 469/498/469 485/515/485 486/516/486 470/499/470
f 470/499/470 486/516/486 487/517/487 471/500/471
f 471/500/471 487/517/487 488/518/488 472/501/472
f 472/501/472 488/518/488 489/519/489 473/502/473
f 473/502/473 489/519/489 490/520/490 474/503/474
f 474/503/474 490/520/490 491/521/491 475/504/475
f 475/504/475 491/521/491 492/522/492 476/505/476
f 476/505/476 492/522/492 493/523/493 477/506/477
f 477/506/477 493/523/493 494/524/494 478/507/478
f 478/507/478 494/524/494 495/525/495 479/508/479
f 479/508/479 495/525/495 496/526/496 480/509/480
f 480/509/480 496/526/496 481/527/481 465/510/465
f 481/511/481 497/528/497 498/529/498 482/512/482
f 482/512/482 498/529/498 499/530/499 483/513/483
f 483/513/483 499/530/499 500/531/500 484/514/484
f 484/514/484 500/531/500 501/532/501 485/515/485
f 485/515/485 501/532/501 502/533/502 486/516/486
f 486/516/486 502/533/502 503/534/503 487/517/487
f 487/517/487 503/534/503 504/535/504 488/518/488
f 488/518/488 504/535/504 505/536/505 489/519/489
f 489/519/489 505/536/505 506/537/506 490/520/490
f 490/520/490 506/537/506 507/538/507 491/521/491
f 491/521/491 507/538/507 508/539/508 492/522/492
f 492/522/492 508/539/508 509/540/509 493/523/493
f 493/523/493 509/540/509 510/541/510 494/524/494
f 494/524/494 510/541/510 511/542/511 495/525/495
f 495/525/495 511/542/511 512/543/512 496/526/496
f 496/526/496 512/543/512 497/544/497 481/527/481
f 497/528/497 513/545/513 514/546/514 498/529/498
f 498/529/498 514/546/514 515/547/515 499/530/499
f 499/530/499 515/547/515 516/548/516 500/531/500
f 500/531/500 516/548/516 517/549/517 501/532/501
f 501/532/501 517/549/517 518/550/518 502/533/502
f 502/533/502 518/550/518 519/551/519 503/534/503
f 503/534/503 519/551/519 520/552/520 504/535/504
f 504/535/504 520/552/520 521/553/521 505/536/505
f 505/536/505 521/553/521 522/554/522 506/537/506
f 506/537/506 522/554/522 523/555/523 507/538/507
f 507/538/507 523/555/523 524/556/524 508/539/508
f 508/539/508 524/556/524 525/557/525 509/540/509
f 509/540/509 525/557/525 526/558/526 510/541/510
f 510/541/510 526/558/526 527/559/527 511/542/511
f 511/542/511 527/559/527 528/560/528 512/543/512
f 512/543/512 528/560/528 513/561/513 497/544/497
f 513/545/513 529/562/529 530/563/530 514/546/514
f 514/546/514 530/563/530 531/564/531 515/547/515
f 515/547/515 531/564/531 532/565/532 516/548/516
f 516/548/516 532/565/532 533/566/533 517/549/517
f 517/549/517 533/566/533 534/567/534 518/550/518
f 518/550/518 534/567/534 535/568/535 519/551/519
f 519/551/519 535/568/535 536/569/536 520/552/520
f 520/552/520 536/569/536 537/570/537 521/553/521
f 521/553/521 537/570/537 538/571/538 522/554/522
f 522/554/522 538/571/538 539/572/539 523/555/523
f 523/555/523 539/572/539 540/573/540 524/556/524
f 524/556/524 540/573/540 541/574/541 525/557/525
f 525/557/525 541/574/541 542/575/542 526/558/526
f 526/558/526 542/575/542 543/576/543 527/559/527
f 527/559/527 543/576/543 544/577/544 528/560/528
f 528/560/528 544/577/544 529/578/529 513/561/513
f 529/562/529 545/579/545 546/580/546 530/563/530
f 530/563/530 546/580/546 547/581/547 531/564/531
f 531/564/531 547/581/547 548/582/548 532/565/532
f 532/565/532 548/582/548 549/583/549 533/566/533
f 533/566/533 549/583/549 550/584/550 534/567/534
f 534/567/534 550/584/550 551/585/551 535/568/535
f 535/568/535 551/585/551 552/586/552 536/569/536
f 536/569/536 552/586/552 553/587/553 537/570/537
f 537/570/537 553/587/553 554/588/554 538/571/538
f 538/571/538 554/588/554 555/589/555 539/572/539
f 539/572/539 555/589/555 556/590/556 540/573/540
f 540/573/540 556/590/556 557/591/557 541/574/541
f 541/574/541 557/591/557 558/592/558 542/575/542
f 542/575/542 558/592/558 559/593/559 543/576/543
f 543/576/543 559/593/559 560/594/560 544/577/544
f 544/577/544 560/594/560 545/595/545 529/578/529
f 545/579/545 561/596/561 562/597/562 546/580/546
f 546/580/546 562/597/562 563/598/563 547/581/547
f 547/581/547 563/598/563 564/599/564 548/582/548
f 548/582/548 564/599/564 565/600/565 549/583/549
f 549/583/549 565/600/565 566/601/566 550/584/550
f 550/584/550 566/601/566 567/602/567 551/585/551
f 551/585/551 567/602/567 568/603/568 552/586/552
f 552/586/552 568/603/568 569/604/569 553/587/553
f 553/587/553 569/604/569 570/605/570 554/588/554
f 554/588/554 570/605/570 571/606/571 555/589/555
f 555/589/555 571/606/571 572/607/572 556/590/556
f 556/590/556 572/607/572 573/608/573 557/591/557
f 557/591/557 573/608/573 574/609/574 558/592/558
f 558/592/558 574/609/574 575/610/575 559/593/559
f 559/593/559 575/610/575 576/611/576 560/594/560
f 560/594/560 576/611/576 561/612/561 545/595/545
f 561/596/561 577/613/577 578/614/578 562/597/562
f 562/597/562 578/614/578 579/615/579 563/598/563
f 563/598/563 579/615/579 580/616/580 564/599/564
f 564/599/564 580/616/580 581/617/581 565/600/565
f 565/600/565 581/617/581 582/618/582 566/601/566
f 566/601/566 582/618/582 583/619/583 567/602/567
f 567/602/567 583/619/583 584/620/584 568/603/568
f 568/603/568 584/620/584 585/621/585 569/604/569
f 569/604/569 585/621/585 586/622/586 570/605/570
f 570/605/570 586/622/586 587/623/587 571/606/571
f 571/606/571 587/623/587 588/624/588 572/607/572
f 572/607/572 588/624/588 589/625/589 573/608/573
f 573/608/573 589/625/589 590/626/590 574/609/574
f 574/609/574 590/626/590 591/627/591 575/610/575
f 575/610/575 591/627/591 592/628/592 576/611/576
f 576/611/576 592/628/592 577/629/577 561/612/561
f 577/613/577 593/630/593 594/631/594 578/614/578
f 578/614/578 594/631/594 595/632/595 579/615/579
f 579/615/579 595/632/595 596/633/596 580/616/580
f 580/616/580 596/633/596 597/634/597 581/617/581
f 581/617/581 597/634/597 598/635/598 582/618/582
f 582/618/582 598/635/598 599/636/599 583/619/583
f 583/619/583 599/636/599 600/637/600 584/620/584
f 584/620/584 600/637/600 601/638/601 585/621/585
f 585/621/585 601/638/601 602/639/602 586/622/586
f 586/622/586 602/639/602 603/640/603 587/623/587
f 587/623/587 603/640/603 604/641/604 588/624/588
f 588/624/588 604/641/604 605/642/605 589/625/589
f 589/625/589 605/642/605 606/643/606 590/626/590
f 590/626/590 606/643/606 607/644/607 591/627/591
f 591/627/591 607/644/607 608/645/608 592/628/592
f 592/628/592 608/645/608 593/646/593 577/629/577
f 593/630/593 609/647/609 610/648/610 594/631/594
f 594/631/594 610/648/610 611/649/611 595/632/595
f 595/632/595 611/649/611 612/650/612 596/633/596
f 596/633/596 612/650/612 613/651/613 597/634/597
f 597/634/597 613/651/613 614/652/614 598/635/598
f 598/635/598 614/652/614 615/653/615 599/636/599
f 599/636/599 615/653/615 616/654/616 600/637/600
f 600/637/600 616/654/616 617/655/617 601/638/601
f 601/638/601 617/655/617 618/656/618 602/639/602
f 602/639/602 618/656/618 619/657/619 603/640/603
f 603/640/603 619/657/619 620/658/620 604/641/604
f 604/641/604 620/658/620 621/659/621 605/642/605
f 605/642/605 621/659/621 622/660/622 606/643/606
f 606/643/606 622/660/622 623/661/623 607/644/607
f 607/644/607 623/661/623 624/662/624 608/645/608
f 608/645/608 624/662/624 609/663/609 593/646/593
f 609/647/609 625/664/625 626/665/626 610/648/610
f 610/648/610 626/665/626 627/666/627 611/649/611
f 611/649/611 627/666/627 628/667/628 612/650/612
f 612/650/612 628/667/628 629/668/629 613/651/613
f 613/651/613 629/668/629 630/669/630 614/652/614
f 614/652/614 630/669/630 631/670/631 615/653/615
f 615/653/615 631/670/631 632/671/632 616/654/616
f 616/654/616 632/671/632 633/672/633 617/655/617
f 617/655/617 633/672/633 634/673/634 618/656/618
f 618/656/618 634/673/634 635/674/635 619/657/619
f 619/657/619 635/674/635 636/675/636 620/658/620
f 620/658/620 636/675/636 637/676/637 621/659/621
f 621/659/621 637/676/637 638/677/638 622/660/622
f 622/660/622 638/677/638 639/678/639 623/661/623
f 623/661/623 639/678/639 640/679/640 624/662/624
f 624/662/624 640/679/640 625/680/625 609/663/609
f 625/664/625 641/681/641 642/682/642 626/665/626
f 626/665/626 642/682/642 643/683/643 627/666/627
f 627/666/627 643/683/643 644/684/644 628/667/628
f 628/667/628 644/684/644 645/685/645 629/668/629
f 629/668/629 645/685/645 646/686/646 630/669/630
f 630/669/630 646/686/646 647/687/647 631/670/631
f 631/670/631 647/687/647 648/688/648 632/671/632
f 632/671/632 648/688/648 649/689/649 633/672/633
f 633/672/633 649/689/649 650/690/650 634/673/634
f 634/673/634 650/690/650 651/691/651 635/674/635
f 635/674/635 651/691/651 652/692/652 636/675/636
f 636/675/636 652/692/652 653/693/653 637/676/637
f 637/676/637 653/693/653 654/694/654 638/677/638
f 638/677/638 654/694/654 655/695/655 639/678/639
f 639/678/639 655/695/655 656/696/656 640/679/640
f 640/679/640 656/696/656 641/697/641 625/680/625
f 641/681/641 657/698/657 658/699/658 642/682/642
f 642/682/642 658/699/658 659/700/659 643/683/643
f 643/683/643 659/700/659 660/701/660 644/684/644
f 644/684/644 660/701/660 661/702/661 645/685/645
f 645/685/645 661/702/661 662/703/662 646/686/646
f 646/686/646 662/703/662 663/704/663 647/687/647
f 647/687/647 663/704/663 664/705/664 648/688/648
f 648/688/648 664/705/664 665/706/665 649/689/649
f 649/689/649 665/706/665 666/707/666 650/690/650
f 650/690/650 666/707/666 667/708/667 651/691/651
f 651/691/651 667/708/667 668/709/668 652/692/652
f 652/692/652 668/709/668 669/710/669 653/693/653
f 653/693/653 669/710/669 670/711/670 654/694/654
f 654/694/654 670/711/670 671/712/671 655/695/655
f 655/695/655 671/712/671 672/713/672 656/696/656
f 656/696/656 672/713/672 657/714/657 641/697/641
f 657/698/657 673/715/673 674/716/674 658/699/658
f 658/699/658 674/716/674 675/717/675 659/700/659
f 659/700/659 675/717/675 676/718/676 660/701/660
f 660/701/660 676/718/676 677/719/677 661/702/661
f 661/702/661 677/719/677 678/720/678 662/703/662
f 662/703/662 678/720/678 679/721/679 663/704/663
f 663/704/663 679/721/679 680/722/680 664/705/664
f 664/705/664 680/722/680 681/723/681 665/706/665
f 665/706/665 681/723/681 682/724/682 666/707/666
f 666/707/666 682/724/682 683/725/683 667/708/667
f 667/708/667 683/725/683 684/726/684 668/709/668
f 668/709/668 684/726/684 685/727/685 669/710/669
f 669/710/669 685/727/685 686/728/686 670/711/670
f 670/711/670 686/728/686 687/729/687 671/712/671
f 671/712/671 687/729/687 688/730/688 672/713/672
f 672/713/672 688/730/688 673/731/673 657/714/657
f 673/715/673 689/732/689 690/733/690 674/716/674
f 674/716/674 690/733/690 691/734/691 675/717/675
f 675/717/675 691/734/691 692/735/692 676/718/676
f 676/718/676 692/735/692 693/736/693 677/719/677
f 677/719/677 693/736/693 694/737/694 678/720/678
f 678/720/678 694/737/694 695/738/695 679/721/679
f 679/721/679 695/738/695 696/739/696 680/722/680
f 680/722/680 696/739/696 697/740/697 681/723/681
f 681/723/681 697/740/697 698/741/698 682/724/682
f 682/724/682 698/741/698 699/742/699 683/725/683
f 683/725/683 699/742/699 700/743/700 684/726/684
f 684/726/684 700/743/700 701/744/701 685/727/685
f 685/727/685 701/744/701 702/745/702 686/728/686
f 686/728/686 702/745/702 703/746/703 687/729/687
f 687/729/687 703/746/703 704/747/704 688/730/688
f 688/730/688 704/747/704 689/748/689 673/731/673
f 689/732/689 705/749/705 706/750/706 690/733/690
f 690/733/690 706/750/706 707/751/707 691/734/691
f 691/734/691 707/751/707 708/752/708 692/735/692
f 692/735/692 708/752/708 709/753/709 693/736/693
f 693/736/693 709/753/709 710/754/710 694/737/694
f 694/737/694 710/754/710 711/755/711 695/738/695
f 695/738/695 711/755/711 712/756/712 696/739/696
f 696/739/696 712/756/712 713/757/713 697/740/697
f 697/740/697 713/757/713 714/758/714 698/741/698
f 698/741/698 714/758/714 715/759/715 699/742/699
f 699/742/699 715/759/715 716/760/716 700/743/700
f 700/743/700 716/760/716 717/761/717 701/744/701
f 701/744/701 717/761/717 718/762/718 702/745/702
f 702/745/702 718/762/718 719/763/719 703/746/703
f 703/746/703 719/763/719 720/764/720 704/747/704
f 704/747/704 720/764/720 705/765/705 689/748/689
f 705/749/705 721/766/721 722/767/722 706/750/706
f 706/750/706 722/767/722 723/768/723 707/751/707
f 707/751/707 723/768/723 724/769/724 708/752/708
f 708/752/708 724/769/724 725/770/725 709/753/709
f 709/753/709 725/770/725 726/771/726 710/754/710
f 710/754/710 726/771/726 727/772/727 711/755/711
f 711/755/711 727/772/727 728/773/728 712/756/712
f 712/756/712 728/773/728 729/774/729 713/757/713
f 713/757/713 729/774/729 730/775/730 714/758/714
f 714/758/714 730/775/730 731/776/731 715/759/715
f 715/759/715 731/776/731 732/777/732 716/760/716
f 716/760/716 732/777/732 733/778/733 717/761/717
f 717/761/717 733/778/733 734/779/734 718/762/718
f 718/762/718 734/779/734 735/780/735 719/763/719
f 719/763/719 735/780/735 736/781/736 720/764/720
f 720/764/720 736/781/736 721/782/721 705/765/705
f 721/766/721 737/783/737 738/784/738 722/767/722
f 722/767/722 738/784/738 739/785/739 723/768/723
f 723/768/723 739/785/739 740/786/740 724/769/724
f 724/769/724 740/786/740 741/787/741 725/770/725
f 725/770/725 741/787/741 742/788/742 726/771/726
f 726/771/726 742/788/742 743/789/743 727/772/727
f 727/772/727 743/789/743 744/790/744 728/773/728
f 728/773/728 744/790/744 745/791/745 729/774/729
f 729/774/729 745/791/745 746/792/746 730/775/730
f 730/775/730 746/792/746 747/793/747 731/776/731
f 731/776/731 747/793/747 748/794/748 732/777/732
f 732/777/732 748/794/748 749/795/749 733/778/733
f 733/778/733 749/795/749 750/796/750 734/779/734
f 734/779/734 750/796/750 751/797/751 735/780/735
f 735/780/735 751/797/751 752/798/752 736/781/736
f 736/781/736 752/798/752 737/799/737 721/782/721
f 737/783/737 753/800/753 754/801/754 738/784/738
f 738/784/738 754/801/754 755/802/755 739/785/739
f 739/785/739 755/802/755 756/803/756 740/786/740
f 740/786/740 756/803/756 757/804/757 741/787/741
f 741/787/741 757/804/757 758/805/758 742/788/742
f 742/788/742 758/805/758 759/806/759 743/789/743
f 743/789/743 759/806/759 760/807/760 744/790/744
f 744/790/744 760/807/760 761/808/761 745/791/745
f 745/791/745 761/808/761 762/809/762 746/792/746
f 746/792/746 762/809/762 763/810/763 747/793/747
f 747/793/747 763/810/763 764/811/764 748/794/748
f 748/794/748 764/811/764 765/812/765 749/795/749
f 749/795/749 765/812/765 766/813/766 750/796/750
f 750/796/750 766/813/766 767/814/767 751/797/751
f 751/797/751 767/814/767 768/815/768 752/798/752
f 752/798/752 768/815/768 753/816/753 737/799/737
f 753/800/753 769/817/769 770/818/770 754/801/754
f 754/801/754 770/818/770 771/819/771 755/802/755
f 755/802/755 771/819/771 772/820/772 756/803/756
f 756/803/756 772/820/772 773/821/773 757/804/757
f 757/804/757 773/821/773 774/822/774 758/805/758
f 758/805/758 774/822/774 775/823/775 759/806/759
f 759/806/759 775/823/775 776/824/776 760/807/760
f 760/807/760 776/824/776 777/825/777 761/808/761
f 761/808/761 777/825/777 778/826/778 762/809/762
f 762/809/762 778/826/778 779/827/779 763/810/763
f 763/810/763 779/827/779 780/828/780 764/811/764
f 764/811/764 780/828/780 781/829/781 765/812/765
f 765/812/765 781/829/781 782/830/782 766/813/766
f 766/813/766 782/830/782 783/831/783 767/814/767
f 767/814/767 783/831/783 784/832/784 768/815/768
f 768/815/768 784/832/784 769/833/769 753/816/753
f 769/817/769 785/834/785 786/835/786 770/818/770
f 770/818/770 786/835/786 787/836/787 771/819/771
f 771/819/771 787/836/787 788/837/788 772/820/772
f 772/820/772 788/837/788 789/838/789 773/821/773
f 773/821/773 789/838/789 790/839/790 774/822/774
f 774/822/774 790/839/790 791/840/791 775/823/775
f 775/823/775 791/840/791 792/841/792 776/824/776
f 776/824/776 792/841/792 793/842/793 777/825/777
f 777/825/777 793/842/793 794/843/794 778/826/778
f 778/826/778 794/843/794 795/844/795 779/827/779
f 779/827/779 795/844/795 796/845/796 780/828/780
f 780/828/780 796/845/796 797/846/797 781/829/781
f 781/829/781 797/846/797 798/847/798 782/830/782
f 782/830/782 798/847/798 799/848/799 783/831/783
f 783/831/783 799/848/799 800/849/800 784/832/784
f 784/832/784 800/849/800 785/850/785 769/833/769
f 785/834/785 801/851/801 802/852/802 786/835/786
f 786/835/786 802/852/802 803/853/803 787/836/787
f 787/836/787 803/853/803 804/854/804 788/837/788
f 788/837/788 804/854/804 805/855/805 789/838/789
f 789/838/789 805/855/805 806/856/806 790/839/790
f 790/839/790 806/856/806 807/857/807 791/840/791
f 791/840/791 807/857/807 808/858/808 792/841/792
f 792/841/792 808/858/808 809/859/809 793/842/793
f 793/842/793 809/859/809 810/860/810 794/843/794
f 794/843/794 810/860/810 811/861/811 795/844/795
f 795/844/795 811/861/811 812/862/812 796/845/796
f 796/845/796 812/862/812 813/863/813 797/846/797
f 797/846/797 813/863/813 814/864/814 798/847/798
f 798/847/798 814/864/814 815/865/815 799/848/799
f 799/848/799 815/865/815 816/866/816 800/849/800
f 800/849/800 816/866/816 801/867/801 785/850/785
f 801/851/801 817/868/817 818/869/818 802/852/802
f 802/852/802 818/869/818 819/870/819 803/853/803
f 803/853/803 819/870/819 820/871/820 804/854/804
f 804/854/804 820/871/820 821/872/821 805/855/805
f 805/855/805 821/872/821 822/873/822 806/856/806
f 806/856/806 822/873/822 823/874/823 807/857/807
f 807/857/807 823/874/823 824/875/824 808/858/808
f 808/858/808 824/875/824 825/876/825 809/859/809
f 809/859/809 825/876/825 826/877/826 810/860/810
f 810/860/810 826/877/826 827/878/827 811/861/811
f 811/861/811 827/878/827 828/879/828 812/862/812
f 812/862/812 828/879/828 829/880/829 813/863/813
f 813/863/813 829/880/829 830/881/830 814/864/814
f 814/864/814 830/881/830 831/882/831 815/865/815
f 815/865/815 831/882/831 832/883/832 816/866/816
f 816/866/816 832/883/832 817/884/817 801/867/801
f 817/868/817 833/885/833 834/886/834 818/869/818
f 818/869/818 834/886/834 835/887/835 819/870/819
f 819/870/819 835/887/835 836/888/836 820/871/820
f 820/871/820 836/888/836 837/889/837 821/872/821
f 821/872/821 837/889/837 838/890/838 822/873/822
f 822/873/822 838/890/838 839/891/839 823/874/823
f 823/874/823 839/891/839 840/892/840 824/875/824
f 824/875/824 840/892/840 841/893/841 825/876/825
f 825/876/825 841/893/841 842/894/842 826/877/826
f 826/877/826 842/894/842 843/895/843 827/878/827
f 827/878/827 843/895/843 844/896/844 828/879/828
f 828/879/828 844/896/844 845/897/845 829/880/829
f 829/880/829 845/897/845 846/898/846 830/881/830
f 830/881/830 846/898/846 847/899/847 831/882/831
f 831/882/831 847/899/847 848/900/848 832/883/832
f 832/883/832 848/900/848 833/901/833 817/884/817
f 833/885/833 849/902/849 850/903/850 834/886/834
f 834/886/834 850/903/850 851/904/851 835/887/835
f 835/887/835 851/904/851 852/905/852 836/888/836
f 836/888/836 852/905/852 853/906/853 837/889/837
f 837/889/837 853/906/853 854/907/854 838/890/838
f 838/890/838 854/907/854 855/908/855 839/891/839
f 839/891/839 855/908/855 856/909/856 840/892/840
f 840/892/840 856/909/856 857/910/857 841/893/841
f 841/893/841 857/910/857 858/911/858 842/894/842
f 842/894/842 858/911/858 859/912/859 843/895/843
f 843/895/843 859/912/859 860/913/860 844/896/844
f 844/896/844 860/913/860 861/914/861 845/897/845
f 845/897/845 861/914/861 862/915/862 846/898/846
f 846/898/846 862/915/862 863/916/863 847/899/847
f 847/899/847 863/916/863 864/917/864 848/900/848
f 848/900/848 864/917/864 849/918/849 833/901/833
f 849/902/849 865/919/865 866/920/866 850/903/850
f 850/903/850 866/920/866 867/921/867 851/904/851
f 851/904/851 867/921/867 868/922/868 852/905/852
f 852/905/852 868/922/868 869/923/869 853/906/853
f 853/906/853 869/923/869 870/924/870 854/907/854
f 854/907/854 870/924/870 871/925/871 855/908/855
f 855/908/855 871/925/871 872/926/872 856/909/856
f 856/909/856 872/926/872 873/927/873 857/910/857
f 857/910/857 873/927/873 874/928/874 858/911/858
f 858/911/858 874/928/874 875/929/875 859/912/859
f 859/912/859 875/929/875 876/930/876 860/913/860
f 860/913/860 876/930/876 877/931/877 861/914/861
f 861/914/861 877/931/877 878/932/878 862/915/862
f 862/915/862 878/932/878 879/933/879 863/916/863
f 863/916/863 879/933/879 880/934/880 864/917/864
f 864/917/864 880/934/880 865/935/865 849/918/849
f 865/919/865 881/936/881 882/937/882 866/920/866
f 866/920/866 882/937/882 883/938/883 867/921/867
f 867/921/867 883/938/883 884/939/884 868/922/868
f 868/922/868 884/939/884 885/940/885 869/923/869
f 869/923/869 885/940/885 886/941/886 870/924/870
f 870/924/870 886/941/886 887/942/887 871/925/871
f 871/925/871 887/942/887 888/943/888 872/926/872
f 872/926/872 888/943/888 889/944/889 873/927/873
f 873/927/873 889/944/889 890/945/890 874/928/874
f 874/928/874 890/945/890 891/946/891 875/929/875
f 875/929/875 891/946/891 892/947/892 876/930/876
f 876/930/876 892/947/892 893/948/893 877/931/877
f 877/931/877 893/948/893 894/949/894 878/932/878
f 878/932/878 894/949/894 895/950/895 879/933/879
f 879/933/879 895/950/895 896/951/896 880/934/880
f 880/934/880 896/951/896 881/952/881 865/935/865
f 881/936/881 897/953/897 898/954/898 882/937/882
f 882/937/882 898/954/898 899/955/899 883/938/883
f 883/938/883 899/955/899 900/956/900 884/939/884
f 884/939/884 900/956/900 901/957/901 885/940/885
f 885/940/885 901/957/901 902/958/902 886/941/886
f 886/941/886 902/958/902 903/959/903 887/942/887
f 887/942/887 903/959/903 904/960/904 888/943/888
f 888/943/888 904/960/904 905/961/905 889/944/889
f 889/944/889 905/961/905 906/962/906 890/945/890
f 890/945/890 906/962/906 907/963/907 891/946/891
f 891/946/891 907/963/907 908/964/908 892/947/892
f 892/947/892 908/964/908 909/965/909 893/948/893
f 893/948/893 909/965/909 910/966/910 894/949/894
f 894/949/894 910/966/910 911/967/911 895/950/895
f 895/950/895 911/967/911 912/968/912 896/951/896
f 896/951/896 912/968/912 897/969/897 881/952/881
f 897/953/897 913/970/913 914/971/914 898/954/898
f 898/954/898 914/971/914 915/972/915 899/955/899
f 899/955/899 915/972/915 916/973/916 900/956/900
f 900/956/900 916/973/916 917/974/917 901/957/901
f 901/957/901 917/974/917 918/975/918 902/958/902
f 902/958/902 918/975/918 919/976/919 903/959/903
f 903/959/903 919/976/919 920/977/920 904/960/904
f 904/960/904 920/977/920 921/978/921 905/961/905
f 905/961/905 921/978/921 922/979/922 906/962/906
f 906/962/906 922/979/922 923/980/923 907/963/907
f 907/963/907 923/980/923 924/981/924 908/964/908
f 908/964/908 924/981/924 925/982/925 909/965/909
f 909/965/909 925/982/925 926/983/926 910/966/910
f 910/966/910 926/983/926 927/984/927 911/967/911
f 911/967/911 927/984/927 928/985/928 912/968/912
f 912/968/912 928/985/928 913/986/913 897/969/897
f 913/970/913 929/987/929 930/988/930 914/971/914
f 914/971/914 930/988/930 931/989/931 915/972/915
f 915/972/915 931/989/931 932/990/932 916/973/916
f 916/973/916 932/990/932 933/991/933 917/974/917
f 917/974/917 933/991/933 934/992/934 918/975/918
f 918/975/918 934/992/934 935/993/935 919/976/919
f 919/976/919 935/993/935 936/994/936 920/977/920
f 920/977/920 936/994/936 937/995/937 921/978/921
f 921/978/921 937/995/937 938/996/938 922/979/922
f 922/979/922 938/996/938 939/997/939 923/980/923
f 923/980/923 939/997/939 940/998/940 924/981/924
f 924/981/924 940/998/940 941/999/941 925/982/925
f 925/982/925 941/999/941 942/1000/942 926/983/926
f 926/983/926 942/1000/942 943/1001/943 927/984/927
f 927/984/927 943/1001/943 944/1002/944 928/985/928
f 928/985/928 944/1002/944 929/1003/929 913/986/913
f 929/987/929 945/1004/945 946/1005/946 930/988/930
f 930/988/930 946/1005/946 947/1006/947 931/989/931
f 931/989/931 947/1006/947 948/1007/948 932/990/932
f 932/990/932 948/1007/948 949/1008/949 933/991/933
f 933/991/933 949/1008/949 950/1009/950 934/992/934
f 934/992/934 950/1009/950 951/1010/951 935/993/935
f 935/993/935 951/1010/951 952/1011/952 936/994/936
f 936/994/936 952/1011/952 953/1012/953 937/995/937
f 937/995/937 953/1012/953 954/1013/954 938/996/938
f 938/996/938 954/1013/954 955/1014/955 939/997/939
f 939/997/939 955/1014/955 956/1015/956 940/998/940
f 940/998/940 956/1015/956 957/1016/957 941/999/941
f 941/999/941 957/1016/957 958/1017/958 942/1000/942
f 942/1000/942 958/1017/958 959/1018/959 943/1001/943
f 943/1001/943 959/1018/959 960/1019/960 944/1002/944
f 944/1002/944 960/1019/960 945/1020/945 929/1003/929
f 945/1004/945 961/1021/961 962/1022/962 946/1005/946
f 946/1005/946 962/1022/962 963/1023/963 947/1006/947
f 947/1006/947 963/1023/963 964/1024/964 948/1007/948
f 948/1007/948 964/1024/964 965/1025/965 949/1008/949
f 949/1008/949 965/1025/965 966/1026/966 950/1009/950
f 950/1009/950 966/1026/966 967/1027/967 951/1010/951
f 951/1010/951 967/1027/967 968/1028/968 952/1011/952
f 952/1011/952 968/1028/968 969/1029/969 953/1012/953
f 953/1012/953 969/1029/969 970/1030/970 954/1013/954
f 954/1013/954 970/1030/970 971/1031/971 955/1014/955
f 955/1014/955 971/1031/971 972/1032/972 956/1015/956
f 956/1015/956 972/1032/972 973/1033/973 957/1016/957
f 957/1016/957 973/1033/973 974/1034/974 958/1017/958
f 958/1017/958 974/1034/974 975/1035/975 959/1018/959
f 959/1018/959 975/1035/975 976/1036/976 960/1019/960
f 960/1019/960 976/1036/976 961/1037/961 945/1020/945
f 961/1021/961 977/1038/977 978/1039/978 962/1022/962
f 962/1022/962 978/1039/978 979/1040/979 963/1023/963
f 963/1023/963 979/1040/979 980/1041/980 964/1024/964
f 964/1024/964 980/1041/980 981/1042/981 965/1025/965
f 965/1025/965 981/1042/981 982/1043/982 966/1026/966
f 966/1026/966 982/1043/982 983/1044/983 967/1027/967
f 967/1027/967 983/1044/983 984/1045/984 968/1028/968
f 968/1028/968 984/1045/984 985/1046/985 969/1029/969
f 969/1029/969 985/1046/985 986/1047/986 970/1030/970
f 970/1030/970 986/1047/986 987/1048/987 971/1031/971
f 971/1031/971 987/1048/987 988/1049/988 972/1032/972
f 972/1032/972 988/1049/988 989/1050/989 973/1033/973
f 973/1033/973 989/1050/989 990/1051/990 974/1034/974
f 974/1034/974 990/1051/990 991/1052/991 975/1035/975
f 975/1035/975 991/1052/991 992/1053/992 976/1036/976
f 976/1036/976 992/1053/992 977/1054/977 961/1037/961
f 977/1038/977 993/1055/993 994/1056/994 978/1039/978
f 978/1039/978 994/1056/994 995/1057/995 979/1040/979
f 979/1040/979 995/1057/995 996/1058/996 980/1041/980
f 980/1041/980 996/1058/996 997/1059/997 981/1042/981
f 981/1042/981 997/1059/997 998/1060/998 982/1043/982
f 982/1043/982 998/1060/998 999/1061/999 983/1044/983
f 983/1044/983 999/1061/999 1000/1062/1000 984/1045/984
f 984/1045/984 1000/1062/1000 1001/1063/1001 985/1046/985
f 985/1046/985 1001/1063/1001 1002/1064/1002 986/1047/986
f 986/1047/986 1002/1064/1002 1003/1065/1003 987/1048/987
f 987/1048/987 1003/1065/1003 1004/1066/1004 988/1049/988
f 988/1049/988 1004/1066/1004 1005/1067/1005 989/1050/989
f 989/1050/989 1005/1067/1005 1006/1068/1006 990/1051/990
f 990/1051/990 1006/1068/1006 1007/1069/1007 991/1052/991
f 991/1052/991 1007/1069/1007 1008/1070/1008 992/1053/992
f 992/1053/992 1008/1070/1008 993/1071/993 977/1054/977
f 993/1055/993 1009/1072/1009 1010/1073/1010 994/1056/994
f 994/1056/994 1010/1073/1010 1011/1074/1011 995/1057/995
f 995/1057/995 1011/1074/1011 1012/1075/1012 996/1058/996
f 996/1058/996 1012/1075/1012 1013/1076/1013 997/1059/997
f 997/1059/997 1013/1076/1013 1014/1077/1014 998/1060/998
f 998/1060/998 1014/1077/1014 1015/1078/1015 999/1061/999
f 999/1061/999 1015/1078/1015 1016/1079/1016 1000/1062/1000
f 1000/1062/1000 1016/1079/1016 1017/1080/1017 1001/1063/1001
f 1001/1063/1001 1017/1080/1017 1018/1081/1018 1002/1064/1002
f 1002/1064/1002 1018/1081/1018 1019/1082/1019 1003/1065/1003
f 1003/1065/1003 1019/1082/1019 1020/1083/1020 1004/1066/1004
f 1004/1066/1004 1020/1083/1020 1021/1084/1021 1005/1067/1005
f 1005/1067/1005 1021/1084/1021 1022/1085/1022 1006/1068/1006
f 1006/1068/1006 1022/1085/1022 1023/1086/1023 1007/1069/1007
f 1007/1069/1007 1023/1086/1023 1024/1087/1024 1008/1070/1008
f 1008/1070/1008 1024/1087/1024 1009/1088/1009 993/1071/993
f 1009/1072/1009 1025/1089/1025 1026/1090/1026 1010/1073/1010
f 1010/1073/1010 1026/1090/1026 1027/1091/1027 1011/1074/1011
f 1011/1074/1011 1027/1091/1027 1028/1092/1028 1012/1075/1012
f 1012/1075/1012 1028/1092/1028 1029/1093/1029 1013/1076/1013
f 1013/1076/1013 1029/1093/1029 1030/1094/1030 1014/1077/1014
f 1014/1077/1014 1030/1094/1030 1031/1095/1031 1015/1078/1015
f 1015/1078/1015 1031/1095/1031 1032/1096/1032 1016/1079/1016
f 1016/1079/1016 1032/1096/1032 1033/1097/1033 1017/1080/1017
f 1017/1080/1017 1033/1097/1033 1034/1098/1034 1018/1081/1018
f 1018/1081/1018 1034/1098/1034 1035/1099/1035 1019/1082/1019
f 1019/1082/1019 1035/1099/1035 1036/1100/1036 1020/1083/1020
f 1020/1083/1020 1036/1100/1036 1037/1101/1037 1021/1084/1021
f 1021/1084/1021 1037/1101/1037 1038/1102/1038 1022/1085/1022
f 1022/1085/1022 1038/1102/1038 1039/1103/1039 1023/1086/1023
f 1023/1086/1023 1039/1103/1039 1040/1104/1040 1024/1087/1024
f 1024/1087/1024 1040/1104/1040 1025/1105/1025 1009/1088/1009
f 1025/1089/1025 1041/1106/1041 1042/1107/1042 1026/1090/1026
f 1026/1090/1026 1042/1107/1042 1043/1108/1043 1027/1091/1027
f 1027/1091/1027 1043/1108/1043 1044/1109/1044 1028/1092/1028
f 1028/1092/1028 1044/1109/1044 1045/1110/1045 1029/1093/1029
f 1029/1093/1029 1045/1110/1045 1046/1111/1046 1030/1094/1030
f 1030/1094/1030 1046/1111/1046 1047/1112/1047 1031/1095/1031
f 1031/1095/1031 1047/1112/1047 1048/1113/1048 1032/1096/1032
f 1032/1096/1032 1048/1113/1048 1049/1114/1049 1033/1097/1033
f 1033/1097/1033 1049/1114/1049 1050/1115/1050 1034/1098/1034
f 1034/1098/1034 1050/1115/1050 1051/1116/1051 1035/1099/1035
f 1035/1099/1035 1051/1116/1051 1052/1117/1052 1036/1100/1036
f 1036/1100/1036 1052/1117/1052 1053/1118/1053 1037/1101/1037
f 1037/1101/1037 1053/1118/1053 1054/1119/1054 1038/1102/1038
f 1038/1102/1038 1054/1119/1054 1055/1120/1055 1039/1103/1039
f 1039/1103/1039 1055/1120/1055 1056/1121/1056 1040/1104/1040
f 1040/1104/1040 1056/1121/1056 1041/1122/1041 1025/1105/1025
f 1041/1106/1041 1057/1123/1057 1058/1124/1058 1042/1107/1042
f 1042/1107/1042 1058/1124/1058 1059/1125/1059 1043/1108/1043
f 1043/1108/1043 1059/1125/1059 1060/1126/1060 1044/1109/1044
f 1044/1109/1044 1060/1126/1060 1061/1127/1061 1045/1110/1045
f 1045/1110/1045 1061/1127/1061 1062/1128/1062 1046/1111/1046
f 1046/1111/1046 1062/1128/1062 1063/1129/1063 1047/1112/1047
f 1047/1112/1047 1063/1129/1063 1064/1130/1064 1048/1113/1048
f 1048/1113/1048 1064/1130/1064 1065/1131/1065 1049/1114/1049
f 1049/1114/1049 1065/1131/1065 1066/1132/1066 1050/1115/1050
f 1050/1115/1050 1066/1132/1066 1067/1133/1067 1051/1116/1051
f 1051/1116/1051 1067/1133/1067 1068/1134/1068 1052/1117/1052
f 1052/1117/1052 1068/1134/1068 1069/1135/1069 1053/1118/1053
f 1053/1118/1053 1069/1135/1069 1070/1136/1070 1054/1119/1054
f 1054/1119/1054 1070/1136/1070 1071/1137/1071 1055/1120/1055
f 1055/1120/1055 1071/1137/1071 1072/1138/1072 1056/1121/1056
f 1056/1121/1056 1072/1138/1072 1057/1139/1057 1041/1122/1041
f 1057/1123/1057 1073/1140/1073 1074/1141/1074 1058/1124/1058
f 1058/1124/1058 1074/1141/1074 1075/1142/1075 1059/1125/1059
f 1059/1125/1059 1075/1142/1075 1076/1143/1076 1060/1126/1060
f 1060/1126/1060 1076/1143/1076 1077/1144/1077 1061/1127/1061
f 1061/1127/1061 1077/1144/1077 1078/1145/1078 1062/1128/1062
f 1062/1128/1062 1078/1145/1078 1079/1146/1079 1063/1129/1063
f 1063/1129/1063 1079/1146/1079 1080/1147/1080 1064/1130/1064
f 1064/1130/1064 1080/1147/1080 1081/1148/1081 1065/1131/1065
f 1065/1131/1065 1081/1148/1081 1082/1149/1082 1066/1132/1066
f 1066/1132/1066 1082/1149/1082 1083/1150/1083 1067/1133/1067
f 1067/1133/1067 1083/1150/1083 1084/1151/1084 1068/1134/1068
f 1068/1134/1068 1084/1151/1084 1085/1152/1085 1069/1135/1069
f 1069/1135/1069 1085/1152/1085 1086/1153/1086 1070/1136/1070
f 1070/1136/1070 1086/1153/1086 1087/1154/1087 1071/1137/1071
f 1071/1137/1071 1087/1154/1087 1088/1155/1088 1072/1138/1072
f 1072/1138/1072 1088/1155/1088 1073/1156/1073 1057/1139/1057
f 1073/1140/1073 1089/1157/1089 1090/1158/1090 1074/1141/1074
f 1074/1141/1074 1090/1158/1090 1091/1159/1091 1075/1142/1075
f 1075/1142/1075 1091/1159/1091 1092/1160/1092 1076/1143/1076
f 1076/1143/1076 1092/1160/1092 1093/1161/1093 1077/1144/1077
f 1077/1144/1077 1093/1161/1093 1094/1162/1094 1078/1145/1078
f 1078/1145/1078 1094/1162/1094 1095/1163/1095 1079/1146/1079
f 1079/1146/1079 1095/1163/1095 1096/1164/1096 1080/1147/1080
f 1080/1147/1080 1096/1164/1096 1097/1165/1097 1081/1148/1081
f 1081/1148/1081 1097/1165/1097 1098/1166/1098 1082/1149/1082
f 1082/1149/1082 1098/1166/1098 1099/1167/1099 1083/1150/1083
f 1083/1150/1083 1099/1167/1099 1100/1168/1100 1084/1151/1084
f 1084/1151/1084 1100/1168/1100 1101/1169/1101 1085/1152/1085
f 1085/1152/1085 1101/1169/1101 1102/1170/1102 1086/1153/1086
f 1086/1153/1086 1102/1170/1102 1103/1171/1103 1087/1154/1087
f 1087/1154/1087 1103/1171/1103 1104/1172/1104 1088/1155/1088
f 1088/1155/1088 1104/1172/1104 1089/1173/1089 1073/1156/1073
f 1089/1157/1089 1105/1174/1105 1106/1175/1106 1090/1158/1090
f 1090/1158/1090 1106/1175/1106 1107/1176/1107 1091/1159/1091
f 1091/1159/1091 1107/1176/1107 1108/1177/1108 1092/1160/1092
f 1092/1160/1092 1108/1177/1108 1109/1178/1109 1093/1161/1093
f 1093/1161/1093 1109/1178/1109 1110/1179/1110 1094/1162/1094
f 1094/1162/1094 1110/1179/1110 1111/1180/1111 1095/1163/1095
f 1095/1163/1095 1111/1180/1111 1112/1181/1112 1096/1164/1096
f 1096/1164/1096 1112/1181/1112 1113/1182/1113 1097/1165/1097
f 1097/1165/1097 1113/1182/1113 1114/1183/1114 1098/1166/1098
f 1098/1166/1098 1114/1183/1114 1115/1184/1115 1099/1167/1099
f 1099/1167/1099 1115/1184/1115 1116/1185/1116 1100/1168/1100
f 1100/1168/1100 1116/1185/1116 1117/1186/1117 1101/1169/1101
f 1101/1169/1101 1117/1186/1117 1118/1187/1118 1102/1170/1102
f 1102/1170/1102 1118/1187/1118 1119/1188/1119 1103/1171/1103
f 1103/1171/1103 1119/1188/1119 1120/1189/1120 1104/1172/1104
f 1104/1172/1104 1120/1189/1120 1105/1190/1105 1089/1173/1089
f 1105/1174/1105 1121/1191/1121 1122/1192/1122 1106/1175/1106
f 1106/1175/1106 1122/1192/1122 1123/1193/1123 1107/1176/1107
f 1107/1176/1107 1123/1193/1123 1124/1194/1124 1108/1177/1108
f 1108/1177/1108 1124/1194/1124 1125/1195/1125 1109/1178/1109
f 1109/1178/1109 1125/1195/1125 1126/1196/1126 1110/1179/1110
f 1110/1179/1110 1126/1196/1126 1127/1197/1127 1111/1180/1111
f 1111/1180/1111 1127/1197/1127 1128/1198/1128 1112/1181/1112
f 1112/1181/1112 1128/1198/1128 1129/1199/1129 1113/1182/1113
f 1113/1182/1113 1129/1199/1129 1130/1200/1130 1114/1183/1114
f 1114/1183/1114 1130/1200/1130 1131/1201/1131 1115/1184/1115
f 1115/1184/1115 1131/1201/1131 1132/1202/1132 1116/1185/1116
f 1116/1185/1116 1132/1202/1132 1133/1203/1133 1117/1186/1117
f 1117/1186/1117 1133/1203/1133 1134/1204/1134 1118/1187/1118
f 1118/1187/1118 1134/1204/1134 1135/1205/1135 1119/1188/1119
f 1119/1188/1119 1135/1205/1135 1136/1206/1136 1120/1189/1120
f 1120/1189/1120 1136/1206/1136 1121/1207/1121 1105/1190/1105
f 1121/1191/1121 1137/1208/1137 1138/1209/1138 1122/1192/1122
f 1122/1192/1122 1138/1209/1138 1139/1210/1139 1123/1193/1123
f 1123/1193/1123 1139/1210/1139 1140/1211/1140 1124/1194/1124
f 1124/1194/1124 1140/1211/1140 1141/1212/1141 1125/1195/1125
f 1125/1195/1125 1141/1212/1141 1142/1213/1142 1126/1196/1126
f 1126/1196/1126 1142/1213/1142 1143/1214/1143 1127/1197/1127
f 1127/1197/1127 1143/1214/1143 1144/1215/1144 1128/1198/1128
f 1128/1198/1128 1144/1215/1144 1145/1216/1145 1129/1199/1129
f 1129/1199/1129 1145/1216/1145 1146/1217/1146 1130/1200/1130
f 1130/1200/1130 1146/1217/1146 1147/1218/1147 1131/1201/1131
f 1131/1201/1131 1147/1218/1147 1148/1219/1148 1132/1202/1132
f 1132/1202/1132 1148/1219/1148 1149/1220/1149 1133/1203/1133
f 1133/1203/1133 1149/1220/1149 1150/1221/1150 1134/1204/1134
f 1134/1204/1134 1150/1221/1150 1151/1222/1151 1135/1205/1135
f 1135/1205/1135 1151/1222/1151 1152/1223/1152 1136/1206/1136
f 1136/1206/1136 1152/1223/1152 1137/1224/1137 1121/1207/1121
f 1137/1208/1137 1153/1225/1153 1154/1226/1154 1138/1209/1138
f 1138/1209/1138 1154/1226/1154 1155/1227/1155 1139/1210/1139
f 1139/1210/1139 1155/1227/1155 1156/1228/1156 1140/1211/1140
f 1140/1211/1140 1156/1228/1156 1157/1229/1157 1141/1212/1141
f 1141/1212/1141 1157/1229/1157 1158/1230/1158 1142/1213/1142
f 1142/1213/1142 1158/1230/1158 1159/1231/1159 1143/1214/1143
f 1143/1214/1143 1159/1231/1159 1160/1232/1160 1144/1215/1144
f 1144/1215/1144 1160/1232/1160 1161/1233/1161 1145/1216/1145
f 1145/1216/1145 1161/1233/1161 1162/1234/1162 1146/1217/1146
f 1146/1217/1146 1162/1234/1162 1163/1235/1163 1147/1218/1147
f 1147/1218/1147 1163/1235/1163 1164/1236/1164 1148/1219/1148
f 1148/1219/1148 1164/1236/1164 1165/1237/1165 1149/1220/1149
f 1149/1220/1149 1165/1237/1165 1166/1238/1166 1150/1221/1150
f 1150/1221/1150 1166/1238/1166 1167/1239/1167 1151/1222/1151
f 1151/1222/1151 1167/1239/1167 1168/1240/1168 1152/1223/1152
f 1152/1223/1152 1168/1240/1168 1153/1241/1153 1137/1224/1137
f 1153/1225/1153 1169/1242/1169 1170/1243/1170 1154/1226/1154
f 1154/1226/1154 1170/1243/1170 1171/1244/1171 1155/1227/1155
f 1155/1227/1155 1171/1244/1171 1172/1245/1172 1156/1228/1156
f 1156/1228/1156 1172/1245/1172 1173/1246/1173 1157/1229/1157
f 1157/1229/1157 1173/1246/1173 1174/1247/1174 1158/1230/1158
f 1158/1230/1158 1174/1247/1174 1175/1248/1175 1159/1231/1159
f 1159/1231/1159 1175/1248/1175 1176/1249/1176 1160/1232/1160
f 1160/1232/1160 1176/1249/1176 1177/1250/1177 1161/1233/1161
f 1161/1233/1161 1177/1250/1177 1178/1251/1178 1162/1234/1162
f 1162/1234/1162 1178/1251/1178 1179/1252/1179 1163/1235/1163
f 1163/1235/1163 1179/1252/1179 1180/1253/1180 1164/1236/1164
f 1164/1236/1164 1180/1253/1180 1181/1254/1181 1165/1237/1165
f 1165/1237/1165 1181/1254/1181 1182/1255/1182 1166/1238/1166
f 1166/1238/1166 1182/1255/1182 1183/1256/1183 1167/1239/1167
f 1167/1239/1167 1183/1256/1183 1184/1257/1184 1168/1240/1168
f 1168/1240/1168 1184/1257/1184 1169/1258/1169 1153/1241/1153
f 1169/1242/1169 1185/1259/1185 1186/1260/1186 1170/1243/1170
f 1170/1243/1170 1186/1260/1186 1187/1261/1187 1171/1244/1171
f 1171/1244/1171 1187/1261/1187 1188/1262/1188 1172/1245/1172
f 1172/1245/1172 1188/1262/1188 1189/1263/1189 1173/1246/1173
f 1173/1246/1173 1189/1263/1189 1190/1264/1190 1174/1247/1174
f 1174/1247/1174 1190/1264/1190 1191/1265/1191 1175/1248/1175
f 1175/1248/1175 1191/1265/1191 1192/1266/1192 1176/1249/1176
f 1176/1249/1176 1192/1266/1192 1193/1267/1193 1177/1250/1177
f 1177/1250/1177 1193/1267/1193 1194/1268/1194 1178/1251/1178
f 1178/1251/1178 1194/1268/1194 1195/1269/1195 1179/1252/1179
f 1179/1252/1179 1195/1269/1195 1196/1270/1196 1180/1253/1180
f 1180/1253/1180 1196/1270/1196 1197/1271/1197 1181/1254/1181
f 1181/1254/1181 1197/1271/1197 1198/1272/1198 1182/1255/1182
f 1182/1255/1182 1198/1272/1198 1199/1273/1199 1183/1256/1183
f 1183/1256/1183 1199/1273/1199 1200/1274/1200 1184/1257/1184
f 1184/1257/1184 1200/1274/1200 1185/1275/1185 1169/1258/1169
f 1185/1259/1185 1201/1276/1201 1202/1277/1202 1186/1260/1186
f 1186/1260/1186 1202/1277/1202 1203/1278/1203 1187/1261/1187
f 1187/1261/1187 1203/1278/1203 1204/1279/1204 1188/1262/1188
f 1188/1262/1188 1204/1279/1204 1205/1280/1205 1189/1263/1189
f 1189/1263/1189 1205/1280/1205 1206/1281/1206 1190/1264/1190
f 1190/1264/1190 1206/1281/1206 1207/1282/1207 1191/1265/1191
f 1191/1265/1191 1207/1282/1207 1208/1283/1208 1192/1266/1192
f 1192/1266/1192 1208/1283/1208 1209/1284/1209 1193/1267/1193
f 1193/1267/1193 1209/1284/1209 1210/1285/1210 1194/1268/1194
f 1194/1268/1194 1210/1285/1210 1211/1286/1211 1195/1269/1195
f 1195/1269/1195 1211/1286/1211 1212/1287/1212 1196/1270/1196
f 1196/1270/1196 1212/1287/1212 1213/1288/1213 1197/1271/1197
f 1197/1271/1197 1213/1288/1213 1214/1289/1214 1198/1272/1198
f 1198/1272/1198 1214/1289/1214 1215/1290/1215 1199/1273/1199
f 1199/1273/1199 1215/1290/1215 1216/1291/1216 1200/1274/1200
f 1200/1274/1200 1216/1291/1216 1201/1292/1201 1185/1275/1185
f 1201/1276/1201 1217/1293/1217 1218/1294/1218 1202/1277/1202
f 1202/1277/1202 1218/1294/1218 1219/1295/1219 1203/1278/1203
f 1203/1278/1203 1219/1295/1219 1220/1296/1220 1204/1279/1204
f 1204/1279/1204 1220/1296/1220 1221/1297/1221 1205/1280/1205
f 1205/1280/1205 1221/1297/1221 1222/1298/1222 1206/1281/1206
f 1206/1281/1206 1222/1298/1222 1223/1299/1223 1207/1282/1207
f 1207/1282/1207 1223/1299/1223 1224/1300/1224 1208/1283/1208
f 1208/1283/1208 1224/1300/1224 1225/1301/1225 1209/1284/1209
f 1209/1284/1209 1225/1301/1225 1226/1302/1226 1210/1285/1210
f 1210/1285/1210 1226/1302/1226 1227/1303/1227 1211/1286/1211
f 1211/1286/1211 1227/1303/1227 1228/1304/1228 1212/1287/1212
f 1212/1287/1212 1228/1304/1228 1229/1305/1229 1213/1288/1213
f 1213/1288/1213 1229/1305/1229 1230/1306/1230 1214/1289/1214
f 1214/1289/1214 1230/1306/1230 1231/1307/1231 1215/1290/1215
f 1215/1290/1215 1231/1307/1231 1232/1308/1232 1216/1291/1216
f 1216/1291/1216 1232/1308/1232 1217/1309/1217 1201/1292/1201
f 1217/1293/1217 1233/1310/1233 1234/1311/1234 1218/1294/1218
f 1218/1294/1218 1234/1311/1234 1235/1312/1235 1219/1295/1219
f 1219/1295/1219 1235/1312/1235 1236/1313/1236 1220/1296/1220
f 1220/1296/1220 1236/1313/1236 1237/1314/1237 1221/1297/1221
f 1221/1297/1221 1237/1314/1237 1238/1315/1238 1222/1298/1222
f 1222/1298/1222 1238/1315/1238 1239/1316/1239 1223/1299/1223
f 1223/1299/1223 1239/1316/1239 1240/1317/1240 1224/1300/1224
f 1224/1300/1224 1240/1317/1240 1241/1318/1241 1225/1301/1225
f 1225/1301/1225 1241/1318/1241 1242/1319/1242 1226/1302/1226
f 1226/1302/1226 1242/1319/1242 1243/1320/1243 1227/1303/1227
f 1227/1303/1227 1243/1320/1243 1244/1321/1244 1228/1304/1228
f 1228/1304/1228 1244/1321/1244 1245/1322/1245 1229/1305/1229
f 1229/1305/1229 1245/1322/1245 1246/1323/1246 1230/1306/1230
f 1230/1306/1230 1246/1323/1246 1247/1324/1247 1231/1307/1231
f 1231/1307/1231 1247/1324/1247 1248/1325/1248 1232/1308/1232
f 1232/1308/1232 1248/1325/1248 1233/1326/1233 1217/1309/1217
f 1233/1310/1233 1249/1327/1249 1250/1328/1250 1234/1311/1234
f 1234/1311/1234 1250/1328/1250 1251/1329/1251 1235/1312/1235
f 1235/1312/1235 1251/1329/1251 1252/1330/1252 1236/1313/1236
f 1236/1313/1236 1252/1330/1252 1253/1331/1253 1237/1314/1237
f 1237/1314/1237 1253/1331/1253 1254/1332/1254 1238/1315/1238
f 1238/1315/1238 1254/1332/1254 1255/1333/1255 1239/1316/1239
f 1239/1316/1239 1255/1333/1255 1256/1334/1256 1240/1317/1240
f 1240/1317/1240 1256/1334/1256 1257/1335/1257 1241/1318/1241
f 1241/1318/1241 1257/1335/1257 1258/1336/1258 1242/1319/1242
f 1242/1319/1242 1258/1336/1258 1259/1337/1259 1243/1320/1243
f 1243/1320/1243 1259/1337/1259 1260/1338/1260 1244/1321/1244
f 1244/1321/1244 1260/1338/1260 1261/1339/1261 1245/1322/1245
f 1245/1322/1245 1261/1339/1261 1262/1340/1262 1246/1323/1246
f 1246/1323/1246 1262/1340/1262 1263/1341/1263 1247/1324/1247
f 1247/1324/1247 1263/1341/1263 1264/1342/1264 1248/1325/1248
f 1248/1325/1248 1264/1342/1264 1249/1343/1249 1233/1326/1233
f 1249/1327/1249 1265/1344/1265 1266/1345/1266 1250/1328/1250
f 1250/1328/1250 1266/1345/1266 1267/1346/1267 1251/1329/1251
f 1251/1329/1251 1267/1346/1267 1268/1347/1268 1252/1330/1252
f 1252/1330/1252 1268/1347/1268 1269/1348/1269 1253/1331/1253
f 1253/1331/1253 1269/1348/1269 1270/1349/1270 1254/1332/1254
f 1254/1332/1254 1270/1349/1270 1271/1350/1271 1255/1333/1255
f 1255/1333/1255 1271/1350/1271 1272/1351/1272 1256/1334/1256
f 1256/1334/1256 1272/1351/1272 1273/1352/1273 1257/1335/1257
f 1257/1335/1257 1273/1352/1273 1274/1353/1274 1258/1336/1258
f 1258/1336/1258 1274/1353/1274 1275/1354/1275 1259/1337/1259
f 1259/1337/1259 1275/1354/1275 1276/1355/1276 1260/1338/1260
f 1260/1338/1260 1276/1355/1276 1277/1356/1277 1261/1339/1261
f 1261/1339/1261 1277/1356/1277 1278/1357/1278 1262/1340/1262
f 1262/1340/1262 1278/1357/1278 1279/1358/1279 1263/1341/1263
f 1263/1341/1263 1279/1358/1279 1280/1359/1280 1264/1342/1264
f 1264/1342/1264 1280/1359/1280 1265/1360/1265 1249/1343/1249
f 1265/1344/1265 1281/1361/1281 1282/1362/1282 1266/1345/1266
f 1266/1345/1266 1282/1362/1282 1283/1363/1283 1267/1346/1267
f 1267/1346/1267 1283/1363/1283 1284/1364/1284 1268/1347/1268
f 1268/1347/1268 1284/1364/1284 1285/1365/1285 1269/1348/1269
f 1269/1348/1269 1285/1365/1285 1286/1366/1286 1270/1349/1270
f 1270/1349/1270 1286/1366/1286 1287/1367/1287 1271/1350/1271
f 1271/1350/1271 1287/1367/1287 1288/1368/1288 1272/1351/1272
f 1272/1351/1272 1288/1368/1288 1289/1369/1289 1273/1352/1273
f 1273/1352/1273 1289/1369/1289 1290/1370/1290 1274/1353/1274
f 1274/1353/1274 1290/1370/1290 1291/1371/1291 1275/1354/1275
f 1275/1354/1275 1291/1371/1291 1292/1372/1292 1276/1355/1276
f 1276/1355/1276 1292/1372/1292 1293/1373/1293 1277/1356/1277
f 1277/1356/1277 1293/1373/1293 1294/1374/1294 1278/1357/1278
f 1278/1357/1278 1294/1374/1294 1295/1375/1295 1279/1358/1279
f 1279/1358/1279 1295/1375/1295 1296/1376/1296 1280/1359/1280
f 1280/1359/1280 1296/1376/1296 1281/1377/1281 1265/1360/1265
f 1281/1361/1281 1297/1378/1297 1298/1379/1298 1282/1362/1282
f 1282/1362/1282 1298/1379/1298 1299/1380/1299 1283/1363/1283
f 1283/1363/1283 1299/1380/1299 1300/1381/1300 1284/1364/1284
f 1284/1364/1284 1300/1381/1300 1301/1382/1301 1285/1365/1285
f 1285/1365/1285 1301/1382/1301 1302/1383/1302 1286/1366/1286
f 1286/1366/1286 1302/1383/1302 1303/1384/1303 1287/1367/1287
f 1287/1367/1287 1303/1384/1303 1304/1385/1304 1288/1368/1288
f 1288/1368/1288 1304/1385/1304 1305/1386/1305 1289/1369/1289
f 1289/1369/1289 1305/1386/1305 1306/1387/1306 1290/1370/1290
f 1290/1370/1290 1306/1387/1306 1307/1388/1307 1291/1371/1291
f 1291/1371/1291 1307/1388/1307 1308/1389/1308 1292/1372/1292
f 1292/1372/1292 1308/1389/1308 1309/1390/1309 1293/1373/1293
f 1293/1373/1293 1309/1390/1309 1310/1391/1310 1294/1374/1294
f 1294/1374/1294 1310/1391/1310 1311/1392/1311 1295/1375/1295
f 1295/1375/1295 1311/1392/1311 1312/1393/1312 1296/1376/1296
f 1296/1376/1296 1312/1393/1312 1297/1394/1297 1281/1377/1281
f 1297/1378/1297 1313/1395/1313 1314/1396/1314 1298/1379/1298
f 1298/1379/1298 1314/1396/1314 1315/1397/1315 1299/1380/1299
f 1299/1380/1299 1315/1397/1315 1316/1398/1316 1300/1381/1300
f 1300/1381/1300 1316/1398/1316 1317/1399/1317 1301/1382/1301
f 1301/1382/1301 1317/1399/1317 1318/1400/1318 1302/1383/1302
f 1302/1383/1302 1318/1400/1318 1319/1401/1319 1303/1384/1303
f 1303/1384/1303 1319/1401/1319 1320/1402/1320 1304/1385/1304
f 1304/1385/1304 1320/1402/1320 1321/1403/1321 1305/1386/1305
f 1305/1386/1305 1321/1403/1321 1322/1404/1322 1306/1387/1306
f 1306/1387/1306 1322/1404/1322 1323/1405/1323 1307/1388/1307
f 1307/1388/1307 1323/1405/1323 1324/1406/1324 1308/1389/1308
f 1308/1389/1308 1324/1406/1324 1325/1407/1325 1309/1390/1309
f 1309/1390/1309 1325/1407/1325 1326/1408/1326 1310/1391/1310
f 1310/1391/1310 1326/1408/1326 1327/1409/1327 1311/1392/1311
f 1311/1392/1311 1327/1409/1327 1328/1410/1328 1312/1393/1312
f 1312/1393/1312 1328/1410/1328 1313/1411/1313 1297/1394/1297
f 1313/1395/1313 1329/1412/1329 1330/1413/1330 1314/1396/1314
f 1314/1396/1314 1330/1413/1330 1331/1414/1331 1315/1397/1315
f 1315/1397/1315 1331/1414/1331 1332/1415/1332 1316/1398/1316
f 1316/1398/1316 1332/1415/1332 1333/1416/1333 1317/1399/1317
f 1317/1399/1317 1333/1416/1333 1334/1417/1334 1318/1400/1318
f 1318/1400/1318 1334/1417/1334 1335/1418/1335 1319/1401/1319
f 1319/1401/1319 1335/1418/1335 1336/1419/1336 1320/1402/1320
f 1320/1402/1320 1336/1419/1336 1337/1420/1337 1321/1403/1321
f 1321/1403/1321 1337/1420/1337 1338/1421/1338 1322/1404/1322
f 1322/1404/1322 1338/1421/1338 1339/1422/1339 1323/1405/1323
f 1323/1405/1323 1339/1422/1339 1340/1423/1340 1324/1406/1324
f 1324/1406/1324 1340/1423/1340 1341/1424/1341 1325/1407/1325
f 1325/1407/1325 1341/1424/1341 1342/1425/1342 1326/1408/1326
f 1326/1408/1326 1342/1425/1342 1343/1426/1343 1327/1409/1327
f 1327/1409/1327 1343/1426/1343 1344/1427/1344 1328/1410/1328
f 1328/1410/1328 1344/1427/1344 1329/1428/1329 1313/1411/1313
f 1329/1412/1329 1345/1429/1345 1346/1430/1346 1330/1413/1330
f 1330/1413/1330 1346/1430/1346 1347/1431/1347 1331/1414/1331
f 1331/1414/1331 1347/1431/1347 1348/1432/1348 1332/1415/1332
f 1332/1415/1332 1348/1432/1348 1349/1433/1349 1333/1416/1333
f 1333/1416/1333 1349/1433/1349 1350/1434/1350 1334/1417/1334
f 1334/1417/1334 1350/1434/1350 1351/1435/1351 1335/1418/1335
f 1335/1418/1335 1351/1435/1351 1352/1436/1352 1336/1419/1336
f 1336/1419/1336 1352/1436/1352 1353/1437/1353 1337/1420/1337
f 1337/1420/1337 1353/1437/1353 1354/1438/1354 1338/1421/1338
f 1338/1421/1338 1354/1438/1354 1355/1439/1355 1339/1422/1339
f 1339/1422/1339 1355/1439/1355 1356/1440/1356 1340/1423/1340
f 1340/1423/1340 1356/1440/1356 1357/1441/1357 1341/1424/1341
f 1341/1424/1341 1357/1441/1357 1358/1442/1358 1342/1425/1342
f 1342/1425/1342 1358/1442/1358 1359/1443/1359 1343/1426/1343
f 1343/1426/1343 1359/1443/1359 1360/1444/1360 1344/1427/1344
f 1344/1427/1344 1360/1444/1360 1345/1445/1345 1329/1428/1329
f 1345/1429/1345 1361/1446/1361 1362/1447/1362 1346/1430/1346
f 1346/1430/1346 1362/1447/1362 1363/1448/1363 1347/1431/1347
f 1347/1431/1347 1363/1448/1363 1364/1449/1364 1348/1432/1348
f 1348/1432/1348 1364/1449/1364 1365/1450/1365 1349/1433/1349
f 1349/1433/1349 1365/1450/1365 1366/1451/1366 1350/1434/1350
f 1350/1434/1350 1366/1451/1366 1367/1452/1367 1351/1435/1351
f 1351/1435/1351 1367/1452/1367 1368/1453/1368 1352/1436/1352
f 1352/1436/1352 1368/1453/1368 1369/1454/1369 1353/1437/1353
f 1353/1437/1353 1369/1454/1369 1370/1455/1370 1354/1438/1354
f 1354/1438/1354 1370/1455/1370 1371/1456/1371 1355/1439/1355
f 1355/1439/1355 1371/1456/1371 1372/1457/1372 1356/1440/1356
f 1356/1440/1356 1372/1457/1372 1373/1458/1373 1357/1441/1357
f 1357/1441/1357 1373/1458/1373 1374/1459/1374 1358/1442/1358
f 1358/1442/1358 1374/1459/1374 1375/1460/1375 1359/1443/1359
f 1359/1443/1359 1375/1460/1375 1376/1461/1376 1360/1444/1360
f 1360/1444/1360 1376/1461/1376 1361/1462/1361 1345/1445/1345
f 1361/1446/1361 1377/1463/1377 1378/1464/1378 1362/1447/1362
f 1362/1447/1362 1378/1464/1378 1379/1465/1379 1363/1448/1363
f 1363/1448/1363 1379/1465/1379 1380/1466/1380 1364/1449/1364
f 1364/1449/1364 1380/1466/1380 1381/1467/1381 1365/1450/1365
f 1365/1450/1365 1381/1467/1381 1382/1468/1382 1366/1451/1366
f 1366/1451/1366 1382/1468/1382 1383/1469/1383 1367/1452/1367
f 1367/1452/1367 1383/1469/1383 1384/1470/1384 1368/1453/1368
f 1368/1453/1368 1384/1470/1384 1385/1471/1385 1369/1454/1369
f 1369/1454/1369 1385/1471/1385 1386/1472/1386 1370/1455/1370
f 1370/1455/1370 1386/1472/1386 1387/1473/1387 1371/1456/1371
f 1371/1456/1371 1387/1473/1387 1388/1474/1388 1372/1457/1372
f 1372/1457/1372 1388/1474/1388 1389/1475/1389 1373/1458/1373
f 1373/1458/1373 1389/1475/1389 1390/1476/1390 1374/1459/1374
f 1374/1459/1374 1390/1476/1390 1391/1477/1391 1375/1460/1375
f 1375/1460/1375 1391/1477/1391 1392/1478/1392 1376/1461/1376
f 1376/1461/1376 1392/1478/1392 1377/1479/1377 1361/1462/1361
f 1377/1463/1377 1393/1480/1393 1394/1481/1394 1378/1464/1378
f 1378/1464/1378 1394/1481/1394 1395/1482/1395 1379/1465/1379
f 1379/1465/1379 1395/1482/1395 1396/1483/1396 1380/1466/1380
f 1380/1466/1380 1396/1483/1396 1397/1484/1397 1381/1467/1381
f 1381/1467/1381 1397/1484/1397 1398/1485/1398 1382/1468/1382
f 1382/1468/1382 1398/1485/1398 1399/1486/1399 1383/1469/1383
f 1383/1469/1383 1399/1486/1399 1400/1487/1400 1384/1470/1384
f 1384/1470/1384 1400/1487/1400 1401/1488/1401 1385/1471/1385
f 1385/1471/1385 1401/1488/1401 1402/1489/1402 1386/1472/1386
f 1386/1472/1386 1402/1489/1402 1403/1490/1403 1387/1473/1387
f 1387/1473/1387 1403/1490/1403 1404/1491/1404 1388/1474/1388
f 1388/1474/1388 1404/1491/1404 1405/1492/1405 1389/1475/1389
f 1389/1475/1389 1405/1492/1405 1406/1493/1406 1390/1476/1390
f 1390/1476/1390 1406/1493/1406 1407/1494/1407 1391/1477/1391
f 1391/1477/1391 1407/1494/1407 1408/1495/1408 1392/1478/1392
f 1392/1478/1392 1408/1495/1408 1393/1496/1393 1377/1479/1377
f 1393/1480/1393 1409/1497/1409 1410/1498/1410 1394/1481/1394
f 1394/1481/1394 1410/1498/1410 1411/1499/1411 1395/1482/1395
f 1395/1482/1395 1411/1499/1411 1412/1500/1412 1396/1483/1396
f 1396/1483/1396 1412/1500/1412 1413/1501/1413 1397/1484/1397
f 1397/1484/1397 1413/1501/1413 1414/1502/1414 1398/1485/1398
f 1398/1485/1398 1414/1502/1414 1415/1503/1415 1399/1486/1399
f 1399/1486/1399 1415/1503/1415 1416/1504/1416 1400/1487/1400
f 1400/1487/1400 1416/1504/1416 1417/1505/1417 1401/1488/1401
f 1401/1488/1401 1417/1505/1417 1418/1506/1418 1402/1489/1402
f 1402/1489/1402 1418/1506/1418 1419/1507/1419 1403/1490/1403
f 1403/1490/1403 1419/1507/1419 1420/1508/1420 1404/1491/1404
f 1404/1491/1404 1420/1508/1420 1421/1509/1421 1405/1492/1405
f 1405/1492/1405 1421/1509/1421 1422/1510/1422 1406/1493/1406
f 1406/1493/1406 1422/1510/1422 1423/1511/1423 1407/1494/1407
f 1407/1494/1407 1423/1511/1423 1424/1512/1424 1408/1495/1408
f 1408/1495/1408 1424/1512/1424 1409/1513/1409 1393/1496/1393
f 1409/1497/1409 1425/1514/1425 1426/1515/1426 1410/1498/1410
f 1410/1498/1410 1426/1515/1426 1427/1516/1427 1411/1499/1411
f 1411/1499/1411 1427/1516/1427 1428/1517/1428 1412/1500/1412
f 1412/1500/1412 1428/1517/1428 1429/1518/1429 1413/1501/1413
f 1413/1501/1413 1429/1518/1429 1430/1519/1430 1414/1502/1414
f 1414/1502/1414 1430/1519/1430 1431/1520/1431 1415/1503/1415
f 1415/1503/1415 1431/1520/1431 1432/1521/1432 1416/1504/1416
f 1416/1504/1416 1432/1521/1432 1433/1522/1433 1417/1505/1417
f 1417/1505/1417 1433/1522/1433 1434/1523/1434 1418/1506/1418
f 1418/1506/1418 1434/1523/1434 1435/1524/1435 1419/1507/1419
f 1419/1507/1419 1435/1524/1435 1436/1525/1436 1420/1508/1420
f 1420/1508/1420 1436/1525/1436 1437/1526/1437 1421/1509/1421
f 1421/1509/1421 1437/1526/1437 1438/1527/1438 1422/1510/1422
f 1422/1510/1422 1438/1527/1438 1439/1528/1439 1423/1511/1423
f 1423/1511/1423 1439/1528/1439 1440/1529/1440 1424/1512/1424
f 1424/1512/1424 1440/1529/1440 1425/1530/1425 1409/1513/1409
f 1425/1514/1425 1441/1531/1441 1442/1532/1442 1426/1515/1426
f 1426/1515/1426 1442/1532/1442 1443/1533/1443 1427/1516/1427
f 1427/1516/1427 1443/1533/1443 1444/1534/1444 1428/1517/1428
f 1428/1517/1428 1444/1534/1444 1445/1535/1445 1429/1518/1429
f 1429/1518/1429 1445/1535/1445 1446/1536/1446 1430/1519/1430
f 1430/1519/1430 1446/1536/1446 1447/1537/1447 1431/1520/1431
f 1431/1520/1431 1447/1537/1447 1448/1538/1448 1432/1521/1432
f 1432/1521/1432 1448/1538/1448 1449/1539/1449 1433/1522/1433
f 1433/1522/1433 1449/1539/1449 1450/1540/1450 1434/1523/1434
f 1434/1523/1434 1450/1540/1450 1451/1541/1451 1435/1524/1435
f 1435/1524/1435 1451/1541/1451 1452/1542/1452 1436/1525/1436
f 1436/1525/1436 1452/1542/1452 1453/1543/1453 1437/1526/1437
f 1437/1526/1437 1453/1543/1453 1454/1544/1454 1438/1527/1438
f 1438/1527/1438 1454/1544/1454 1455/1545/1455 1439/1528/1439
f 1439/1528/1439 1455/1545/1455 1456/1546/1456 1440/1529/1440
f 1440/1529/1440 1456/1546/1456 1441/1547/1441 1425/1530/1425
f 1441/1531/1441 1457/1548/1457 1458/1549/1458 1442/1532/1442
f 1442/1532/1442 1458/1549/1458 1459/1550/1459 1443/1533/1443
f 1443/1533/1443 1459/1550/1459 1460/1551/1460 1444/1534/1444
f 1444/1534/1444 1460/1551/1460 1461/1552/1461 1445/1535/1445
f 1445/1535/1445 1461/1552/1461 1462/1553/1462 1446/1536/1446
f 1446/1536/1446 1462/1553/1462 1463/1554/1463 1447/1537/1447
f 1447/1537/1447 1463/1554/1463 1464/1555/1464 1448/1538/1448
f 1448/1538/1448 1464/1555/1464 1465/1556/1465 1449/1539/1449
f 1449/1539/1449 1465/1556/1465 1466/1557/1466 1450/1540/1450
f 1450/1540/1450 1466/1557/1466 1467/1558/1467 1451/1541/1451
f 1451/1541/1451 1467/1558/1467 1468/1559/1468 1452/1542/1452
f 1452/1542/1452 1468/1559/1468 1469/1560/1469 1453/1543/1453
f 1453/1543/1453 1469/1560/1469 1470/1561/1470 1454/1544/1454
f 1454/1544/1454 1470/1561/1470 1471/1562/1471 1455/1545/1455
f 1455/1545/1455 1471/1562/1471 1472/1563/1472 1456/1546/1456
f 1456/1546/1456 1472/1563/1472 1457/1564/1457 1441/1547/1441
f 1457/1548/1457 1473/1565/1473 1474/1566/1474 1458/1549/1458
f 1458/1549/1458 1474/1566/1474 1475/1567/1475 1459/1550/1459
f 1459/1550/1459 1475/1567/1475 1476/1568/1476 1460/1551/1460
f 1460/1551/1460 1476/1568/1476 1477/1569/1477 1461/1552/1461
f 1461/1552/1461 1477/1569/1477 1478/1570/1478 1462/1553/1462
f 1462/1553/1462 1478/1570/1478 1479/1571/1479 1463/1554/1463
f 1463/1554/1463 1479/1571/1479 1480/1572/1480 1464/1555/1464
f 1464/1555/1464 1480/1572/1480 1481/1573/1481 1465/1556/1465
f 1465/1556/1465 1481/1573/1481 1482/1574/1482 1466/1557/1466
f 1466/1557/1466 1482/1574/1482 1483/1575/1483 1467/1558/1467
f 1467/1558/1467 1483/1575/1483 1484/1576/1484 1468/1559/1468
f 1468/1559/1468 1484/1576/1484 1485/1577/1485 1469/1560/1469
f 1469/1560/1469 1485/1577/1485 1486/1578/1486 1470/1561/1470
f 1470/1561/1470 1486/1578/1486 1487/1579/1487 1471/1562/1471
f 1471/1562/1471 1487/1579/1487 1488/1580/1488 1472/1563/1472
f 1472/1563/1472 1488/1580/1488 1473/1581/1473 1457/1564/1457
f 1473/1565/1473 1489/1582/1489 1490/1583/1490 1474/1566/1474
f 1474/1566/1474 1490/1583/1490 1491/1584/1491 1475/1567/1475
f 1475/1567/1475 1491/1584/1491 1492/1585/1492 1476/1568/1476
f 1476/1568/1476 1492/1585/1492 1493/1586/1493 1477/1569/1477
f 1477/1569/1477 1493/1586/1493 1494/1587/1494 1478/1570/1478
f 1478/1570/1478 1494/1587/1494 1495/1588/1495 1479/1571/1479
f 1479/1571/1479 1495/1588/1495 1496/1589/1496 1480/1572/1480
f 1480/1572/1480 1496/1589/1496 1497/1590/1497 1481/1573/1481
f 1481/1573/1481 1497/1590/1497 1498/1591/1498 1482/1574/1482
f 1482/1574/1482 1498/1591/1498 1499/1592/1499 1483/1575/1483
f 1483/1575/1483 1499/1592/1499 1500/1593/1500 1484/1576/1484
f 1484/1576/1484 1500/1593/1500 1501/1594/1501 1485/1577/1485
f 1485/1577/1485 1501/1594/1501 1502/1595/1502 1486/1578/1486
f 1486/1578/1486 1502/1595/1502 1503/1596/1503 1487/1579/1487
f 1487/1579/1487 1503/1596/1503 1504/1597/1504 1488/1580/1488
f 1488/1580/1488 1504/1597/1504 1489/1598/1489 1473/1581/1473
f 1489/1582/1489 1505/1599/1505 1506/1600/1506 1490/1583/1490
f 1490/1583/1490 1506/1600/1506 1507/1601/1507 1491/1584/1491
f 1491/1584/1491 1507/1601/1507 1508/1602/1508 1492/1585/1492
f 1492/1585/1492 1508/1602/1508 1509/1603/1509 1493/1586/1493
f 1493/1586/1493 1509/1603/1509 1510/1604/1510 1494/1587/1494
f 1494/1587/1494 1510/1604/1510 1511/1605/1511 1495/1588/1495
f 1495/1588/1495 1511/1605/1511 1512/1606/1512 1496/1589/1496
f 1496/1589/1496 1512/1606/1512 1513/1607/1513 1497/1590/1497
f 1497/1590/1497 1513/1607/1513 1514/1608/1514 1498/1591/1498
f 1498/1591/1498 1514/1608/1514 1515/1609/1515 1499/1592/1499
f 1499/1592/1499 1515/1609/1515 1516/1610/1516 1500/1593/1500
f 1500/1593/1500 1516/1610/1516 1517/1611/1517 1501/1594/1501
f 1501/1594/1501 1517/1611/1517 1518/1612/1518 1502/1595/1502
f 1502/1595/1502 1518/1612/1518 1519/1613/1519 1503/1596/1503
f 1503/1596/1503 1519/1613/1519 1520/1614/1520 1504/1597/1504
f 1504/1597/1504 1520/1614/1520 1505/1615/1505 1489/1598/1489
f 1505/1599/1505 1521/1616/1521 1522/1617/1522 1506/1600/1506
f 1506/1600/1506 1522/1617/1522 1523/1618/1523 1507/1601/1507
f 1507/1601/1507 1523/1618/1523 1524/1619/1524 1508/1602/1508
f 1508/1602/1508 1524/1619/1524 1525/1620/1525 1509/1603/1509
f 1509/1603/1509 1525/1620/1525 1526/1621/1526 1510/1604/1510
f 1510/1604/1510 1526/1621/1526 1527/1622/1527 1511/1605/1511
f 1511/1605/1511 1527/1622/1527 1528/1623/1528 1512/1606/1512
f 1512/1606/1512 1528/1623/1528 1529/1624/1529 1513/1607/1513
f 1513/1607/1513 1529/1624/1529 1530/1625/1530 1514/1608/1514
f 1514/1608/1514 1530/1625/1530 1531/1626/1531 1515/1609/1515
f 1515/1609/1515 1531/1626/1531 1532/1627/1532 1516/1610/1516
f 1516/1610/1516 1532/1627/1532 1533/1628/1533 1517/1611/1517
f 1517/1611/1517 1533/1628/1533 1534/1629/1534 1518/1612/1518
f 1518/1612/1518 1534/1629/1534 1535/1630/1535 1519/1613/1519
f 1519/1613/1519 1535/1630/1535 1536/1631/1536 1520/1614/1520
f 1520/1614/1520 1536/1631/1536 1521/1632/1521 1505/1615/1505
f 1521/1616/1521 1/1633/1 2/1634/2 1522/1617/1522
f 1522/1617/1522 2/1634/2 3/1635/3 1523/1618/1523
f 1523/1618/1523 3/1635/3 4/1636/4 1524/1619/1524
f 1524/1619/1524 4/1636/4 5/1637/5 1525/1620/1525
f 1525/1620/1525 5/1637/5 6/1638/6 1526/1621/1526
f 1526/1621/1526 6/1638/6 7/1639/7 1527/1622/1527
f 1527/1622/1527 7/1639/7 8/1640/8 1528/1623/1528
f 1528/1623/1528 8/1640/8 9/1641/9 1529/1624/1529
f 1529/1624/1529 9/1641/9 10/1642/10 1530/1625/1530
f 1530/1625/1530 10/1642/10 11/1643/11 1531/1626/1531
f 1531/1626/1531 11/1643/11 12/1644/12 1532/1627/1532
f 1532/1627/1532 12/1644/12 13/1645/13 1533/1628/1533
f 1533/1628/1533 13/1645/13 14/1646/14 1534/1629/1534
f 1534/1629/1534 14/1646/14 15/1647/15 1535/1630/1535
f 1535/1630/1535 15/1647/15 16/1648/16 1536/1631/1536
f 1536/1631/1536 16/1648/16 1/1649/1 1521/1632/1521
